Series Name,Series Code,Country Name,Country Code,1960 [YR1960],1961 [YR1961],1962 [YR1962],1963 [YR1963],1964 [YR1964],1965 [YR1965],1966 [YR1966],1967 [YR1967],1968 [YR1968],1969 [YR1969],1970 [YR1970],1971 [YR1971],1972 [YR1972],1973 [YR1973],1974 [YR1974],1975 [YR1975],1976 [YR1976],1977 [YR1977],1978 [YR1978],1979 [YR1979],1980 [YR1980],1981 [YR1981],1982 [YR1982],1983 [YR1983],1984 [YR1984],1985 [YR1985],1986 [YR1986],1987 [YR1987],1988 [YR1988],1989 [YR1989],1990 [YR1990],1991 [YR1991],1992 [YR1992],1993 [YR1993],1994 [YR1994],1995 [YR1995],1996 [YR1996],1997 [YR1997],1998 [YR1998],1999 [YR1999],2000 [YR2000],2001 [YR2001],2002 [YR2002],2003 [YR2003],2004 [YR2004],2005 [YR2005],2006 [YR2006],2007 [YR2007],2008 [YR2008],2009 [YR2009],2010 [YR2010],2011 [YR2011],2012 [YR2012],2013 [YR2013],2014 [YR2014],2015 [YR2015],2016 [YR2016],2017 [YR2017],2018 [YR2018],2019 [YR2019],2020 [YR2020],2021 [YR2021],2022 [YR2022],2023 [YR2023]
"Birth rate, crude (per 1,000 people)",SP.DYN.CBRT.IN,Afghanistan,AFG,50.34,50.443,50.57,50.703,50.831,50.872,50.986,51.081,51.148,51.195,51.122,51.163,51.109,51.114,51.135,51.018,50.935,50.921,50.816,50.737,50.482,50.264,50.138,50.139,50.235,50.553,50.728,50.845,50.98,51.162,51.423,51.788,51.948,52.038,52.174,52.073,51.873,51.4,50.88,50.351,49.664,48.979,48.201,47.35,46.33,45.263,44.721,43.858,41.506,41.157,40.602,39.855,40.009,39.601,39.105,38.803,37.936,37.342,36.927,36.466,36.051,35.842,35.143,..
"Birth rate, crude (per 1,000 people)",SP.DYN.CBRT.IN,Africa Eastern and Southern,AFE,47.43782492,47.52789889,47.59364341,47.63118826,47.63984033,47.66190655,47.69290527,47.68746549,47.68795139,47.71784289,47.67041206,47.64823427,47.46862304,47.21796899,47.07110653,46.94620781,46.78779441,46.6277208,46.50816195,46.46784535,46.32912839,46.21386735,46.12107588,46.08706105,46.07995995,46.08589125,46.01410239,45.78150722,45.29044619,44.76890382,44.1871285,43.8041899,43.30859388,42.9312855,42.50341664,42.47152725,42.12493799,41.56489224,41.12147646,40.89242301,40.53064748,40.34546986,40.05089902,39.75289889,39.57593549,39.40691145,39.24047827,39.00694667,38.86006009,38.37628204,37.95405108,37.49783563,36.93228659,36.45394721,36.03464777,35.62057747,35.19824335,34.90349642,34.61919969,34.34495582,33.91511269,33.53950265,33.12884108,..
"Birth rate, crude (per 1,000 people)",SP.DYN.CBRT.IN,Africa Western and Central,AFW,47.32337135,47.41829884,47.52604741,47.52741514,47.50792174,47.4647221,47.43988484,47.42215147,47.41865293,47.40907156,47.4107118,47.52661294,47.57669076,47.63048415,47.81467377,47.90905183,47.86644344,47.96468355,48.03208703,47.93228068,47.76427101,47.50661117,47.24473668,47.10583942,46.70087631,46.20025313,45.72253562,45.33981305,44.99668252,44.92610443,44.67407698,44.47288999,44.30944676,44.16952735,43.94625423,43.73493271,43.49739558,43.22648522,43.03517651,43.18474926,43.21157698,43.08889191,42.94069341,42.76095815,42.51700903,42.43551244,42.20765205,41.95816434,41.77104515,41.51985974,41.23526233,40.91064003,40.43210613,39.87173922,39.35064524,38.87262455,38.40624311,37.89554133,37.45605112,37.03327803,36.6178473,36.23618918,35.77060197,..
"Birth rate, crude (per 1,000 people)",SP.DYN.CBRT.IN,Albania,ALB,41.068,40.332,39.216,38.149,36.825,35.362,34.356,33.898,33.512,33.075,32.201,31.747,31.231,30.697,30.297,29.987,29.357,28.589,27.888,27.203,26.769,26.654,26.795,26.722,26.621,26.297,25.935,25.685,25.364,24.86,24.415,23.723,23.145,22.47,22.244,21.809,20.987,19.81,18.803,17.982,17.076,16.12,15.209,14.668,13.978,13.235,12.539,12.07,11.868,11.841,11.92,12.035,12.227,12.279,12.15,11.718,11.289,10.87,10.517,10.343,10.285,10.24,10.116,..
"Birth rate, crude (per 1,000 people)",SP.DYN.CBRT.IN,Algeria,DZA,48.722,48.634,48.68,48.593,48.392,48.021,47.628,47.374,47.108,46.988,46.8,46.515,46.156,45.86,45.66,45.404,44.91,44.311,43.915,43.64,43.703,43.088,42.255,41.088,39.865,38.71,36.859,35.242,33.679,32.386,30.762,30.031,29.513,28.43,27.211,24.758,22.745,21.154,20.017,19.68,19.543,19.433,19.421,19.959,20.534,21.166,21.831,22.65,23.413,24.051,24.458,24.815,25.382,25.236,25.404,25.405,25.166,24.755,24.074,23.298,22.431,21.524,20.572,..
"Birth rate, crude (per 1,000 people)",SP.DYN.CBRT.IN,American Samoa,ASM,..,..,..,..,..,..,..,..,..,..,..,..,..,..,..,..,..,..,..,..,..,..,..,..,..,..,..,..,..,..,..,..,..,..,..,..,..,..,..,..,..,..,..,..,..,..,21.6,..,..,..,18.7,..,..,..,17.5,..,..,16.6,..,..,12.7,..,13.8,..
"Birth rate, crude (per 1,000 people)",SP.DYN.CBRT.IN,Andorra,AND,..,..,..,..,..,..,..,..,..,..,..,..,..,..,..,..,..,..,..,..,..,..,..,..,..,..,11.9,11,11.6,12.5,11.9,11.9,12.1,11.4,10.9,11,10.9,11.2,11.9,12.6,11.3,11.8,11.2,10.3,10.9,10.7,10.6,10.1,10.4,9.9,9.8,..,9.5,..,..,..,8.8,..,7.2,7,..,..,6.2,..
"Birth rate, crude (per 1,000 people)",SP.DYN.CBRT.IN,Angola,AGO,51.026,51.282,51.316,51.323,51.282,51.282,51.295,51.314,51.348,51.353,51.267,50.698,50.474,50.467,50.472,50.469,50.514,50.523,50.616,50.732,50.892,51.109,51.307,51.61,51.935,52.136,52.19,52.146,51.973,51.699,51.344,50.926,50.374,49.893,49.55,49.185,48.86,48.412,48.009,47.773,47.647,47.574,47.448,47.226,47.099,46.944,46.643,46.29,45.889,45.495,44.97,44.364,43.86,43.282,42.676,42.02,41.377,40.81,40.236,39.725,39.271,38.809,38.2,..
"Birth rate, crude (per 1,000 people)",SP.DYN.CBRT.IN,Antigua and Barbuda,ATG,34.85,34.715,34.578,34.447,33.998,32.881,31.681,30.207,28.753,27.275,25.854,25.084,24.297,23.706,22.902,22.349,23.142,23.997,23.135,24.564,22.367,21.349,20.949,21.392,20.789,21.859,20.508,20.555,20.798,20.97,20.916,18.504,19.228,18.597,18.99,19.847,20.823,20.118,18.474,17.829,19.829,18.091,17.202,16.521,16.013,15.668,15.511,15.637,17.039,16.632,14.715,14.313,13.497,12.469,12.325,12.591,11.659,11.789,10.816,11.485,12.16,12.115,11.984,..
"Birth rate, crude (per 1,000 people)",SP.DYN.CBRT.IN,Arab World,ARB,47.54326625,47.50096942,47.88679371,47.58562179,47.29110543,46.8852411,46.60918946,46.25452606,45.84625385,45.50711407,45.18272034,44.88830391,44.55469432,44.11026127,43.84247101,43.68610107,43.36623796,43.0381283,42.7616771,42.5669141,42.22230939,41.78445572,41.42067003,40.9771656,40.3182291,39.68160062,38.90872773,38.07678039,37.23176657,36.27591845,35.45557054,34.75201805,34.22419258,33.4681308,32.71456102,31.80123637,30.91919773,30.31941912,29.82587351,29.41421257,29.0617755,28.80665849,28.48163269,28.32426138,28.11748671,27.98929525,28.0127583,28.14473635,28.15004919,28.13239322,28.35845133,28.34899473,28.24377106,28.06590114,27.70898694,27.21528625,26.20191672,25.72264771,25.2700311,24.77755209,24.3919557,23.94919831,23.47382607,..
"Birth rate, crude (per 1,000 people)",SP.DYN.CBRT.IN,Argentina,ARG,23.784,23.638,23.798,23.663,23.437,23.259,23.141,23.061,22.987,23.185,23.472,23.635,23.94,24.343,24.739,25.092,25.305,25.37,25.257,24.985,24.573,24.104,23.617,23.209,22.876,22.61,22.404,22.232,22.069,21.907,21.989,21.844,21.683,21.57,21.419,20.974,20.449,19.985,19.738,19.674,19.366,18.983,18.756,18.453,18.352,18.353,18.194,18.005,17.812,17.849,17.87,17.806,17.729,17.632,17.504,17.346,16.824,16.206,15.187,14.783,14.125,13.902,13.794,..
"Birth rate, crude (per 1,000 people)",SP.DYN.CBRT.IN,Armenia,ARM,40.787,39.38,37.162,34.569,31.821,29.481,27.417,26.078,25.156,24.241,23.704,23.501,23.306,23.251,23.364,23.534,23.725,24.229,24.453,24.73,25.053,25.506,25.821,26.497,26.74,26.4,25.777,25.194,24.657,24.231,24.224,22.95,21.144,18.995,17.465,16.348,15.489,14.75,13.902,13.265,12.51,12.157,12.19,12.482,12.822,13.033,11.759,12.578,13.038,14.255,13.898,14.046,15.094,15.055,15.842,14.641,14.504,13.606,13.307,12.892,12.455,12.049,11.7,..
"Birth rate, crude (per 1,000 people)",SP.DYN.CBRT.IN,Aruba,ABW,33.883,32.831,31.649,30.416,29.147,27.889,26.663,25.503,24.592,23.735,22.974,22.313,21.766,21.492,21.382,21.393,21.485,21.739,21.92,21.993,21.931,21.73,21.476,21.385,21.183,20.919,20.617,20.269,19.821,19.184,18.662,17.722,16.443,16.126,15.431,15.991,16.153,16.388,15.078,14.361,14.427,13.739,12.992,12.621,11.921,12.348,13.055,12.962,12.748,12.35,12.193,12.246,12.723,13.316,13.533,12.428,12.3,11.53,9.881,9.138,8.102,7.193,7.178,..
"Birth rate, crude (per 1,000 people)",SP.DYN.CBRT.IN,Australia,AUS,22.4,22.9,22.1,21.5,20.5,19.6,19.8,19.4,20.1,20.4,20.6,21.4,20.1,18.5,17.8,16.7,16.2,15.9,15.6,15.3,15.3,15.7,15.8,15.8,15,15.7,15,15.4,14.9,14.9,15.4,14.9,15.1,14.7,14.5,14.2,13.9,13.6,13.3,13.1,13,12.7,12.8,12.6,12.3,12.8,12.9,14.1,14,13.9,13.7,13.6,13.7,13.3,13.2,12.9,12.9,12.6,12.6,12.1,11.5,12.1,11.6,..
"Birth rate, crude (per 1,000 people)",SP.DYN.CBRT.IN,Austria,AUT,17.9,18.6,18.7,18.8,18.5,17.9,17.6,17.3,17,16.3,15,14.5,13.8,12.9,12.8,12.4,11.6,11.3,11.3,11.4,12,12.4,12.5,11.9,11.8,11.6,11.5,11.4,11.6,11.6,11.8,12.2,12.2,12,11.6,11.2,11.2,10.5,10.2,9.8,9.8,9.4,9.7,9.5,9.7,9.5,9.4,9.2,9.3,9.2,9.4,9.3,9.4,9.4,9.6,9.8,10,10,9.7,9.6,9.4,9.6,9.1,..
"Birth rate, crude (per 1,000 people)",SP.DYN.CBRT.IN,Azerbaijan,AZE,47.791,47.587,46.637,45.35,43.387,41.037,38.926,36.124,34.304,32.647,31.317,30.183,29.081,28.199,27.859,27.426,27.02,26.745,26.765,27.061,27.671,26.3,25.2,26.1,26.6,26.6,27.6,26.8,26.4,26.4,25.9,26.6,25.2,23.7,21.4,18.9,16.6,16.8,15.7,14.7,14.5,13.6,13.5,13.8,15.8,16.9,17.6,17.7,17.4,17,18.3,19.2,18.8,18.3,17.9,17.2,16.3,14.6,14,14.1,12.5,11.1,12.1,..
"Birth rate, crude (per 1,000 people)",SP.DYN.CBRT.IN,"Bahamas, The",BHS,36.592,36.646,35.913,35.178,34.365,33.65,32.848,32.249,31.478,30.595,29.667,29.118,28.636,27.697,26.387,24.703,24.741,24.711,24.301,24.091,23.866,23.874,23.991,23.962,23.964,23.904,23.862,23.604,23.365,23.594,24.119,24.824,26.442,25.605,23.086,23.025,21.473,21.569,20.75,18.75,18.215,18.009,17.161,16.42,16.408,17.269,14.966,15.392,16.39,16.396,14.858,14.075,14.114,12.244,13.57,12.812,12.188,11.653,11.566,11.487,11.49,11.445,11.379,..
"Birth rate, crude (per 1,000 people)",SP.DYN.CBRT.IN,Bahrain,BHR,46.9,46.396,45.823,45.18,44.646,43.772,42.547,41.252,39.944,38.732,37.712,36.677,35.563,34.598,33.705,32.968,32.305,31.701,31.051,30.448,29.768,29.08,28.973,29.024,29.071,29.45,29.421,28.955,28.393,28.247,27.362,26.361,25.67,24.792,23.625,22.691,21.915,21.523,21.288,21.261,20.739,20.129,20.471,20.869,20.648,19.911,18.705,17.526,16.732,16.089,15.845,15.759,15.955,15.862,15.953,15.791,15.181,14.506,13.818,13.198,12.621,11.926,11.454,..
"Birth rate, crude (per 1,000 people)",SP.DYN.CBRT.IN,Bangladesh,BGD,49.451,49.606,49.566,49.08,48.618,48.152,47.789,47.759,47.578,47.525,47.443,47.608,47.459,46.955,46.676,46.175,46.15,46.051,45.603,45.452,45.083,44.734,44.255,42.813,41.81,40.734,39.412,38.321,36.98,36.184,34.966,33.449,32.354,31.515,31.336,30.453,29.952,30.203,29.79,29.322,28.956,28.49,27.968,27.32,26.586,25.509,24.649,23.978,23.13,22.268,21.379,20.569,20.117,19.9,19.537,19.158,19.002,18.495,18.462,18.35,18.053,17.821,17.48,..
"Birth rate, crude (per 1,000 people)",SP.DYN.CBRT.IN,Barbados,BRB,30.639,30.182,29.082,27.906,26.655,25.397,24.256,23.058,22.011,21.122,20.398,19.789,19.436,19.183,18.923,18.682,18.396,18.263,18.467,18.446,18.41,18.313,18.136,17.825,17.491,17.12,16.732,16.402,16.114,15.847,15.622,15.429,15.261,15.087,14.903,14.714,14.528,14.36,14.203,14.077,13.955,13.823,13.77,13.68,13.547,13.371,13.177,12.943,12.681,12.396,12.115,11.846,11.603,11.392,11.221,11.095,11.009,10.952,10.913,10.885,10.859,10.832,10.783,..
"Birth rate, crude (per 1,000 people)",SP.DYN.CBRT.IN,Belarus,BLR,24.389,23.834,22.771,21.15,19.162,17.88,17.06,16.631,16.278,15.948,16.281,16.412,16.185,15.816,15.998,15.738,15.885,16.026,16.17,16.228,16.34,16.3,16.3,17.6,17,16.5,17.1,16.1,16.1,15.1,14,13,12.5,11.5,10.8,9.9,9.4,8.9,9.2,9.3,9.4,9.2,8.9,9,9.1,9.3,9.9,10.7,11.1,11.4,11.4,11.5,12.2,12.5,12.5,12.5,12.4,10.8,9.9,9.3,9.47,9.283,9.165,..
"Birth rate, crude (per 1,000 people)",SP.DYN.CBRT.IN,Belgium,BEL,16.8,17.3,16.8,17.1,17.2,16.4,15.9,15.3,14.8,14.7,14.7,14.6,14,13.3,12.7,12.2,12.3,12.4,12.5,12.6,12.6,12.6,12.2,11.9,11.7,11.6,11.9,11.9,12.1,12.2,12.4,12.6,12.4,12,11.5,11.4,11.5,11.4,11.2,11.2,11.4,11.2,10.9,11,11.3,11.4,11.6,11.7,11.9,11.8,11.9,11.7,11.5,11.3,11.2,10.8,10.8,10.5,10.4,10.2,9.9,10.2,9.8,..
"Birth rate, crude (per 1,000 people)",SP.DYN.CBRT.IN,Belize,BLZ,44.847,44.077,43.17,42.262,41.376,40.564,39.835,39.22,38.786,38.548,38.576,38.901,39.304,39.615,39.958,40.217,40.709,41.041,41.259,41.232,41.099,40.846,41.014,40.134,38.955,37.935,37.381,36.761,36.621,36.731,36.532,35.269,34.308,33.519,32.322,32.256,31.624,31.787,31.322,30.938,30.388,29.845,29.185,28.036,27.2,26.673,25.459,24.595,24.033,23.264,22.533,22.53,22.43,22.335,22.097,21.709,21.36,21.129,21.015,18.886,17.881,17.976,17.763,..
"Birth rate, crude (per 1,000 people)",SP.DYN.CBRT.IN,Benin,BEN,45.095,45.985,46.349,46.656,46.889,47.003,46.99,46.827,46.803,46.729,46.689,46.736,46.717,46.538,46.439,46.391,46.346,46.304,46.101,46.522,47.005,47.275,47.158,46.842,46.77,46.589,46.44,46.278,46.034,45.506,45.365,45.135,44.722,44.57,45.277,44.006,43.453,43.041,42.599,42.226,41.672,41.375,41.251,41.405,41.23,40.926,40.885,40.423,39.897,39.642,39.332,39.202,39.122,39.129,39.192,39.022,38.934,38.678,38.186,37.675,37.114,36.608,36.071,..
"Birth rate, crude (per 1,000 people)",SP.DYN.CBRT.IN,Bermuda,BMU,28.3,..,26,..,..,..,20.3,..,..,..,20.3,..,..,..,..,..,15.2,14.3,13,14.5,14.9,..,..,..,15.1,..,..,..,..,15.2,14.6,15.4,15.5,13.7,14.5,13.3,13.9,..,..,..,13.5,13.3,13.2,13.2,13.2,13.1,12.5,13.4,12.8,12.5,12,10.6,10.4,10.5,9.3,9.4,9.3,9,8.3,8.2,8.4,7.7,7.5,..
"Birth rate, crude (per 1,000 people)",SP.DYN.CBRT.IN,Bhutan,BTN,48.624,48.682,48.725,48.772,48.757,48.703,48.561,48.347,48.077,47.753,47.373,46.977,46.592,46.187,45.729,45.399,45.047,44.664,44.242,43.777,43.268,42.727,42.166,41.59,41.001,40.374,39.864,39.199,38.504,37.809,36.986,36.161,35.21,34.249,33.207,31.978,30.673,29.235,28.097,26.845,25.58,24.384,23.399,22.386,22.451,22,21.337,21.078,20.651,20.009,19.541,18.994,18.541,18.218,17.743,17.152,16.076,14.912,13.789,12.871,12.65,12.482,12.332,..
"Birth rate, crude (per 1,000 people)",SP.DYN.CBRT.IN,Bolivia,BOL,44.359,44.259,44.11,43.914,43.699,43.469,43.228,43.054,42.883,42.647,42.377,42.187,41.86,41.627,41.374,41.014,40.829,40.58,40.266,39.899,39.524,39.136,38.693,38.27,37.915,37.638,37.347,37.109,36.715,36.278,35.84,35.263,34.645,33.91,33.084,32.406,31.875,31.126,30.703,30.39,29.717,29.052,28.572,28.18,27.754,27.424,27.423,26.988,26.546,26.132,25.749,25.338,24.934,24.541,24.14,23.74,23.355,22.986,22.634,22.323,22.056,21.836,21.599,..
"Birth rate, crude (per 1,000 people)",SP.DYN.CBRT.IN,Bosnia and Herzegovina,BIH,32.36,31.475,30.401,29.247,28.006,26.884,25.611,24.447,23.474,22.724,21.978,21.586,21.119,20.454,19.866,19.336,18.8,18.168,17.676,17.359,17.492,17.945,18.24,18.17,17.888,17.406,16.867,16.39,15.921,15.318,14.912,14.75,14.411,12.524,11.548,10.698,11.221,12.296,11.791,10.556,10.068,9.816,9.902,9.86,9.842,9.582,9.374,9.794,9.835,9.851,9.492,8.878,9.211,8.949,8.768,8.842,8.953,9.02,9.067,8.819,8.611,8.42,8.278,..
"Birth rate, crude (per 1,000 people)",SP.DYN.CBRT.IN,Botswana,BWA,47.09,46.586,46.094,46.186,46.24,45.942,45.849,45.713,45.693,45.633,45.698,45.764,45.978,46.126,46.293,46.383,46.425,46.041,45.689,45.147,44.499,43.684,42.536,41.451,40.588,39.817,39.015,37.793,36.524,35.304,34.35,33.512,33.172,32.808,32.248,31.042,29.865,29.115,28.971,28.885,28.961,28.906,28.477,28.178,28.141,28.404,28.635,28.563,28.406,28.175,27.898,27.596,27.407,27.097,26.771,26.409,26.13,25.672,25.328,24.887,24.195,23.576,23.036,..
"Birth rate, crude (per 1,000 people)",SP.DYN.CBRT.IN,Brazil,BRA,43.86,43.431,42.844,42.176,41.238,40.106,39.02,37.882,36.827,36.137,35.624,35.094,34.641,34.258,33.619,33.366,33.173,32.966,32.741,32.461,32.152,31.756,31.213,30.578,29.804,28.99,28.09,27.334,26.42,25.661,24.844,24.148,23.376,23.022,22.586,22.319,21.846,21.477,21.06,20.445,19.841,19.271,18.574,17.85,17.632,17.335,16.852,16.372,15.943,15.715,15.492,15.309,14.939,14.69,14.753,14.727,14.051,14.159,14.133,13.633,13.078,12.883,12.649,..
"Birth rate, crude (per 1,000 people)",SP.DYN.CBRT.IN,British Virgin Islands,VGB,32.465,31.284,30.629,30.088,29.401,28.849,28.225,27.57,26.671,25.238,23.508,22.67,23.18,23.724,24.194,24.686,25.024,25.165,25.305,25.433,25.024,21.359,20.556,21.024,17.927,17.634,15.588,15.986,14.874,14.669,15.399,16.277,15.77,16.675,14.875,15.18,15.587,17.111,12.498,14.447,14.729,11.675,9.78,10.541,12.367,11.252,10.498,11.197,10.918,10.36,9.863,10.242,9.002,8.667,9.643,9.189,7.724,6.847,7.114,7.29,7.448,7.634,7.64,..
"Birth rate, crude (per 1,000 people)",SP.DYN.CBRT.IN,Brunei Darussalam,BRN,44.017,43.231,41.991,40.673,39.373,38.178,37.214,36.513,36.123,35.997,36.03,36.118,35.909,35.472,34.99,34.427,33.807,33.183,32.635,32.106,31.629,31.191,30.831,30.505,30.327,30.223,29.926,29.567,29.266,28.859,28.466,27.768,26.759,25.421,24.116,22.9,21.788,20.836,20.075,19.475,19.012,18.618,18.225,17.857,17.483,17.138,16.881,16.746,16.773,16.91,17.128,17.344,17.334,17.203,16.942,16.546,16.054,15.544,15.05,14.585,14.165,13.8,13.493,..
"Birth rate, crude (per 1,000 people)",SP.DYN.CBRT.IN,Bulgaria,BGR,17.8,17.4,16.7,16.4,16.1,15.3,14.9,15,16.9,17,16.3,15.9,15.3,16.2,17.2,16.6,16.5,16.1,15.5,15.3,14.5,14,13.9,13.8,13.6,13.3,13.4,13,13.1,12.6,12.1,11.1,10.4,10,9.4,8.6,8.6,7.7,7.9,8.8,9,8.5,8.5,8.7,9.1,9.3,9.7,10,10.4,10.9,10.2,9.6,9.5,9.2,9.4,9.2,9.1,9,8.9,8.8,8.5,8.5,8.8,..
"Birth rate, crude (per 1,000 people)",SP.DYN.CBRT.IN,Burkina Faso,BFA,46.272,46.504,46.693,46.865,47.154,47.33,47.457,47.597,47.768,47.632,47.554,47.464,47.453,47.578,47.741,47.92,48.083,48.52,48.989,49.186,49.138,49.058,48.872,48.741,48.814,48.857,48.466,48.025,47.47,47.068,46.842,46.659,46.428,46.173,46.076,46.036,46.002,45.762,45.529,45.339,45.188,44.812,44.463,44.461,44.235,44.219,44.372,44.152,43.883,43.524,43.206,42.805,42.336,41.71,40.965,40.088,38.977,37.898,37.294,36.689,36.085,35.541,34.952,..
"Birth rate, crude (per 1,000 people)",SP.DYN.CBRT.IN,Burundi,BDI,46.501,46.265,46.522,46.368,46.25,46.896,46.85,47.124,47.192,47.45,47.339,47.455,47.633,46.325,46.718,47.371,47.499,47.728,48.16,48.865,48.896,50.47,49.673,49.495,48.763,48.338,47.762,47.474,47.248,46.912,46.545,46.128,45.702,46.026,39.132,44.504,43.858,41.867,41.346,42.005,42.473,42.882,43.807,44.485,45.297,46.03,46.38,46.525,46.562,46.681,46.691,45.583,44.413,43.402,42.356,41.321,39.479,38.124,37.011,36.323,35.603,34.842,34.109,..
"Birth rate, crude (per 1,000 people)",SP.DYN.CBRT.IN,Cabo Verde,CPV,46.842,46.323,45.943,45.239,44.578,43.932,43.334,42.806,42.357,42.027,41.779,41.983,42.127,42.188,42.277,42.338,42.255,42.128,41.956,41.836,41.851,42.001,41.656,41.395,41.086,40.745,40.504,40.175,39.75,39.094,38.427,37.744,37.032,36.24,35.147,34.008,32.825,31.739,30.714,29.812,29.024,28.101,27.255,26.413,25.64,25.004,24.394,23.738,23.276,22.772,21.565,21.727,20.233,19.649,19.539,19.181,19.289,19.006,17.821,17.463,17.158,16.951,16.686,..
"Birth rate, crude (per 1,000 people)",SP.DYN.CBRT.IN,Cambodia,KHM,43.697,42.765,41.881,40.922,41.005,40.775,40.459,40.138,39.805,39.372,40.714,40.929,41.715,39.193,34.61,31.169,27.638,23.051,28.396,37.88,48.009,49.09,50.336,50.975,51.299,50.641,49.691,48.699,47.467,45.605,44.773,43.803,42.392,40.789,38.641,36.187,33.737,31.65,29.448,28.663,27.562,26.924,26.434,25.876,25.492,25.191,24.886,24.894,24.46,24.084,23.669,23.369,23.294,23.035,22.775,22.343,21.864,21.348,20.805,20.28,19.849,19.334,18.969,..
"Birth rate, crude (per 1,000 people)",SP.DYN.CBRT.IN,Cameroon,CMR,44.178,44.677,45.094,45.321,45.381,45.409,45.396,45.323,45.211,45.068,45.078,45.121,44.967,44.941,44.88,44.935,45.176,45.445,45.569,45.797,45.917,46.122,46.189,45.609,45.292,45.218,45.333,45.168,44.742,44.371,44.137,43.864,43.518,43.102,42.664,42.09,41.487,41.07,41.055,41.287,41.018,40.775,40.954,41.191,41.264,41.088,40.956,40.786,40.553,40.33,39.958,39.368,38.76,38.237,37.818,37.807,37.747,37.403,36.716,36.147,35.507,34.938,34.352,..
"Birth rate, crude (per 1,000 people)",SP.DYN.CBRT.IN,Canada,CAN,26.7,26,25.2,24.6,23.4,21.3,19.3,18.2,17.6,17.6,17.4,16.8,15.9,15.6,15.4,15.8,15.6,15.5,15.2,15.4,15.4,15.3,15.1,15,15,14.9,14.5,14.4,14.5,14.9,15,14.4,14.1,13.6,13.3,12.9,12.4,11.7,11.4,11.1,10.7,10.8,10.5,10.6,10.6,10.7,11,11.3,11.5,11.4,11.2,11,11,10.9,10.9,10.7,10.6,10.3,10.1,9.9,9.5,9.7,9,..
"Birth rate, crude (per 1,000 people)",SP.DYN.CBRT.IN,Caribbean small states,CSS,41.77236501,40.71218031,39.80881231,38.9397219,37.90979347,36.92205046,36.14146027,35.03381448,34.07614268,33.39271239,32.644301,32.04674361,31.62992775,31.28061465,30.78622361,30.22315732,29.89056191,29.5734166,29.26925734,29.08584991,28.74306418,28.80533308,28.96397011,28.97905875,28.64590401,28.47080982,28.19049733,27.86168484,27.54507604,27.37646926,27.10730465,26.7404042,26.67126396,26.16272097,25.41389531,25.06355218,24.4369359,24.05679008,23.38921963,22.73716446,22.28954002,21.82702829,21.23413159,20.65822465,20.27249856,20.0631653,19.43265174,19.19294115,19.11480141,18.84547855,18.34742757,18.0979228,17.96607554,17.5913682,17.64335745,17.42208678,17.1447182,16.93388823,16.789579,16.50490318,16.24699905,16.16242679,15.95897917,..
"Birth rate, crude (per 1,000 people)",SP.DYN.CBRT.IN,Cayman Islands,CYM,..,..,..,..,..,..,..,..,..,..,..,..,..,..,..,..,..,..,..,..,..,..,..,..,..,17.6,16.9,16.1,16.1,17.5,18.6,18.2,18.1,17.6,17,14.9,16.3,15.9,14.5,15.5,15.4,15,13.7,14.3,15.2,15.7,13.4,13.8,14.2,14.6,14.8,14.5,13.6,12.5,12.5,11,10.8,9.9,9.9,9.2,12.4,12.4,11.7,..
"Birth rate, crude (per 1,000 people)",SP.DYN.CBRT.IN,Central African Republic,CAF,42.934,42.948,43.015,43.043,43.251,43.448,43.773,43.987,44.257,44.076,43.73,43.501,43.086,42.618,42.285,41.899,41.995,42.421,42.977,43.588,44.08,44.598,44.931,45.221,45.548,45.89,46.169,46.531,46.509,46.527,46.292,45.98,45.407,44.926,44.539,44.482,44.266,43.796,43.514,43.397,43.259,42.809,42.635,42.765,42.545,42.633,42.771,42.776,42.925,43.019,43.237,43.223,43.006,42.414,41.921,41.044,41.209,41.602,41.831,41.92,42.175,42.68,42.344,..
"Birth rate, crude (per 1,000 people)",SP.DYN.CBRT.IN,Central Europe and the Baltics,CEB,19.11743371,18.10795587,17.20412518,16.99422161,16.50462509,15.9367536,15.56300119,17.94005969,18.01930362,17.45175505,17.09659019,17.00732864,17.02371742,17.35087073,18.45547513,18.44352958,18.44887761,18.13288612,17.80776324,17.72543915,17.18009162,16.5583967,16.25652498,16.08245286,16.00540894,15.7790584,15.4310443,15.04603257,14.77003492,14.24551005,13.54862721,13.01128569,12.27705968,11.81865121,11.32663286,10.51743481,10.32663227,10.1235006,9.832819419,9.712223889,9.770927434,9.436892194,9.277037694,9.284178679,9.499468537,9.760673841,9.95849847,10.20763486,10.74505599,10.78255086,10.54420078,9.973222786,9.976645417,9.638371958,9.934895109,9.888966872,10.13544061,10.37180944,10.10164501,9.910735812,9.638062153,9.424552844,8.892611133,..
"Birth rate, crude (per 1,000 people)",SP.DYN.CBRT.IN,Chad,TCD,45.749,45.665,45.589,45.475,45.43,45.396,45.441,45.59,45.815,46.241,46.708,47.179,48.972,48.991,48.831,48.74,48.643,48.437,48.179,48.054,48.206,46.346,46.901,49.833,50.371,49.271,49.367,50.669,51.658,52.115,52.362,52.075,53.269,53.521,52.058,52.08,52.957,52.384,52.22,51.727,51.324,51.08,50.307,49.949,50.29,50.317,49.923,49.711,49.234,48.922,48.764,48.357,48.019,47.46,46.998,46.367,45.456,44.811,44.37,44.229,43.849,43.357,43.184,..
"Birth rate, crude (per 1,000 people)",SP.DYN.CBRT.IN,Channel Islands,CHI,14.89201912,15.5772284,16.04047412,16.30637844,16.17134406,15.77957364,15.34672224,15.03874649,14.82642136,14.67251677,14.42113005,13.99780619,13.36868048,12.8469851,12.50338683,12.32663201,12.33353273,12.24249559,12.10179608,12.02972233,11.9311789,11.78896584,11.8505717,11.98034856,12.11465412,12.22929936,12.41024272,12.62989491,12.85522448,13.06490074,13.19336278,13.30912636,13.37924527,13.25452769,13.12593882,12.8929075,12.66637742,12.40691332,12.15579949,11.79468411,11.43104896,11.11308921,10.90597756,10.93426632,10.92030119,10.97086155,11.08004079,11.23184859,11.35458812,11.32153017,11.13851134,10.99994297,10.71737034,10.46972978,10.29755394,10.06227264,9.949853715,9.726719729,9.661662452,9.834130217,10.01092845,10.11680362,10.21949804,..
"Birth rate, crude (per 1,000 people)",SP.DYN.CBRT.IN,Chile,CHL,35.275,34.825,34.277,33.717,33.063,32.357,31.644,30.916,30.257,29.526,28.76,28.031,27.435,26.797,26.103,25.477,24.931,24.462,24.052,23.645,23.294,23.009,22.755,22.615,22.573,22.521,22.53,22.527,22.473,22.39,22.19,21.866,21.048,20.503,19.918,19.155,18.542,17.847,17.195,16.526,15.963,15.658,15.367,14.802,14.379,14.169,14.139,14.301,14.459,14.464,14.327,14.109,13.857,13.697,13.545,13.211,12.7,12.13,11.94,11.855,11.834,11.788,11.755,..
"Birth rate, crude (per 1,000 people)",SP.DYN.CBRT.IN,China,CHN,20.86,18.02,37.01,43.37,39.14,37.88,35.05,33.96,35.59,34.11,33.43,30.65,29.77,27.93,24.82,23.01,19.91,18.93,18.25,17.82,18.21,20.91,22.28,20.19,19.9,21.04,22.43,23.33,22.37,21.58,21.06,19.68,18.27,18.09,17.7,17.12,16.98,16.57,15.64,14.64,14.03,13.38,12.86,12.41,12.29,12.4,12.09,12.1,12.14,11.95,11.9,13.27,14.57,13.03,13.83,11.99,13.57,12.64,10.86,10.41,8.52,7.52,6.77,..
"Birth rate, crude (per 1,000 people)",SP.DYN.CBRT.IN,Colombia,COL,45.957,45.547,44.983,44.28,43.495,42.401,41.205,39.978,38.648,37.327,36.121,35.044,34.092,33.386,32.818,32.462,32.227,32.023,31.817,31.663,31.286,30.936,30.548,30.008,29.577,29.142,28.742,28.366,28.013,27.7,27.374,27.011,26.559,26.091,25.53,24.939,24.351,23.731,23.165,22.649,22.114,21.576,21.021,20.444,19.853,19.265,18.688,18.173,17.702,17.275,16.909,16.609,16.344,16.088,15.834,15.585,15.353,15.081,14.841,14.682,14.435,14.204,13.921,..
"Birth rate, crude (per 1,000 people)",SP.DYN.CBRT.IN,Comoros,COM,47.731,47.62,47.428,47.175,46.923,46.632,46.351,46.105,45.909,45.708,45.569,45.576,45.544,45.587,45.584,45.575,45.62,45.577,45.609,45.709,45.609,45.569,45.448,45.185,44.878,44.48,44.096,43.626,43.171,42.615,41.987,41.352,40.632,39.804,38.89,38.407,38.003,37.505,37.046,36.507,35.895,35.505,35.017,34.526,34.561,34.515,34.293,34.07,33.938,33.944,33.924,33.841,33.408,32.996,32.594,32.147,31.756,31.33,30.859,30.4,29.896,29.398,28.887,..
"Birth rate, crude (per 1,000 people)",SP.DYN.CBRT.IN,"Congo, Dem. Rep.",COD,46.909,47.124,47.369,47.547,47.713,47.867,47.926,47.968,47.919,47.795,47.635,47.534,47.286,46.966,46.653,46.398,46.091,45.768,45.562,45.865,45.961,45.898,45.801,45.949,46.156,46.517,46.684,46.788,46.504,46.285,46.005,46.104,45.913,45.704,45.905,47.093,46.791,45.843,45.105,45.033,45.004,44.816,44.697,44.534,44.256,44.196,44.393,44.366,44.43,44.573,44.526,44.701,44.646,44.229,43.992,43.641,43.411,43.251,42.989,42.656,42.311,42.049,41.737,..
"Birth rate, crude (per 1,000 people)",SP.DYN.CBRT.IN,"Congo, Rep.",COG,43.357,43.208,43.072,43.202,43.276,43.457,43.571,43.638,43.791,43.859,43.95,44.165,44.284,44.068,43.896,43.66,43.264,42.888,42.381,41.914,41.474,41.179,40.935,40.795,40.649,40.327,40.04,39.77,39.464,39.178,38.847,38.701,38.626,38.427,38.313,38.175,38.222,38.283,37.973,37.705,37.158,37.615,37.547,37.269,37.403,37.359,37.498,37.664,38.209,38.425,38.858,38.232,37.508,36.498,35.527,34.648,33.706,33.025,32.337,31.676,31.155,30.691,30.175,..
"Birth rate, crude (per 1,000 people)",SP.DYN.CBRT.IN,Costa Rica,CRI,45.636,44.999,44.094,42.961,41.628,40.121,38.532,36.91,34.717,33.837,32.64,31.638,30.748,30.137,29.935,29.778,29.865,29.962,30.106,30.397,30.223,30.212,30.242,30.275,30.241,30.147,29.651,28.961,28.255,27.467,26.734,25.831,24.999,24.287,23.571,22.845,22.058,21.503,20.679,20.301,19.788,19.104,18.12,17.656,17.228,16.99,16.797,16.823,16.899,16.53,16.04,15.772,15.483,15.093,14.852,14.522,14.145,13.926,13.562,12.847,12.152,11.873,11.686,..
"Birth rate, crude (per 1,000 people)",SP.DYN.CBRT.IN,Cote d'Ivoire,CIV,54.766,54.706,54.652,54.554,54.405,54.168,53.943,53.72,53.473,53.166,52.842,52.636,52.393,52.317,52.157,51.866,51.561,52.496,52.507,52.834,52.77,52.355,51.736,50.975,50.021,48.887,47.823,46.673,46.023,47.084,46.754,46.429,46.009,45.436,44.89,45,44.831,44.978,45.157,44.991,44.753,44.194,43.53,43.015,42.227,41.602,40.91,40.248,39.676,39.179,38.815,38.435,37.742,37.137,36.6,36.282,35.959,35.863,35.007,34.554,34.197,33.934,33.492,..
"Birth rate, crude (per 1,000 people)",SP.DYN.CBRT.IN,Croatia,HRV,18.4,17.8,17.2,16.5,16.2,16.6,16.5,15.5,15,14.5,13.8,14.6,14.8,15.1,15,14.9,14.8,14.9,15,15.1,14.8,14.6,14.4,14.1,13.9,13.3,12.8,12.5,12.3,11.7,11.6,11.1,10.3,10.6,10.4,10.9,11.8,12.2,10.4,10,9.8,9.2,9,8.9,9.1,9.563,9.33,9.4,9.9,10.1,9.8,9.6,9.8,9.4,9.3,8.9,9,8.9,9,8.9,8.9,9.4,8.8,..
"Birth rate, crude (per 1,000 people)",SP.DYN.CBRT.IN,Cuba,CUB,32.664,33.52,34.443,35.189,34.69,33.933,33.129,32.362,31.644,30.86,29.966,29.008,27.96,26.351,24.31,21.89,19.529,17.364,15.078,14.447,13.706,13.649,15.734,16.355,16.432,16.559,16.749,17.305,17.915,17.744,17.48,16.033,14.977,14.147,13.572,13.374,12.799,13.578,13.444,13.287,12.628,12.171,12.262,11.829,11.031,10.446,9.752,9.921,10.83,11.487,11.417,11.76,11.191,11.122,10.86,10.972,10.351,10.182,10.348,9.752,9.344,8.922,8.889,..
"Birth rate, crude (per 1,000 people)",SP.DYN.CBRT.IN,Curacao,CUW,32.481,31.487,30.614,29.863,29.2,28.593,27.997,27.292,26.508,25.605,24.646,23.674,22.793,22.129,21.555,21.139,20.883,20.733,20.64,20.591,20.556,20.57,20.643,20.707,20.794,20.878,20.927,20.907,20.79,20.564,20.212,19.731,19.143,18.423,17.778,17.185,16.64,16.209,15.886,15.615,15.371,15.155,14.988,14.87,14.755,14.673,13.6,13.4,13.8,13,13.6,13.1,13.4,12.7,12.6,11.9,11.2,9.7,10.5,10.1,8.7,8.6,8.2,..
"Birth rate, crude (per 1,000 people)",SP.DYN.CBRT.IN,Cyprus,CYP,25.569,26.15,25.346,25.184,24.513,24.811,24.454,24.106,23.878,23.459,22.791,22.963,22.979,18.789,18.343,17.201,19.278,17.53,17.727,18.469,20.013,18.728,21.373,21.458,21.345,20.363,20.306,19.553,20.073,19.105,19.265,18.649,19.579,17.812,16.981,15.763,15.049,14.258,13.531,12.872,12.655,12.182,11.786,11.949,12.111,11.882,12.243,11.821,12.167,12.286,12.045,11.507,11.762,11.088,11.163,11.208,11.419,10.994,10.843,10.794,10.583,10.313,10.023,..
"Birth rate, crude (per 1,000 people)",SP.DYN.CBRT.IN,Czechia,CZE,13.4,13.7,13.9,15.4,15.9,15.1,14.4,14.1,13.9,14.5,15,15.7,16.6,18.3,19.4,19.1,18.5,17.8,17.5,16.7,14.9,14,13.7,13.3,13.3,13.1,12.9,12.7,12.8,12.4,12.6,12.5,11.8,11.7,10.3,9.3,8.8,8.8,8.8,8.7,8.9,8.9,9.1,9.2,9.6,10,10.3,11.1,11.5,11.3,11.2,10.4,10.3,10.2,10.4,10.5,10.7,10.8,10.7,10.5,10.3,10.6,9.5,..
"Birth rate, crude (per 1,000 people)",SP.DYN.CBRT.IN,Denmark,DNK,16.6,16.6,16.7,17.6,17.7,18,18.4,16.8,15.3,14.6,14.4,15.2,15.1,14.3,14.1,14.2,12.9,12.2,12.2,11.6,11.2,10.4,10.3,9.9,10.1,10.5,10.8,11,11.5,12,12.3,12.5,13.1,13,13.4,13.3,12.9,12.8,12.5,12.4,12.6,12.2,11.9,12,12,11.9,12,11.7,11.8,11.4,11.4,10.6,10.4,10,10.1,10.2,10.8,10.6,10.6,10.5,10.4,10.8,9.9,..
"Birth rate, crude (per 1,000 people)",SP.DYN.CBRT.IN,Djibouti,DJI,46.703,46.786,46.869,46.914,46.975,46.963,46.99,46.874,46.846,46.687,46.591,46.416,46.204,45.823,45.471,45.103,44.658,44.263,43.805,43.322,42.804,42.268,41.824,41.383,40.918,40.472,40.183,39.875,39.511,39.142,38.749,38.177,37.673,37.207,36.56,35.616,34.66,33.71,33.376,33.369,33.233,33.123,32.788,32.15,31.142,30.226,29.167,28.331,27.434,26.79,26.118,25.521,25.06,24.66,24.207,23.889,23.516,23.276,22.982,22.748,22.477,22.205,21.911,..
"Birth rate, crude (per 1,000 people)",SP.DYN.CBRT.IN,Dominica,DMA,45.714,35.09,34.222,34.18,31.374,30.664,36.299,31.648,30.284,32.944,30.852,29.377,27.988,26.499,25.219,23.899,22.803,22.085,21.586,21.357,21.401,21.741,22.524,24.584,23.287,23.852,24.398,23.37,25.153,24.507,24.243,24.603,26.137,24.833,23.008,21.287,19.881,18.688,18.012,19.46,17.709,18.854,16.867,16.128,15.813,15.615,15.947,15.45,14.902,14.378,14.009,13.679,13.516,13.369,13.092,13.447,13.167,13.13,13.191,13.272,13.301,13.326,13.278,..
"Birth rate, crude (per 1,000 people)",SP.DYN.CBRT.IN,Dominican Republic,DOM,52.229,51.39,50.461,49.47,48.465,47.437,46.69,45.407,43.983,42.919,42.061,41.184,40.359,39.613,38.501,37.549,36.867,36.111,35.414,34.876,34.258,33.65,33.183,33.087,32.615,31.971,31.624,31.326,31.288,31.29,30.887,30.37,29.802,29.25,28.607,27.778,27.026,26.079,25.219,25.006,24.842,24.317,23.868,23.425,22.972,22.485,21.865,21.705,21.947,22.132,22.038,21.792,21.454,21.166,20.867,20.596,20.258,19.993,19.762,19.291,18.78,18.432,18.111,..
"Birth rate, crude (per 1,000 people)",SP.DYN.CBRT.IN,Early-demographic dividend,EAR,44.07124235,43.87389298,43.66148651,43.38767929,43.11352225,42.73427237,42.31271681,41.93042364,41.54706447,41.19096077,40.89749258,40.68195869,40.35628079,40.03023231,39.64348704,39.12862185,38.84238231,38.33483384,38.00774395,37.83758811,37.63870339,37.37238418,37.05783334,36.67183564,36.31230256,35.72843898,35.3117797,34.61926917,33.99541779,33.32353543,32.60280203,32.10126001,31.46098419,30.79746708,30.22485803,29.62671132,29.01953249,28.48301622,27.96480938,27.47870122,27.10607099,26.81449361,26.29268528,25.7539076,25.30956582,24.8111232,24.38883722,24.14423447,23.85105003,23.52998872,23.18073041,22.85136316,22.5341063,22.18347897,21.62460819,21.26090705,20.87435678,20.39673067,20.09165873,19.61649039,19.21722676,18.96731169,18.73355676,..
"Birth rate, crude (per 1,000 people)",SP.DYN.CBRT.IN,East Asia & Pacific,EAS,26.29048562,24.32496416,36.4020036,40.34895245,37.53193262,36.62574999,34.24281167,33.84070503,34.65304134,33.5732635,33.06778341,31.18701969,30.44084171,29.07705842,26.73739158,25.25673734,23.03337926,22.22417082,21.66153951,21.37745051,21.52676948,23.09851066,23.8451348,22.34273881,21.93515504,22.35731979,22.95035943,23.36496329,22.65782848,21.97659471,21.54696377,20.64502249,19.63160955,19.36396342,19.00880144,18.47639459,18.2457289,17.83667425,17.04376808,16.24918294,15.7974716,15.25520502,14.81555672,14.42430217,14.26883032,14.25423071,14.06465833,14.11168167,14.0935457,13.89928878,13.79527906,14.60934338,15.38578337,14.31716216,14.71007998,13.50335827,14.32281164,13.62700774,12.45464214,12.08326818,10.85527167,10.18501861,9.648792635,..
"Birth rate, crude (per 1,000 people)",SP.DYN.CBRT.IN,East Asia & Pacific (excluding high income),EAP,26.62713894,24.39740515,38.53658845,43.14683893,39.89333788,38.81719348,36.55854612,35.61363102,36.64589013,35.40518804,34.75854399,32.55539242,31.78833056,30.2295503,27.67187578,26.17719485,23.73016757,22.88874826,22.36028433,22.01417651,22.25619429,24.11010928,25.00907519,23.3778807,23.01735159,23.57032417,24.33578263,24.82067319,24.00119295,23.28747592,22.78265222,21.74267827,20.58437742,20.31341702,19.8829224,19.3163306,19.07482138,18.6433847,17.80088751,16.92441627,16.38442588,15.86831539,15.42292091,15.01843118,14.86524684,14.88960485,14.64313566,14.66077644,14.64973969,14.45705973,14.34015876,15.2465429,16.09712399,14.96067471,15.40225316,14.05114038,14.99882624,14.26637749,12.98901875,12.61645362,11.28843638,10.55413084,9.992141604,..
"Birth rate, crude (per 1,000 people)",SP.DYN.CBRT.IN,East Asia & Pacific (IDA & IBRD countries),TEA,26.51356086,24.28535826,38.5949719,43.2400376,39.95261639,38.86287381,36.55765815,35.5637863,36.64159891,35.39633034,34.75466455,32.54747444,31.76673376,30.26080104,27.70298991,26.20835155,23.75882746,22.91959835,22.38642762,22.03261607,22.27848278,24.15543884,25.06983926,23.41864588,23.053294,23.61286971,24.38762458,24.88265057,24.05149134,23.32998094,22.81300569,21.754898,20.58113634,20.30692964,19.87258666,19.30092628,19.06249528,18.63619848,17.78876385,16.90840148,16.37056186,15.85398405,15.41453364,15.01505173,14.862873,14.89429872,14.64884876,14.66977911,14.65843069,14.46658851,14.36119395,15.27879603,16.13716809,14.98317107,15.42698911,14.05772184,15.01740155,14.27587267,12.98288345,12.60566845,11.26304028,10.52073019,9.953919711,..
"Birth rate, crude (per 1,000 people)",SP.DYN.CBRT.IN,Ecuador,ECU,43.969,44.027,43.89,43.619,43.426,43.144,42.653,42.358,41.976,41.611,40.979,40.354,39.815,39.172,38.503,37.878,37.229,36.616,36.034,35.53,35.008,34.517,33.991,33.515,33.022,32.539,32.083,31.534,31.004,30.495,29.969,29.499,28.972,28.522,28.129,27.678,27.259,26.796,26.411,25.926,25.402,24.912,24.46,24.019,23.597,23.2,22.898,22.637,22.379,22.142,21.892,21.702,21.004,20.1,19.339,18.74,18.224,17.996,17.658,17.338,17.037,16.817,16.583,..
"Birth rate, crude (per 1,000 people)",SP.DYN.CBRT.IN,"Egypt, Arab Rep.",EGY,47.405,46.794,46.168,45.685,45.014,44.078,43.693,43.122,42.609,42.153,41.677,41.417,41.225,40.739,40.709,40.781,40.693,40.622,40.7,40.779,40.195,39.483,39.208,39.125,38.481,38.018,37.357,36.772,35.914,34.605,33.207,32.028,31.729,30.701,29.787,29.01,28.336,27.935,27.799,27.356,26.986,26.833,26.477,26.336,25.97,25.977,25.882,26.16,26.146,26.291,27.16,27.379,27.978,28.455,28.416,28.078,25.913,25.231,24.562,23.568,23.051,22.558,22.107,..
"Birth rate, crude (per 1,000 people)",SP.DYN.CBRT.IN,El Salvador,SLV,47.469,47.564,47.541,47.392,47.26,46.837,46.252,45.6,44.786,43.879,43.157,42.912,42.642,42.237,41.904,41.45,41.072,40.759,40.331,40.027,39.753,39.472,38.781,37.91,36.933,35.904,35.107,35.191,34.804,34.123,33.433,32.787,32.222,31.564,31.219,30.683,30.127,29.413,29.31,28.499,27.465,25.995,24.484,23.257,22.085,21.261,20.689,20.182,19.812,19.584,19.428,19.372,19.151,18.969,18.809,18.406,17.566,16.974,16.536,16.416,16.188,16.025,15.803,..
"Birth rate, crude (per 1,000 people)",SP.DYN.CBRT.IN,Equatorial Guinea,GNQ,40.634,40.556,40.56,40.621,40.752,40.954,41.241,41.503,41.823,42.106,42.365,42.539,42.625,42.69,42.733,42.779,42.88,42.985,43.084,43.22,43.399,43.505,43.63,43.773,45.241,46.259,46.787,46.931,46.758,46.439,46.033,45.625,45.209,44.811,44.412,43.855,43.327,42.793,42.28,41.772,41.319,40.704,40.285,40.047,39.967,39.948,39.873,39.767,39.528,39.163,38.674,38.06,37.458,36.803,36.047,35.229,34.392,33.507,32.667,31.874,31.174,30.498,29.865,..
"Birth rate, crude (per 1,000 people)",SP.DYN.CBRT.IN,Eritrea,ERI,47.554,47.644,47.89,47.873,47.921,47.913,47.818,47.652,47.412,47.103,47.028,46.682,46.307,46.029,45.959,45.868,45.771,45.546,45.266,45.073,44.967,44.979,44.984,44.989,44.651,44.35,44.052,43.754,43.635,43.213,42.662,42.003,41.697,40.914,41.484,40.561,42.342,40.646,39.359,38.19,37.617,36.827,37.239,36.8,37.272,36.677,36.24,35.301,34.667,34.402,33.692,33.114,32.424,31.719,31.214,30.417,29.91,29.421,29.105,28.941,28.706,28.624,28.426,..
"Birth rate, crude (per 1,000 people)",SP.DYN.CBRT.IN,Estonia,EST,16.7,16.5,16.1,15.3,15.4,14.6,14.2,14.2,14.9,15.4,15.8,16.1,15.6,15.1,15.1,14.9,15.1,15.2,15,14.9,15,15.4,15.4,16,16,15.5,15.7,16.2,16,15.5,14.2,12.4,11.8,10.2,9.7,9.4,9.4,9,8.8,9,9.4,9.1,9.4,9.5,10.3,10.6,11,11.8,12,11.8,11.9,11.1,10.6,10.3,10.3,10.6,10.7,10.5,10.9,10.6,9.9,10,8.6,..
"Birth rate, crude (per 1,000 people)",SP.DYN.CBRT.IN,Eswatini,SWZ,47.526,47.496,47.508,47.85,47.599,47.691,47.812,47.576,48.005,48.397,48.753,49.107,49.065,49.032,49.719,49.837,49.871,49.617,49.238,48.87,48.578,48.083,47.576,47.059,46.587,45.827,44.507,43.443,42.264,41.674,40.23,39.48,38.719,37.768,36.522,34.166,33.39,32.583,32.146,32.374,32.162,31.806,31.395,31.443,31.63,31.59,31.229,31.247,31.376,31.001,30.083,29.665,29.294,29.019,28.423,27.737,27.105,26.408,25.718,25.118,24.615,24.134,23.642,..
"Birth rate, crude (per 1,000 people)",SP.DYN.CBRT.IN,Ethiopia,ETH,47.462,47.592,47.693,47.813,48.048,48.267,48.457,48.659,48.838,49.304,49.418,49.521,49.538,49.423,49.555,49.589,49.686,49.886,49.803,49.836,49.835,49.863,49.968,50.183,50.699,51.019,51.027,50.732,50.298,50.003,50.052,49.797,49.056,48.723,48.191,47.648,47.371,46.776,45.842,45.269,44.501,44.029,43.39,42.306,41.657,40.997,40.232,39.51,38.46,37.293,36.528,35.846,34.845,33.938,33.554,33.428,33.315,33.059,32.996,33.123,32.78,32.383,31.835,..
"Birth rate, crude (per 1,000 people)",SP.DYN.CBRT.IN,Euro area,EMU,18.83204289,19.00066926,18.8743877,18.96898503,19.16592288,18.59255387,18.32350961,17.85657219,17.39656062,16.96651095,16.24904507,16.04261915,15.36987106,14.74913311,14.63448271,14.15368587,14.0138174,13.68475439,13.44159945,13.16946781,13.08634772,12.81342785,12.70729667,12.3714744,12.19921556,12.01632251,11.94398389,11.86778112,11.91726849,11.6826809,11.71457813,11.36677779,11.19065737,10.92994217,10.56273147,10.44213911,10.53387062,10.5823989,10.47076312,10.46382811,10.61521735,10.37670143,10.31539241,10.32579232,10.40318974,10.293724,10.36812803,10.37115796,10.54762636,10.34199182,10.35260841,10.15703467,9.999264501,9.73165036,9.787325132,9.655574232,9.701894298,9.47497512,9.282387881,9.109539838,8.891619646,9.026531977,8.574191419,..
"Birth rate, crude (per 1,000 people)",SP.DYN.CBRT.IN,Europe & Central Asia,ECS,22.10438136,21.79410129,21.29095163,20.8736526,20.41326322,19.70411767,19.24164466,19.07408005,18.71896126,18.39133284,18.08286019,18.13209572,17.80957536,17.48732549,17.56522093,17.28510755,17.17678992,16.95259492,16.87208924,16.69821927,16.62306722,16.40898648,16.42302651,16.52307333,16.37976154,16.24609866,16.33288266,16.19186609,15.88577071,15.2853473,14.909129,14.42634098,13.82657002,13.24458426,12.90183251,12.58431602,12.35678338,12.1318702,11.95081873,11.67148131,11.68886737,11.56979451,11.55822094,11.63950085,11.85683876,11.8189028,12.03146836,12.33440199,12.72588562,12.69599787,12.69711614,12.55503553,12.66595498,12.5148841,12.64129696,12.56882568,12.4634419,11.97780312,11.69010484,11.37616632,11.10559801,11.10794641,10.70999726,..
"Birth rate, crude (per 1,000 people)",SP.DYN.CBRT.IN,Europe & Central Asia (excluding high income),ECA,32.51339621,31.98070769,31.20790826,30.16501393,28.94600751,28.09763723,27.30947851,26.46062025,25.98579864,25.80792387,25.84343376,26.06898631,25.97574333,25.65945131,25.54528744,25.25960604,25.0517266,24.7912717,24.7680474,24.58170867,24.41929301,24.30474928,24.23900832,24.59124003,24.57067842,24.3655206,24.44011888,23.9237114,23.37711818,22.4556127,21.88447822,21.58730342,20.75338214,20.01712346,19.36194152,18.94333116,18.28854477,17.67087148,17.14785753,16.53653005,16.14688314,16.02184369,15.65717389,15.49767192,15.94552204,15.95851458,16.40341464,16.7758851,17.27386985,17.30234469,17.15620472,17.11968605,17.30177882,17.49268335,17.69847871,17.63710954,17.29367442,16.62428218,16.36908113,16.05224497,15.76927364,15.71543867,15.62444436,..
"Birth rate, crude (per 1,000 people)",SP.DYN.CBRT.IN,Europe & Central Asia (IDA & IBRD countries),TEC,26.63115788,25.70303442,24.64481561,23.51026564,22.23605678,21.31598098,20.62982611,20.73731639,20.45333623,20.2269792,20.23343744,20.49743366,20.55279887,20.51760103,20.78662192,20.71457497,20.72587684,20.61623454,20.58776885,20.33635417,20.25543063,20.12646917,20.26721568,20.73048881,20.51328214,20.26658958,20.44476501,20.13313748,19.41662654,18.40269596,17.55182109,16.86173073,15.86687623,15.01109469,14.68066591,14.26627483,13.811944,13.38359347,13.1410484,12.66094181,12.61966578,12.6128133,12.63566469,12.73207628,13.06888326,13.06113872,13.36354104,13.92457249,14.51752541,14.65657754,14.62548015,14.54190128,14.87815814,14.88873798,15.08751664,15.05335557,14.79859503,14.06694357,13.70343992,13.26433605,12.98630039,12.86407652,12.53407985,..
"Birth rate, crude (per 1,000 people)",SP.DYN.CBRT.IN,European Union,EUU,18.73822216,18.62902657,18.34440639,18.40486169,18.47000529,17.91173378,17.62755169,17.88391318,17.52725625,17.03082342,16.40101182,16.22339511,15.70665201,15.30350843,15.49383651,15.11797584,14.9874855,14.64977837,14.38058472,14.15518032,13.96770573,13.59127536,13.43074998,13.11997676,12.99134046,12.82528149,12.70116941,12.56508872,12.56840766,12.29755777,12.16507764,11.78833595,11.49873312,11.19958759,10.82321017,10.51433142,10.51424096,10.49035785,10.35228981,10.31977149,10.46048689,10.21851524,10.14100055,10.15720485,10.26215503,10.23004563,10.34406133,10.39250411,10.63912528,10.47951375,10.44796236,10.14647242,10.03273849,9.748273896,9.858521889,9.742680851,9.841556109,9.717951176,9.508986221,9.328877813,9.104390296,9.166578725,8.687183091,..
"Birth rate, crude (per 1,000 people)",SP.DYN.CBRT.IN,Faroe Islands,FRO,..,..,..,..,..,..,..,..,..,..,21.1,20.2,20.5,20.5,19.9,19.2,18.3,18.2,17.5,18.4,17.1,17.2,16.4,15.4,15.4,16.3,17.3,16.9,18.6,19.6,19.8,18.3,17.1,16.3,14.8,14.8,15.6,15.2,14.1,14,15.3,13.7,15.1,14.8,14.8,14.7,13.8,14,13.8,12.7,13.2,12,12.8,13,13.3,12.5,13.8,13.2,13.6,13.3,13.1,13,11.8,..
"Birth rate, crude (per 1,000 people)",SP.DYN.CBRT.IN,Fiji,FJI,44.194,42.755,42.897,41.773,40.355,39.117,38.023,36.491,35.756,35.042,34.142,33.401,32.21,31.471,31.239,32.166,32.914,33.4,33.846,34.058,34.038,33.851,33.522,33.121,32.732,32.001,30.956,30.653,30.049,29.538,29.177,28.584,27.946,27.249,26.588,26.266,26.001,25.386,24.813,24.562,24.34,24.289,24.267,24.242,24.067,23.796,24.051,23.859,23.614,23.172,22.664,22.126,21.925,21.835,21.683,21.45,21.05,20.55,20.187,19.962,19.628,19.345,19.131,..
"Birth rate, crude (per 1,000 people)",SP.DYN.CBRT.IN,Finland,FIN,18.5,18.4,18.1,18.2,17.7,17.1,17,16.8,15.9,14.6,14,13.2,12.7,12.2,13.3,13.9,14.1,13.9,13.5,13.3,13.2,13.2,13.7,13.8,13.3,12.8,12.3,12.1,12.8,12.8,13.1,13,13.2,12.8,12.8,12.3,11.8,11.5,11.1,11.1,11,10.8,10.7,10.9,11,11,11.2,11.1,11.2,11.3,11.4,11.1,11,10.7,10.5,10.1,9.6,9.1,8.6,8.3,8.4,9,8.1,..
"Birth rate, crude (per 1,000 people)",SP.DYN.CBRT.IN,Fragile and conflict affected situations,FCS,41.74079079,41.70072166,41.84429716,41.6488287,41.44911055,41.36831623,41.32399616,41.26503404,41.20010714,41.24675258,41.2782938,41.40670929,41.34211802,41.19826132,41.27401239,41.30687348,41.30131352,41.29781066,41.35597166,41.37757361,41.26526626,41.08432409,41.00566033,41.15634454,40.96768162,40.72284856,40.48495012,40.12815989,39.83638869,39.58217858,39.35391898,39.15017955,38.89712065,38.72805414,38.47580558,38.4238563,38.18710339,37.84805522,37.54892689,37.51285607,37.42403506,37.34642654,37.27365213,37.09103585,36.91509931,36.73720481,36.65763918,36.55052073,36.42856531,36.25190331,36.05781383,35.85076246,35.4855847,35.0381344,34.62880652,34.25807386,33.89774009,33.51008605,33.18819723,32.93467633,32.64595509,32.35928,32.09216792,..
"Birth rate, crude (per 1,000 people)",SP.DYN.CBRT.IN,France,FRA,18.7,18.7,18.6,18.5,18.4,18.2,18,17.7,17.5,17.3,17,16.7,16.3,15.9,15.5,15,14.6,14.3,14.1,14,14,14.1,14.2,14.2,14.3,14.2,14.1,14,13.8,13.6,13.4,13.2,13.1,13,12.5,12.8,12.8,12.7,12.8,12.9,13.3,13.1,12.9,12.8,12.8,12.8,13.1,12.8,12.9,12.8,12.9,12.7,12.6,12.4,12.4,12,11.8,11.5,11.3,11.2,10.9,11,10.6,..
"Birth rate, crude (per 1,000 people)",SP.DYN.CBRT.IN,French Polynesia,PYF,42.004,41.773,41.561,41.345,41.179,40.956,40.581,40.147,39.674,39.098,38.18,37.104,36.044,34.994,33.873,32.826,31.899,31.241,29.383,29.073,29.576,30.043,29.479,29.547,30.346,31.102,30.452,30.004,31.243,29.206,28.663,27.157,26.139,25.458,24.125,22.624,21.931,20.765,19.865,20.543,20.628,20.041,19.322,18.09,17.574,17.492,17.738,17.077,17.606,17.237,17.38,16.605,16.231,15.576,15.58,15.037,14.508,14.015,13.777,13.088,12.924,12.759,12.55,..
"Birth rate, crude (per 1,000 people)",SP.DYN.CBRT.IN,Gabon,GAB,31.893,32.254,32.634,32.88,33.144,33.48,33.841,34.095,34.421,34.746,35.13,35.574,36.018,36.292,36.499,36.873,37.27,37.66,38.026,38.205,38.527,38.884,38.933,39.025,38.902,38.8,38.686,38.675,38.495,38.056,37.635,37.222,36.839,36.378,35.578,34.82,34.248,33.992,33.777,33.502,33.471,33.279,33.101,32.884,32.771,32.722,32.68,32.685,32.675,32.96,33.177,33.223,32.718,32.182,31.622,31.036,30.362,29.713,29.004,28.354,27.695,27.142,26.803,..
"Birth rate, crude (per 1,000 people)",SP.DYN.CBRT.IN,"Gambia, The",GMB,50.742,50.605,50.411,50.136,49.792,49.385,48.889,48.64,48.351,48.156,47.913,47.753,47.775,47.766,47.552,47.386,47.287,47.074,46.935,46.789,46.742,46.745,46.753,46.629,46.547,46.398,46.401,46.226,46.095,45.848,45.733,45.597,45.383,45.145,44.978,44.67,44.277,44.095,44.075,43.599,43.146,42.921,42.519,42.253,42.201,42.138,42.366,42.086,41.757,41.469,41.084,40.69,40.136,39.398,38.486,37.576,36.59,35.743,34.924,34.281,33.719,33.257,32.696,..
"Birth rate, crude (per 1,000 people)",SP.DYN.CBRT.IN,Georgia,GEO,26.737,26.344,25.647,24.933,23.428,21.917,20.992,20.429,19.642,19.334,19.305,19.408,19.329,19.069,18.852,18.957,18.884,18.806,19.004,19.143,19.318,19.4,19.494,19.684,19.976,20.012,19.689,18.889,18.418,18.312,18.462,17.795,16.552,15.481,14.652,14.088,13.553,13.1,12.637,12.185,11.979,11.77,11.798,11.811,12.221,12.483,12.648,13.122,13.9,14.789,15.109,14.937,14.842,15.102,15.442,15.79,15.471,14.856,14.395,13.451,12.966,13.412,13.099,..
"Birth rate, crude (per 1,000 people)",SP.DYN.CBRT.IN,Germany,DEU,17.3,17.9,17.8,18.1,18,17.4,17.2,16.5,15.7,14.7,13.4,12.9,11.5,10.3,10.2,9.9,10.2,10.3,10.4,10.5,11.1,11,11,10.6,10.4,10.5,10.9,11.2,11.4,11.2,11.4,10.4,10,9.8,9.5,9.4,9.7,9.9,9.6,9.4,9.3,8.9,8.7,8.6,8.6,8.3,8.2,8.3,8.3,8.1,8.3,8.3,8.4,8.5,8.8,9,9.6,9.5,9.5,9.4,9.3,9.6,8.8,..
"Birth rate, crude (per 1,000 people)",SP.DYN.CBRT.IN,Ghana,GHA,49.804,49.347,49.166,48.989,48.361,47.878,47.351,47.233,47.199,47.338,47.179,46.939,46.526,46.222,45.844,45.408,44.962,44.704,44.671,44.674,44.838,44.955,44.766,44.842,44.922,44.329,43.752,43.033,42.043,41.088,40.372,39.613,38.744,37.909,36.763,36.171,35.415,35.258,35.267,35.418,35.865,35.635,35.344,34.939,34.535,34.885,34.124,33.561,33.206,32.982,33.004,32.957,32.885,32.535,31.834,31.713,30.527,28.978,29.025,28.572,28.038,27.548,27.08,..
"Birth rate, crude (per 1,000 people)",SP.DYN.CBRT.IN,Gibraltar,GIB,21.607,22.172,23.667,26.024,24.623,25.687,22.644,20.311,20.264,20.565,20.933,20.864,19.94,19.343,19.004,18.866,18.937,19.287,19.767,20.526,21.344,21.052,20.538,19.576,18.809,18.191,17.734,17.396,17.16,17.147,17.226,17.363,17.497,17.533,17.59,17.64,17.465,16.119,14.961,13.929,13.015,12.128,11.188,11.117,11.193,11.266,11.328,11.441,11.572,11.757,11.959,12.096,12.14,11.731,12.706,13.604,11.916,11.482,11.242,11.015,10.844,10.714,10.564,..
"Birth rate, crude (per 1,000 people)",SP.DYN.CBRT.IN,Greece,GRC,18.9,17.9,18,17.5,18,17.7,18,18.8,18.4,17.6,16.5,16,15.9,15.4,16.1,15.7,16,15.4,15.5,15.5,15.4,14.5,14,13.5,12.7,11.7,11.3,10.6,10.7,10.1,10,9.9,10,9.7,9.9,9.6,9.5,9.6,9.4,9.4,9.6,9.4,9.5,9.6,9.6,9.8,10.2,10.1,10.7,10.6,10.3,9.6,9.1,8.6,8.5,8.5,8.6,8.2,8.1,7.8,7.9,8.1,7.3,..
"Birth rate, crude (per 1,000 people)",SP.DYN.CBRT.IN,Greenland,GRL,..,..,..,..,..,..,..,..,..,..,..,..,..,19.2,17.5,16.4,17.3,18.6,17.7,18.1,20.6,20.7,20.4,19.1,20,21.7,19.7,20.4,22.1,21.9,22.6,21.5,22.4,21.4,20.5,19.7,18.8,19.6,17.5,16.8,15.6,16.7,16.9,15.5,15.7,15.6,14.8,15.1,14.8,15.9,15.3,14.4,13.9,14.5,14.3,15.2,14.8,15.2,14.6,15.1,14.8,13.4,13.2,..
"Birth rate, crude (per 1,000 people)",SP.DYN.CBRT.IN,Grenada,GRD,45.231,43.562,41.617,39.41,37.055,34.838,32.785,31.135,29.748,28.858,28.025,28.225,28.534,28.915,29.138,28.941,28.574,28.157,27.968,28.244,28.112,25.424,26.872,28.385,27.794,29.776,30.979,31.358,28.378,29.11,27.981,27.708,26.074,24.156,23.241,22.517,22.129,21.796,19.107,18.051,18.184,17.619,17.385,17.214,17.24,17.349,17.492,17.642,17.776,17.877,17.927,17.918,17.897,17.836,17.743,17.605,17.419,17.191,16.92,16.617,16.288,15.961,15.616,..
"Birth rate, crude (per 1,000 people)",SP.DYN.CBRT.IN,Guam,GUM,33.021,33.606,33.927,32.442,32.08,31.671,32.904,31.39,30.949,32.586,32.48,32.07,31.609,31.266,31.56,32.04,32.336,31.317,29.458,29.19,29.212,28.186,27.274,28.323,26.93,27.654,28.078,27.627,27.084,26.815,26.543,26.225,25.857,25.511,25.236,24.976,24.811,24.631,24.523,24.203,23.89,23.146,20.85,21.092,21.751,20.404,21.47,21.927,21.682,21.335,21.169,20.088,21.422,19.469,19.615,19.15,19.123,17.997,17.02,16.624,16.363,16.376,16.374,..
"Birth rate, crude (per 1,000 people)",SP.DYN.CBRT.IN,Guatemala,GTM,48.189,47.764,47.219,46.941,46.633,46.36,46.331,46.065,45.792,45.54,45.174,44.939,44.646,44.416,44.292,44.068,43.928,43.748,43.526,43.358,43.353,43.039,42.717,42.29,41.242,40.423,40.096,40.018,40.036,39.742,39.171,38.65,38.418,38.069,37.794,37.349,36.766,36.228,35.777,34.914,34.505,34.143,33.227,32.249,31.397,30.438,29.658,29.195,28.43,27.934,27.525,27.198,26.91,26.336,26.077,25.834,25.541,24.791,23.929,22.858,21.816,21.12,20.861,..
"Birth rate, crude (per 1,000 people)",SP.DYN.CBRT.IN,Guinea,GIN,45.692,45.683,45.674,45.605,45.549,45.471,45.401,45.339,45.317,45.32,45.374,45.412,45.402,45.424,45.36,45.325,45.3,45.408,45.548,45.907,45.855,45.872,46.069,46.129,46.179,46.259,46.388,46.561,46.543,46.451,46.318,46.385,46.23,45.866,45.153,44.429,44.218,43.716,42.704,42.245,41.642,41.003,40.547,40.125,39.933,39.921,39.815,39.801,39.761,39.729,39.369,38.902,38.44,38.134,37.891,37.891,37.396,36.625,35.931,35.436,34.944,34.425,33.855,..
"Birth rate, crude (per 1,000 people)",SP.DYN.CBRT.IN,Guinea-Bissau,GNB,45.776,45.912,45.356,44.783,44.093,42.177,40.516,39.589,39.745,40.089,39.483,39.916,39.363,39.798,40.323,42.399,44.174,45.64,46.835,47.86,48.83,48.85,48.742,48.489,48.103,47.616,47.074,46.539,46.051,45.625,44.462,44.112,44.179,44.064,44.008,43.709,43.461,43.352,43.028,42.727,42.493,42.132,42.257,42.048,41.655,41.358,41.032,40.911,40.003,39.1,38.427,38.303,37.945,37.46,36.472,35.519,34.502,33.285,32.657,32.093,31.605,31.087,30.611,..
"Birth rate, crude (per 1,000 people)",SP.DYN.CBRT.IN,Guyana,GUY,42.615,41.9,41.176,40.452,39.745,39.092,38.448,37.776,37.057,36.49,35.939,35.126,34.653,34.235,33.575,32.936,32.401,31.924,31.55,31.226,30.774,31.098,31.247,31.257,31.091,30.773,30.405,30.092,29.851,29.515,29.117,28.717,28.731,28.598,28.382,28.135,27.752,27.337,26.893,26.357,25.772,25.149,24.516,23.9,23.426,22.994,22.608,22.295,22.031,21.832,21.705,21.621,21.544,21.502,21.423,21.31,21.139,20.958,20.77,20.828,20.473,20.298,19.897,..
"Birth rate, crude (per 1,000 people)",SP.DYN.CBRT.IN,Haiti,HTI,43.583,43.311,43.037,42.759,42.494,41.96,41.487,41.09,40.694,40.342,39.978,39.571,39.19,38.778,39.041,39.308,39.535,39.772,39.827,39.942,39.952,40.068,40.182,39.833,39.649,39.62,39.503,39.336,39.002,38.689,38.263,37.063,36.351,35.561,34.873,34.229,33.681,33.154,32.562,32.088,31.836,30.994,30.333,29.901,29.466,29.018,28.613,28.175,27.831,27.615,27.527,27.203,26.595,26.09,25.771,25.51,25.254,24.98,24.579,24.304,23.936,23.498,23.146,..
"Birth rate, crude (per 1,000 people)",SP.DYN.CBRT.IN,Heavily indebted poor countries (HIPC),HPC,48.17743924,48.19402817,48.23500283,48.24459422,48.2287436,48.21053993,48.20902465,48.22496439,48.23772381,48.28263964,48.26463913,48.28110791,48.19625615,48.03850324,47.97092085,47.9282801,47.86796464,47.87734233,47.85012079,47.87751849,47.79251351,47.67240937,47.51907698,47.43095512,47.32196808,47.19169029,46.97905552,46.76013779,46.43617091,46.19080866,45.93027716,45.68905647,45.38741825,45.12698686,44.72586638,44.64617531,44.36531398,43.97040641,43.57317149,43.35741058,43.02445442,42.70341251,42.35313319,41.98195499,41.64842859,41.37747452,41.10402708,40.73036068,40.27385,39.91909179,39.5575967,39.09308484,38.56573245,38.09362348,37.6659429,37.33008036,36.91875803,36.52071754,36.17554262,35.85622861,35.45506327,35.07743731,34.63939747,..
"Birth rate, crude (per 1,000 people)",SP.DYN.CBRT.IN,High income,HIC,21.71079693,21.38935222,20.88013026,20.53187091,20.1679775,19.37706613,18.34115433,18.64852411,18.27854306,18.08562957,17.99342578,17.77480364,17.07887128,16.69191663,16.59862004,16.15126546,15.95899137,15.81410935,15.57227972,15.61576113,15.54908759,15.31193423,15.28081176,15.09840307,14.84143028,14.70499668,14.55834477,14.50991744,14.43527815,14.14303747,14.02340055,13.60104003,13.21616614,12.76938088,12.5746275,12.25782006,12.12051257,11.95117741,11.84513795,11.68724146,11.84251358,11.56663059,11.50773446,11.54854998,11.54809746,11.44698931,11.64204955,11.85386597,11.95579679,11.76988907,11.65943204,11.49538768,11.53197254,11.2379959,11.28546361,11.1936677,11.05273395,10.64680488,10.36402795,10.06303371,9.728507444,9.710100778,9.374853542,..
"Birth rate, crude (per 1,000 people)",SP.DYN.CBRT.IN,Honduras,HND,49.579,49.134,48.666,48.277,47.965,47.721,47.203,46.763,46.554,46.31,46.13,46.093,46.051,45.798,45.522,45.429,45.204,44.738,44.344,43.968,43.445,42.869,42.206,41.633,40.883,40.283,39.742,39.192,38.698,38.361,38.032,37.72,37.47,37.211,36.779,36.215,35.757,35.274,35.023,34.561,33.841,32.986,32.052,31.101,30.188,29.314,28.479,27.64,26.871,26.112,25.392,24.717,24.111,23.569,23.123,22.751,22.44,22.16,21.895,21.628,21.353,21.071,20.85,..
"Birth rate, crude (per 1,000 people)",SP.DYN.CBRT.IN,"Hong Kong SAR, China",HKG,35.725,35,34,33.5,30.7,28.1,25.3,23.7,21.7,21.3,20,19.7,19.5,19.4,19.1,17.9,17.4,17.5,17.3,16.8,17,16.8,16.4,15.6,14.4,14,13,12.6,13.4,12.3,12,12,12.3,12,11.9,11.2,9.9,9.1,8.1,7.8,8.1,7.2,7.1,6.9,7.2,8.4,9.6,10.2,11.3,11.8,12.6,13.5,12.8,8,8.6,8.2,8.3,7.6,7.2,7,5.8,5,4.4,..
"Birth rate, crude (per 1,000 people)",SP.DYN.CBRT.IN,Hungary,HUN,14.7,14,12.9,13.1,13.1,13.1,13.6,14.6,15.1,15,14.7,14.5,14.7,15,17.8,18.4,17.5,16.7,15.7,15,13.9,13.3,12.5,11.9,11.8,12.2,12.1,11.9,11.7,11.8,12.1,12.3,11.7,11.3,11.2,10.8,10.2,9.8,9.5,9.2,9.6,9.5,9.5,9.3,9.4,9.7,9.9,9.7,9.9,9.6,9,8.8,9.1,9,9.5,9.4,9.7,9.7,9.6,9.5,9.6,9.7,9.3,..
"Birth rate, crude (per 1,000 people)",SP.DYN.CBRT.IN,IBRD only,IBD,..,..,..,..,..,..,..,..,..,..,..,..,..,..,..,..,..,..,..,..,..,..,..,..,..,..,..,..,..,..,..,..,..,..,..,..,..,..,..,..,..,..,..,..,..,..,..,..,..,..,..,..,..,..,..,..,..,..,..,..,..,..,..,..
"Birth rate, crude (per 1,000 people)",SP.DYN.CBRT.IN,Iceland,ISL,28,25.5,25.8,26,25.3,24.6,24,22.2,21,20.7,19.7,20.8,22.4,21.7,19.9,20.1,19.5,18,18.6,19.8,19.8,18.8,18.5,18.4,17.2,16,16.4,16.6,18.7,18,18.7,17.6,17.7,17.5,16.7,16,16.1,15.3,15.2,14.8,15.3,14.4,14.1,14.3,14.5,14.4,14.5,14.6,15.2,15.8,15.4,14.1,14.1,13.4,13.4,12.5,12,11.9,12,12.3,12.3,13.1,11.5,..
"Birth rate, crude (per 1,000 people)",SP.DYN.CBRT.IN,IDA & IBRD total,IBT,35.13559421,34.1886994,39.45986723,40.97869604,39.46406324,38.77797826,37.66302271,37.17068742,37.39914107,36.75842332,36.40998883,35.52960081,35.12835706,34.44250192,33.38420127,32.64586362,31.65099915,31.16851841,30.86975268,30.68957638,30.73799484,31.3680434,31.60611954,30.90270916,30.61431305,30.5977622,30.75359933,30.60199996,29.94595581,29.31301636,28.72344376,28.04366502,27.27306871,26.83092752,26.41654751,25.94579034,25.56028191,25.14393201,24.62466864,24.11215934,23.79816736,23.51038325,23.15944906,22.81457719,22.61190952,22.41560476,22.16701161,22.09895633,22.02082983,21.85175654,21.68210592,21.83362489,21.96617789,21.41248631,21.29256401,20.67232593,20.75637204,20.24203327,19.65543842,19.26177208,18.61860379,18.26648666,17.95888801,..
"Birth rate, crude (per 1,000 people)",SP.DYN.CBRT.IN,IDA blend,IDB,..,..,..,..,..,..,..,..,..,..,..,..,..,..,..,..,..,..,..,..,..,..,..,..,..,..,..,..,..,..,..,..,..,..,..,..,..,..,..,..,..,..,..,..,..,..,..,..,..,..,..,..,..,..,..,..,..,..,..,..,..,..,..,..
"Birth rate, crude (per 1,000 people)",SP.DYN.CBRT.IN,IDA only,IDX,..,..,..,..,..,..,..,..,..,..,..,..,..,..,..,..,..,..,..,..,..,..,..,..,..,..,..,..,..,..,..,..,..,..,..,..,..,..,..,..,..,..,..,..,..,..,..,..,..,..,..,..,..,..,..,..,..,..,..,..,..,..,..,..
"Birth rate, crude (per 1,000 people)",SP.DYN.CBRT.IN,IDA total,IDA,..,..,..,..,..,..,..,..,..,..,..,..,..,..,..,..,..,..,..,..,..,..,..,..,..,..,..,..,..,..,..,..,..,..,..,..,..,..,..,..,..,..,..,..,..,..,..,..,..,..,..,..,..,..,..,..,..,..,..,..,..,..,..,..
"Birth rate, crude (per 1,000 people)",SP.DYN.CBRT.IN,India,IND,42.506,42.294,42.101,41.907,41.721,41.346,40.918,40.592,40.207,39.792,39.533,39.43,39.173,38.962,38.629,37.937,37.665,36.89,36.383,36.252,36.214,36.024,35.605,35.3,35.094,34.602,34.483,33.681,33.166,32.549,31.816,31.423,30.914,30.285,29.841,29.361,28.786,28.274,27.784,27.26,27.001,26.728,26.082,25.375,24.728,23.94,23.22,22.713,22.276,21.934,21.438,20.945,20.421,19.935,19.049,18.765,18.514,17.911,17.651,17.049,16.572,16.419,16.267,..
"Birth rate, crude (per 1,000 people)",SP.DYN.CBRT.IN,Indonesia,IDN,44.461,44.388,44.213,43.949,43.626,43.286,42.712,42.023,41.264,40.631,39.899,39.104,38.417,37.858,36.953,36.456,35.781,35.177,34.749,34.224,33.617,32.95,32.446,31.591,30.719,29.178,28.007,27.445,26.971,26.306,25.515,25.367,24.63,24.263,24.014,23.791,23.648,23.441,22.826,22.193,21.86,21.548,21.174,20.874,20.701,20.735,20.784,20.954,20.702,20.383,20.158,20.345,20.093,19.417,18.954,18.448,18.017,17.519,17.179,16.91,16.649,16.425,16.196,..
"Birth rate, crude (per 1,000 people)",SP.DYN.CBRT.IN,"Iran, Islamic Rep.",IRN,49.046,47.959,47.354,46.611,45.916,45.481,45.123,44.939,44.506,44.164,43.24,42.365,41.134,40.635,40.632,40.796,41.815,42.262,43.061,44.21,44.357,44.063,44.393,43.871,43.119,41.792,40.046,37.926,35.961,34.106,32.46,30.928,28.549,26.089,22.778,20.448,18.593,17.338,16.802,16.56,16.39,16.276,16.069,15.958,16.068,16.199,16.489,16.897,17.264,17.548,17.755,18.164,18.926,19.445,19.824,19.428,19.017,18.608,17.231,15.118,14.231,13.699,13.242,..
"Birth rate, crude (per 1,000 people)",SP.DYN.CBRT.IN,Iraq,IRQ,36.335,39.741,47.058,46.884,46.675,46.438,46.211,46.058,46.084,46.192,45.818,45.418,44.83,44.269,43.742,43.04,42.307,41.594,40.978,40.444,40.023,39.767,39.539,39.366,39.506,39.084,38.806,38.539,38.839,39.144,39.409,39.51,39.295,39.142,38.673,38.02,37.447,37.371,37.04,36.701,36.25,35.618,34.96,34.574,34.581,34.006,33.806,33.565,33.477,33.711,34.291,35.09,34.603,33.826,33.083,31.593,30.17,28.923,28.429,28.078,27.732,27.367,27.035,..
"Birth rate, crude (per 1,000 people)",SP.DYN.CBRT.IN,Ireland,IRL,21.5,21.2,21.8,22.2,22.4,22.1,21.5,21.1,20.9,21.5,21.8,22.6,22.6,22.3,22,21.1,20.9,21,21.1,21.5,21.7,20.9,20.3,19.1,18.1,17.6,17.4,16.5,15.5,14.8,15.1,14.9,14.4,13.8,13.4,13.5,13.9,14.4,14.5,14.4,14.4,15,15.4,15.4,15.2,14.8,15.3,16.2,16.7,16.7,16.5,16.2,15.6,14.9,14.4,13.9,13.4,12.9,12.5,12,11.2,12,11.2,..
"Birth rate, crude (per 1,000 people)",SP.DYN.CBRT.IN,Isle of Man,IMN,14.959,14.034,13.378,13.551,13.613,13.54,13.264,13.017,12.933,12.88,16.272,16.361,16.436,15.113,13.637,12.218,12.049,11.931,11.903,11.952,11.937,12.007,11.949,11.907,11.863,11.864,11.893,12.131,12.386,12.671,12.932,13.047,12.455,12.463,12.97,12.403,11.613,12.244,12.827,12.109,11.33,11.755,12.071,11.344,11.148,11.541,11.655,11.801,12.449,13.068,12.826,11.452,10.908,10.603,9.831,9.586,9.359,9.25,8.94,8.888,8.605,8.529,8.584,..
"Birth rate, crude (per 1,000 people)",SP.DYN.CBRT.IN,Israel,ISR,26.9,25.1,24.9,25,25.7,25.8,25.5,23.7,24.9,25.6,26.1,28,27.2,27,27.5,27.6,27.9,26.3,25,24.7,24.3,23.6,24,24,23.7,23.5,23.1,22.7,22.6,22.3,22.2,21.4,21.5,21.3,21.2,21.1,21.3,21.4,21.9,21.5,21.7,21.2,21.2,21.7,21.3,20.8,21,21.1,21.5,21.5,21.8,21.4,21.6,21.3,21.5,21.3,21.2,21.1,20.8,20.1,19.2,19.7,19,..
"Birth rate, crude (per 1,000 people)",SP.DYN.CBRT.IN,Italy,ITA,18.1,18.4,18.4,18.7,19.7,19,18.7,17.9,17.7,17.4,16.7,16.8,16.3,16,15.8,14.9,14,13.2,12.6,11.9,11.3,11,10.9,10.6,10.4,10.2,9.8,9.7,10.1,9.9,10,9.9,10,9.7,9.4,9.2,9.3,9.4,9.4,9.4,9.5,9.4,9.4,9.5,9.8,9.6,9.6,9.7,9.8,9.6,9.5,9.2,9,8.5,8.3,8,7.8,7.6,7.3,7,6.8,6.8,6.7,..
"Birth rate, crude (per 1,000 people)",SP.DYN.CBRT.IN,Jamaica,JAM,40.333,38.587,37.316,37.394,37.815,37.644,37.559,37.138,36.563,35.922,35.252,34.625,33.838,32.827,31.853,30.962,29.931,29.985,29.702,29.535,29.544,29.41,29.221,29.065,28.814,28.496,28.054,27.62,27.097,26.599,25.322,25.695,26.012,25.951,25.606,24.994,23.205,22.992,22.412,21.139,19.12,18.808,18.609,18.519,18.534,18.016,18.075,16.673,16.548,16.354,15.329,15.264,15.037,14.54,13.96,14.123,13.47,12.748,12.22,11.994,11.813,11.712,11.531,..
"Birth rate, crude (per 1,000 people)",SP.DYN.CBRT.IN,Japan,JPN,17.2,16.9,17,17.3,17.7,18.6,13.7,19.4,18.6,18.5,18.8,19.2,19.3,19.4,18.6,17.1,16.3,15.5,14.9,14.2,13.6,13,12.8,12.7,12.5,11.9,11.4,11.1,10.8,10.2,10,9.9,9.8,9.6,10,9.6,9.7,9.5,9.6,9.4,9.5,9.3,9.2,8.9,8.8,8.4,8.7,8.6,8.7,8.5,8.5,8.3,8.2,8.2,8,8,7.8,7.6,7.4,7,6.8,6.6,6.3,..
"Birth rate, crude (per 1,000 people)",SP.DYN.CBRT.IN,Jordan,JOR,50.566,51.033,51.217,51.307,51.231,51.318,50.803,50.308,49.847,48.886,48.443,48.184,47.806,47.285,46.787,46.445,45.877,45.418,44.543,44.03,43.577,42.865,42.181,41.685,41.023,40.509,40.094,39.329,38.654,37.915,36.921,36.572,36.184,35.883,35.439,34.843,33.971,32.784,31.479,30.551,29.659,29.153,29.024,29.068,28.785,28.605,28.729,29.085,29.399,29.044,28.605,27.84,27.018,26.207,25.398,24.441,23.708,23.377,22.999,22.6,22.265,21.95,21.616,..
"Birth rate, crude (per 1,000 people)",SP.DYN.CBRT.IN,Kazakhstan,KAZ,38.158,37.109,35.432,33.734,31.603,29.823,28.386,27.11,25.648,24.719,24.842,25.114,25.485,25.317,25.194,25.119,25.101,25.122,24.919,24,23.9,24.4,24.4,24.5,25.5,25.1,25.6,25.7,24.8,23,22.18,21.53,20.54,19.26,18.93,17.46,16.25,15.15,14.75,14.57,14.92,14.91,15.29,16.63,18.19,18.42,19.71,20.79,22.75,22.14,22.53,22.51,22.7,22.73,23.1,22.71,22.52,21.64,21.77,21.73,22.76,23.5,20.57,..
"Birth rate, crude (per 1,000 people)",SP.DYN.CBRT.IN,Kenya,KEN,55.169,55.45,55.581,55.453,55.229,55.294,54.922,54.369,53.842,53.367,52.749,52.41,51.735,51.018,50.436,50.031,49.778,49.425,49.188,48.95,48.569,48.52,48.081,47.532,47.317,46.886,46.62,46.191,45.389,44.538,43.522,42.541,41.712,41.064,40.599,40.428,40.22,40.075,40.242,39.987,39.934,39.983,39.594,39.045,38.732,38.502,38.29,38.098,37.546,36.563,35.422,34.24,33.174,32.127,31.298,30.957,30.401,29.755,29.18,28.46,27.998,27.685,27.54,..
"Birth rate, crude (per 1,000 people)",SP.DYN.CBRT.IN,Kiribati,KIR,43.841,44.099,43.541,42.993,42.465,42.173,41.895,40.585,39.191,37.777,36.768,35.791,35.143,34.691,34.582,34.509,34.553,34.928,35.317,35.751,36.261,36.75,37.214,37.467,37.752,38.093,38.02,37.776,37.42,37.061,36.577,36.276,35.559,34.784,34.216,33.658,33.519,32.878,32.239,31.46,30.702,29.87,29.025,28.272,28.583,28.821,29.26,29.88,30.398,30.578,30.783,30.995,30.544,30.075,29.547,29.188,28.86,28.616,28.46,28.064,27.645,27.207,26.723,..
"Birth rate, crude (per 1,000 people)",SP.DYN.CBRT.IN,"Korea, Dem. People's Rep.",PRK,35.194,32.654,34.269,36.33,35.561,35.481,36.62,39.24,36.953,36.044,35.036,33.127,33.352,27.959,25.408,23.908,21.641,20.637,20.449,20.664,20.622,20.781,20.536,20.371,20.364,20.425,20.495,20.216,20.255,20.116,20.515,20.833,20.834,20.804,20.661,20.475,20.004,19.188,18.718,18.138,17.44,16.964,16.067,15.283,15.051,14.534,14.207,13.971,13.983,13.723,12.706,12.728,12.957,13.192,13.45,13.536,13.525,13.514,13.488,13.487,13.333,13.24,13.058,..
"Birth rate, crude (per 1,000 people)",SP.DYN.CBRT.IN,"Korea, Rep.",KOR,41.93,40.983,39.657,38.083,36.448,34.947,33.429,32.015,30.454,30.361,31.2,31.2,28.4,28.3,26.6,24.8,22.2,22.7,20.3,23,22.6,22.4,21.6,19.3,16.7,16.1,15.4,15,15.1,15.1,15.2,16.4,16.7,16,16,15.7,15,14.5,13.7,13.2,13.5,11.7,10.3,10.2,9.8,9,9.2,10.1,9.4,9,9.4,9.4,9.6,8.6,8.6,8.6,7.9,7,6.4,5.9,5.3,5.1,4.9,..
"Birth rate, crude (per 1,000 people)",SP.DYN.CBRT.IN,Kosovo,XKX,41.129,40.947,40.708,40.43,39.515,38.466,37.501,37.772,37.705,38.419,36.677,37.803,37.631,36.447,36.686,35.413,35.508,33.764,32.263,31.204,33.82,31.247,33.241,32.871,32.649,30.841,30.03,27.325,29.114,27.29,27.647,26.355,22.173,21.327,20.639,20.894,21.125,21.049,21.392,19.096,17.329,17.249,16.858,15.749,17.781,19.488,18.679,18.673,19.859,19.988,19.855,16.312,16.399,17.061,14.95,13.614,12.848,12.615,12.094,11.443,11.181,11.143,11.068,..
"Birth rate, crude (per 1,000 people)",SP.DYN.CBRT.IN,Kuwait,KWT,46.948,46.667,46.325,46.52,46.386,46.377,46.17,46.49,46.495,46.094,44.863,43.662,42.531,41.638,40.784,40.223,39.643,38.754,37.733,36.653,35.66,34.464,34.203,33.602,32.617,30.717,29.049,26.827,25.128,23.57,22.158,20.905,20.167,19.856,22.02,24.013,24.202,23.297,22.502,21.884,21.617,21.649,21.712,21.943,22.109,22.085,22.056,21.929,21.7,21.494,21.203,20.949,20.036,19.119,18.234,16.892,14.8,14.386,13.443,12.437,11.797,10.41,9.727,..
"Birth rate, crude (per 1,000 people)",SP.DYN.CBRT.IN,Kyrgyz Republic,KGZ,41.786,41.414,40.729,39.748,38.315,36.999,35.597,34.527,33.656,33.428,33.411,33.389,33.489,32.886,32.273,32.028,31.966,31.959,31.765,31.4,29.6,30.7,31.1,31.3,32,32,32.7,32.7,31.5,30.4,29.1,28.8,28.2,25.7,24.3,25.6,23.2,21.6,21.7,21.5,19.8,19.8,20.2,20.9,21.5,21.3,23.1,23.4,23.9,25.2,26.8,27.1,27.6,27.2,27.7,27.4,26,24.8,27.1,26.9,24,22.4,21.5,..
"Birth rate, crude (per 1,000 people)",SP.DYN.CBRT.IN,Lao PDR,LAO,45.247,45.16,44.995,44.888,44.752,44.71,44.605,44.579,44.513,44.538,44.621,44.544,44.496,44.509,44.563,44.46,44.271,43.992,43.677,43.458,43.327,43.309,43.399,43.49,43.604,43.565,43.45,43.254,43.006,42.78,42.494,42.138,41.515,40.849,39.612,38.349,37.18,36.08,35.019,34.482,32.991,31.902,30.872,30.24,29.873,29.254,29.141,28.848,28.313,27.768,27.042,26.467,25.811,25.245,24.698,24.445,24.131,23.715,23.238,22.786,22.449,21.973,21.46,..
"Birth rate, crude (per 1,000 people)",SP.DYN.CBRT.IN,Late-demographic dividend,LTE,25.78202794,23.69543786,34.9658429,38.51378424,35.5727876,34.46012697,32.47374616,31.78972628,32.58898077,31.52088091,31.0159378,29.26366232,28.69849807,27.45304993,25.43809383,24.23739132,22.24766173,21.56934717,21.10195588,20.75362678,20.95882317,22.55720722,23.33917347,22.01202213,21.67204487,22.19406918,22.94401618,23.31754321,22.44052848,21.66195638,21.07389019,19.98719785,18.82265584,18.43555721,18.02521917,17.44348738,17.14610594,16.71682325,15.99027225,15.17017639,14.71483945,14.22447466,13.8477928,13.51160046,13.4266633,13.42437645,13.18054031,13.2199035,13.29071168,13.15856769,13.09895108,13.91827572,14.722763,13.71531056,14.19832597,13.01679626,13.82830373,13.11662478,11.92936415,11.50482056,10.22581663,9.532067021,8.928682638,..
"Birth rate, crude (per 1,000 people)",SP.DYN.CBRT.IN,Latin America & Caribbean,LCN,42.03134206,41.75142165,41.45059187,41.07115657,40.53638007,39.85408507,39.15931731,38.42133347,37.71828747,37.16163748,36.64979692,36.15559178,35.71397592,35.28914659,34.76730314,34.32171475,33.95247622,33.55785337,33.17598116,32.70776501,32.21899663,31.79121212,31.3533301,30.84958722,30.33116052,29.83678517,29.31842082,28.7753458,28.19336043,27.69148179,27.14899477,26.61460866,26.05004689,25.62332173,25.13385611,24.65876992,24.11452087,23.62206355,23.15669385,22.69721778,22.18754969,21.66385536,21.13361735,20.58971888,20.25961893,19.92446269,19.52647976,19.16445646,18.85326312,18.6336263,18.39161667,18.18729829,17.86484138,17.57885073,17.35036613,17.0714543,16.56828083,16.32383175,16.01091203,15.51869205,15.11676447,14.79386276,14.57737176,..
"Birth rate, crude (per 1,000 people)",SP.DYN.CBRT.IN,Latin America & Caribbean (excluding high income),LAC,42.62736495,42.36927427,42.08567549,41.71908564,41.18679208,40.49462133,39.80500905,39.07176051,38.35926547,37.81193413,37.30800892,36.79848627,36.36307036,35.93685483,35.38414664,34.92878881,34.54462469,34.13668457,33.74564003,33.26265213,32.76161346,32.32077053,31.87591917,31.35073194,30.80455559,30.27334478,29.69857394,29.11867493,28.49664405,27.97381236,27.42008096,26.87557589,26.31028013,25.8888197,25.39923733,24.93175255,24.37554654,23.88147737,23.4149798,22.94787104,22.42265965,21.88052516,21.32520513,20.76438059,20.42528153,20.07301535,19.65406334,19.26653085,18.9318285,18.70729964,18.46457682,18.26358054,17.93361786,17.64441951,17.41622541,17.14009451,16.62503482,16.411491,16.12144212,15.64089396,15.24095798,14.90365965,14.68290653,..
"Birth rate, crude (per 1,000 people)",SP.DYN.CBRT.IN,Latin America & the Caribbean (IDA & IBRD countries),TLA,42.47781485,42.16373574,41.81677111,41.39671653,40.85304202,40.16663207,39.48446139,38.75912548,38.05788104,37.50599068,37.00000342,36.5056799,36.0923273,35.70497369,35.21232906,34.8242875,34.5017304,34.14487188,33.80955721,33.33719599,32.84540158,32.39997044,31.88816403,31.35003739,30.81098829,30.28895832,29.74151004,29.16001671,28.53983217,28.02288024,27.46975688,26.95257949,26.39228278,25.96754088,25.47691134,24.99121725,24.44087154,23.91661413,23.44081111,22.96958997,22.45628982,21.93168608,21.38758918,20.83907071,20.51298885,20.17839923,19.78627099,19.41029738,19.06871825,18.82809389,18.58216203,18.36516381,18.04572436,17.75538893,17.52471848,17.23907141,16.73666498,16.49293898,16.16890148,15.67578461,15.27344449,14.9492931,14.72638409,..
"Birth rate, crude (per 1,000 people)",SP.DYN.CBRT.IN,Latvia,LVA,16.7,16.7,16.1,15.3,14.8,13.8,14,14,14.1,14,14.6,14.8,14.6,14.1,14.3,14.2,14,13.8,13.7,13.8,14.1,14.2,14.8,15.9,15.9,15.4,16.1,16,15.6,14.6,14.2,13.1,12.1,10.4,9.6,8.7,8.1,7.7,7.6,8.1,8.6,8.4,8.7,9.2,9.1,9.8,10.3,10.9,11.2,10.3,9.4,9.1,9.8,10.2,10.9,11.1,11.2,10.7,10,9.8,9.2,9.2,8.5,..
"Birth rate, crude (per 1,000 people)",SP.DYN.CBRT.IN,Least developed countries: UN classification,LDC,47.87019642,47.88131597,47.85456281,47.70351781,47.59212781,47.45914521,47.35136678,47.32302424,47.25088447,47.20712596,47.17742447,47.1876636,47.07358032,46.75603346,46.54223648,46.34534988,46.25817364,46.16001056,46.12420725,46.23234795,46.17550006,46.003356,45.83076082,45.52477411,45.25718973,44.90679518,44.4213532,43.99396386,43.45830074,43.08066247,42.62935446,42.11871136,41.65942739,41.31085225,40.95196852,40.6250569,40.20078971,39.86457326,39.38206495,39.07951391,38.71683753,38.38996305,38.0487827,37.6481299,37.25746085,36.82992936,36.48954343,36.13205048,35.66777666,35.28314991,34.87679029,34.4454032,34.03823032,33.717845,33.40540704,33.10541165,32.81812447,32.47183246,32.22758955,32.00377673,31.6920518,31.3918195,31.02519974,..
"Birth rate, crude (per 1,000 people)",SP.DYN.CBRT.IN,Lebanon,LBN,38.836,38.349,37.865,37.374,36.667,35.897,35.243,34.657,34.11,33.678,33.318,32.954,32.756,32.437,32.19,31.924,31.807,31.7,31.524,31.413,31.421,31.474,31.152,30.816,30.447,29.756,29.258,28.836,28.66,28.63,27.844,26.911,25.915,24.881,23.93,23.12,22.667,21.974,21.425,20.96,20.499,20.161,19.712,19.169,18.571,18.034,17.694,17.34,17.143,17.205,17.565,17.866,17.899,17.872,17.89,17.764,17.395,16.904,16.311,15.822,15.332,14.948,14.576,..
"Birth rate, crude (per 1,000 people)",SP.DYN.CBRT.IN,Lesotho,LSO,44.643,44.379,44.069,43.742,43.316,43.161,42.862,42.544,41.898,41.29,40.768,40.639,40.349,40.16,40.387,40.728,40.922,40.864,40.376,39.991,39.491,39.001,38.495,38.089,37.577,36.994,36.654,36.677,36.085,35.255,34.392,33.815,33.105,32.183,31.4,31.098,30.972,30.755,29.981,29.351,28.987,29.185,29.501,29.611,28.986,28.778,29.075,29.699,29.42,28.916,28.477,29.093,29.054,29.19,28.663,28.305,28.157,27.723,27.262,26.839,26.378,26.107,25.778,..
"Birth rate, crude (per 1,000 people)",SP.DYN.CBRT.IN,Liberia,LBR,48.044,48.378,48.696,48.924,49.024,49.084,49.014,49.031,48.964,49.063,48.48,48.036,48.2,48.387,48.467,48.621,48.653,48.685,48.583,48.498,48.044,47.486,46.899,46.453,45.884,45.744,45.479,44.988,44.723,44.461,44.441,44.629,44.527,44.597,44.565,44.661,44.587,44.386,44.27,44.068,43.606,43.041,42.318,41.746,41.457,41.482,41.332,40.863,39.876,38.94,38.074,37.395,37.307,36.138,35.075,34.215,33.713,33.151,32.706,32.181,31.708,31.287,30.996,..
"Birth rate, crude (per 1,000 people)",SP.DYN.CBRT.IN,Libya,LBY,50.463,50.733,51.125,51.691,51.962,51.922,51.194,49.918,48.643,47.503,46.404,45.479,44.263,43.392,43.349,42.581,41.89,41.254,40.698,40.142,38.545,37.128,36.338,35.551,34.792,34.357,33.681,32.852,31.851,30.695,29.479,28.253,27.111,25.933,24.944,24.148,23.478,22.813,22.188,21.649,21.195,22.611,22.811,23.052,23.338,23.648,23.771,23.623,23.391,23.126,23.562,23.885,21.953,21.886,21.908,21.214,20.576,19.898,19.282,18.732,18.302,17.828,17.298,..
"Birth rate, crude (per 1,000 people)",SP.DYN.CBRT.IN,Liechtenstein,LIE,23.1,21.3,20.6,22,20.6,20.6,18.9,20.4,20.7,19.9,20,16.2,16.2,17.7,13.9,12.8,14.4,12.6,12.5,14.5,15.4,14.4,14.6,13.2,15.2,13.9,12.9,13.2,14.9,13.2,13.2,14.2,12.7,13.8,11.7,13.8,13.1,13.9,12.6,12.4,12.9,12.1,11.7,10.2,10.8,11,10.3,10,9.9,11.4,9.1,10.9,9.7,9.2,10,8.7,10,8.9,9.9,9.2,9.1,9.6,9.2,..
"Birth rate, crude (per 1,000 people)",SP.DYN.CBRT.IN,Lithuania,LTU,22.5,22.2,20.9,19.7,19,18.1,18,17.7,17.6,17.5,17.7,17.6,17,16,15.9,15.7,15.7,15.5,15.3,15.3,15.2,15.2,15.4,16.5,16.4,16.5,16.7,16.4,15.5,15.1,15.4,15.1,14.7,12.9,11.6,11.4,10.8,10.6,10.4,10.3,9.8,9,8.6,8.8,8.8,8.9,9.1,9.3,9.9,10.2,9.9,10,10.2,10.1,10.4,10.8,10.7,10.1,10,9.8,9,8.3,7.8,..
"Birth rate, crude (per 1,000 people)",SP.DYN.CBRT.IN,Low & middle income,LMY,36.1854573,35.25286304,41.09366638,42.84111291,41.28700469,40.60493061,39.42975649,38.82614325,39.04899769,38.35202394,37.95002509,36.94928182,36.48745496,35.68721789,34.47960143,33.65607702,32.5515055,32.01658198,31.6853617,31.50587743,31.55010305,32.22332241,32.45376718,31.66493957,31.37585128,31.36882237,31.5100754,31.34968173,30.69880709,30.08227991,29.52078153,28.84973645,28.08746454,27.66119241,27.21531301,26.73173144,26.32709372,25.89136484,25.33435514,24.8018345,24.44580671,24.12746458,23.73003457,23.34398698,23.1144139,22.90090646,22.62690133,22.51932212,22.40727796,22.21910495,22.03277808,22.19461524,22.31235255,21.74374314,21.61248672,20.96954667,21.06176714,20.55683175,19.96674267,19.57950238,18.92113781,18.55983308,18.2580239,..
"Birth rate, crude (per 1,000 people)",SP.DYN.CBRT.IN,Low income,LIC,47.39902961,47.19445796,47.40122488,47.61815078,47.6141724,47.66226457,47.84672166,48.15896304,48.00781049,47.99863314,47.91380864,47.76763491,47.72493671,47.08861264,46.81088634,46.68627628,46.49198059,46.44208122,46.44347701,46.56834293,46.52191937,46.41612608,46.27975549,46.31718558,46.35683523,46.39022958,46.30623429,46.16459414,45.93860911,45.675729,45.48020516,45.30862059,45.07553067,44.90383559,44.54487016,44.51137688,44.12919996,43.62880018,43.13543358,42.87065171,42.4642507,42.15966393,41.78934711,41.3673985,41.00695532,40.66549442,40.40573842,40.10042198,39.68990583,39.30442669,38.88366368,38.436963,37.96786229,37.47128109,37.00895953,36.61682922,36.22284788,35.86594565,35.55981241,35.31485204,34.98800284,34.65904389,34.25071335,..
"Birth rate, crude (per 1,000 people)",SP.DYN.CBRT.IN,Lower middle income,LMC,44.32150106,43.9298499,43.9236999,43.67271639,43.37983806,42.97115052,42.52553385,42.19317573,41.86890948,41.52322119,41.31337576,41.22412667,41.02616222,40.79628471,40.48005632,40.01702417,39.79847937,39.34458192,39.0693676,38.97382005,38.87519008,38.73349729,38.43658751,38.11325677,37.77573516,37.26172191,36.92723882,36.25780549,35.68596869,35.11198342,34.48508011,34.0125552,33.47078692,32.81431685,32.31070881,31.77121323,31.17278987,30.68865891,30.23117959,29.82057625,29.55489842,29.32247902,28.8877324,28.357998,27.88001744,27.31761399,26.82898984,26.5403843,26.23398423,25.96010466,25.60325014,25.20913897,24.8522505,24.53287317,23.93923451,23.62208702,23.26684144,22.78666527,22.52937211,22.09693165,21.7198573,21.51160305,21.29486213,..
"Birth rate, crude (per 1,000 people)",SP.DYN.CBRT.IN,Luxembourg,LUX,16,16.1,16,15.8,16,16,15.6,14.8,14,13.3,13,13,11.8,10.8,11.1,11.1,10.9,11.2,11.2,11.2,11.4,12.1,11.8,11.4,11.5,11.2,11.7,11.4,12.3,12.4,12.9,12.9,13.1,13.5,13.5,13.3,13.7,13.1,12.7,13,13.1,12.4,12,11.7,11.9,11.5,11.7,11.4,11.5,11.3,11.6,10.9,11.3,11.3,10.9,10.7,10.4,10.4,10.3,10,10.2,10.5,9.9,..
"Birth rate, crude (per 1,000 people)",SP.DYN.CBRT.IN,"Macao SAR, China",MAC,31.387,28.893,26.802,25.247,23.189,20.799,18.42,16.086,13.74,11.909,10.658,10.069,10.039,10.214,10.429,10.72,11.025,11.739,12.571,14.082,15.955,17.763,19.794,21.586,22.672,23.436,23.042,22.171,21.167,20.938,20.078,18.81,17.765,16.409,15.299,14.018,12.719,11.466,10.299,9.278,8.364,7.575,7.119,6.96,6.957,7.223,7.581,8.027,8.383,8.876,9.561,10.475,11.319,11.553,11.883,11.634,11.423,10.877,10.621,10.295,10.128,10.114,10.044,..
"Birth rate, crude (per 1,000 people)",SP.DYN.CBRT.IN,Madagascar,MDG,47.344,47.025,46.736,46.486,46.338,46.143,46.376,46.575,46.872,47.197,47.646,48.417,48.315,47.93,47.53,47.158,46.892,46.679,46.418,46.02,45.412,44.77,44.539,44.203,44.075,44.026,43.762,44.112,44.166,44.233,44.467,44.397,44.319,44.329,44.292,44.184,43.769,43.181,42.305,41.475,40.417,39.813,39.09,38.666,38.275,38.015,37.757,37.44,37.05,36.743,36.041,35.063,34.271,33.699,33.079,32.765,32.759,32.477,32.088,31.701,31.343,30.949,30.595,..
"Birth rate, crude (per 1,000 people)",SP.DYN.CBRT.IN,Malawi,MWI,53.288,53.703,54.016,54.307,54.064,54.05,54.161,54.298,54.342,54.082,53.851,53.619,53.467,53.219,52.984,52.867,52.793,52.747,52.62,52.51,52.641,52.277,51.911,51.312,50.664,50.348,49.911,49.489,48.879,48.266,47.778,47.483,47.232,46.908,46.622,46.324,46.003,46.062,46.188,45.987,45.366,45.192,45.084,45.066,44.961,44.893,44.373,43.609,42.685,41.811,40.825,39.89,38.794,37.85,36.791,35.767,34.824,34.343,33.925,33.598,33.233,32.859,32.611,..
"Birth rate, crude (per 1,000 people)",SP.DYN.CBRT.IN,Malaysia,MYS,42.818,42.065,41.222,40.232,38.954,37.647,36.323,35.037,34.414,33.931,33.561,33.11,32.769,33.021,32.63,32.238,31.851,31.559,31.271,31.095,31.088,31.132,31.116,31.039,30.876,30.435,29.996,29.3,28.772,27.957,27.894,27.942,27.926,27.731,27.482,27.057,26.583,25.87,24.935,24.118,23.047,21.523,20.091,19.339,18.4,17.722,17.308,17.077,17.36,17.348,17.002,17.261,17.209,17.225,17.313,17.101,16.685,16.355,15.978,15.58,15.417,15.24,15.016,..
"Birth rate, crude (per 1,000 people)",SP.DYN.CBRT.IN,Maldives,MDV,51.927,52.044,52.185,51.969,51.591,51.021,50.295,49.687,49.113,48.661,48.302,47.72,47.219,47.385,47.223,46.784,46.748,46.799,46.798,46.7,46.636,46.606,46.915,47.311,47.448,47.495,46.813,45.796,44.562,43.043,41.294,39.144,36.998,34.903,32.731,30.575,28.24,25.971,24.013,22.103,20.539,19.464,18.952,18.791,18.861,18.989,19.584,20.554,21.371,21.644,21.165,20.527,19.865,18.895,18.044,17.465,16.794,16.126,15.531,15.001,14.576,14.088,13.638,..
"Birth rate, crude (per 1,000 people)",SP.DYN.CBRT.IN,Mali,MLI,50.498,50.449,50.42,50.372,50.355,50.491,50.566,50.634,50.654,50.439,50.358,50.386,50.347,50.423,50.402,50.454,50.408,50.422,50.376,50.495,50.338,50.133,49.615,49.148,48.877,48.506,48.314,47.835,47.691,47.238,46.651,46.973,46.702,46.423,46.379,45.686,45.667,45.929,46.23,46.959,47.112,47.331,47.491,47.61,47.895,47.996,47.614,47.281,46.983,46.813,46.588,46.234,45.918,45.271,44.794,44.342,43.818,43.378,42.901,42.376,41.995,41.643,41.217,..
"Birth rate, crude (per 1,000 people)",SP.DYN.CBRT.IN,Malta,MLT,26.2,23.6,23.2,20.7,19.9,17.7,16.9,17,16.7,16.7,17.6,18.4,17.8,17.4,18,18.8,18.6,18.9,18.2,18.6,17.7,16.6,18.1,17.1,16.9,16.1,15.3,15.4,15.9,15.9,15.2,14.6,14.9,13.9,12.9,12.2,13.3,12.7,12.1,11.4,11.3,10.1,9.9,10.2,9.7,9.6,9.3,9.3,9.8,9.8,9.4,10,9.8,9.5,9.6,9.7,9.8,9.2,9.2,8.6,8.6,8.5,8.1,..
"Birth rate, crude (per 1,000 people)",SP.DYN.CBRT.IN,Marshall Islands,MHL,46.838,46.76,46.771,46.919,47.182,47.52,47.839,48.065,47.885,47.211,46.694,46.873,47.658,48.533,49.634,50.192,50.582,50.75,50.782,50.621,50.311,50.02,49.659,49.255,48.734,48.097,47.329,46.409,45.004,43.537,42.246,41.165,40.12,39.317,38.613,37.792,36.973,36.21,35.696,35.291,34.976,34.796,34.563,34.463,34.375,34.197,33.883,33.323,32.48,31.481,30.129,28.631,27.379,26.187,25.006,23.947,23.016,22.268,21.514,20.744,20.006,19.28,18.524,..
"Birth rate, crude (per 1,000 people)",SP.DYN.CBRT.IN,Mauritania,MRT,46.34,46.571,46.604,46.718,46.763,46.918,46.96,46.843,46.522,46.263,45.957,45.64,45.451,45.25,45.102,44.905,44.718,44.562,44.325,43.847,43.751,43.709,43.308,42.911,42.453,41.936,41.369,40.975,40.7,40.748,40.607,40.62,40.643,41.452,40.936,40.733,39.643,39.005,38.44,38.236,37.792,37.502,36.996,36.715,36.776,36.923,37.1,37.064,37.247,36.947,36.772,36.712,36.398,35.834,35.527,35.18,34.832,34.425,34.183,33.723,33.427,33.194,32.953,..
"Birth rate, crude (per 1,000 people)",SP.DYN.CBRT.IN,Mauritius,MUS,40.432,39.7,38.8,40.4,38.9,36,36,31,31.6,27.7,27.5,26.1,25.3,23,27.3,25.3,25.8,26,27.1,27.5,27.2,25.5,22.6,21,20.1,19,18.6,19.3,20.1,20.8,21.3,20.7,21.1,20.3,19.6,18.3,18.3,17.4,16.7,17.3,17,16.5,16.6,15.9,15.7,15.3,14.3,13.7,13.2,12.3,12,11.7,11.5,10.9,10.6,10.1,10.4,10.7,10.2,10.2,10.6,10.3,9.6,..
"Birth rate, crude (per 1,000 people)",SP.DYN.CBRT.IN,Mexico,MEX,46.953,46.775,46.728,46.625,46.509,46.198,45.834,45.381,44.996,44.532,43.906,43.261,42.757,42.141,41.352,40.331,39.495,38.565,37.891,36.586,35.452,34.698,33.952,33.242,32.807,32.445,31.944,31.04,30.216,29.77,29.297,28.943,28.589,28.144,27.54,26.87,26.225,25.511,24.925,24.618,24.158,23.717,23.256,22.802,22.351,21.9,21.459,21.082,20.749,20.442,20.152,19.917,19.635,19.326,18.711,17.968,17.42,16.947,16.465,15.71,15.565,14.857,14.636,..
"Birth rate, crude (per 1,000 people)",SP.DYN.CBRT.IN,"Micronesia, Fed. Sts.",FSM,43.905,43.7,43.488,43.361,43.173,42.865,42.86,42.84,42.823,42.796,42.954,42.84,42.33,41.785,41.283,40.781,40.767,40.753,40.745,40.504,39.97,39.618,39.196,38.651,38.034,37.314,36.575,35.939,35.382,34.694,34.149,33.747,33.427,33.046,32.525,32.167,32.385,32.386,32.257,31.867,31.423,30.357,29.213,28.327,27.647,26.962,26.139,25.431,24.819,24.284,23.696,23.405,22.975,22.652,22.266,21.855,21.714,21.451,21.2,21.059,20.837,20.777,20.684,..
"Birth rate, crude (per 1,000 people)",SP.DYN.CBRT.IN,Middle East & North Africa,MEA,47.41763384,47.12492493,47.2887455,46.83274677,46.41152333,45.94938172,45.60704351,45.2040558,44.79872288,44.44212059,43.97233794,43.55848701,43.02568601,42.56261852,42.3719358,42.27591399,42.22282066,41.99421337,41.85201294,41.90714528,41.61148967,41.14750018,40.92456175,40.44152363,39.75426613,38.95330951,37.92822605,36.77309848,35.62787007,34.41712636,33.41329101,32.47908617,31.53643109,30.3787898,29.07284211,27.83429648,26.7376463,26.01179522,25.52388573,25.12547875,24.81944477,24.58489517,24.31442928,24.22576831,24.10527278,24.04429331,24.08491985,24.25341347,24.32784589,24.38656065,24.65422738,24.80390066,24.94731789,24.90208684,24.65480516,24.12361131,23.14135774,22.65029717,21.99521435,21.16929661,20.70145537,20.25085189,19.78245792,..
"Birth rate, crude (per 1,000 people)",SP.DYN.CBRT.IN,Middle East & North Africa (excluding high income),MNA,47.81352446,47.55789934,47.75399854,47.28010691,46.82501222,46.34710213,45.99540183,45.61491257,45.16148219,44.7787665,44.28370575,43.81812203,43.28605957,42.8207355,42.62451844,42.5305515,42.5123407,42.34193763,42.2583224,42.36236712,42.08861482,41.63966145,41.41281308,40.92548206,40.22781418,39.42096504,38.38115833,37.21786307,36.04623799,34.81004432,33.76798225,32.83793295,31.8929218,30.70229304,29.31254495,28.01378353,26.84005038,26.09082691,25.58938996,25.19927258,24.88917909,24.69600216,24.46072963,24.42346347,24.37445977,24.39422218,24.46927941,24.68901719,24.83277015,24.9517722,25.27313556,25.49198652,25.71857592,25.75692264,25.55467798,25.05540147,24.03038763,23.4943681,22.77734612,21.87911112,21.3698456,20.91395172,20.48252342,..
"Birth rate, crude (per 1,000 people)",SP.DYN.CBRT.IN,Middle East & North Africa (IDA & IBRD countries),TMN,47.81352446,47.55789934,47.75399854,47.28010691,46.82501222,46.34710213,45.99540183,45.61491257,45.16148219,44.7787665,44.28370575,43.81812203,43.28605957,42.8207355,42.62451844,42.5305515,42.5123407,42.34193763,42.2583224,42.36236712,42.08861482,41.63966145,41.41281308,40.92548206,40.22781418,39.42096504,38.38115833,37.21786307,36.04623799,34.81004432,33.66996951,32.73309596,31.78067559,30.57976341,29.1772904,27.86619693,26.68072035,25.92349415,25.42209077,25.03416345,24.72504562,24.53610423,24.30336399,24.27291922,24.23000663,24.25777711,24.33934795,24.56966985,24.73984874,24.85990803,25.18065097,25.40511529,25.63910634,25.68165836,25.47729514,24.96919723,23.94126139,23.40967036,22.69344782,21.7918042,21.28356895,20.82814305,20.39742758,..
"Birth rate, crude (per 1,000 people)",SP.DYN.CBRT.IN,Middle income,MIC,35.41072203,34.41950285,40.65164889,42.5066376,40.84390848,40.11024803,38.83966199,38.17088121,38.41879181,37.67242692,37.24707708,36.18479052,35.69182517,34.87782822,33.60093025,32.72373547,31.54920866,30.9747008,30.61234993,30.40294807,30.45232152,31.1842156,31.43902302,30.58340168,30.26322739,30.24654373,30.39885077,30.23086912,29.54107884,28.88952773,28.29283568,27.57441206,26.75587252,26.29036226,25.82033341,25.28310042,24.8576267,24.40919243,23.828236,23.25283131,22.88233238,22.54314657,22.11866054,21.70964417,21.46723177,21.2397575,20.93615118,20.81909375,20.7089986,20.51342734,20.32395138,20.52193056,20.67706324,20.08000636,19.96372273,19.27182946,19.39252131,18.84460755,18.19295433,17.75676674,17.02512256,16.62432296,16.29888616,..
"Birth rate, crude (per 1,000 people)",SP.DYN.CBRT.IN,Moldova,MDA,28.511,27.352,25.442,23.803,21.867,21.183,20.483,19.909,19.49,19.299,19.463,19.748,20.113,20.492,20.786,20.837,20.744,20.661,20.576,20.74,20.857,21.12,21.572,22.486,22.932,22.41,22.556,22.216,20.517,18.458,17.496,16.481,15.986,15.214,14.459,13.41,12.743,13.123,12.46,11.934,11.654,11.508,11.422,11.903,12.558,12.607,12.838,13.207,13.778,14.342,14.265,13.864,13.746,13.59,14.802,14.899,14.761,13.805,13.443,12.894,12.481,12.432,12.148,..
"Birth rate, crude (per 1,000 people)",SP.DYN.CBRT.IN,Monaco,MCO,..,..,..,..,..,..,..,..,..,..,..,..,..,..,..,..,..,..,..,..,..,..,..,..,..,..,..,..,..,..,..,..,..,..,..,..,..,..,..,..,..,..,..,..,25,..,..,..,..,..,..,..,..,..,..,8.1,7.8,..,5.9,..,..,..,..,..
"Birth rate, crude (per 1,000 people)",SP.DYN.CBRT.IN,Mongolia,MNG,44.788,44.839,45.136,44.849,44.497,43.891,43.452,42.613,41.88,41.172,40.785,40.472,40.298,40.168,39.967,39.613,39.209,39.036,38.909,38.583,38.324,38.293,38.424,38.482,38.525,38.348,37.623,37.139,36.376,34.987,33.841,31.901,29.281,26.833,25.329,24.216,22.992,21.847,21.097,20.769,20.419,19.935,19.378,18.675,18.477,18.673,19.841,21.352,22.753,23.613,23.349,24.13,25.297,26.333,26.677,26.352,25.365,24.222,23.836,23.292,22.405,21.413,20.447,..
"Birth rate, crude (per 1,000 people)",SP.DYN.CBRT.IN,Montenegro,MNE,28.05,27.892,27.532,26.826,25.753,24.779,23.718,22.49,21.718,21.288,20.773,20.879,20.835,20.385,19.866,19.43,19.041,18.65,18.215,18.009,18.081,18.059,18.044,17.941,17.523,16.899,16.886,16.748,16.185,15.645,15.402,15.611,15.506,15.166,15.001,15.4,15,14.4,15.1,14.6,15.2,14.6,13.9,13.6,12.8,12,12.3,12.7,13.4,14,12,11.6,12,12,12.1,11.9,12.2,11.9,11.7,11.6,11.4,11.4,11.4,..
"Birth rate, crude (per 1,000 people)",SP.DYN.CBRT.IN,Morocco,MAR,50.975,50.317,50.087,48.847,48.192,47.585,47.009,46.352,45.526,44.8,44.503,44.151,43.807,43.259,42.6,42.262,41.566,40.869,40.169,39.642,39.385,39.086,38.541,37.363,36.064,34.891,33.803,32.446,31.065,29.823,29.227,29.092,28.367,27.209,26.39,25.655,25.115,24.649,24.041,23.176,22.74,22.249,21.984,21.749,21.542,21.398,21.347,21.271,21.23,21.411,21.402,21.507,21.304,21.141,20.617,20.307,19.483,19.298,18.813,18.337,17.889,17.545,17.161,..
"Birth rate, crude (per 1,000 people)",SP.DYN.CBRT.IN,Mozambique,MOZ,47.269,47.483,47.679,47.694,47.557,47.435,47.368,47.258,47.217,47.224,47.057,46.817,46.757,46.813,46.978,47.213,47.487,47.815,48.21,48.631,48.718,48.312,47.833,47.655,47.631,47.387,47.202,47.109,46.89,46.735,46.385,45.967,45.563,45.306,44.944,44.546,44.305,44.441,44.198,43.994,43.734,43.395,43.037,42.899,42.315,41.867,41.422,41.105,41.61,41.921,42.013,41.605,41.079,40.548,39.254,38.797,38.437,38.127,37.753,37.345,36.974,36.598,36.121,..
"Birth rate, crude (per 1,000 people)",SP.DYN.CBRT.IN,Myanmar,MMR,42.21,41.719,41.325,40.856,40.445,40.107,39.573,39.144,38.688,38.231,37.846,37.456,36.989,36.508,35.909,35.479,35.111,34.714,34.314,34.006,33.501,33.061,32.921,32.803,32.33,31.261,30.154,29.089,28.149,27.886,27.478,27.038,26.56,26.108,25.534,24.984,24.583,24.075,23.603,23.198,22.942,22.978,23.012,22.421,21.784,21.25,20.837,20.592,20.151,19.813,19.409,19.104,18.762,18.573,18.404,18.402,18.33,18.129,17.869,17.663,17.363,17.103,16.833,..
"Birth rate, crude (per 1,000 people)",SP.DYN.CBRT.IN,Namibia,NAM,41.765,41.995,42.321,42.601,42.766,42.955,43.115,43.285,43.492,43.638,43.694,43.854,43.947,44.069,44.062,43.901,43.534,42.939,42.335,41.009,40.573,39.734,38.632,38.549,38.52,38.459,38.533,38.718,38.938,39.336,40.556,40.071,39.058,37.827,36.33,34.61,33.069,32.621,32.567,32.272,31.405,30.387,29.68,29.18,29.012,29.009,29.005,29.292,29.73,30.114,30.423,30.776,31.054,30.879,30.716,30.394,30.051,29.503,29.008,28.433,27.876,27.439,26.921,..
"Birth rate, crude (per 1,000 people)",SP.DYN.CBRT.IN,Nauru,NRU,26.251,25.148,25.041,26.305,27.612,28.609,28.972,27.47,26.314,26.158,25.464,24.486,23.648,23.046,22.637,22.519,22.603,22.967,23.805,24.189,24.804,25.277,25.87,25.764,28.109,29.662,30.852,31.686,32.133,32.37,32.239,31.87,31.32,30.688,30.107,29.66,29.454,29.153,28.859,28.8,28.792,28.694,28.404,28.258,28.414,28.894,29.664,30.861,32.061,33.401,34.435,34.913,34.497,33.513,32.608,31.856,31.159,30.375,29.686,29.124,28.364,27.56,26.785,..
"Birth rate, crude (per 1,000 people)",SP.DYN.CBRT.IN,Nepal,NPL,45.054,45.131,45.033,44.816,44.685,44.313,44.036,43.82,43.723,43.282,42.98,42.691,42.177,41.571,41.704,41.576,41.571,41.32,41.225,41.017,40.532,40.355,40.228,40.114,40.016,39.599,39.277,39.017,38.736,38.348,38.114,37.608,37.147,37.147,36.44,35.642,34.457,33.163,32.323,31.391,30.614,29.522,28.487,27.879,27.071,26.033,24.982,24.194,23.552,23,22.589,22.372,22.335,22.247,22.22,22.05,21.764,21.376,21.026,20.868,20.64,20.402,20.165,..
"Birth rate, crude (per 1,000 people)",SP.DYN.CBRT.IN,Netherlands,NLD,20.8,21.3,20.9,20.9,20.7,19.9,19.2,18.9,18.6,19.2,18.3,17.2,16.1,14.5,13.7,13,12.9,12.5,12.6,12.5,12.8,12.5,12,11.8,12.1,12.3,12.7,12.7,12.6,12.7,13.2,13.2,13,12.8,12.7,12.3,12.2,12.3,12.7,12.7,13,12.6,12.5,12.3,11.9,11.5,11.3,11.1,11.2,11.2,11.1,10.8,10.5,10.2,10.4,10.1,10.1,9.9,9.8,9.8,9.7,10.2,9.5,..
"Birth rate, crude (per 1,000 people)",SP.DYN.CBRT.IN,New Caledonia,NCL,34,33.2,32.4,33.1,33.8,34.5,34.95,35.4,35.3,35.1,35,34.8,34.6,33.3,32,31.1,29,28.8,26.4,26.3,26.2,27.7,26.3,25.8,24.8,23.4,24.9,25.7,24.7,23.6,25.6,25.7,24.5,23.5,22.5,21.9,22.3,22.3,21.2,20.6,21.4,19.9,18.9,18.2,17.4,17.4,17.9,17.1,16.5,16.7,16.7,16.2,16.9,16.6,16.3,15.6,15.8,15,15,15.2,14.7,14.5,14.1,..
"Birth rate, crude (per 1,000 people)",SP.DYN.CBRT.IN,New Zealand,NZL,26.5,27.1,26.2,25.5,24.2,22.9,22.5,22.5,22.7,22.3,22.1,22.6,21.8,20.5,19.6,18.3,17.7,17.3,16.3,16.8,16.2,16.2,15.8,15.8,16,15.9,16.3,16.8,17.3,17.5,17.5,17.4,17.28,16.53,15.95,15.77,15.34,15.23,14.51,14.87,14.66,14.36,13.67,13.94,14.2,13.96,14.14,15.15,15.1,14.53,14.68,14,13.87,13.2,12.67,13.23,12.6,12.38,11.84,11.96,11.32,11.48,11.49,..
"Birth rate, crude (per 1,000 people)",SP.DYN.CBRT.IN,Nicaragua,NIC,50.359,49.868,49.339,48.919,48.424,48.091,47.799,47.724,47.602,47.457,47.465,47.4,47.248,46.981,46.614,46.288,45.849,45.328,44.772,44.271,43.652,43.026,42.482,41.68,40.93,40.198,39.41,38.668,38.009,37.147,36.317,35.509,34.593,33.697,32.665,31.708,30.823,29.851,29.047,28.298,27.61,27.002,26.473,26.005,25.576,25.204,24.945,24.716,24.502,24.307,24.105,23.881,23.647,23.385,23.103,22.797,22.459,22.09,21.704,21.305,20.903,20.507,20.018,..
"Birth rate, crude (per 1,000 people)",SP.DYN.CBRT.IN,Niger,NER,58.121,57.903,57.683,57.45,57.192,56.784,56.581,56.322,55.995,55.808,55.718,55.659,55.564,55.579,55.627,55.651,55.645,55.722,56.237,56.68,57.072,57.251,57.081,56.9,57.126,56.895,56.363,56.212,55.618,55.225,55.165,54.816,54.492,54.254,53.953,54.068,53.93,53.659,53.399,52.957,52.659,52.219,51.841,51.456,51.058,50.63,50.096,49.694,49.297,48.882,48.51,47.99,47.398,47.123,46.752,46.558,46.52,46.351,46.127,45.859,45.588,45.293,45.029,..
"Birth rate, crude (per 1,000 people)",SP.DYN.CBRT.IN,Nigeria,NGA,46.107,46.243,46.426,46.421,46.463,46.467,46.514,46.527,46.566,46.598,46.685,46.971,47.099,47.289,47.787,48.079,48.051,48.133,48.223,47.881,47.476,47.069,46.705,46.516,45.824,45.189,44.562,44.115,43.873,44,43.791,43.671,43.655,43.745,43.809,43.744,43.515,43.154,42.87,43.249,43.5,43.563,43.563,43.408,43.151,43.075,42.884,42.721,42.681,42.419,42.094,41.798,41.241,40.603,40.069,39.51,39.128,38.689,38.248,37.849,37.467,37.117,36.611,..
"Birth rate, crude (per 1,000 people)",SP.DYN.CBRT.IN,North America,NAC,23.97148086,23.54426229,22.654773,21.96414032,21.31043823,19.57472673,18.48370583,17.83726109,17.6,17.87180036,18.3062618,17.16174246,15.6287166,14.87676349,14.85782417,14.71614404,14.69721755,15.13871712,15.01900141,15.58034906,15.85110491,15.75119683,15.82174827,15.54127195,15.54113741,15.71182376,15.49216109,15.5720654,15.85186513,16.25050778,16.52984634,16.02028465,15.63067295,15.22078535,14.83116663,14.43124293,14.20188075,13.95289483,14.01422425,13.89543823,14.03697962,13.7759444,13.65582792,13.75568564,13.66551798,13.6752584,13.97494409,14.00458301,13.75342893,13.29238196,12.82156399,12.53088784,12.44029628,12.2498246,12.33921904,12.2292094,12.03865851,11.6479653,11.44663885,11.24527065,10.75552444,10.86519592,10.79019626,..
"Birth rate, crude (per 1,000 people)",SP.DYN.CBRT.IN,North Macedonia,MKD,31.375,30.084,28.964,27.423,26.668,26.016,25.2,24.386,23.69,23.136,22.524,22.15,21.775,21.581,21.534,21.608,21.558,21.441,21.414,21.506,21.62,21.799,21.917,21.46,20.8,20.134,19.475,18.906,18.105,17.386,16.791,16.38,15.307,14.976,15.822,15.076,14.305,14.8,14.6,13.5,14.5,13.3,13.7,13.3,11.5,11,11.1,11.1,11.2,11.5,11.8,11.1,11.4,11.2,11.4,11.1,11.09872665,10.5,10.3,9.6,9.2,10.2,9.9,..
"Birth rate, crude (per 1,000 people)",SP.DYN.CBRT.IN,Northern Mariana Islands,MNP,..,..,..,..,..,..,..,..,..,..,..,..,..,..,..,..,..,..,..,..,..,..,..,..,..,..,..,..,..,..,..,..,..,..,..,..,..,..,..,..,..,..,..,..,..,..,..,..,..,..,..,..,..,..,20.5,..,..,..,..,13.2,..,..,..,..
"Birth rate, crude (per 1,000 people)",SP.DYN.CBRT.IN,Norway,NOR,17.3,17.3,17.1,17.3,17.7,17.8,17.9,17.6,17.6,17.6,16.7,16.8,16.3,15.5,15,14.1,13.3,12.6,12.8,12.7,12.5,12.4,12.5,12.1,12.1,12.3,12.6,12.9,13.7,14,14.4,14.3,14,13.8,13.9,13.8,13.9,13.6,13.2,13.3,13.2,12.6,12.2,12.4,12.4,12.3,12.6,12.4,12.7,12.8,12.6,12.2,12,11.6,11.5,11.3,11.3,10.7,10.4,10.2,9.8,10.4,9.4,..
"Birth rate, crude (per 1,000 people)",SP.DYN.CBRT.IN,Not classified,INX,..,..,..,..,..,..,..,..,..,..,..,..,..,..,..,..,..,..,..,..,..,..,..,..,..,..,..,..,..,..,..,..,..,..,..,..,..,..,..,..,..,..,..,..,..,..,..,..,..,..,..,..,..,..,..,..,..,..,..,..,..,..,..,..
"Birth rate, crude (per 1,000 people)",SP.DYN.CBRT.IN,OECD members,OED,23.47550076,23.36381854,23.05754893,22.92755239,22.80525617,22.13622144,21.09963728,21.26771941,20.89487077,20.76317227,20.6832262,20.40327312,19.62194737,19.16548213,18.92326638,18.37735123,18.0460423,17.86083132,17.57750729,17.63311866,17.49749875,17.1997008,17.06561079,16.73676307,16.50092327,16.38241116,16.13169227,15.9996564,15.98158083,15.87502799,15.89298253,15.65312513,15.39393797,15.07277744,14.8163976,14.46054404,14.33393475,14.11605095,13.97330004,13.79788634,13.79900034,13.50768265,13.24280081,13.16116158,13.09054941,12.96250546,13.09259705,13.1231792,13.08766136,12.81641754,12.67305711,12.4532092,12.36327297,12.12087592,12.1052036,11.95427341,11.81243199,11.50696217,11.22583561,10.9077599,10.56310338,10.52241836,10.25395737,..
"Birth rate, crude (per 1,000 people)",SP.DYN.CBRT.IN,Oman,OMN,53.687,53.455,53.141,52.796,52.419,51.962,51.502,51.032,50.626,50.229,49.935,49.81,49.884,50.137,50.529,51.577,52.246,52.796,53.025,53.239,53.353,53.234,52.807,51.933,50.686,49.338,46.502,43.779,41.261,38.801,36.588,34.59,32.604,30.861,29.266,28.157,27.49,26.836,26.289,25.777,24.787,24.033,23.29,22.726,22.221,21.383,20.712,20.539,21.135,22.278,23.421,22.627,21.943,21.561,21.342,21.316,20.803,20.282,19.816,19.298,18.791,18.419,17.706,..
"Birth rate, crude (per 1,000 people)",SP.DYN.CBRT.IN,Other small states,OSS,33.51311026,33.208837,32.86859917,32.66248267,32.2083851,31.43019228,31.12604124,30.25937192,30.36308954,29.90105123,29.8844948,29.91295497,29.66593422,28.73354867,29.21777779,28.83087478,29.05211269,28.8862685,29.02856246,29.21606157,29.37642319,29.22408813,29.10745021,28.99206413,28.81084683,28.38969882,28.2795418,28.26067808,28.26710597,28.04087384,27.66868525,27.0106865,26.77042372,25.89720024,25.19565342,24.33969503,23.9462672,23.28992909,22.91683128,22.54034175,22.18892429,21.84327645,21.74029741,21.56614423,21.42925886,21.10824915,20.75142263,20.5042432,20.365173,20.06328544,19.58857705,19.25981561,18.99469557,18.59714036,18.35177798,18.03441323,17.77279899,17.34989247,16.94764968,16.60738095,16.33744567,16.10084158,15.5787317,..
"Birth rate, crude (per 1,000 people)",SP.DYN.CBRT.IN,Pacific island small states,PSS,44.66339509,43.85230125,43.70200478,42.9635196,42.10092867,41.27514393,40.57509975,39.64072085,38.98574913,38.42258593,37.76596067,37.1586632,36.38862043,35.87819444,35.6694169,35.91874978,36.12260853,36.22392893,36.4058409,36.46746268,36.38255965,36.24989726,36.0505531,35.80692835,35.53461183,35.10264999,34.48970354,34.13590127,33.69067275,33.26407317,32.83637548,32.44662316,32.07295698,31.6693667,31.28610631,31.03065223,30.72252542,30.20139972,29.77756583,29.44308834,29.15928292,28.9412817,28.68427799,28.53800902,28.32501978,28.11160086,28.18151773,28.08413878,28.01753316,27.86221159,27.71894319,27.56510551,27.48737833,27.36584985,27.21294303,26.89291613,26.50975272,26.0781631,25.74262376,25.44737732,25.10107127,24.79781893,24.48360956,..
"Birth rate, crude (per 1,000 people)",SP.DYN.CBRT.IN,Pakistan,PAK,45.749,45.76,45.647,45.503,45.298,45.091,44.831,44.579,44.201,43.724,43.549,43.445,43.342,43.281,43.115,43.017,42.941,43.027,43.117,43.235,43.539,44.156,44.567,44.669,44.469,44.245,44.29,44.207,44.011,43.684,43.147,42.531,41.829,40.756,40.097,39.211,38.516,37.683,37.079,36.475,35.761,35.342,34.868,34.132,33.513,32.867,32.402,32.589,32.361,32.193,32.109,31.872,31.601,31.181,30.462,29.699,29.306,28.963,28.594,28.276,27.967,27.519,27.233,..
"Birth rate, crude (per 1,000 people)",SP.DYN.CBRT.IN,Palau,PLW,..,..,..,..,..,..,..,..,..,..,..,..,..,..,..,..,..,..,..,..,..,..,..,..,..,..,..,..,..,..,21.6,22.3,23.6,21.7,22.3,23.2,20.2,18.3,15.1,13.2,14.5,15.3,13,15.4,12.6,14,12,13.8,14.5,13.3,11.9,11.8,15.3,13,13.7,13.7,12,12.4,14,11.2,12.1,12.7,8.8,..
"Birth rate, crude (per 1,000 people)",SP.DYN.CBRT.IN,Panama,PAN,41.346,41.451,41.502,41.432,41.024,40.501,40.044,39.404,38.726,38.013,37.279,36.644,35.899,34.952,34.114,33.286,32.469,31.772,31.166,30.763,30.485,30.319,30.127,30.019,29.577,29.066,28.665,28.196,27.779,27.46,27.031,26.23,25.849,25.492,25.172,24.898,24.649,24.392,24.136,23.856,23.538,23.259,22.951,22.688,22.69,22.333,21.968,21.792,21.659,21.399,21.165,21.213,21.129,20.759,20.461,20.111,19.701,19.317,18.814,18.228,17.919,17.692,17.4,..
"Birth rate, crude (per 1,000 people)",SP.DYN.CBRT.IN,Papua New Guinea,PNG,44.713,44.433,44.494,44.297,44.308,44.238,44.285,44.145,44.058,43.921,43.652,43.283,42.829,42.035,41.235,40.487,39.862,39.242,38.599,37.973,37.493,37.261,37.171,37.294,37.293,37.279,37.226,37.161,37.078,36.956,36.718,36.275,35.966,35.779,35.433,35.04,34.881,34.737,34.586,34.443,34.152,33.91,33.673,33.386,32.9,32.507,32.066,31.606,31.235,30.771,30.445,30.028,29.555,29.122,28.687,28.178,27.703,27.216,26.834,26.37,25.996,25.514,25.112,..
"Birth rate, crude (per 1,000 people)",SP.DYN.CBRT.IN,Paraguay,PRY,41.849,41.722,41.585,41.481,41.052,40.481,39.705,38.845,38.037,37.316,36.68,35.995,35.493,35.214,35.024,34.898,34.811,34.941,34.932,35.401,35.903,36.531,36.566,36.636,36.589,36.452,36.062,35.719,35.337,34.752,34.264,33.691,33.032,32.364,31.713,31.002,30.272,29.524,28.734,27.947,27.171,26.342,25.591,24.932,24.443,24.047,23.742,23.45,23.191,22.921,22.606,22.324,22.069,22.249,22.402,22.428,22.263,21.962,21.664,21.281,20.946,20.627,20.328,..
"Birth rate, crude (per 1,000 people)",SP.DYN.CBRT.IN,Peru,PER,46.883,46.594,46.216,45.791,45.395,44.928,44.439,44.001,43.407,42.901,42.439,41.917,41.342,40.733,40.114,39.466,38.895,38.336,37.723,37.159,36.546,35.946,35.42,34.953,34.455,33.993,33.482,32.892,32.332,31.622,30.9,30.152,29.287,28.49,27.692,26.908,26.164,25.455,24.789,24.202,23.719,22.908,22.481,22.209,22.278,22.334,22.274,22.026,21.655,21.417,21.066,20.75,20.225,19.71,19.248,18.808,18.5,18.269,18.092,18.042,17.833,17.622,17.376,..
"Birth rate, crude (per 1,000 people)",SP.DYN.CBRT.IN,Philippines,PHL,46.49,46.051,45.513,44.929,44.313,43.68,42.913,42.121,41.396,40.884,40.485,40.016,39.319,38.526,37.959,37.566,37.455,37.768,38.039,37.717,37.167,36.489,36.337,36.204,35.632,34.888,34.22,34.155,34.013,33.342,33.265,33.177,32.734,32.108,31.551,31.288,30.682,30.166,29.776,29.318,28.769,28.84,28.398,27.986,27.466,27.019,26.924,26.607,26.357,26.148,25.511,24.416,24.457,24.286,23.827,23.252,22.836,22.664,22.445,22.254,22.039,21.813,21.618,..
"Birth rate, crude (per 1,000 people)",SP.DYN.CBRT.IN,Poland,POL,22.6,20.9,19.8,19.2,18.1,17.4,16.8,16.3,16.3,16.4,16.8,17.2,17.5,18,18.5,19,19.6,19.2,19.1,19.6,19.6,19,19.5,19.8,19,18.3,17,16.1,15.6,14.9,14.4,14.3,13.4,12.9,12.5,11.2,11.1,10.7,10.2,9.9,9.9,9.6,9.3,9.2,9.3,9.5,9.8,10.2,10.9,10.9,10.9,10.2,10.1,9.7,9.9,9.7,10.1,10.6,10.2,9.9,9.4,8.8,8.3,..
"Birth rate, crude (per 1,000 people)",SP.DYN.CBRT.IN,Portugal,PRT,24.1,24.4,24.5,23.5,24,23.4,23.2,22.8,22.1,21.7,20.8,21,20.2,20,19.6,19.8,20,19.1,17.5,16.6,16.2,15.4,15.2,14.5,14.3,13,12.6,12.3,12.2,11.8,11.7,11.7,11.5,11.4,10.9,10.7,11,11.2,11.2,11.4,11.7,10.9,11,10.8,10.4,10.4,10,9.7,9.9,9.4,9.6,9.2,8.5,7.9,7.9,8.3,8.4,8.4,8.5,8.4,8.2,7.7,8,..
"Birth rate, crude (per 1,000 people)",SP.DYN.CBRT.IN,Post-demographic dividend,PST,20.9502937,20.83390162,20.48994778,20.29314361,20.09351168,19.35958315,18.24732459,18.47370008,18.04181791,17.8900333,17.79734334,17.50866022,16.64093747,16.10969654,15.86317638,15.2784811,14.92151317,14.75527673,14.45709877,14.57602415,14.50777425,14.2531289,14.19144191,13.9575058,13.73376163,13.64796133,13.47261353,13.41306448,13.49794113,13.37451488,13.4409032,13.15959714,12.92299889,12.56254706,12.30096705,11.99290458,11.87888341,11.72499472,11.63986305,11.50115476,11.60846367,11.29568005,11.18272707,11.21430119,11.21709027,11.12873815,11.3711068,11.49437037,11.53446802,11.28394325,11.1524841,10.96576351,10.91579782,10.62365321,10.64212712,10.55179931,10.42842153,10.0743081,9.836012238,9.578696177,9.2268665,9.269593073,9.030730859,..
"Birth rate, crude (per 1,000 people)",SP.DYN.CBRT.IN,Pre-demographic dividend,PRE,47.73343668,47.96718156,48.36438879,48.39675165,48.41156764,48.42123353,48.43905601,48.42922583,48.4222016,48.40394443,48.36415458,48.40279574,48.31690407,48.19573491,48.19512663,48.18350757,48.07889728,48.04616974,48.02250574,47.93480495,47.74608581,47.5462399,47.31415493,47.20459297,46.95765269,46.71369122,46.42457845,46.1836348,45.94570926,45.8297747,45.56736877,45.38025164,45.19442683,45.03137718,44.77322951,44.74712065,44.49517962,44.15387042,43.85185854,43.79095991,43.62661961,43.42653541,43.17641789,42.91419745,42.64336512,42.41838439,42.23322927,41.98306281,41.70503947,41.45386705,41.12519803,40.72157025,40.19354699,39.6677209,39.15928085,38.64868169,38.15189276,37.67665904,37.20845516,36.77904358,36.3732899,36.00312776,35.57094436,..
"Birth rate, crude (per 1,000 people)",SP.DYN.CBRT.IN,Puerto Rico,PRI,32.4,31.4,31.3,31,31,30.7,28.9,26.7,25.5,24.9,24.8,25.6,24,23.3,24.3,23.8,24.2,24.5,24.1,23.4,22.8,22,21.05,20.1,19.3,19.4,19.45,19.5,19.3,19.1,18.5,18.1,17.8,17.9,17.5,17,16.9,16.2,15.7,15.6,15.59,14.59,13.7,13.1,13.16,12.96,12.41,11.86,11.79,11.72,11.3,11.1,10.6,10.1,9.7,9,8.3,7.3,6.7,6.4,6,5.9,5.9,..
"Birth rate, crude (per 1,000 people)",SP.DYN.CBRT.IN,Qatar,QAT,46.935,47.525,48.623,49.563,50.115,50.527,50.635,50.038,49.334,48.452,47.523,43.107,39.807,37.531,35.78,34.56,33.626,32.971,32.291,31.683,31.042,30.422,29.746,29.089,28.168,27.224,26.326,26.147,26.078,25.538,24.502,22.801,22.163,21.818,21.245,20.692,20.026,19.413,19.104,19.064,19.18,19.207,18.557,17.828,16.861,16.005,14.396,12.751,11.503,10.63,10.803,11.366,11.235,11.237,10.845,10.328,10.087,10.228,10.598,10.743,10.895,9.816,9.091,..
"Birth rate, crude (per 1,000 people)",SP.DYN.CBRT.IN,Romania,ROU,19.1,17.5,16.2,15.7,15.2,14.6,14.2,27,26.6,23.3,21.1,19.6,18.8,18.2,20.3,19.6,19.4,19.5,19,18.6,18,17,15.3,14.3,15.5,15.8,16.5,16.7,16.5,16,13.6,12,11.4,11,10.9,10.4,10.2,10.5,10.5,10.4,10.4,10,9.7,9.8,10.1,10.4,10.4,10.3,10.8,10.9,10.5,9.7,10,9.4,10,10.2,10.4,10.8,10.4,10.3,10.3,10.1,9.6,..
"Birth rate, crude (per 1,000 people)",SP.DYN.CBRT.IN,Russian Federation,RUS,23.328,22.146,20.708,19.1,17.436,16.211,15.444,14.828,14.495,14.512,14.725,15.23,15.507,15.637,15.944,16.079,16.219,16.31,16.358,15.8,15.9,16,16.6,17.5,16.9,16.6,17.2,17.2,16,14.6,13.4,12.1,10.7,9.4,9.5,9.3,8.9,8.6,8.8,8.3,8.7,9,9.7,10.2,10.4,10.2,10.3,11.3,12,12.3,12.5,12.6,13.3,13.2,13.3,13.3,12.9,11.5,10.9,10.1,9.8,9.6,8.9,..
"Birth rate, crude (per 1,000 people)",SP.DYN.CBRT.IN,Rwanda,RWA,51.657,50.816,49.845,48.877,48.039,47.501,47.276,47.444,47.841,48.337,48.797,49.107,49.427,49.817,50.126,50.408,50.936,51.233,51.569,52.064,52.182,52.327,52.063,51.502,50.643,49.508,48.591,47.817,46.844,45.662,44.25,43.037,42.442,42.054,41.452,41.012,41.05,41.058,41.208,41.103,40.923,40.765,40.388,40.146,39.889,39.462,38.825,38.005,36.979,35.936,34.836,33.658,32.818,32.407,32.085,31.833,31.659,31.399,31.158,30.776,30.309,29.976,29.474,..
"Birth rate, crude (per 1,000 people)",SP.DYN.CBRT.IN,Samoa,WSM,48.065,47.322,46.558,45.656,44.876,43.791,42.963,42.087,41.622,41.277,40.652,39.83,39.115,38.391,37.765,37.123,36.346,35.478,35.238,35.029,34.644,34.309,34.189,34.227,34.188,34.205,34.129,33.681,33.364,32.917,32.578,32.239,32.402,32.646,32.815,32.739,32.538,32.161,31.817,31.39,31.005,30.478,29.94,29.624,29.347,29.118,28.905,28.863,29.294,29.781,30.195,30.466,30.486,30.155,29.801,29.4,28.949,28.579,28.222,27.895,27.622,27.254,26.997,..
"Birth rate, crude (per 1,000 people)",SP.DYN.CBRT.IN,San Marino,SMR,..,..,..,..,..,..,..,..,..,..,..,..,..,..,..,..,..,..,..,..,..,..,..,..,..,..,..,..,..,..,..,..,..,..,..,..,..,..,..,..,..,..,..,..,10.4,9.5,10,9.4,11,10.7,10.3,10,8.7,9.7,9.1,8.2,7.9,6.7,6.8,6.7,6.4,6.2,6.1,..
"Birth rate, crude (per 1,000 people)",SP.DYN.CBRT.IN,Sao Tome and Principe,STP,46.014,46.413,44.139,42.033,40.255,38.872,37.938,37.469,37.418,37.687,38.167,38.538,38.639,38.61,38.522,38.915,39.515,39.961,40.458,40.537,40.637,40.555,40.19,40.213,40.19,40.237,40.333,40.245,40.224,40.201,40.119,39.943,39.669,39.409,39.125,38.876,38.716,38.592,38.761,39.035,39.438,39.941,39.85,39.633,39.396,39.075,38.672,38.241,37.81,37.336,36.873,36.628,36.148,35.159,34.032,32.754,31.602,30.41,29.535,28.917,28.435,28.263,27.974,..
"Birth rate, crude (per 1,000 people)",SP.DYN.CBRT.IN,Saudi Arabia,SAU,51.321,51.189,51.031,50.985,50.985,50.763,50.644,50.606,50.287,50.027,49.833,49.617,49.416,49.033,48.612,48.191,46.852,45.717,44.738,43.891,43.154,42.454,41.727,40.987,40.197,39.306,38.375,37.343,36.449,35.442,34.413,33.423,32.423,31.547,30.762,30.016,29.392,28.901,28.455,28.021,27.656,26.852,25.896,24.794,23.8,23.058,23.114,23.242,22.749,22.307,21.894,21.634,21.245,20.754,20.161,19.524,18.972,18.903,18.703,18.451,18.238,17.473,16.919,..
"Birth rate, crude (per 1,000 people)",SP.DYN.CBRT.IN,Senegal,SEN,50.391,50.355,50.25,50.058,49.887,49.849,49.787,49.695,49.545,49.485,49.478,49.474,49.362,49.168,49.046,49.018,49.067,48.913,48.578,48.15,47.865,47.562,47.161,46.676,46.036,45.427,44.514,43.834,42.756,42.229,41.969,41.303,40.829,40.474,39.848,39.576,39.307,39.255,39.188,39.434,39.169,38.895,38.671,38.611,38.354,38.418,38.657,38.164,37.886,38.1,37.74,37.502,37.207,36.817,36.322,35.357,34.673,34.224,33.955,33.47,33.034,32.573,32.067,..
"Birth rate, crude (per 1,000 people)",SP.DYN.CBRT.IN,Serbia,SRB,18.934,18.424,17.685,17.579,17.093,17.452,16.867,16.63,16.339,16.224,15.391,14.723,15.433,15.402,15.485,15.599,15.585,15.157,14.898,14.402,14.484,13.438,13.866,13.641,13.987,13.397,13.111,13.077,12.933,12.128,12.1,11.932,11.51,11.638,11.338,11.3,10.8,10.49,10.09,9.6,9.8,10.5,10.4,10.6,10.5,9.7,9.58,9.22,9.4,9.6,9.4,9.1,9.3,9.2,9.3,9.3,9.2,9.2,9.2,9.3,8.9,9.1,9.3,..
"Birth rate, crude (per 1,000 people)",SP.DYN.CBRT.IN,Seychelles,SYC,..,..,..,..,..,..,..,..,..,..,..,33.6,30.8,28.8,32.1,30.5,27.1,25.9,28.9,27.6,28.9,28.1,24.1,25.8,26.9,26.5,26.2,24.5,23.8,23,23.1,24.2,22.6,23.4,22.9,21,21.1,19.1,17.9,18.2,18.6,17.7,17.7,18.1,17.4,18.5,17.3,17.6,17.8,18.1,16.8,18.6,18.6,17.4,17,17,17.4,17.2,17.1,16.4,15.8,16.8,13.1,..
"Birth rate, crude (per 1,000 people)",SP.DYN.CBRT.IN,Sierra Leone,SLE,48.891,49.021,49.004,49.11,49.096,48.836,48.68,48.612,48.284,48.032,47.814,47.675,47.536,47.381,47.512,47.326,47.123,47.002,46.981,46.739,46.537,46.448,46.463,46.466,46.506,46.43,46.446,46.412,46.154,45.876,45.812,45.828,45.923,46.029,45.971,45.683,45.756,45.511,45.386,45.185,44.991,44.706,44.345,43.486,42.271,41.71,41.429,40.796,40.324,39.658,38.887,38.282,37.569,36.473,35.533,34.558,34.011,33.568,33.099,32.549,31.914,31.36,30.788,..
"Birth rate, crude (per 1,000 people)",SP.DYN.CBRT.IN,Singapore,SGP,37.5,35.2,33.7,33.2,31.6,29.5,28.3,25.6,23.5,21.8,22.1,22.3,23.1,22,19.4,17.7,18.7,16.5,16.8,17.1,17.6,17.6,17.5,16.3,16.5,16.6,14.8,16.6,19.8,17.5,18.2,17.1,16.8,16.8,16.2,15.6,15.2,14.5,13.1,12.8,13.7,11.8,11.4,10.5,10.3,10.2,10.3,10.3,10.2,9.9,9.3,9.5,10.1,9.3,9.8,9.7,9.4,8.9,8.8,8.8,8.5,8.6,7.9,..
"Birth rate, crude (per 1,000 people)",SP.DYN.CBRT.IN,Sint Maarten (Dutch part),SXM,24.575,24.155,24.315,24.489,24.841,25.216,25.578,25.939,26.243,26.44,26.489,26.328,26.036,26.056,26.564,26.956,27.347,27.468,27.496,27.27,26.725,25.947,25.089,24.601,24.298,24.096,24.328,24.499,24.357,23.916,23.334,22.947,22.894,22.479,21.844,21.217,20.393,19.362,18.222,17.031,16.118,15.387,14.671,14.133,13.721,12.8,13.7,11.7,13,12.5,13.1,12.9,12,14,14.1,12.9,11.5,9,10.1,9.6,10,8.7,8.1,..
"Birth rate, crude (per 1,000 people)",SP.DYN.CBRT.IN,Slovak Republic,SVK,21.7,20.8,19.8,20.4,20.1,19.3,18.5,17.4,17,17.7,17.8,18.2,19.1,20,20.8,20.6,20.8,20.6,20.5,20.3,19.1,18.6,18.3,18.1,17.7,17.5,16.8,16.1,15.9,15.2,15.1,14.8,14.1,13.8,12.4,11.5,11.2,11,10.7,10.4,10.2,9.5,9.5,9.6,10,10.1,10,10.1,10.7,11.4,11.2,11.3,10.3,10.1,10.2,10.3,10.6,10.7,10.6,10.5,10.4,10.4,9.7,..
"Birth rate, crude (per 1,000 people)",SP.DYN.CBRT.IN,Slovenia,SVN,17.6,18.2,18.1,18,17.9,18.5,18.5,17.7,16.8,16.3,15.9,16.3,16.4,16.7,16.1,16.6,16.7,16.2,16.3,16.3,15.7,15.3,15.1,14.1,13.6,13.4,13,12.9,12.6,11.7,11.2,10.8,10,9.9,9.8,9.5,9.4,9.1,9,8.8,9.1,8.8,8.8,8.7,9,9.1,9.4,9.8,10.8,10.7,10.9,10.7,10.7,10.2,10.3,10,9.9,9.8,9.4,9.3,8.9,9,8.3,..
"Birth rate, crude (per 1,000 people)",SP.DYN.CBRT.IN,Small states,SST,36.53357321,36.02745597,35.59922252,35.20138898,34.58690742,33.76917242,33.32743524,32.41138754,32.20309001,31.68845018,31.44012829,31.24935591,30.90181279,30.14355176,30.33494571,29.98932443,30.09428868,29.93243133,29.99210858,30.09414108,30.12951757,30.0283123,29.96071164,29.85964614,29.64328095,29.27185669,29.06822646,28.95073917,28.8408402,28.59950927,28.24339327,27.6716981,27.44743277,26.70418981,26.03911453,25.35426678,24.93232462,24.34279955,23.913118,23.50295833,23.15064942,22.79869655,22.58571511,22.34408897,22.15277824,21.86426656,21.51628914,21.28762826,21.16557353,20.8850768,20.45037361,20.16458765,19.94967633,19.59390242,19.40926797,19.10743244,18.82794387,18.43663347,18.08547201,17.7610462,17.4853226,17.26504416,16.8205313,..
"Birth rate, crude (per 1,000 people)",SP.DYN.CBRT.IN,Solomon Islands,SLB,44.495,44.417,44.311,44.12,43.935,43.657,43.396,43.151,42.763,42.808,42.844,42.757,42.671,42.682,42.756,42.374,42.077,41.838,41.537,41.216,40.941,40.61,40.31,40.058,39.802,39.591,39.367,38.967,38.69,38.396,38.064,37.73,37.455,37.362,37.316,37.225,36.753,36.194,35.926,35.629,35.271,34.989,34.661,34.397,34.117,33.884,34.007,33.828,33.663,33.562,33.641,33.633,33.619,33.585,33.477,32.928,32.379,31.743,31.219,30.762,30.223,29.785,29.322,..
"Birth rate, crude (per 1,000 people)",SP.DYN.CBRT.IN,Somalia,SOM,46.604,46.362,46.168,45.968,45.803,45.669,45.524,45.401,45.305,45.233,45.182,45.198,45.201,45.241,45.321,45.488,45.681,45.838,46.763,47.06,47.314,47.738,48.024,48.255,48.461,48.711,48.871,48.999,49.057,49.159,49.008,49.4,50.214,50.438,50.262,50.145,50.1,50.345,50.194,50.067,49.901,49.72,49.688,49.446,49.232,48.972,48.739,48.466,48.242,47.946,47.696,47.53,47.282,46.995,46.747,46.474,46.156,45.457,44.992,44.564,44.007,43.561,43.086,..
"Birth rate, crude (per 1,000 people)",SP.DYN.CBRT.IN,South Africa,ZAF,39.52,39.911,39.963,40.028,40.072,40.014,39.972,39.947,39.778,39.665,39.376,39.195,38.744,38.296,37.58,36.95,36.175,35.375,34.776,34.541,34.29,33.886,34.366,34.604,35.231,35.73,36.482,36.225,34.899,33.297,31.146,30.127,28.723,27.866,27.065,26.457,25.214,23.29,22.41,21.848,20.705,20.392,20.04,20.473,21.261,21.913,22.455,22.629,24.08,22.664,22.274,22.282,22.353,22.177,22.057,21.3,20.25,20.643,21.137,21.276,20.326,19.821,19.31,..
"Birth rate, crude (per 1,000 people)",SP.DYN.CBRT.IN,South Asia,SAS,43.48268357,43.32360978,43.15496056,42.9442432,42.73707579,42.37366713,41.97834955,41.70747881,41.35301448,40.97274441,40.73563048,40.64218313,40.40503202,40.17708625,39.87445679,39.28721153,39.0746501,38.47880784,38.06717962,37.96594431,37.90327508,37.75972907,37.39644355,37.01589721,36.73966773,36.23215643,36.00470664,35.27450173,34.72900618,34.15824078,33.43535321,32.93215674,32.38022136,31.73426945,31.3209318,30.77610804,30.20467789,29.73155437,29.2423278,28.73035798,28.41156621,28.09999698,27.50251491,26.82602708,26.18596145,25.40274005,24.72630366,24.2896525,23.81880448,23.46168656,22.9973886,22.52917024,22.08127957,21.65022298,20.86655308,20.52385187,20.25572134,19.70792008,19.46082922,18.96477173,18.54955197,18.36761244,18.18187376,..
"Birth rate, crude (per 1,000 people)",SP.DYN.CBRT.IN,South Asia (IDA & IBRD),TSA,43.48268357,43.32360978,43.15496056,42.9442432,42.73707579,42.37366713,41.97834955,41.70747881,41.35301448,40.97274441,40.73563048,40.64218313,40.40503202,40.17708625,39.87445679,39.28721153,39.0746501,38.47880784,38.06717962,37.96594431,37.90327508,37.75972907,37.39644355,37.01589721,36.73966773,36.23215643,36.00470664,35.27450173,34.72900618,34.15824078,33.43535321,32.93215674,32.38022136,31.73426945,31.3209318,30.77610804,30.20467789,29.73155437,29.2423278,28.73035798,28.41156621,28.09999698,27.50251491,26.82602708,26.18596145,25.40274005,24.72630366,24.2896525,23.81880448,23.46168656,22.9973886,22.52917024,22.08127957,21.65022298,20.86655308,20.52385187,20.25572134,19.70792008,19.46082922,18.96477173,18.54955197,18.36761244,18.18187376,..
"Birth rate, crude (per 1,000 people)",SP.DYN.CBRT.IN,South Sudan,SSD,49.956,50.23,50.489,50.822,51.104,51.329,51.651,51.968,52.186,52.345,52.467,52.422,52.254,52.003,51.682,51.355,51.004,50.619,50.202,49.763,49.326,48.927,48.595,50.618,52.199,53.885,54.292,54.116,55.346,55.78,55.467,55.269,55.056,54.767,54.453,54.045,53.897,53.423,52.842,52.306,51.432,50.594,49.484,47.464,45.496,43.519,41.565,40.798,40.691,40.508,40.18,40.255,39.872,39.27,38.48,36.325,35.15,32.651,30.147,29.058,29.166,29.107,28.857,..
"Birth rate, crude (per 1,000 people)",SP.DYN.CBRT.IN,Spain,ESP,21.7,21.2,21.1,21.4,22,21.1,20.7,20.7,20.1,19.9,19.5,19.6,19.4,19.2,19.5,18.7,18.7,18,17.3,16.2,15.2,14.1,13.6,12.7,12.3,11.9,11.4,11,10.8,10.5,10.3,10.2,10.1,9.8,9.4,9.1,9.1,9.2,9.1,9.4,9.8,9.9,10.1,10.4,10.6,10.6,10.8,10.9,11.3,10.6,10.4,10.1,9.7,9.1,9.2,9,8.8,8.4,7.9,7.6,7.2,7.1,6.9,..
"Birth rate, crude (per 1,000 people)",SP.DYN.CBRT.IN,Sri Lanka,LKA,36.56,35.672,35.113,34.809,34.432,33.78,33.114,33.15,32.292,31.396,30.631,29.725,29.313,28.814,27.923,27.86,27.96,27.888,28.465,28.788,28.146,27.726,25.945,24.523,23.768,23.004,22.076,21.472,20.828,20.86,20.586,20.483,20.36,19.761,19.289,18.88,18.39,17.937,17.458,17.703,18.189,18.806,18.914,18.885,18.771,18.821,19.203,18.979,18.468,17.907,17.553,17.512,17.318,17.005,16.396,15.886,15.496,15.17,14.805,14.534,14.235,14.019,13.781,..
"Birth rate, crude (per 1,000 people)",SP.DYN.CBRT.IN,St. Kitts and Nevis,KNA,45.231,43.239,41.147,40.748,39.553,38.018,35.75,32.774,30.13,28.391,26.881,27.234,27.107,27.743,28.547,29.174,29.603,29.24,28.009,27.602,27.931,28.813,29.93,28.692,27.238,26.832,25.554,24.622,24.185,24.172,23.939,22.185,20.706,20.429,20.055,20.17,19.859,20.368,20.132,19.625,18.436,17.386,16.953,16.732,16.467,16.253,16.046,15.804,15.485,15.172,14.789,14.53,14.268,13.975,13.8,13.583,13.456,13.211,12.942,12.693,12.418,12.125,11.823,..
"Birth rate, crude (per 1,000 people)",SP.DYN.CBRT.IN,St. Lucia,LCA,48.084,46.918,45.886,44.844,43.856,42.898,41.963,41.03,40.078,39.162,38.345,38.019,37.757,37.644,37.569,37.5,37.443,37.243,36.943,36.408,35.913,34.968,34.238,33.361,32.642,32.01,31.161,30.367,29.549,28.794,27.989,27.279,26.579,25.865,25.115,24.308,23.32,22.223,21.032,19.776,18.514,17.369,16.352,15.488,14.752,14.185,13.758,13.426,13.128,12.864,12.618,12.55,12.496,12.444,12.393,12.321,12.229,12.114,11.986,11.834,11.667,11.49,11.316,..
"Birth rate, crude (per 1,000 people)",SP.DYN.CBRT.IN,St. Martin (French part),MAF,38.04,37.673,37.231,36.869,36.599,36.385,36.888,37.67,38.609,38.053,37.465,36.798,36.172,35.435,34.591,33.821,34.104,34.163,33.907,33.538,32.936,32.021,30.888,32.556,34,34.77,34.981,35.139,35.012,34.424,33.522,31.883,30.382,29.024,27.948,26.977,26.3,25.792,25.358,25.035,24.587,23.932,23.284,22.709,22.094,21.476,20.9,20.308,19.77,19.146,18.63,18.562,20.904,19.986,19.087,18.462,17.927,17.423,17.022,16.483,15.768,15.053,14.414,..
"Birth rate, crude (per 1,000 people)",SP.DYN.CBRT.IN,St. Vincent and the Grenadines,VCT,49.257,47.566,45.703,43.82,42.449,41.232,40.17,39.268,38.339,37.366,36.45,35.542,34.589,33.756,32.859,32.086,31.368,30.796,30.803,30.776,29.866,29.97,30.222,29.516,28.053,26.885,25.825,25.075,24.429,24.102,23.883,23.735,23.71,23.477,22.972,22.339,21.502,20.849,20.236,19.909,19.585,19.097,18.35,17.674,17.127,16.83,16.637,16.72,17.048,17.118,16.854,16.484,16.509,16.312,16.19,15.891,15.161,14.269,13.708,13.346,13.071,12.901,12.726,..
"Birth rate, crude (per 1,000 people)",SP.DYN.CBRT.IN,Sub-Saharan Africa,SSF,47.38874232,47.48103818,47.56483386,47.58709798,47.58398033,47.57869586,47.58647828,47.57624254,47.57544409,47.58925602,47.56257542,47.59788082,47.51326244,47.38796742,47.37685592,47.3415481,47.23007087,47.17555121,47.13188093,47.06616178,46.91489897,46.74074637,46.57819275,46.50052717,46.33135825,46.13211808,45.89642045,45.60350617,45.17217109,44.83217527,44.38287947,44.07283105,43.71090253,43.42881203,43.08313362,42.97953532,42.67704403,42.23393158,41.89281311,41.81696884,41.61293179,41.45438855,41.22039568,40.9716714,40.76889456,40.63669608,40.44643874,40.20735145,40.04481988,39.65612449,39.2903437,38.88885937,38.35951839,37.84758706,37.38698974,36.94685883,36.50681014,36.12385967,35.77488986,35.43831007,35.01230521,34.63238303,34.19780369,..
"Birth rate, crude (per 1,000 people)",SP.DYN.CBRT.IN,Sub-Saharan Africa (excluding high income),SSA,47.38874232,47.48103818,47.56483386,47.58709798,47.58398033,47.57869586,47.58647828,47.57624254,47.57544409,47.58925602,47.56257542,47.60041563,47.51628077,47.39128335,47.37955405,47.34450748,47.23358001,47.17923463,47.13496494,47.06938458,46.9178219,46.74371758,46.58168717,46.50364727,46.33422102,46.13495065,45.89919867,45.60652341,45.17515223,44.83515411,44.3857175,44.07544485,43.71361766,43.43137109,43.08571261,42.98231099,42.67973614,42.2367763,41.89574274,41.81983239,41.61567326,41.45714606,41.22313609,40.97423609,40.77143532,40.63904888,40.44888285,40.2096859,40.04710477,39.65828684,39.29260059,38.89078889,38.361365,37.84948095,37.38885626,36.94867651,36.50852851,36.12553772,35.77651795,35.43994156,35.01392353,34.63385937,34.19986144,..
"Birth rate, crude (per 1,000 people)",SP.DYN.CBRT.IN,Sub-Saharan Africa (IDA & IBRD countries),TSS,47.38874232,47.48103818,47.56483386,47.58709798,47.58398033,47.57869586,47.58647828,47.57624254,47.57544409,47.58925602,47.56257542,47.59788082,47.51326244,47.38796742,47.37685592,47.3415481,47.23007087,47.17555121,47.13188093,47.06616178,46.91489897,46.74074637,46.57819275,46.50052717,46.33135825,46.13211808,45.89642045,45.60350617,45.17217109,44.83217527,44.38287947,44.07283105,43.71090253,43.42881203,43.08313362,42.97953532,42.67704403,42.23393158,41.89281311,41.81696884,41.61293179,41.45438855,41.22039568,40.9716714,40.76889456,40.63669608,40.44643874,40.20735145,40.04481988,39.65612449,39.2903437,38.88885937,38.35951839,37.84758706,37.38698974,36.94685883,36.50681014,36.12385967,35.77488986,35.43831007,35.01230521,34.63238303,34.19780369,..
"Birth rate, crude (per 1,000 people)",SP.DYN.CBRT.IN,Sudan,SDN,47.337,47.197,47.735,48.102,48.425,48.513,48.747,48.869,48.721,48.781,48.781,48.884,48.374,47.803,47.362,47.314,47.25,47.24,47.381,47.341,47.292,47.256,47.25,47.006,46.376,45.753,45.188,44.525,44.196,43.782,43.092,42.673,42.219,41.658,40.953,40.284,39.714,39.062,38.608,38.409,38.097,37.9,37.42,36.928,36.338,35.929,36.495,37.121,37.497,37.557,37.497,36.91,36.316,36.327,36.349,36.413,36.038,35.669,35.236,34.823,34.226,33.596,33.027,..
"Birth rate, crude (per 1,000 people)",SP.DYN.CBRT.IN,Suriname,SUR,44.915,44.533,44.006,43.309,42.328,41.085,39.746,38.392,37.115,35.96,34.999,34.19,33.613,33.358,32.969,32.438,31.821,31.184,30.598,30.166,29.91,30.639,30.788,31.154,31.416,31.443,31.472,31.355,31.143,30.923,30.578,30.155,29.541,28.934,28.22,27.481,26.669,25.908,25.199,24.622,24.198,23.862,23.49,23.08,22.676,22.271,21.883,21.476,21.076,20.704,20.361,20.06,19.792,19.547,19.334,19.127,18.912,18.758,18.577,18.409,18.279,18.154,17.983,..
"Birth rate, crude (per 1,000 people)",SP.DYN.CBRT.IN,Sweden,SWE,13.7,13.9,14.2,14.8,16,15.9,15.8,15.4,14.3,13.5,13.7,14.1,13.8,13.5,13.5,12.6,12,11.6,11.3,11.6,11.7,11.3,11.1,11,11.3,11.8,12.2,12.5,13.3,13.7,14.5,14.4,14.2,13.5,12.8,11.7,10.8,10.2,10.1,10,10.2,10.3,10.7,11.1,11.2,11.2,11.7,11.7,11.9,12,12.3,11.8,11.9,11.8,11.9,11.7,11.8,11.5,11.4,11.1,10.9,11,10,..
"Birth rate, crude (per 1,000 people)",SP.DYN.CBRT.IN,Switzerland,CHE,17.7,18.3,18.7,19.3,19.5,19.1,18.5,17.9,17.3,16.7,16.1,15.5,14.6,13.9,13.3,12.4,11.8,11.6,11.4,11.4,11.7,11.6,11.7,11.5,11.6,11.5,11.7,11.7,12.2,12.2,12.5,12.7,12.6,12.1,11.9,11.7,11.7,11.4,11.1,11,10.9,10,9.9,9.8,9.9,9.8,9.8,9.9,10,10.1,10.3,10.2,10.3,10.2,10.4,10.5,10.5,10.3,10.3,10,9.9,10.3,9.4,..
"Birth rate, crude (per 1,000 people)",SP.DYN.CBRT.IN,Syrian Arab Republic,SYR,47.008,46.489,46.362,46.206,46.222,46.348,46.451,46.574,46.644,46.98,47.069,46.661,46.297,45.882,45.585,45.395,45.285,45.236,44.834,44.341,43.786,43.017,42.406,41.902,41.379,40.968,40.38,39.575,38.385,37.059,35.928,34.702,34.006,33.871,33.598,33.076,32.475,31.796,31.369,30.992,30.644,30.99,30.822,30.689,30.581,30.5,30.307,30.782,31.021,29.736,28.675,27.52,26.618,25.2,22.39,20.233,18.874,18.568,18.155,18.883,19.67,20.111,20.531,..
"Birth rate, crude (per 1,000 people)",SP.DYN.CBRT.IN,Tajikistan,TJK,50.327,50.09,49.429,48.42,47.197,45.93,44.776,43.83,43.106,42.56,42.056,41.455,40.756,40.207,39.96,39.875,39.778,39.751,39.942,40.098,40.253,40.341,40.382,40.71,40.987,41.303,41.929,42.188,42.578,42.635,41.936,40.783,39.291,38.123,37.79,36.767,34.88,33.672,33.381,32.306,31.771,30.99,30.167,29.135,28.833,28.48,28.548,28.909,29.587,30.432,31.045,31.274,31.169,31.34,31.432,31.228,30.213,28.932,28.688,28.267,27.53,26.749,26.025,..
"Birth rate, crude (per 1,000 people)",SP.DYN.CBRT.IN,Tanzania,TZA,49.375,49.569,49.594,49.654,49.627,49.546,49.506,49.351,49.357,49.506,49.653,49.825,49.783,49.8,49.926,49.818,49.496,49.337,49.09,48.585,48.108,47.698,47.425,47.192,46.496,46.051,45.402,44.965,44.583,44.213,43.782,43.476,43.083,42.755,42.476,42.453,42.504,42.537,42.389,42.223,42.131,42.12,41.871,41.838,41.96,42.069,41.747,41.143,40.668,40.183,39.729,39.076,38.329,38.721,38.893,38.741,38.379,38.058,37.525,37.113,36.651,36.21,35.811,..
"Birth rate, crude (per 1,000 people)",SP.DYN.CBRT.IN,Thailand,THA,43.782,43.674,43.485,43.295,42.737,42.123,41.342,40.57,39.654,38.6,37.426,36.248,35.078,33.782,32.421,31.176,29.758,28.546,27.579,26.974,26.766,25.944,24.786,23.736,22.896,22.185,21.584,20.9,20.295,20.157,19.728,19.455,19.215,18.788,18.238,17.569,17.253,16.658,15.578,14.234,13.526,13.176,12.919,12.833,12.698,12.724,12.472,12.386,12.249,12.003,11.926,11.95,11.754,11.374,11.004,10.607,10.26,9.98,9.662,9.377,9.182,8.999,8.806,..
"Birth rate, crude (per 1,000 people)",SP.DYN.CBRT.IN,Timor-Leste,TLS,45.659,45.737,45.73,45.635,45.453,45.191,44.864,44.487,44.066,43.6,43.055,42.384,41.583,40.679,39.759,39.086,38.268,37.85,37.893,38.327,38.969,41.321,41.623,41.892,42.155,42.417,42.53,42.478,42.45,42.334,42.195,41.756,41.571,41.196,40.913,40.638,40.247,39.892,39.611,39.408,39.095,39.117,38.954,38.298,37.598,36.475,35.355,34.191,33.173,32.315,31.39,30.667,29.822,29.144,28.429,27.7,27.018,26.487,25.921,25.511,25.258,24.944,24.611,..
"Birth rate, crude (per 1,000 people)",SP.DYN.CBRT.IN,Togo,TGO,47.235,47.366,47.616,47.854,47.874,47.943,48.033,47.932,47.823,47.96,47.893,47.879,47.855,47.776,47.725,47.59,47.529,47.229,46.856,46.382,45.927,45.572,45.081,44.667,44.269,43.84,43.505,43.219,42.768,42.301,41.943,41.57,41.104,40.655,40.27,39.717,39.262,38.847,38.826,38.84,38.668,38.562,38.421,38.15,37.659,37.581,37.603,37.822,37.561,37.478,37.351,36.632,35.846,35.308,34.827,34.392,34.099,33.656,33.186,32.756,32.302,31.856,31.48,..
"Birth rate, crude (per 1,000 people)",SP.DYN.CBRT.IN,Tonga,TON,44.74,44.232,43.739,43.282,42.778,42.113,41.505,41.26,39.657,38.021,36.522,35.26,34.287,33.663,33.355,33.27,33.37,33.59,34.146,34.674,34.991,35.077,34.916,34.494,33.778,32.87,31.915,31.057,30.766,30.638,30.655,30.867,30.936,30.806,30.488,30.085,29.834,29.285,29.343,28.875,28.378,28.257,28.71,29.248,29.347,29.13,28.731,28.277,27.993,27.63,27.266,26.943,26.505,26.104,25.68,25.171,24.543,24.015,23.625,23.424,23.139,23.045,22.894,..
"Birth rate, crude (per 1,000 people)",SP.DYN.CBRT.IN,Trinidad and Tobago,TTO,37.307,36.987,36.315,35.139,33.732,32.066,30.291,28.887,28.186,26.643,26.675,27.38,28.211,28.028,27.477,27.172,27.396,27.758,28.497,29.196,29.626,30.118,29.97,29.327,28.282,27.904,26.879,25.338,23.674,22.016,20.582,19.577,18.793,17.808,17.058,16.251,15.769,15.367,15.211,15.248,15.211,15.147,15.022,14.996,14.892,14.903,15.087,15.224,15.191,14.879,14.842,14.781,14.572,14.282,13.958,13.604,13.292,12.909,12.557,12.359,11.946,11.687,11.382,..
"Birth rate, crude (per 1,000 people)",SP.DYN.CBRT.IN,Tunisia,TUN,46.684,46.816,46.886,46.843,46.703,47.084,46.54,45.592,44.413,43.142,41.98,40.857,40.21,39.842,39.514,39.221,38.845,37.87,36.383,35.266,34.3,34.289,33.778,33.267,32.88,32.316,31.582,30.168,28.647,26.991,26.426,25.552,24.63,23.626,22.553,21.3,20.146,19.126,18.179,17.305,17.002,16.686,16.531,16.68,16.754,16.883,16.916,17.085,17.328,17.667,18.211,18.934,19.184,19.33,19.303,19.119,18.78,18.399,17.737,17.215,16.628,16.093,15.6,..
"Birth rate, crude (per 1,000 people)",SP.DYN.CBRT.IN,Turkiye,TUR,44.61,44.24,43.491,42.681,41.846,41.051,40.22,38.768,38.789,38.678,38.736,38.95,38.633,38.22,37.52,36.481,35.578,34.851,34.56,34.121,33.376,32.634,31.71,30.897,30.207,29.453,28.79,28.027,27.427,26.82,25.874,25.47,24.67,24.528,24.328,23.953,24.029,23.45,22.977,22.264,21.436,21.583,19.803,18.995,18.922,18.901,18.899,18.55,18.315,18.06,17.746,17.638,17.664,17.737,17.972,17.939,17.739,17.368,16.481,15.594,15.033,14.678,14.468,..
"Birth rate, crude (per 1,000 people)",SP.DYN.CBRT.IN,Turkmenistan,TKM,48.126,48.043,47.473,46.471,45.15,43.654,42.134,40.741,39.576,38.673,38.014,37.538,36.893,36.63,36.407,36.171,36.035,35.864,35.601,35.516,35.368,35.48,35.667,36.393,37.087,38.104,38.666,38.709,37.818,36.683,34.854,33.698,32.894,31.944,30.409,29.02,27.573,26.46,25.39,24.507,23.709,22.844,22.103,22.055,22.043,22.335,22.644,23.038,23.675,24.458,25.273,25.969,26.452,26.627,26.502,26.071,25.424,24.648,23.845,23.055,22.294,21.592,20.755,..
"Birth rate, crude (per 1,000 people)",SP.DYN.CBRT.IN,Turks and Caicos Islands,TCA,39.814,39.021,38.41,37.84,36.931,36.068,35.356,34.573,33.816,32.269,30.788,29.642,29.778,29.894,29.924,29.973,29.88,29.756,29.562,29.495,29.347,29.614,30.11,30.377,30.715,30.938,30.834,30.501,30.056,29.652,29.309,29.03,28.704,28.273,27.822,27.251,26.604,25.977,25.351,24.572,23.646,22.768,21.693,20.404,19.194,18.087,17.089,16.146,15.285,14.411,13.702,13.488,13.258,13.042,12.808,12.816,13.216,13.308,13.13,12.849,12.685,12.476,12.27,..
"Birth rate, crude (per 1,000 people)",SP.DYN.CBRT.IN,Tuvalu,TUV,35.602,33.38,30.821,28.023,25.198,24.809,25.191,25.949,27.323,28.882,28.569,28.264,27.686,27.334,27.053,26.973,27.241,27.949,28.939,30.074,31.296,32.415,33.503,34.197,34.745,35.037,35.237,35.108,34.587,33.765,32.952,32.478,32.008,31.524,30.656,29.785,29.035,28.24,27.469,26.624,25.783,25.1,24.478,23.822,23.277,23.043,23.372,22.58,22.306,22.186,22.32,22.512,22.741,22.296,22.265,22.359,22.659,22.999,23.508,23.619,23.632,23.484,23.318,..
"Birth rate, crude (per 1,000 people)",SP.DYN.CBRT.IN,Uganda,UGA,48.67,48.374,48.155,48.034,48.018,48.126,48.35,48.578,48.884,48.822,48.965,49.054,48.982,48.774,48.704,48.884,48.879,48.758,48.703,48.842,48.792,48.849,48.708,48.844,49.199,49.923,50.562,51.09,51.225,51.313,51.372,51.174,51.281,51.152,50.898,50.856,50.206,49.91,49.335,49.081,48.593,48.251,47.774,47.115,46.68,45.989,45.363,44.688,43.934,43.544,43.068,42.434,41.743,40.943,40.154,39.422,38.709,38.343,38.062,37.667,37.252,36.795,36.215,..
"Birth rate, crude (per 1,000 people)",SP.DYN.CBRT.IN,Ukraine,UKR,20.459,19.577,18.78,17.596,16.216,15.608,15.28,14.834,14.433,14.524,14.79,15.374,15.208,14.705,14.846,14.767,14.755,14.527,14.769,14.886,14.839,14.6,14.8,16,15.6,15.338,15.5,14.8,14.4,13.3,12.6,12.1,11.4,10.7,10,9.6,9.2,8.7,8.4,7.8,7.8,7.7,8.1,8.5,9,9,9.8,10.2,11,11.1,10.8,11,11.4,11.1,10.8,10.7,10.3,9.4,8.7,8.1,7.8,7.3,7.659,..
"Birth rate, crude (per 1,000 people)",SP.DYN.CBRT.IN,United Arab Emirates,ARE,41.814,41.392,41.062,40.601,40.003,39.36,38.814,38.278,37.706,35.29,33.432,32.132,31.236,30.489,29.792,29.163,28.677,29.48,30.125,30.542,30.66,30.165,30.156,30.034,29.814,29.488,29.651,28.411,27.396,26.618,25.923,24.574,23.839,22.429,22.202,19.508,19.493,18.33,17.335,16.765,16.66,16.525,16.401,16.43,16.094,15.206,14.484,14.24,14.08,13.9,13.665,13.292,12.911,12.438,11.989,11.478,10.993,10.62,10.049,9.75,10.62,10.307,9.888,..
"Birth rate, crude (per 1,000 people)",SP.DYN.CBRT.IN,United Kingdom,GBR,17.5,17.9,18.3,18.5,18.8,18.3,17.9,17.5,17.2,16.6,16.2,16.1,14.9,13.9,13.1,12.4,12,11.7,12.2,13.1,13.4,13,12.8,12.8,12.9,13.3,13.3,13.7,13.8,13.6,13.9,13.8,13.6,13.2,13,12.6,12.6,12.5,12.3,11.9,11.5,11.3,11.3,11.7,11.9,12,12.3,12.6,12.9,12.7,12.9,12.8,12.8,12.1,12,11.9,11.8,11.4,11,10.7,10.1,10.1,10,..
"Birth rate, crude (per 1,000 people)",SP.DYN.CBRT.IN,United States,USA,23.7,23.3,22.4,21.7,21.1,19.4,18.4,17.8,17.6,17.9,18.4,17.2,15.6,14.8,14.8,14.6,14.6,15.1,15,15.6,15.9,15.8,15.9,15.6,15.6,15.8,15.6,15.7,16,16.4,16.7,16.2,15.8,15.4,15,14.6,14.4,14.2,14.3,14.2,14.4,14.1,14,14.1,14,14,14.3,14.3,14,13.5,13,12.7,12.6,12.4,12.5,12.4,12.2,11.8,11.6,11.4,10.9,11,11,..
"Birth rate, crude (per 1,000 people)",SP.DYN.CBRT.IN,Upper middle income,UMC,29.07120196,27.51913714,38.25627157,41.65330537,38.98736414,38.01569153,36.14818751,35.23803779,35.90720973,34.87622387,34.3007071,32.54320578,31.84064822,30.59982034,28.61443641,27.41190331,25.50574474,24.79880913,24.32716687,23.98398572,24.08617837,25.42774404,26.06336154,24.75433997,24.39963809,24.72668364,25.22380485,25.42137546,24.60512683,23.85681631,23.23999389,22.27679235,21.18203834,20.82382072,20.32996168,19.74185253,19.41250461,18.94315394,18.20018929,17.42250889,16.89885016,16.40057438,15.92243385,15.56303119,15.48006959,15.51209537,15.32981797,15.31972976,15.34827292,15.1805833,15.10724566,15.84991153,16.48432603,15.57762922,15.91484616,14.81045804,15.39164901,14.74697343,13.65523087,13.18293466,12.03752003,11.38715777,10.89312113,..
"Birth rate, crude (per 1,000 people)",SP.DYN.CBRT.IN,Uruguay,URY,21.784,21.798,21.804,21.781,21.452,21.126,20.818,20.428,20.198,19.949,19.461,19.912,20.171,20.385,21.082,21.443,21.32,20.546,20.039,19.268,18.422,18.284,18.099,17.867,17.765,17.808,17.771,17.421,18.09,18.189,17.62,17.758,17.65,17.511,17.687,17.608,17.342,17.057,16.535,16.211,15.768,15.52,15.545,15.204,15.075,15.103,14.837,14.618,14.455,14.34,14.264,14.223,14.196,14.197,14.082,14.216,13.64,12.579,11.605,10.822,10.339,10.473,10.419,..
"Birth rate, crude (per 1,000 people)",SP.DYN.CBRT.IN,Uzbekistan,UZB,48.354,48.201,47.866,46.166,44.986,43.692,41.657,40.216,38.65,38.166,37.928,37.626,37.393,37.121,36.851,36.535,36.236,35.81,35.286,34.4,33.9,35,35.1,35.4,36.3,37.4,37.9,37.2,35.3,33.3,33.7,34.5,33.1,31.5,29.4,29.8,27.3,25.5,23.4,22.4,21.4,20.5,21.1,19.9,20.9,20.4,21,22.7,23.7,23.4,22,21.2,21,22.5,23.3,23.5,22.8,22.1,23.3,24.3,24.6,25.9,26.2,..
"Birth rate, crude (per 1,000 people)",SP.DYN.CBRT.IN,Vanuatu,VUT,44.677,44.604,44.466,44.292,44.076,43.855,43.705,43.556,43.206,42.919,42.557,42.217,41.828,41.408,40.948,40.509,40.074,39.609,39.27,38.985,38.704,38.895,38.956,39.048,38.988,38.975,38.904,38.691,38.298,37.857,37.579,37.318,36.963,36.487,35.849,35.304,34.648,34.176,33.74,33.313,33.117,33.059,32.649,32.346,32.09,31.853,31.85,32.118,32.466,32.78,33.056,33.279,33.249,33.087,32.855,32.42,32.029,31.484,30.889,30.4,29.939,29.438,28.968,..
"Birth rate, crude (per 1,000 people)",SP.DYN.CBRT.IN,"Venezuela, RB",VEN,44.877,44.172,43.437,42.716,41.949,41.207,40.478,39.752,39.017,38.256,37.49,36.762,36.189,35.786,35.364,35.037,34.773,34.462,34.109,33.741,33.25,32.724,32.126,31.634,31.208,30.821,30.811,30.45,29.98,29.418,28.834,28.219,27.598,26.99,26.424,25.871,25.41,24.991,24.598,24.27,23.9,23.53,23.208,22.869,22.579,22.334,22.06,21.744,21.433,21.117,20.805,20.466,20.143,19.827,19.507,19.201,18.898,18.502,17.832,16.888,16.213,15.877,15.573,..
"Birth rate, crude (per 1,000 people)",SP.DYN.CBRT.IN,Viet Nam,VNM,41.331,35.609,39.8,39.719,38.366,36.917,35.297,34.398,34.978,34.775,34.787,35.202,35.755,36.168,34.95,34.411,33.99,33.649,33.634,33.559,33.454,33.573,33.417,33.107,32.607,32.006,31.378,30.543,29.811,29.146,28.508,27.79,26.773,25.508,23.913,22.065,20.457,19.372,18.525,18.08,18.046,17.969,18.142,17.879,17.862,17.465,16.995,17.072,17.143,17.016,16.906,16.929,17.078,17.152,16.981,16.787,16.438,16.1,15.873,15.663,15.4,15.008,14.689,..
"Birth rate, crude (per 1,000 people)",SP.DYN.CBRT.IN,Virgin Islands (U.S.),VIR,35,34.62,34.24,33.86,33.48,33.1,32.7,32.3,32,31.6,31.2,30.8,30.5,30.1,29.7,28.1,26.6,26.75,26.9,26.35,25.8,25.25,24.7,24.8,24.9,25,23.65,22.3,22,21.7,21.4,21.1,22,20.9,19.8,18.7,17.6,17.2,18,16.1,14.4,13.1,15.1,14,14.5,14.8,13.2,16.4,15.8,15.3,14.8,13.8,13.1,13.1,13.2,13.2,13,12.8,12.6,12.3,12.1,11.8,11.6,..
"Birth rate, crude (per 1,000 people)",SP.DYN.CBRT.IN,West Bank and Gaza,PSE,..,..,..,..,..,..,..,..,..,..,..,..,..,..,..,..,..,..,..,..,..,..,..,..,..,..,..,..,..,..,45.22,44.86,44.5,44.14,43.78,43.42,43.06,42.7,42.1,41.4,40.9,40.2,39.6,38.8,38.1,37.3,36.7,35.855,33.45,33.406,33.727,33.382,32.894,32.521,32.477,32.726,31.921,30.973,30.126,29.466,28.8,28.236,27.69,..
"Birth rate, crude (per 1,000 people)",SP.DYN.CBRT.IN,World,WLD,31.86485614,31.12266041,35.07481281,36.25129408,35.10665627,34.44954174,33.38203445,33.10232634,33.21939766,32.72774247,32.47333838,31.74094942,31.2701733,30.63633715,29.77706036,29.1002873,28.27856273,27.88490771,27.61589688,27.53067001,27.5842131,28.06916661,28.27857621,27.68325929,27.44506229,27.4497022,27.56686038,27.47544431,26.99860422,26.49384897,26.07041391,25.4874544,24.83863787,24.43706428,24.07395479,23.65423491,23.33361042,22.98052697,22.54332487,22.11287725,21.88363366,21.59498223,21.28579257,21.00341401,20.83602747,20.66108546,20.49310424,20.45907632,20.39912473,20.22376232,20.06670521,20.18110656,20.29557042,19.79153755,19.70470645,19.17472725,19.23313971,18.75942665,18.23784541,17.87676334,17.28557771,17.0007559,16.69985871,..
"Birth rate, crude (per 1,000 people)",SP.DYN.CBRT.IN,"Yemen, Rep.",YEM,54.408,54.704,54.784,54.943,55.318,55.422,55.646,55.724,55.527,55.168,55.138,55.067,55.02,54.674,54.486,54.637,54.505,54.501,54.198,54.735,54.635,54.372,54.209,53.995,53.537,53.244,52.834,52.377,51.882,51.199,50.636,50.021,49.388,48.668,47.452,46.071,43.273,42.498,41.478,41.105,40.24,39.236,38.654,38.546,38.214,37.917,37.776,37.177,36.722,36.2,35.791,35.49,35.125,34.794,34.428,33.933,33.348,32.713,32.305,31.778,31.252,30.544,29.919,..
"Birth rate, crude (per 1,000 people)",SP.DYN.CBRT.IN,Zambia,ZMB,49.929,50.026,50.064,50.037,49.959,49.852,49.747,49.66,49.675,49.719,49.759,49.664,49.616,49.48,49.256,49.349,49.11,48.902,48.583,48.221,47.614,47.677,47.767,47.758,47.712,47.845,47.809,47.588,47.412,47.404,47.11,47.118,47.008,47.084,47.143,47.048,46.802,46.508,46.32,46.155,45.866,45.227,44.746,44.399,44.349,44.242,44.014,43.484,42.981,42.397,41.794,41.162,40.352,39.507,38.584,37.832,37.242,36.601,36.04,35.462,34.953,34.511,34.127,..
"Birth rate, crude (per 1,000 people)",SP.DYN.CBRT.IN,Zimbabwe,ZWE,47.26,47.039,46.867,46.611,46.398,46.246,46.058,45.949,45.949,45.973,46.065,46.194,46.522,47.002,47.215,47.265,47.121,46.725,46.613,46.321,46.218,46.494,45.918,45.119,43.413,41.976,40.505,39.157,37.211,35.578,34.796,34.412,34.125,33.142,32.818,32.625,33.19,33.799,34.521,35.263,35.637,35.961,35.924,35.88,35.45,34.947,34.501,34.81,35.59,36.749,37.056,37.205,36.804,36.246,35.122,33.96,33.171,32.516,32.074,31.518,31.009,30.537,30.086,..
"Population, total",SP.POP.TOTL,Afghanistan,AFG,9035043,9214083,9404406,9604487,9814318,10036008,10266395,10505959,10756922,11017409,11290128,11567667,11853696,12157999,12469127,12773954,13059851,13340756,13611441,13655567,13169311,11937581,10991378,10917982,11190221,11426852,11420074,11387818,11523298,11874088,12045660,12238879,13278974,14943172,16250794,17065836,17763266,18452091,19159996,19887785,20130327,20284307,21378117,22733049,23560654,24404567,25424094,25909852,26482622,27466101,28284089,29347708,30560034,31622704,32792523,33831764,34700612,35688935,36743039,37856121,39068979,40000412,40578842,41454761
"Population, total",SP.POP.TOTL,Africa Eastern and Southern,AFE,130072080,133534923,137171659,140945536,144904094,149033472,153281203,157704381,162329396,167088245,171984985,177022314,182126556,187524135,193186642,198914573,204802976,210680842,217074286,223974122,230792729,238043099,245822010,253644643,261458202,269450407,277621771,286067346,294498625,302939121,311748681,320442961,329082707,338324002,347441809,356580375,366138524,375646235,385505757,395750933,406156661,416807868,427820358,439173286,450928044,463076637,475606210,488580707,502070763,516003448,530308387,544737983,559609961,575202699,590968990,607123269,623369401,640058741,657801085,675950189,694446100,713090928,731821393,750503764
"Population, total",SP.POP.TOTL,Africa Western and Central,AFW,97630925,99706674,101854756,104089175,106388440,108772632,111246953,113795019,116444636,119203521,122086536,125072948,128176494,131449942,134911581,138569918,142337272,146258576,150402616,154721711,159166518,163762473,168585118,173255157,177880746,182811038,187889141,193104347,198485027,204062274,209566031,215178709,221191375,227246778,233360104,239801875,246415446,253207584,260297834,267506298,274968446,282780717,290841795,299142845,307725100,316588476,325663158,334984176,344586109,354343844,364358270,374790143,385360349,396030207,406992047,418127845,429454743,440882906,452195915,463365429,474569351,485920997,497387180,509398589
"Population, total",SP.POP.TOTL,Albania,ALB,1608800,1659800,1711319,1762621,1814135,1864791,1914573,1965598,2022272,2081695,2135479,2187853,2243126,2296752,2350124,2404831,2458526,2513546,2566266,2617832,2671997,2726056,2784278,2843960,2904429,2964762,3022635,3083605,3142336,3227943,3286542,3266790,3247039,3227287,3207536,3187784,3168033,3148281,3128530,3108778,3089027,3060173,3051010,3039616,3026939,3011487,2992547,2970017,2947314,2927519,2913021,2905195,2900401,2895092,2889104,2880703,2876101,2873457,2866376,2854191,2837849,2811666,2777689,2745972
"Population, total",SP.POP.TOTL,Algeria,DZA,11424922,11628883,11800771,11982118,12179813,12365976,12590069,12876118,13172614,13475960,13783719,14098936,14427072,14771147,15133502,15678596,16409170,17015994,17506974,18036655,18607174,19220704,19872348,20558115,21271969,22008544,22745499,23443624,24109536,24754485,25375810,25987928,26628568,27277048,27887279,28470191,29033044,29579301,30054133,30474354,30903893,31331221,31750835,32175818,32628286,33109249,33623506,34189416,34816961,35490445,36188236,36903376,37646166,38414171,39205031,40019529,40850721,41689299,42505035,43294546,44042091,44761099,45477389,46164219
"Population, total",SP.POP.TOTL,American Samoa,ASM,20133,20666,21298,21966,22673,23406,24136,24863,25614,26375,27026,27533,27995,28436,28875,29390,29959,30521,31076,31611,32403,33584,34909,36271,37667,39103,40571,42072,43615,45191,46640,47882,49038,50159,51251,52316,53353,54362,55334,56248,56855,57053,57062,56971,56818,56617,56374,56113,55828,55528,55228,54895,54489,54006,53466,52878,52245,51586,50908,50209,49761,49225,48342,47521
"Population, total",SP.POP.TOTL,Andorra,AND,9510,10283,11086,11915,12764,13634,14626,15837,17176,18555,19977,21442,22957,24523,26130,27773,29436,31097,32735,34306,35782,37169,38764,40565,42273,43825,45734,47653,49416,50620,52597,56667,60200,63272,64612,63912,63984,64700,65382,65710,65685,65852,66506,69486,74325,77421,79585,81877,83495,83888,80706,77783,76834,75194,73737,72174,72181,73763,75162,76474,77380,78364,79705,80856
"Population, total",SP.POP.TOTL,Angola,AGO,5231654,5301583,5354310,5408320,5464187,5521981,5581386,5641807,5702699,5763685,5852788,5991102,6174262,6388528,6613367,6842947,7074664,7317829,7576734,7847207,8133872,8435607,8751648,9082983,9425917,9779120,10139450,10497858,10861291,11238562,11626360,12023529,12423712,12827135,13249764,13699778,14170973,14660413,15159370,15667235,16194869,16747208,17327699,17943712,18600423,19291161,20015279,20778561,21578655,22414773,23294825,24218352,25177394,26165620,27160769,28157798,29183070,30234839,31297155,32375632,33451132,34532429,35635029,36749906
"Population, total",SP.POP.TOTL,Antigua and Barbuda,ATG,55603,56540,57336,58138,59020,59970,60900,61837,62809,63819,64528,64729,64615,64342,64058,63839,63762,63862,64038,64274,64513,64665,64785,64934,64882,64591,64276,63946,63623,63325,63066,63387,64404,65587,66843,68189,69612,71053,72412,73666,74912,76069,77032,77884,78719,79611,80604,81704,82912,84173,85320,86332,87260,88064,88765,89409,89969,90468,90926,91364,91846,92349,92840,93316
"Population, total",SP.POP.TOTL,Arab World,ARB,91540853,93931683,96428599,99038509,101729760,104494008,107403055,110491709,113712171,117053219,120469263,123950810,127535560,131335660,135282861,139495837,144014135,148599336,153568663,159054118,164657321,170015485,175370356,180973288,186733957,192563243,198509771,204524595,210269696,215969068,223184294,228402316,234321565,240926205,247626514,253952538,260229121,266565183,273094199,279709634,286548096,293580252,300691509,307815105,315060277,322628451,330526310,338947976,347684619,356386673,363568534,372054934,381030177,390954281,400231008,410190679,419808341,428315886,435998060,444281315,453723239,460646603,471352066,481667539
"Population, total",SP.POP.TOTL,Argentina,ARG,20386045,20726276,21072538,21421705,21769453,22112629,22453893,22799059,23150583,23508711,23878327,24257208,24644328,25046005,25461351,25874107,26282283,26701805,27132158,27568895,28011596,28463959,28924262,29391332,29863093,30336441,30811980,31291762,31780532,32270948,32755901,33230294,33693527,34152717,34613491,35070020,35513793,35947791,36372860,36794682,37213984,37624825,38029349,38424282,38815916,39216789,39622115,40016763,40424148,40854831,41288694,41730660,42161721,42582455,43024071,43477012,43900313,44288894,44654882,44973465,45191965,45312281,45407904,45538401
"Population, total",SP.POP.TOTL,Armenia,ARM,1863705,1927484,1991689,2056023,2120135,2183635,2246159,2307492,2367319,2424030,2475633,2525345,2577079,2630860,2686445,2743660,2818165,2912827,3012807,3078501,3107415,3135349,3163144,3191539,3224547,3260432,3294847,3328520,3355125,3443100,3552128,3613977,3571861,3453332,3364610,3307581,3278735,3246289,3208401,3167286,3221100,3211800,3199800,3182500,3164900,3146400,3127100,3107400,3087100,3066000,3044800,3027900,3024100,3022000,3013800,3004600,2992300,2979400,2969000,2962500,2961500,2962300,2969200,2990900
"Population, total",SP.POP.TOTL,Aruba,ABW,54922,55578,56320,57002,57619,58190,58694,58990,59069,59052,58950,58781,58047,58299,58349,58295,58368,58580,58776,59191,59909,60563,61276,62228,62901,61728,59931,59159,59331,60443,62753,65896,69005,73685,77595,79805,83021,86301,88451,89659,90588,91439,92074,93128,95138,97635,99405,100150,100917,101604,101838,102591,104110,105675,106807,107906,108727,108735,108908,109203,108587,107700,107310,107359
"Population, total",SP.POP.TOTL,Australia,AUS,10276477,10483000,10742000,10950000,11167000,11388000,11651000,11799000,12009000,12263000,12507000,12937000,13177000,13380000,13723000,13893000,14033000,14192000,14358000,14514000,14692000,14923260,15184247,15393472,15579391,15788312,16018350,16263874,16532164,16814416,17065128,17284036,17478635,17634808,17805468,18004882,18224767,18423037,18607584,18812264,19028802,19274701,19495210,19720737,19932722,20176844,20450966,20827622,21249199,21691653,22031750,22340024,22733465,23128129,23475686,23815995,24190907,24592588,24963258,25334826,25649248,25685412,26014399,26658948
"Population, total",SP.POP.TOTL,Austria,AUT,7047539,7086299,7129864,7175811,7223801,7270889,7322066,7376998,7415403,7441055,7467086,7500482,7544201,7586115,7599038,7578903,7565525,7568430,7562305,7549425,7549433,7568710,7574140,7561910,7561434,7564985,7569794,7574586,7585317,7619567,7677850,7754891,7840709,7905633,7936118,7948278,7959017,7968041,7976789,7992324,8011566,8042293,8081957,8121423,8171966,8227829,8268641,8295487,8321496,8343323,8363404,8391643,8429991,8479823,8546356,8642699,8736668,8797566,8840521,8879920,8916864,8955797,9041851,9131761
"Population, total",SP.POP.TOTL,Azerbaijan,AZE,3894500,4045750,4168150,4293550,4439250,4574650,4708150,4832000,4948500,5063300,5172050,5282950,5391450,5493900,5594100,5689050,5781000,5876150,5976150,6071300,6160500,6257750,6357550,6459800,6567850,6670150,6770300,6875350,6974600,7076550,7175200,7271300,7382050,7494800,7596550,7684850,7763000,7838250,7913000,7982750,8048600,8111200,8171950,8234100,8306500,8391850,8484550,8581300,8763400,8947243,9054332,9173082,9295784,9416801,9535079,9649341,9757812,9854033,9939771,10024283,10093121,10137750,10141756,10153958
"Population, total",SP.POP.TOTL,"Bahamas, The",BHS,116317,122197,128493,135087,141528,147952,154874,162267,170089,177981,184982,190857,196055,200791,205342,209886,214501,219157,223761,228230,232526,236614,240614,244698,248863,253154,257536,261935,266448,271178,275945,280731,285927,291339,296509,301461,306268,310904,315368,319614,323835,327836,331614,335618,339782,343894,348375,353334,358120,362810,367478,371729,375469,378953,382298,385346,388055,390485,392717,394675,395863,396373,397538,399440
"Population, total",SP.POP.TOTL,Bahrain,BHR,165477,172346,179349,186501,193816,200866,207543,214189,219337,222469,224809,230733,242113,255320,269038,283243,297863,312823,328046,343457,358978,373524,386983,400707,415154,430358,446286,462854,479929,497327,514797,503052,516458,530225,544366,558879,573792,589115,604842,620989,637582,661316,710553,764517,823741,888822,960424,1039295,1103496,1178415,1228543,1195020,1208964,1253191,1314562,1370322,1423726,1501116,1503091,1483756,1472204,1504365,1524693,1577059
"Population, total",SP.POP.TOTL,Bangladesh,BGD,51828660,53310348,54881146,56504402,58178374,59902519,61669806,63510929,65408276,67294133,69058894,70276758,71641519,73722294,75839348,77854351,79855318,81867264,83889655,85935072,88016432,90303105,92814507,95335155,97814966,100253825,102635572,104959291,107216008,109433799,111633717,113787109,115952192,118132360,120343179,122600370,124862179,127198069,129622332,132108065,134544304,136805810,138933658,140970351,142902856,144715786,146405973,147989278,149474264,150873714,152201981,153591076,155070101,156532141,157964929,159383179,160811932,162186147,163523103,164913055,166298024,167658854,169384897,171466990
"Population, total",SP.POP.TOTL,Barbados,BRB,230893,233148,235224,237557,239958,242417,244996,247091,248540,249444,249387,249168,249658,250322,250777,251175,251442,251626,251551,251269,251524,252270,253095,253992,254920,255820,256618,257279,257763,258109,258582,259373,260267,261027,261620,262039,262284,262392,262436,262517,262063,262425,264148,265776,267298,268706,270002,271288,272714,274123,275243,276139,276938,277665,278348,278990,279598,280171,280711,281207,281698,282147,282318,282336
"Population, total",SP.POP.TOTL,Belarus,BLR,8198000,8271216,8351928,8437232,8524224,8610000,8696496,8785648,8874552,8960304,9040000,9115576,9188968,9257272,9317584,9367000,9411000,9463000,9525000,9584000,9643000,9710000,9776000,9843000,9910000,9975000,10043000,10111000,10140000,10170000,10189348,10194050,10216470,10239050,10226955,10193831,10159569,10117433,10071963,10026738,9979610,9928549,9865548,9796749,9730146,9663915,9604924,9560953,9527985,9504583,9483836,9461643,9446836,9443211,9448515,9461076,9469379,9458989,9438785,9419758,9379952,9302585,9228071,9178298
"Population, total",SP.POP.TOTL,Belgium,BEL,9153489,9183948,9220578,9289770,9378113,9463667,9527807,9580991,9618756,9646032,9655549,9673162,9711115,9741720,9772419,9800700,9818227,9830358,9839534,9848382,9859242,9858982,9856303,9855520,9855372,9858308,9861823,9870234,9901664,9937697,9967379,10004486,10045158,10084475,10115603,10136811,10156637,10181245,10203008,10226419,10251250,10286570,10332785,10376133,10421137,10478617,10547958,10625700,10709973,10796493,10895586,11038264,11106932,11159407,11209057,11274196,11331422,11375158,11427054,11488980,11538604,11586195,11680210,11787423
"Population, total",SP.POP.TOTL,Belize,BLZ,91318,93632,96042,98704,101603,104675,107906,111272,114713,118040,120736,122805,124676,126445,128185,130387,133099,135887,138713,141678,145062,148786,152548,156297,160044,163796,167554,171338,175180,179107,183076,187040,190983,194902,199097,204146,210310,217446,225173,233059,240799,248379,256009,263780,271688,279731,287878,296100,304361,312614,320245,327298,334414,341627,348923,356333,364705,373202,380226,385829,390812,395346,402733,411106
"Population, total",SP.POP.TOTL,Benin,BEN,2517286,2559223,2604659,2652908,2704003,2757936,2814317,2872997,2934257,2998222,3065057,3134767,3207543,3283496,3362633,3445407,3532196,3623202,3718305,3818528,3925251,4038307,4156596,4278978,4405895,4538012,4675420,4818486,4967341,5121657,5281479,5446932,5617844,5872706,6096506,6226773,6391858,6583365,6789489,7002818,7221619,7445596,7675426,7913070,8159094,8426144,8693242,8953969,9228466,9509423,9797484,10093623,10397657,10708834,11030004,11360681,11697842,12039780,12383347,12726755,13070169,13413417,13759501,14111034
"Population, total",SP.POP.TOTL,Bermuda,BMU,42208,43123,44239,45340,46410,47461,48534,49514,50404,51306,52124,52607,52803,52946,53056,53129,53210,53322,53431,53517,53673,53997,54387,54777,55169,55547,55889,56265,56699,57129,57559,57984,58407,58816,59194,59526,59813,60177,60639,61124,61550,61867,62142,62386,62555,62711,62834,63010,63300,63565,63725,63733,63646,63574,63529,63464,63449,63578,63831,64107,64382,64648,64749,64698
"Population, total",SP.POP.TOTL,Bhutan,BTN,224084,230602,237636,245156,252987,261200,269820,278852,288311,298214,308528,319211,330264,341705,353538,365791,378490,391639,405243,419200,433404,447836,462485,477460,492784,508392,524324,540557,556986,573586,589287,599784,577774,554673,554497,547989,548784,558697,569435,582579,596863,610794,624409,637663,650544,661865,670799,678641,686351,693988,701632,709377,717279,725273,733139,740618,747866,754335,759759,764824,770006,775442,780914,786385
"Population, total",SP.POP.TOTL,Bolivia,BOL,3702323,3778731,3857493,3938913,4022996,4109796,4199550,4292572,4388944,4488232,4590010,4694342,4800978,4910200,5022475,5137539,5256496,5379166,5504123,5630849,5758900,5888109,6018088,6149060,6281868,6416185,6552479,6692162,6835508,6981766,7130142,7280289,7430336,7579195,7727322,7874676,8021736,8167900,8313394,8459806,8606326,8752736,8900355,9050700,9204287,9360754,9521689,9685960,9850858,10016275,10182345,10348929,10515807,10682608,10848888,11014705,11180020,11344587,11508368,11671386,11816299,11937360,12077154,12244159
"Population, total",SP.POP.TOTL,Bosnia and Herzegovina,BIH,3281381,3348035,3407532,3461942,3513441,3562834,3610562,3656223,3698794,3737765,3773247,3809376,3848271,3887376,3926472,3965743,4004552,4042124,4078240,4113300,4148426,4184217,4221100,4258728,4295536,4330364,4362115,4390246,4414404,4433983,4448652,4458343,4234616,3904482,3725412,3715564,3875246,4018227,4089356,4130305,4159771,4179438,4188002,4178523,4140987,4096493,4063272,4013424,3947544,3879794,3811472,3741798,3670113,3610859,3564829,3518541,3473003,3428682,3387000,3345533,3299349,3244907,3204802,3185073
"Population, total",SP.POP.TOTL,Botswana,BWA,516165,527942,540186,552966,566266,574664,577866,580933,583966,587066,590334,600481,622407,652408,685448,720380,758508,799574,849239,901742,937485,969996,1009269,1046137,1083660,1121945,1160650,1199167,1235476,1270274,1305696,1341756,1380033,1420115,1460023,1498836,1535914,1571691,1606899,1641997,1677382,1712254,1744763,1775736,1807146,1839877,1874516,1911201,1949970,1990673,2033111,2073535,2108617,2140682,2172044,2203273,2234776,2266747,2299141,2332083,2365894,2401441,2439892,2480244
"Population, total",SP.POP.TOTL,Brazil,BRA,72388126,74605447,76865323,79164235,81488595,83817583,86139359,88446124,90741240,93045777,95375651,97739273,100146797,102600976,105089675,107619565,110213349,112875292,115600942,118380821,121207461,124063109,126923155,129790077,132658864,135515595,138336370,141104944,143826357,146502972,149143223,151724256,154275079,156794577,159265006,161735073,164202549,166661659,169159655,171641543,174018282,176301203,178503484,180622688,182675143,184688101,186653106,188552320,190367302,192079951,193701929,195284734,196876111,198478299,200085127,201675532,203218114,204703445,206107261,207455459,208660842,209550294,210306415,211140729
"Population, total",SP.POP.TOTL,British Virgin Islands,VGB,7950,8034,8070,8114,8168,8257,8413,8646,9000,9533,9933,10095,10235,10367,10494,10606,10709,10800,10886,10965,11130,11479,11921,12370,12820,13269,13726,14194,14680,15180,15704,16187,16593,16989,17406,17840,18287,18756,19238,19730,20241,20796,21430,22134,22881,23665,24493,25366,26288,27218,27675,28710,30345,31703,32962,34498,33878,32699,34657,36395,37135,37809,38319,38985
"Population, total",SP.POP.TOTL,Brunei Darussalam,BRN,88347,92517,96719,101159,105922,110838,115874,121017,126222,131446,135138,137921,142189,147369,152656,158070,163607,169277,174884,180422,186111,191977,198165,204741,211661,218919,226495,233860,240913,248064,255292,262596,269839,276971,284091,291195,298276,305341,312385,319411,326424,333345,340099,346637,352911,358916,364663,370873,377793,384952,392332,399389,405557,411202,416750,422212,427564,432772,437810,442680,447404,451721,455370,458949
"Population, total",SP.POP.TOTL,Bulgaria,BGR,7867374,7943118,8012946,8078145,8144340,8204168,8258057,8310226,8369603,8434172,8489574,8536395,8576200,8620967,8678745,8720742,8758599,8804183,8814032,8825940,8861535,8891117,8917457,8939738,8960679,8960547,8958171,8971359,8981446,8876972,8718289,8632367,8540164,8472313,8443591,8406067,8362826,8312068,8256786,8210624,8170172,8009142,7837161,7775327,7716860,7658972,7601022,7545338,7492561,7444443,7395599,7348328,7305888,7265115,7223938,7177991,7127822,7075947,7025037,6975761,6934015,6877743,6643324,6446596
"Population, total",SP.POP.TOTL,Burkina Faso,BFA,4778621,4848224,4919672,4993623,5071034,5152833,5237933,5326348,5418644,5513177,5610304,5707999,5807234,5911927,6024904,6147569,6280635,6428734,6590984,6763903,6947900,7140271,7340197,7551129,7772256,7999935,8228847,8457109,8687435,8921175,9159356,9394632,9629275,9871713,10123798,10386722,10655942,10934223,11240664,11574928,11925546,12295001,12680897,13082532,13500533,13932123,14373707,14816307,15258093,15710066,16176498,16661908,17172287,17695409,18229461,18777487,19334856,19894407,20438288,20961952,21478690,21995243,22509038,23025776
"Population, total",SP.POP.TOTL,Burundi,BDI,2764258,2835119,2907943,2969841,3055650,3141367,3217960,3300690,3380387,3454590,3530432,3617289,3617128,3611991,3703590,3796612,3882626,3983582,4100338,4203530,4383706,4566014,4681390,4808528,4926465,5034042,5129414,5247787,5365327,5471706,5587052,5703857,5858407,5676843,5713854,6066316,6070506,6070042,6187108,6337155,6470194,6634365,6824132,7043154,7310656,7587299,7865547,8161874,8505637,8947646,9376444,9717978,10071028,10439341,10799785,11047580,11239451,11506762,11859446,12255336,12617036,12965481,13321097,13689450
"Population, total",SP.POP.TOTL,Cabo Verde,CPV,210024,215087,221919,229373,237006,244856,252976,261404,270164,279248,287885,294046,297386,299881,302570,305847,309455,312834,316147,319480,323301,327846,332724,337654,342505,347365,352312,357302,362329,367803,375428,384586,393415,401965,410228,418104,425581,432798,439784,446519,453317,460293,467046,473383,479370,485115,490728,496190,501355,506141,509784,511447,511955,512225,512326,512394,512554,512893,513415,514104,514679,516649,519741,522331
"Population, total",SP.POP.TOTL,Cambodia,KHM,5449966,5571168,5697558,5823010,5946178,6072289,6201232,6332944,6467324,6604725,6639182,6620880,6673886,6739726,6783240,6581371,6134991,5668551,5211653,5088808,5199872,5284495,5436432,5636203,5845117,6043783,6285693,6557970,6812014,7073473,7374752,7686850,8113083,8616381,9239162,10018497,10801270,11570982,12058173,12265731,12462336,12658484,12855241,13050968,13244731,13439202,13639028,13841770,14053479,14276810,14500726,14722584,14945085,15170208,15396772,15623251,15852803,16073372,16274522,16481304,16725474,16974305,17201724,17423880
"Population, total",SP.POP.TOTL,Cameroon,CMR,5159057,5239273,5338620,5456623,5578257,5704686,5837295,5977318,6125863,6283462,6449793,6624408,6806872,6996660,7193583,7397120,7597962,7796501,8011921,8239641,8512219,8816377,9028678,9215397,9475078,9761730,10060342,10370749,10684968,11002745,11331821,11667180,12006353,12353131,12704903,13058516,13414757,13775214,14144860,14525140,14912631,15309490,15725528,16160340,16610487,17074594,17550407,18049896,18574056,19113974,19668066,20232304,20809529,21402376,22059893,22763414,23454161,24128601,24806383,25506095,26210558,26915758,27632771,28372687
"Population, total",SP.POP.TOTL,Canada,CAN,17909356,18271000,18614000,18964000,19325000,19678000,20048000,20412000,20744000,21028000,21324000,21962032,22218463,22491777,22807969,23143275,23449808,23725843,23963203,24201544,24515667,24819915,25116942,25366451,25607053,25842116,26100278,26446601,26791747,27276781,27691138,28037420,28371264,28684764,29000663,29302311,29610218,29905948,30155173,30401286,30685730,31020855,31359199,31642461,31938807,32242732,32571193,32888886,33247298,33630069,34005902,34339221,34713395,35080992,35434066,35704498,36110803,36545075,37072620,37618495,38028638,38239864,38939056,40097761
"Population, total",SP.POP.TOTL,Caribbean small states,CSS,1713405,1751114,1789993,1831474,1871841,1911273,1951498,1992341,2033780,2075219,2112837,2145975,2170696,2187173,2202042,2216264,2230099,2243168,2255006,2265603,2277343,2290222,2302968,2316087,2329434,2343204,2356746,2368654,2380540,2392809,2402741,2415594,2434849,2454690,2475465,2500748,2528256,2555837,2583369,2610521,2636455,2661520,2686785,2712281,2735189,2754974,2774985,2795667,2816379,2836793,2855621,2873088,2893251,2917125,2941203,2964524,2987438,3009507,3048465,3079149,3092577,3111609,3131505,3152394
"Population, total",SP.POP.TOTL,Cayman Islands,CYM,8428,8601,8781,8970,9166,9361,9560,9769,9971,10165,10517,11098,11764,12438,13114,13788,14454,15105,15727,16351,17079,17905,18750,19598,20454,21324,22197,23073,23951,24874,25999,27294,28621,29976,31352,32743,34143,35543,36922,38284,39674,41089,42514,43934,45352,46788,48232,49687,51151,52618,54099,55606,57136,58655,60160,61642,63100,64535,65941,67327,68684,70108,71591,73038
"Population, total",SP.POP.TOTL,Central African Republic,CAF,1702346,1734580,1768115,1803063,1839583,1877854,1918082,1960444,2005100,2051515,2097505,2141450,2183769,2226008,2269338,2313916,2348566,2372930,2397961,2423794,2450535,2478402,2507375,2537399,2568610,2600932,2634258,2669155,2713965,2783970,2871910,2963191,3058831,3157839,3257954,3348052,3435965,3531700,3628827,3729450,3833416,3919487,4006077,4103086,4192826,4288810,4377579,4462770,4558984,4529047,4492995,4565021,4610848,4642419,4623182,4629320,4713663,4793511,4878657,4944703,5026628,5112100,5098039,5152421
"Population, total",SP.POP.TOTL,Central Europe and the Baltics,CEB,91401764,92232738,93009498,93840016,94715795,95440988,96146336,97043270,97884022,98606630,99134548,99635258,100357161,101112680,101939916,102860571,103776068,104616884,105329397,105948616,106541316,107129392,107730380,108297837,108838073,109338285,109824166,110296425,110686740,110801640,110743128,110469467,110111454,110041924,110021594,109864246,109626194,109422013,109238340,109060951,108447824,107660041,106959751,106624167,106331716,106041911,105772481,105378748,105001883,104800475,104421447,104174038,103928128,103691959,103459388,103206007,102926796,102656954,102439383,102282674,102046650,100647592,100289401,100175859
"Population, total",SP.POP.TOTL,Chad,TCD,3049838,3111947,3175598,3240905,3307479,3374220,3440903,3508512,3578231,3651113,3727828,3807316,3893252,3985909,4078356,4167234,4251297,4331667,4411366,4505384,4515453,4520959,4738483,4979130,5045145,5096269,5251069,5438309,5625602,5819586,5982833,6205676,6474656,6629146,6783450,7089064,7410108,7670366,7938840,8222705,8512093,8804124,9116192,9487833,9920036,10328092,10706424,11081660,11476296,11893754,12312575,12754997,13210998,13691079,14188678,14647621,15114655,15622759,16156531,16685223,17224679,17828273,18455316,19319064
"Population, total",SP.POP.TOTL,Channel Islands,CHI,110808,111782,112953,114234,115561,116879,118186,119505,120793,122039,123288,124555,125764,126873,127893,128781,129391,129726,129981,130220,130462,131078,132172,133413,134727,136075,137413,138743,140089,141501,143087,144269,144733,144984,145163,145247,145565,146214,146906,147554,148110,148850,149881,150960,152039,153126,154214,155309,156408,157511,158621,159706,160767,161777,162726,163454,163883,164319,164949,165639,166235,166741,167215,167691
"Population, total",SP.POP.TOTL,Chile,CHL,8153350,8324802,8497059,8670144,8842525,9012938,9181722,9348939,9514716,9680282,9845344,10009701,10174678,10340362,10505817,10671559,10838251,11005519,11172695,11339779,11508550,11678717,11850214,12026138,12207733,12395274,12588914,12790150,12999424,13215005,13437176,13662491,13884577,14102276,14316256,14527381,14734046,14932434,15127799,15319313,15503635,15683849,15857925,16024752,16187322,16348778,16509195,16671581,16838988,17009731,17181464,17351816,17519119,17687006,17864195,18047625,18267221,18558868,18893191,19197744,19370624,19456334,19553036,19658835
"Population, total",SP.POP.TOTL,China,CHN,667070000,660330000,665770000,682335000,698355000,715185000,735400000,754550000,774510000,796025000,818315000,841105000,862030000,881940000,900350000,916395000,930685000,943455000,956165000,969005000,981235000,993885000,1008630000,1023310000,1036825000,1051040000,1066790000,1084035000,1101630000,1118650000,1135185000,1150780000,1164970000,1178440000,1191835000,1204855000,1217550000,1230075000,1241935000,1252735000,1262645000,1271850000,1280400000,1288400000,1296075000,1303720000,1311020000,1317885000,1324655000,1331260000,1337705000,1345035000,1354190000,1363240000,1371860000,1379860000,1387790000,1396215000,1402760000,1407745000,1411100000,1412360000,1412175000,1410710000
"Population, total",SP.POP.TOTL,Colombia,COL,15606209,16095203,16599029,17113823,17637411,18169050,18702688,19235618,19766796,20291942,20811782,21319096,21819563,22325374,22833469,23344644,23858810,24393494,24950337,25515626,26104498,26713267,27338331,27988173,28642690,29268470,29879112,30499467,31130524,31776279,32440069,33098372,33760571,34441473,35127410,35804662,36462745,37121149,37792165,38454863,39089934,39709262,40324680,40937429,41543171,42128977,42691084,43235374,43758808,44271541,44777319,45259614,45715810,46151584,46565429,46969940,47437512,48131078,49024465,49907985,50629997,51188173,51737944,52321152
"Population, total",SP.POP.TOTL,Comoros,COM,197700,201201,204702,208185,211644,214967,218663,223859,230244,237001,244185,251865,260077,268820,278075,287692,297538,307579,317688,327791,337721,347382,357139,367233,377637,388352,399318,410439,421687,433103,444596,455556,465113,473682,482142,490586,499107,507777,516597,525886,536080,547220,558923,569798,580704,592677,604753,616927,629307,641947,654836,668056,681630,696192,711503,726682,741741,756669,771590,786578,802163,818174,834188,850387
"Population, total",SP.POP.TOTL,"Congo, Dem. Rep.",COD,15264846,15662374,16075724,16507599,16955327,17427802,17931929,18462782,19012189,19570445,20137436,20695569,21251160,21827665,22418878,23021101,23624031,24229061,24992689,25886782,26711099,27500515,28338190,29250963,30245081,31264816,32265196,33298904,34382752,35486866,36684063,37925817,39228910,40656336,42626876,44433704,45296124,46029902,47297600,48912971,50507442,52132646,53750524,55343867,56997741,58775724,60615908,62477752,64390664,66412044,68563038,70849311,73254618,75789395,78403242,81035531,83956415,87083398,90047644,92947442,95989998,99148932,102396968,105789731
"Population, total",SP.POP.TOTL,"Congo, Rep.",COG,1056732,1084389,1113175,1143263,1174816,1207880,1242534,1278691,1316519,1356182,1397638,1441039,1486468,1533680,1582301,1627032,1667225,1707568,1748089,1788524,1828985,1869759,1910430,1950321,1999528,2059311,2120602,2183473,2247653,2313558,2380560,2449229,2519465,2595124,2673144,2749461,2826785,2887862,2952061,3032874,3151345,3272537,3350771,3445753,3565554,3696393,3837409,3980430,4113517,4281219,4462290,4609724,4740450,4857099,4975880,5097581,5222536,5351011,5483118,5616661,5752791,5892183,6035104,6182885
"Population, total",SP.POP.TOTL,Costa Rica,CRI,1327496,1377920,1429445,1481604,1533960,1586208,1638116,1689523,1739731,1789276,1838949,1888539,1938248,1988343,2039643,2092719,2147774,2205025,2264510,2326490,2390633,2456637,2524806,2595153,2667595,2741894,2817216,2892699,2968103,3043827,3121706,3202176,3284258,3367434,3451122,3535176,3619013,3701711,3782838,3862101,3937739,4008947,4075705,4138784,4200078,4261240,4321340,4380248,4440056,4499791,4555962,4609833,4663934,4716147,4767119,4818038,4866998,4913177,4957818,4999553,5034320,5059988,5081765,5105525
"Population, total",SP.POP.TOTL,Cote d'Ivoire,CIV,3673666,3810151,3956939,4112061,4273952,4442377,4617519,4799744,4990021,5192221,5411567,5650868,5909716,6184944,6474057,6776297,7057958,7321950,7603130,7902267,8220714,8556596,8907936,9272744,9650516,10040483,10440917,10851475,11275189,11719771,12189778,12683870,13200310,13735951,14287201,14855565,15442312,16047170,16663948,17215935,17699004,18178913,18654771,19125542,19595000,20068458,20546802,21030558,21514439,21997940,22488065,22982000,23467078,23939775,24527395,25246342,25989405,26733372,27464173,28193009,28915449,29639736,30395002,31165654
"Population, total",SP.POP.TOTL,Croatia,HRV,4140181,4167292,4196712,4225675,4252876,4280923,4310701,4338683,4365628,4391490,4412252,4431275,4450564,4470161,4490660,4512082,4535934,4559571,4581085,4594778,4599782,4611509,4634234,4658254,4680285,4701417,4721446,4739745,4755207,4767260,4777368,4689022,4575818,4600463,4652024,4620030,4557097,4534920,4532135,4512597,4468302,4299642,4302174,4303399,4304600,4310145,4311159,4310217,4309705,4305181,4295427,4280622,4260368,4233922,4201598,4151725,4106867,4041407,3988775,3949390,3914206,3878981,3855641,3859686
"Population, total",SP.POP.TOTL,Cuba,CUB,7238081,7387117,7541098,7701660,7866020,8030797,8193450,8352625,8509522,8666640,8824382,8979085,9123891,9255328,9374183,9479726,9571242,9648440,9711980,9763355,9804796,9849320,9912681,9991026,10073299,10157228,10244247,10335342,10432585,10533243,10631799,10717640,10785801,10841031,10886021,10925362,10962010,10997934,11034712,11072230,11109109,11144132,11177418,11209383,11238756,11262554,11278550,11287272,11291762,11294719,11297409,11301571,11303175,11298167,11285775,11275065,11265612,11247829,11227118,11202846,11176354,11122168,11059820,11019931
"Population, total",SP.POP.TOTL,Curacao,CUW,124826,126125,128414,130860,133148,135266,136682,138140,140298,142581,144739,147389,147710,146912,148351,149129,149399,149459,148341,147851,148041,148629,150101,151159,151940,152711,152662,151456,149254,146937,145400,144403,143912,144299,144630,145139,146306,146956,144472,139428,133860,129047,129205,131897,134192,137658,141239,144056,145880,146833,148703,150831,152088,153822,155909,157980,159664,160175,159336,157441,154947,152369,149996,147862
"Population, total",SP.POP.TOTL,Cyprus,CYP,586490,595514,601466,607252,612521,617736,623390,629251,635157,641189,647446,654050,661063,665937,663254,659405,662032,667101,672249,677549,683076,688893,696497,707225,719334,731277,743105,754785,766235,777420,788351,798944,810341,826034,844667,862695,880290,897568,914548,931234,947667,964127,981440,999590,1017875,1036151,1054418,1072714,1091026,1109371,1127816,1146493,1165397,1183895,1201801,1219502,1237112,1254275,1270737,1286671,1302247,1317309,1331370,1344976
"Population, total",SP.POP.TOTL,Czechia,CZE,9602006,9586651,9624660,9670685,9727804,9779358,9821040,9852899,9876346,9896580,9858071,9826815,9867632,9922266,9988459,10058620,10125939,10186755,10242098,10292341,10304193,10300591,10314826,10323856,10330213,10337118,10342227,10347318,10355276,10361068,10333355,10308578,10319123,10329855,10333587,10327253,10315241,10304131,10294373,10283860,10255063,10216605,10196916,10193998,10197101,10211216,10238905,10298828,10384603,10443936,10474410,10496088,10510785,10514272,10525347,10546059,10566332,10594438,10629928,10671870,10697858,10505772,10672118,10864042
"Population, total",SP.POP.TOTL,Denmark,DNK,4579603,4611687,4647727,4684483,4722072,4759012,4797381,4835354,4864883,4891860,4928757,4963126,4991596,5021861,5045297,5059862,5072596,5088419,5104248,5116801,5123027,5121572,5117810,5114297,5111619,5113691,5120534,5127024,5129516,5132594,5140939,5154298,5171370,5188628,5206180,5233373,5263074,5284991,5304219,5321799,5339616,5358783,5375931,5390574,5404523,5419432,5437272,5461438,5493621,5523095,5547683,5570572,5591572,5614932,5643475,5683483,5728010,5764980,5793636,5814422,5831404,5856733,5903037,5946952
"Population, total",SP.POP.TOTL,Djibouti,DJI,86024,89390,93283,97872,103198,109092,115269,121649,128250,136078,145175,155136,166256,178449,192613,209908,230737,254613,280031,304513,325815,343047,356880,369553,384053,402687,426341,454399,484523,523355,579538,631092,626010,614245,626710,633074,648348,671817,699352,724218,747318,771313,795574,813519,826124,839167,855764,874528,892734,911527,930251,948558,966747,984824,1002717,1020313,1037653,1054841,1071882,1088709,1105188,1121248,1137096,1152944
"Population, total",SP.POP.TOTL,Dominica,DMA,59372,60209,60948,61739,62587,63505,64507,65585,66732,67934,68908,69532,70060,70585,71091,71570,72017,72406,72724,72959,73083,72986,72688,72365,72056,71744,71406,71023,70608,70153,69627,69296,69325,69433,69477,69469,69410,69299,69124,68870,68511,68288,68367,68531,68649,68734,68806,68847,68854,68864,68859,69053,69118,69715,70373,70410,69606,68496,68174,67880,67573,67202,66826,66510
"Population, total",SP.POP.TOTL,Dominican Republic,DOM,3268336,3373233,3479936,3588287,3698559,3808963,3921847,4038928,4157189,4277035,4399290,4524234,4651883,4782227,4914197,5046776,5180404,5315443,5451882,5589690,5729037,5868453,6007114,6147248,6289040,6430404,6571208,6712515,6855734,7002295,7151166,7299853,7447474,7594572,7741694,7888115,8032894,8174078,8310362,8446208,8584190,8720283,8852235,8980620,9104892,9225034,9341183,9455658,9573130,9695265,9820175,9945621,10070411,10193833,10315528,10434829,10551430,10666843,10782053,10894043,11008300,11123476,11230734,11331265
"Population, total",SP.POP.TOTL,Early-demographic dividend,EAR,968909356,994176841,1020130725,1046697479,1074021283,1101264258,1128474732,1156817324,1185936827,1215536741,1245960808,1276141826,1307009646,1339671375,1373219822,1407636737,1442753987,1478479688,1514572817,1552194676,1591961664,1634107159,1677532811,1721104015,1765269111,1810019176,1855391159,1901405537,1947928955,1994666990,2044241467,2092102478,2138854231,2184656122,2228719169,2273692181,2321284245,2369042441,2416119734,2462704115,2509431470,2556335424,2601917557,2647109296,2693184997,2738846905,2784726644,2830531957,2875943965,2921563644,2967104472,3013476947,3058869436,3103677284,3146800078,3190318707,3233033717,3274060446,3314245247,3355014793,3396051187,3432026092,3470644834,3511076811
"Population, total",SP.POP.TOTL,East Asia & Pacific,EAS,1042838451,1044749888,1059216594,1085095424,1110651177,1136869154,1166223463,1194632157,1224396287,1256164039,1288720409,1322855661,1354227576,1384604432,1413495985,1439633651,1463746788,1486396758,1509072365,1532260865,1555055134,1578588010,1604459614,1630462292,1655262815,1680467328,1706848193,1734703332,1762935833,1790596763,1817735540,1844189720,1869074614,1893258583,1917389243,1941185229,1964830092,1988067577,2010443502,2030912462,2050149617,2068682053,2086144389,2102761941,2118747885,2134573057,2150688938,2167046538,2183472438,2199148703,2214613815,2230826576,2249081393,2267072102,2284385542,2300844269,2317076058,2333475520,2347576325,2359771090,2369438682,2375144416,2379648296,2384463611
"Population, total",SP.POP.TOTL,East Asia & Pacific (excluding high income),EAP,895961535,895534581,907473022,930810837,953783472,977366928,1004271490,1030471073,1057697808,1086662478,1116395242,1146649477,1175176176,1202715705,1228688547,1252174248,1273922384,1294303118,1314775496,1335637622,1356226475,1377473854,1401081634,1424971585,1447871073,1471340337,1496124294,1522374575,1549038591,1575101307,1600739173,1625498444,1648872786,1671604370,1694244506,1716602413,1738632397,1760512371,1781546477,1800932833,1819011507,1836260943,1852659155,1868409996,1883675167,1898853723,1914002124,1929185103,1944305887,1959017463,1973602166,1989106668,2006566431,2023850158,2040383789,2056050896,2071486140,2087238522,2100698838,2112289891,2121866294,2128553744,2133560408,2137527754
"Population, total",SP.POP.TOTL,East Asia & Pacific (IDA & IBRD countries),TEA,884252517,883558197,895224912,918259043,940909509,964163938,990719244,1016529846,1043349620,1071912603,1101240545,1131095541,1159220113,1186384756,1212035036,1235222835,1256698596,1276830008,1297059239,1317673957,1338009609,1358992800,1382326011,1405938773,1428557744,1451742188,1476236205,1502192372,1528559240,1554321275,1579651917,1604095270,1627147885,1649557492,1671877438,1693960469,1715764488,1737429846,1758263635,1777464322,1795374943,1812475067,1828744767,1844349334,1859450104,1874487158,1889507244,1904568042,1919570287,1934167856,1948643347,1964036970,1981382735,1998548872,2014960984,2030504270,2045816761,2061449949,2074796982,2086281644,2095759417,2102350702,2107261123,2111139152
"Population, total",SP.POP.TOTL,Ecuador,ECU,4590891,4722331,4859269,5001716,5149918,5303963,5463748,5629057,5799680,5975236,6155387,6340052,6529034,6722033,6918573,7118251,7320912,7526819,7736167,7948869,8165877,8386910,8611298,8840417,9074782,9311154,9545998,9779290,10010808,10241852,10473673,10702380,10930128,11154274,11372197,11590514,11810950,12031127,12251184,12470795,12689206,12910740,13138472,13372306,13608701,13846163,14086131,14328773,14575202,14825954,15076695,15326227,15572194,15807128,16035124,16266225,16505139,16759519,17049547,17340021,17546065,17682454,17823897,17980083
"Population, total",SP.POP.TOTL,"Egypt, Arab Rep.",EGY,26896479,27600898,28337013,29091869,29858922,30629174,31406541,32196360,32998319,33811615,34623990,35433368,36258328,37102043,37969667,38875327,39795557,40748870,41761431,42818628,43950413,45147224,46407611,47786402,49247334,50734968,52206295,53674435,55187681,56710642,58396618,60028997,61480660,62915681,64285589,65652622,67028048,68431740,69943294,71520954,73083284,74652029,76239137,77853548,79477443,81101004,82700403,84276225,85864789,87501636,89196072,91093059,93161001,95333553,97528654,99597342,101644589,103696057,105682094,107553158,109315124,110957008,112618250,114535772
"Population, total",SP.POP.TOTL,El Salvador,SLV,2791459,2870016,2949204,3028679,3111883,3199466,3290961,3385184,3480773,3576485,3668796,3757523,3846830,3938068,4029671,4120449,4210310,4301256,4394114,4480388,4540382,4570599,4622477,4707367,4798003,4894706,4992769,5092441,5195833,5298979,5399726,5495077,5585609,5659957,5714129,5762131,5805286,5844578,5880781,5913900,5943366,5968060,5986631,5998599,6004671,6005578,6002319,6009824,6029297,6048279,6068249,6090127,6113975,6138839,6162955,6183676,6200800,6213533,6219807,6222318,6234673,6255782,6280319,6309624
"Population, total",SP.POP.TOTL,Equatorial Guinea,GNQ,269807,274896,280286,285965,291942,298238,304859,311805,318849,322517,320803,315940,309468,302281,294953,287901,281031,276779,276531,279846,288644,303252,322216,343421,364899,385547,404728,422522,439651,456808,474274,492217,510770,530023,550138,571264,593492,616893,641474,667214,703279,749836,797957,847862,899917,947367,990343,1036044,1084530,1135673,1189085,1241835,1293483,1346218,1399828,1453923,1508186,1562396,1616422,1670177,1716468,1758786,1803545,1847549
"Population, total",SP.POP.TOTL,Eritrea,ERI,972547,995573,1019788,1045092,1071287,1098335,1124957,1152339,1181737,1212005,1243453,1276154,1309235,1342669,1375688,1408210,1443807,1482565,1522378,1563332,1605797,1649939,1695461,1736160,1771730,1807816,1845164,1888669,1938255,1987017,2032737,1919571,1798748,1856006,1913915,2025267,2128464,2152135,2180419,2212780,2247031,2312079,2392978,2493903,2598284,2661215,2703502,2743222,2816327,2887885,2945186,2998485,3036988,3074360,3095173,3105546,3124698,3150347,3192760,3240194,3291271,3350183,3409447,3470390
"Population, total",SP.POP.TOTL,Estonia,EST,1211537,1225077,1241623,1258857,1277086,1294566,1308597,1318946,1331214,1345249,1360076,1376955,1392518,1405951,1418169,1429352,1439576,1450211,1460188,1468333,1477219,1487666,1498414,1508745,1518617,1528781,1540190,1552221,1561900,1568131,1569174,1561314,1533091,1494128,1462514,1436634,1415594,1399535,1386156,1390244,1396985,1388115,1379350,1370720,1362550,1354775,1346810,1340680,1337090,1334515,1331475,1327439,1322696,1317997,1314545,1315407,1315790,1317384,1321977,1326898,1329522,1330932,1348840,1370286
"Population, total",SP.POP.TOTL,Eswatini,SWZ,345337,353264,361365,369759,378656,388336,398766,409031,419147,429875,441216,453183,465788,479038,492988,507673,523330,540348,558446,577199,596644,616808,637652,658957,680783,706196,734732,763811,799798,837800,872428,908189,943416,971318,971212,970433,989841,1006635,1019653,1030782,1041414,1051064,1059441,1066700,1073159,1079022,1084436,1090705,1098091,1105153,1111650,1117833,1123863,1129990,1136299,1142813,1149507,1158195,1168929,1179874,1192729,1206593,1218917,1230506
"Population, total",SP.POP.TOTL,Ethiopia,ETH,21376693,21906102,22465126,23051637,23666548,24310612,24952689,25620276,26337930,27072571,27829128,28600106,29374608,30166785,30957273,31723252,32534418,33167272,33734592,34238652,34428514,35304012,36701290,37740817,38735722,39842136,41037656,42460039,44150825,45879690,47609755,49717198,51853747,53708891,55611508,57537335,59467635,61404539,63363524,65374561,67411494,69487762,71635517,73832663,76077206,78367470,80703490,83103217,85543668,88007636,90538514,93149970,95798767,98438751,101115610,103867135,106718162,109666481,112664152,115737383,118917671,122138588,125384287,128691692
"Population, total",SP.POP.TOTL,Euro area,EMU,270148970,272472951,274815182,277205348,279621056,282028347,284299197,286298506,288206171,290179378,291834356,293516097,295527442,297413652,299065145,300516726,301804324,303021757,304275086,305541545,306894340,308127421,308901125,309543455,310046458,310617659,311372728,312223048,313272522,314634075,316087007,317407910,318742973,320053176,321024031,321808185,322568383,323306275,323976358,324781951,325789631,326858314,328438861,330200359,331997265,333700554,335243820,336965048,338594025,339676755,340460814,339719975,340447763,341575309,342713336,343698622,344655545,345333240,346105839,346454019,346922366,347094588,348627172,349670802
"Population, total",SP.POP.TOTL,Europe & Central Asia,ECS,667887811,675549997,683342108,691189404,699058435,706683416,713443573,720146318,726634174,733044421,738724073,744432963,750728655,756775460,762546552,768080678,773619713,779117798,784556247,789862141,795362835,800542417,805247476,809947364,814856984,819874109,825034695,830294805,835601587,840881506,845290251,849169384,852664500.5,855554221,857724585.5,859504753,861073424.5,862335055.5,863317612.5,864306932,865392493.5,866587785.5,868204040,870443479,872926624.5,875366720.5,877911050,880338408.5,883840223,887281039,890448752,892361936.5,895889705,900033335,904324263.5,908458970.5,912576858.5,916236104.5,919738352.5,922811778,925088545.5,925075848,925385334.5,924969865
"Population, total",SP.POP.TOTL,Europe & Central Asia (excluding high income),ECA,128810451,131617926,134400419,137187829,139973968,142668572,145371529,148087983,150777578,153462746,155918823,158428591,161049046,163601189,166121814,168594458,171119860,173726978,176315643,178774505,181309432,183746315,186272610,188979984,191755370,194525195,197344981,200194022,202990335,205733205,208212866,210169114,212032318.5,213395945,214329900.5,215114964,216002099.5,216672058.5,217104724.5,217579952,218486597.5,219435055.5,220400259,221399692,222413289.5,223360134.5,224417513,225016071.5,226524480,228250911,230106440,231988171.5,233914075,235981960,238112723.5,240230296.5,242407763.5,244530211.5,246654915.5,248858341,250655325.5,252183790,250834021.5,249146208
"Population, total",SP.POP.TOTL,Europe & Central Asia (IDA & IBRD countries),TEC,308759361,313483586,318186127,322961499,327774760,332375189,336304737,340454289,344535295,348509849,352139347,355796328,359698417,363554198,367431547,371336064,375469327,379635878,383687824,387559928,391562181,395441598,399353523,403378262,407686015,411980043,416211558,420430601,424466137,428221424,430990546,433132067,434844448.5,436152186,437106290.5,437796116,438325525.5,438638045.5,438735254.5,438650260,438423540.5,438100367.5,437806951,437905932,438136035.5,438333195.5,438714358,438680282.5,439732746,441304973,442936599,444846099.5,446979977,449310524,451696196.5,454002756.5,456330266.5,458504366.5,460515553.5,462573906,463913014.5,463790894,461440170.5,459025452
"Population, total",SP.POP.TOTL,European Union,EUU,357710931,360682976,363708887,366840786,370055037,373129199,376058575,378902917,381579577,384226226,386406167,388553371,391197266,393739994,396124649,398397694,400490355,402445831,404312949,406112162,407986180,409724709,410988238,412072128,412998350,413962998,415087013,416296769,417653885,419102379,420525030,421741276,422968989,424344744,425404352,426210050,426905134,427547651,428120105,428825949,429339162,429906426,430893295,432426935,434050396,435591941,437007921,438478066,439886269,440928484,441546320,440766686,441416943,442486978,443589388,444550397,445487171,446177810,446953938,447303223,447653554,446564156,447847220,448804042
"Population, total",SP.POP.TOTL,Faroe Islands,FRO,34127,34557,34963,35391,35847,36347,36816,37202,37560,37907,38269,38703,39172,39636,40106,40568,41020,41468,41968,42521,43072,43626,44171,44670,45141,45707,46131,46701,47355,47958,47740,47446,47287,46473,44694,43610,43580,44131,44674,45146,45754,46635,47335,48032,48384,48359,48335,48378,48547,48791,48657,48543,48291,48246,48428,48901,49464,50182,50998,51795,52571,53315,53952,54482
"Population, total",SP.POP.TOTL,Fiji,FJI,404887,417406,430536,444276,458324,472575,486487,498873,510002,520797,531188,541121,550499,559222,567489,575906,585534,597805,612091,626862,641975,657471,673414,689835,706716,723761,739306,750540,758697,766321,773316,779656,785346,790369,794771,798746,803789,812139,822258,831828,840909,849596,858049,866286,874366,882379,890365,897832,903399,907239,910419,912989,914918,916352,917585,918578,919166,918759,917180,914899,914963,916711,919422,924145
"Population, total",SP.POP.TOTL,Finland,FIN,4429634,4461005,4491443,4523309,4548543,4563732,4580869,4605744,4626469,4623785,4606307,4612124,4639657,4666081,4690574,4711440,4725664,4738902,4752528,4764690,4779535,4799964,4826933,4855787,4881803,4902206,4918154,4932123,4946481,4964371,4986431,5013740,5041992,5066447,5088333,5107790,5124573,5139835,5153498,5165474,5176209,5188008,5200598,5213014,5228172,5246096,5266268,5288720,5313399,5338871,5363352,5388272,5413971,5438972,5461512,5479531,5495303,5508214,5515525,5521606,5529543,5541017,5556106,5583911
"Population, total",SP.POP.TOTL,Fragile and conflict affected situations,FCS,245446477,250748792,256265091,261957739,267809728,273796544,279902341,286184636,292679186,299325597,306107595,313117526,320326696,327859174,335724633,343774977,352018011,360321094,369243969,378556492,387280079,395605163,404570090,414032302,423879999,434067883,444223377,454559470,464963348,475799732,488697502,499975816,512731689,526665569,541618452,556179028,568965099,581551866,594968744,608935664,622883185,637301077,653056220,669470707,685830138,702638957,719788972,736917394,754858953,773810618,793160547,812764221,832872724,853223055,873158163,892657785,912614026,933013886,953648681,974824119,996691242,1018693078,1038158122,1058789534
"Population, total",SP.POP.TOTL,France,FRA,47412964,47905982,48389516,48877567,49401492,49877725,50311637,50722791,51112980,51536014,52007169,52499553,52962356,53392161,53746571,54002853,54232383,54486467,54734030,54979851,55274184,55603353,55806789,56108330,56383085,56665619,56956002,57266167,57598186,57943062,58261012,58554242,58846584,59103094,59324863,59541294,59754504,59968066,60190684,60501986,60918661,61364377,61812142,62249855,62707588,63180854,63622342,64016890,64375116,64706436,65026211,65340830,65657659,65997932,66312067,66548272,66724104,66918020,67158348,67382061,67601110,67842811,68065015,68287487
"Population, total",SP.POP.TOTL,French Polynesia,PYF,83671,85434,87261,89737,92823,96017,99320,102754,106353,110111,114010,117945,121886,125897,129960,134045,138114,142313,146821,151569,156471,161506,166646,171750,176469,180988,185669,190449,195193,199643,203776,207744,211559,215219,218738,222118,225489,229121,232891,236595,240337,244097,247775,251637,255654,259507,263223,266438,268379,269481,270580,271727,273084,274728,276387,277866,279178,280087,279815,279034,279209,279792,280378,281118
"Population, total",SP.POP.TOTL,Gabon,GAB,512316,518266,524649,531452,538657,546308,554463,563108,572257,583276,595846,608348,620960,633995,647691,662197,677628,693984,711245,729375,748389,768385,789286,811005,833501,856726,880705,905479,931020,957138,983734,1010818,1038380,1066405,1094720,1123213,1152015,1181439,1211736,1243016,1275572,1309589,1345135,1382350,1421609,1463495,1508337,1556237,1607175,1661556,1719879,1781985,1846889,1913059,1978399,2040989,2100306,2156900,2212318,2267706,2322539,2376722,2430747,2484789
"Population, total",SP.POP.TOTL,"Gambia, The",GMB,398060,408930,420163,431757,443687,455952,468516,481588,495269,509440,524105,539388,555370,571991,589085,606821,625667,645770,667103,689781,713913,739125,765753,794525,825631,858874,894019,931091,970160,1011357,1054696,1099959,1145582,1188365,1227226,1264313,1301410,1338889,1376987,1415779,1455084,1495011,1535691,1577611,1621312,1667037,1715275,1765774,1817852,1871422,1926630,1983784,2043094,2103820,2164528,2224529,2283769,2342189,2399632,2456844,2515733,2576010,2636470,2697845
"Population, total",SP.POP.TOTL,Georgia,GEO,3645600,3703600,3760300,3816100,3870300,3921600,3966700,4005800,4042300,4080300,4119900,4163000,4205300,4242500,4279500,4311200,4342400,4372100,4397700,4430200,4467700,4504500,4542800,4582900,4622200,4662900,4704500,4743500,4790700,4803300,4802000,4835900,4873500,4911100,4836076,4657722,4491699,4349913,4243607,4157192,4077131,4014373,3978515,3951736,3927340,3902469,3880347,3860158,3848449,3814419,3786695,3756441,3728874,3717668,3719414,3725276,3727505,3728004,3726549,3720161,3722716,3708610,3712502,3715483
"Population, total",SP.POP.TOTL,Germany,DEU,72814900,73377632,74025784,74714353,75318337,75963695,76600311,76951336,77294314,77909682,78169289,78312842,78688452,78936666,78967433,78673554,78336950,78159814,78091820,78126350,78288576,78407907,78333366,78128282,77858685,77684873,77720436,77839920,78144619,78751283,79433029,80013896,80624598,81156363,81438348,81678051,81914831,82034771,82047195,82100243,82211508,82349925,82488495,82534176,82516260,82469422,82376451,82266372,82110097,81902307,81776930,80274983,80425823,80645605,80982500,81686611,82348669,82657002,82905782,83092962,83160871,83196078,83797985,83280000
"Population, total",SP.POP.TOTL,Ghana,GHA,6961215,7162667,7337375,7514714,7695739,7882606,8074521,8271913,8475729,8690383,8925813,9176264,9438187,9714617,10000523,10294308,10594913,10911871,11248450,11597255,11941448,12281712,12643819,13029836,13370590,13661229,13965217,14289108,14636568,15006813,15394648,15787496,16184855,16589519,16993190,17399017,17810181,18238958,18688036,19149864,19637087,20167069,20729388,21296705,21868298,22449438,23040702,23642279,24249946,24862664,25474995,26095088,26734268,27386193,28041592,28696068,29356742,30008354,30637585,31258945,31887809,32518665,33149152,33787914
"Population, total",SP.POP.TOTL,Gibraltar,GIB,21839,21872,22197,22753,23315,23878,24444,25015,25578,26120,26634,27020,27290,27537,27755,27951,28134,28300,28446,28575,28675,28740,28765,28733,28643,28512,28328,28096,27839,27544,27200,26898,26878,27070,27239,27377,27487,27582,27650,27692,27709,27657,27831,28274,28715,29163,29594,30006,30413,30823,31248,31660,32029,32407,32813,33193,33658,34245,34854,35494,36173,36858,37609,38471
"Population, total",SP.POP.TOTL,Greece,GRC,8331725,8398050,8448233,8479625,8510429,8550333,8613651,8684088,8740765,8772764,8792806,8831036,8888628,8929086,8962022,9046541,9188150,9308479,9429959,9548258,9642505,9729350,9789513,9846627,9895801,9934300,9967213,10000595,10036983,10089498,10196792,10319927,10399061,10460415,10512922,10562153,10608800,10661259,10720509,10761698,10805808,10862132,10902022,10928070,10955141,10987314,11020362,11048473,11077841,11107017,11121341,11104899,11045011,10965211,10892413,10820883,10775971,10754679,10732882,10721582,10698599,10569207,10436882,10405588
"Population, total",SP.POP.TOTL,Greenland,GRL,32500,33700,35000,36400,37600,39200,40500,41900,43400,44900,46400,47200,48300,49000,49500,49600,49700,49400,49200,49600,50200,51000,51500,52100,52700,53200,53500,54100,54800,55300,55600,55500,55300,55200,55500,55800,55900,56000,56100,56100,56200,56350,56609,56765,56911,56935,56774,56555,56328,56323,56905,56890,56810,56483,56295,56114,56186,56172,56023,56225,56367,56653,56661,56865
"Population, total",SP.POP.TOTL,Grenada,GRD,94058,95335,96375,97195,97760,98067,98121,98066,98078,98204,98414,98648,98777,98709,98486,98126,97632,97017,96305,95490,94538,94052,94383,94948,95498,96111,96790,97526,98308,99121,99957,100793,101602,102382,103138,103869,104584,105293,106009,106727,107451,107987,108404,108884,109323,109734,110135,110522,110896,111254,111586,112079,112775,113487,114132,114676,115130,115438,115691,115981,116341,116688,116913,117081
"Population, total",SP.POP.TOTL,Guam,GUM,69525,71311,73192,75095,77008,78932,80844,82719,84563,86404,88365,90466,92619,94781,96939,99057,101166,103298,105424,107636,110141,112902,115711,118508,121302,124117,126965,129858,132799,135799,138610,141073,143393,145654,147868,150054,152169,154215,156237,158289,160065,161329,162315,163137,163810,164365,164839,165267,165693,166173,166522,166543,166331,165966,165486,164905,164233,163490,162679,161808,162158,163730,165180,166506
"Population, total",SP.POP.TOTL,Guatemala,GTM,4063655,4186201,4312044,4440264,4571109,4704965,4840958,4978862,5118111,5257081,5396966,5538355,5682833,5831631,5981197,6128731,6262404,6401515,6561534,6727797,6900212,7075648,7240241,7419642,7630682,7849693,8070818,8296485,8532099,8775546,9024773,9272584,9522266,9779761,10043718,10312996,10583526,10857754,11139145,11422965,11697592,11969422,12246915,12525842,12807402,13087629,13367459,13652040,13935174,14215611,14500112,14792126,15089647,15387337,15681725,15971743,16268760,16567357,16845685,17103803,17357325,17598650,17847877,18124838
"Population, total",SP.POP.TOTL,Guinea,GIN,3556749,3619551,3684273,3750954,3819722,3890716,3964155,4040153,4118550,4198300,4277535,4355200,4431292,4506324,4580510,4653876,4727022,4801128,4877854,4959283,5047419,5143288,5247672,5359814,5480096,5610373,5750668,5900198,6056574,6215811,6434374,6697166,6914366,7128177,7345107,7553249,7770035,7931370,8081990,8265123,8428832,8539960,8674066,8870781,9062726,9245844,9441171,9662281,9898870,10143534,10396086,10656810,10921581,11191873,11472924,11767070,12073030,12385659,12704774,13034346,13371183,13710513,14055137,14405468
"Population, total",SP.POP.TOTL,Guinea-Bissau,GNB,577633,582532,589474,594418,588543,575005,566908,569011,578170,581610,584403,586221,586620,592808,613338,650966,694191,741789,791694,819867,829303,842432,855891,869592,883519,897697,912126,926862,942061,957789,973669,994639,1024356,1058745,1092031,1119949,1143535,1165545,1187473,1210206,1234741,1261273,1289307,1318806,1349563,1381585,1415303,1450986,1488054,1526377,1566347,1608076,1651417,1695973,1741122,1786457,1831893,1877072,1922168,1967696,2013255,2058841,2105529,2153339
"Population, total",SP.POP.TOTL,Guyana,GUY,569143,582568,595461,608537,621764,635128,648646,662311,676160,690223,702705,712662,721617,730138,738057,745393,752253,758654,764586,770062,774367,776453,776712,775891,774111,771477,768098,764120,759663,754865,749894,747861,749911,752965,755822,758388,760526,762245,763586,764483,764832,764477,763652,763101,762418,760914,758966,756861,754606,752094,749256,746153,746288,750021,754229,758781,763548,768479,791556,807665,807481,815482,821637,826353
"Population, total",SP.POP.TOTL,Haiti,HTI,3858443,3929030,4001575,4073068,4146244,4223820,4302639,4382999,4465328,4549334,4635124,4723244,4813868,4906743,5001796,5099086,5198357,5299476,5402580,5507590,5614493,5723725,5835937,5951096,6069230,6190862,6316122,6445123,6578145,6714730,6854441,6995450,7136571,7278181,7419771,7562546,7707557,7854298,8002143,8151296,8303151,8455918,8607641,8759912,8910263,9061273,9216562,9373296,9530774,9689581,9803294,9914904,10069771,10222362,10373235,10523242,10671457,10817754,10962362,11105163,11243848,11374586,11503606,11637398
"Population, total",SP.POP.TOTL,Heavily indebted poor countries (HIPC),HPC,163650527,167634887,171771666,176063263,180537667,185208644,190048827,195111370,200419142,205895893,211549510,217344674,223189830,229341403,235791936,242344150,249034009,255707170,262985512,270569759,277128014,283255371,290471550,298600262,306943902,315429759,324025001,333016950,342381086,352065913,361657937,371411648,382507617,394851493,406935718,418830100,431006940,443196153,455939263,469076891,481984327,495197350,509679981,524773987,539803501,555358929,571454590,587432384,604007702,621337653,638796398,656783491,675397557,694622934,714769441,735429414,756895035,779389964,802020674,824649053,847743308,870930036,893906294,917304254
"Population, total",SP.POP.TOTL,High income,HIC,906950090,918072786,929404374,940659960,951943891,962873529,972578524,981908263,991152809,1000566477,1009961393,1020995733,1030733033,1040162585,1049400121,1058379274,1066980637,1075522451,1084093370,1092954895,1101614544,1110182318,1118134629,1125667151,1133021942,1140437181,1147992917,1155714404,1163559249,1171722325,1179067863,1187418220,1195980932,1203954507,1211414288,1218521009,1225554334,1232428693,1239114888,1245505259,1251758606,1258081884,1264453056,1270975826,1277825278,1284667419,1292314271,1300879925,1309846534,1317794172,1323506149,1329029726,1336612791,1344779557,1352458637,1360842914,1368877184,1374784294,1379152141,1383372477,1389524835,1387107942,1393036569,1400465513
"Population, total",SP.POP.TOTL,Honduras,HND,2062060,2121242,2182064,2244878,2309855,2377157,2446751,2518648,2593057,2670289,2750715,2834616,2922064,3011459,3099836,3193234,3294457,3398655,3505463,3614981,3727173,3841778,3958728,4078174,4199850,4323342,4448899,4576910,4707677,4841838,4980488,5123792,5271431,5423249,5579242,5739637,5903954,6071454,6234431,6400463,6577773,6757993,6938859,7119213,7298994,7478355,7656832,7834798,8012587,8189899,8365878,8540583,8715076,8889278,9063122,9237305,9412380,9588137,9765210,9943633,10119640,10289877,10463872,10644851
"Population, total",SP.POP.TOTL,"Hong Kong SAR, China",HKG,3114671,3168100,3305200,3420900,3504600,3597900,3629900,3722800,3802700,3863900,3959000,4045300,4123600,4241600,4377800,4461600,4518000,4583700,4667500,4929700,5063100,5183400,5264500,5345100,5397900,5456200,5524600,5580500,5627600,5686200,5704500,5752000,5800500,5901000,6035400,6156100,6435500,6489300,6543700,6606500,6665000,6714300,6744100,6730800,6783500,6813200,6857100,6916300,6957800,6972800,7024200,7071600,7150100,7178900,7229500,7291300,7336600,7393200,7452600,7507900,7481000,7413100,7346100,7536100
"Population, total",SP.POP.TOTL,Hungary,HUN,9983967,10029321,10061734,10087947,10119835,10147935,10178653,10216604,10255815,10298723,10337910,10367537,10398489,10432055,10478720,10540525,10598677,10648031,10684822,10704152,10711122,10711848,10705535,10689463,10668095,10648713,10630564,10612741,10596487,10481719,10373988,10373400,10369341,10357523,10343355,10328965,10311238,10290486,10266570,10237530,10210971,10187576,10158608,10129552,10107146,10087065,10071370,10055780,10038188,10022650,10000023,9971727,9920362,9893082,9866468,9843028,9814023,9787966,9775564,9771141,9750149,9709891,9644377,9592186
"Population, total",SP.POP.TOTL,IBRD only,IBD,..,..,..,..,..,..,..,..,..,..,..,..,..,..,..,..,..,..,..,..,..,..,..,..,..,..,..,..,..,..,..,..,..,..,..,..,..,..,..,..,..,..,..,..,..,..,..,..,..,..,..,..,..,..,..,..,..,..,..,..,..,..,..,..
"Population, total",SP.POP.TOTL,Iceland,ISL,175574,179029,182378,185653,188983,192286,195570,198751,201488,203369,204438,206098,209137,212317,215209,217979,220154,221799,223537,225735,228138,230755,233860,236977,239511,241405,243180,245859,249740,252852,254826,257797,261057,263725,266021,267468,268916,271128,274047,277381,281205,284968,287523,289521,292074,296734,303782,311566,317414,318499,318041,319014,320716,323764,327386,330815,335439,343400,352721,360563,366463,372520,382003,393349
"Population, total",SP.POP.TOTL,IDA & IBRD total,IBT,2289188361,2321079191,2366117598,2423348992,2481068241,2539564344,2600930009,2662674586,2726203260,2791883177,2859123476,2926951963,2994028911,3062266606,3130418531,3197494325,3264075702,3330218383,3397524507,3466649271,3536954994,3609089669,3685043956,3762109361,3839296592,3918002286,3998725110,4081589183,4165012459,4248240134,4330689753,4411587746,4491324220,4570777029,4649243135,4727566480,4806199043,4884731621,4963254080,5040645749,5116723507,5192348770,5267145775,5341840046,5417128229,5492481030,5568236362,5643505923,5720065907,5797994405,5876645582,5956718727,6038997419,6120638810,6201871547,6281302514,6360570926,6440496863,6518627025,6594857152,6667541079,6733337540,6795222292,6858957145
"Population, total",SP.POP.TOTL,IDA blend,IDB,..,..,..,..,..,..,..,..,..,..,..,..,..,..,..,..,..,..,..,..,..,..,..,..,..,..,..,..,..,..,..,..,..,..,..,..,..,..,..,..,..,..,..,..,..,..,..,..,..,..,..,..,..,..,..,..,..,..,..,..,..,..,..,..
"Population, total",SP.POP.TOTL,IDA only,IDX,..,..,..,..,..,..,..,..,..,..,..,..,..,..,..,..,..,..,..,..,..,..,..,..,..,..,..,..,..,..,..,..,..,..,..,..,..,..,..,..,..,..,..,..,..,..,..,..,..,..,..,..,..,..,..,..,..,..,..,..,..,..,..,..
"Population, total",SP.POP.TOTL,IDA total,IDA,..,..,..,..,..,..,..,..,..,..,..,..,..,..,..,..,..,..,..,..,..,..,..,..,..,..,..,..,..,..,..,..,..,..,..,..,..,..,..,..,..,..,..,..,..,..,..,..,..,..,..,..,..,..,..,..,..,..,..,..,..,..,..,..
"Population, total",SP.POP.TOTL,India,IND,435990338,446564729,457283090,468138575,479229598,490140146,500740247,511606372,522716889,533880544,545864268,558096387,570482142,583465598,597041391,611309535,625861883,640801103,655728229,671155747,687354025,703696250,720313473,737372681,754875449,772647793,790689978,808931270,827342990,846039529,864972221,883927600,902957070,922118387,941163767,960301044,979678458,999133762,1018665080,1038225823,1057922733,1077898575,1097600380,1116803006,1135991513,1154676322,1172878890,1190676021,1207930964,1225524753,1243481564,1261224954,1278674502,1295829511,1312277191,1328024498,1343944296,1359657400,1374659064,1389030312,1402617695,1414203896,1425423212,1438069596
"Population, total",SP.POP.TOTL,Indonesia,IDN,88296070,90791249,93375850,96051424,98833749,101365130,103792754,106526393,109450006,112517639,115657495,118833702,122039841,125288515,128555045,131843848,135173655,138533541,141953163,145434834,148950540,152485035,156052152,159651381,163251124,166776185,170175065,173511154,176855065,180201630,183501098,186778238,190043744,193305168,196591828,199888057,203204348,206536095,209826788,213004668,216077790,219097902,222088495,225048008,227926649,230871650,233951652,237062337,240157903,243220028,246305322,249470032,252698525,255852467,258877399,261799249,264627418,267346658,269951846,272489381,274814866,276758053,278830529,281190067
"Population, total",SP.POP.TOTL,"Iran, Islamic Rep.",IRN,21470434,22125726,22807907,23519005,24262859,25036978,25829270,26628432,27437391,28273482,29145100,30029071,30921179,31839838,32796463,33802973,34837271,35933181,37126535,38424952,39842324,41989312,44272141,46029535,47793998,49582289,51446045,53323493,55072694,56704914,58380092,59986931,61184983,61403543,61520598,62205567,62881300,63639638,64519859,65445391,66418659,67452005,68011317,68769340,70256316,71828455,73392747,74602648,75514204,76457825,77420842,78383598,79370580,80414686,81502045,82619362,83812228,85026754,86117998,87051648,87723443,88455488,89524246,90608707
"Population, total",SP.POP.TOTL,Iraq,IRQ,7022052,7194553,7413875,7667928,7929566,8202140,8485104,8778869,9085016,9403356,9735611,10077809,10430164,10795869,11167761,11543639,11927651,12331046,12753355,13170365,13591992,14006381,14406083,14840555,15310733,15683430,16074145,16521049,16908819,17364542,17581206,17767253,18300845,19201195,20139807,20825860,21501321,22176593,22884399,23636527,24424056,25197840,26006559,26802659,27577878,28407448,28616515,28391607,28971036,30058206,31045366,32161424,33654842,35281989,36550059,37560535,38469627,39337353,40265624,41192171,42116605,43071211,44070551,45074049
"Population, total",SP.POP.TOTL,Ireland,IRL,2828600,2824400,2836050,2852650,2866550,2877300,2888800,2902450,2915550,2932650,2957250,2992050,3036850,3085950,3137500,3189550,3238050,3282200,3329100,3373750,3412800,3453000,3485800,3510600,3532423,3538082,3539690,3540057,3524949,3511009,3513974,3534235,3558430,3576261,3590386,3608841,3637510,3674171,3712696,3754786,3805174,3866243,3931947,3996521,4070262,4159914,4273591,4398942,4489544,4535375,4560155,4580084,4599533,4623816,4657740,4701957,4755335,4807388,4867316,4934340,4985382,5033164,5165700,5307600
"Population, total",SP.POP.TOTL,Isle of Man,IMN,48868,48451,48688,49151,49625,50090,50749,51741,52891,54074,55300,56427,57367,58256,59139,59959,60750,61566,62398,63239,64076,64596,64686,64630,64528,64401,64695,65597,66680,67790,68916,69808,70353,70772,71168,71513,72047,72909,73861,74790,75659,76476,77275,78049,78792,79516,80294,81147,82029,82939,83873,84382,84335,84141,83892,83593,83466,83609,83805,83957,84064,84106,84132,84165
"Population, total",SP.POP.TOTL,Israel,ISR,2114020,2185000,2293000,2379000,2475000,2563000,2629000,2745000,2803000,2877000,2974000,3069000,3148000,3278000,3377000,3455000,3533000,3613000,3690000,3786000,3878000,3956000,4031000,4105000,4159000,4233000,4299000,4369000,4442000,4518000,4660000,4949000,5123000,5261000,5399000,5545000,5692000,5836000,5971000,6125000,6289000,6439000,6570000,6689700,6809000,6930100,7053700,7180100,7308800,7485600,7623600,7765800,7910500,8059500,8215700,8380100,8546000,8713300,8882800,9054000,9215100,9371400,9557500,9756600
"Population, total",SP.POP.TOTL,Italy,ITA,50199700,50536350,50879450,51252000,51675350,52112350,52519000,52900500,53235750,53537950,53821850,54073490,54381345,54751406,55110868,55441001,55718260,55955411,56155143,56317749,56433883,56501675,56543548,56564074,56576718,56593071,56596155,56601931,56629288,56671781,56719240,56758521,56797087,56831821,56843400,56844303,56860281,56890372,56906744,56916317,56942108,56974100,57059007,57313203,57685327,57969484,58143979,58438310,58826731,59095365,59277417,59379449,59539717,60233948,60789140,60730582,60627498,60536709,60421760,59729081,59438851,59133173,59013667,58993475
"Population, total",SP.POP.TOTL,Jamaica,JAM,1650005,1673261,1696932,1721099,1745568,1769192,1791475,1812865,1833765,1855127,1878196,1903728,1931542,1961219,1990906,2018981,2045578,2070657,2094836,2119486,2145658,2173818,2203889,2234832,2264562,2290656,2312125,2329813,2345777,2361916,2379877,2400869,2424701,2449916,2475220,2500151,2524463,2547848,2569736,2589795,2607826,2624403,2640572,2656623,2672225,2687066,2700968,2713800,2725635,2736995,2748568,2760494,2772430,2783687,2793749,2802534,2809915,2815764,2820097,2823271,2830739,2837682,2839144,2839786
"Population, total",SP.POP.TOTL,Japan,JPN,93216000,94055000,94933000,95900000,96903000,97952000,98851000,99879000,101011000,102219000,103403000,105697000,107188000,108707000,110162000,111573000,112775000,113872000,114913000,115890000,116807000,117661000,118480000,119307000,120083000,120837000,121482000,122069000,122578000,123069000,123478000,123964000,124425000,124829000,125178000,125472000,125757000,126057000,126400000,126631000,126843000,127149000,127445000,127718000,127761000,127773000,127854000,128001000,128063000,128047000,128070000,127833000,127629000,127445000,127276000,127141000,127076000,126972000,126811000,126633000,126261000,125681593,125124989,124516650
"Population, total",SP.POP.TOTL,Jordan,JOR,853471,897591,940554,984714,1035640,1099440,1178360,1271183,1372460,1473100,1565163,1645145,1714555,1778094,1839182,1899055,1958177,2019002,2083595,2153882,2234186,2325517,2426927,2537307,2654688,2778810,2909887,3047634,3193039,3349627,3621908,3915149,4127693,4348020,4561406,4752096,4912516,5046285,5164284,5276444,5386945,5498894,5616066,5741828,5882061,6029587,6427371,6827227,6989866,7141753,7297043,7480424,7587127,7991809,8791710,9544729,10006367,10234226,10462306,10671891,10865228,11066356,11256263,11439213
"Population, total",SP.POP.TOTL,Kazakhstan,KAZ,9429981,9742085,10058928,10377466,10690309,10993183,11288989,11584428,11879182,12156212,12419057,12684813,12951798,13208121,13454570,13700843,13998738,14353265,14711497,14978696,15152949,15323082,15492595,15665551,15844621,16031090,16262702,16527715,16781168,16997013,17154054,17278600,17332625,17274487,17043771,16730536,16416027,16043251,15647785,15455874,15501103,15575550,15656677,15747380,15850159,15968117,16103716,16257214,16426525,16619846,16836810,17066002,17306106,17556502,17816285,18084169,18363600,18651931,18932727,19209555,19482117,19743603,20034609,20330104
"Population, total",SP.POP.TOTL,Kenya,KEN,7695307,7987770,8299308,8627971,8973535,9338078,9717816,10111057,10518823,10939695,11368791,11788904,12206060,12634835,13070078,13511671,13957623,14428819,14934126,15460666,16018459,16601507,17206175,17846374,18514906,19201768,19901646,20616096,21356219,22118434,22892651,23646514,24382460,25117188,25857130,26601751,27344211,28101768,28888057,29733408,30642890,31619170,32629808,33652223,34713455,35796484,36904008,38036349,39206351,40408891,41598567,42758461,43888303,44986791,46051440,47088526,48139687,49197766,50207107,51202827,52217334,53219166,54252461,55339003
"Population, total",SP.POP.TOTL,Kiribati,KIR,47157,48323,49538,50791,52088,53439,54425,54996,55529,56360,57510,58652,59778,60824,61219,60987,60661,60267,59864,60172,61148,62121,63134,64169,65228,66496,68059,69733,71427,73147,74855,76367,77641,78841,80021,81234,82623,84147,85657,87126,88613,90335,92264,94175,96085,98035,100017,102068,104222,106467,108704,110647,112284,113838,115326,116815,118478,120275,122084,123921,126099,128377,130469,132530
"Population, total",SP.POP.TOTL,"Korea, Dem. People's Rep.",PRK,11722953,11990713,12262882,12567057,12889770,13219369,13569094,13958350,14365596,14767615,15172775,15572457,15975069,16350367,16673121,16971055,17243450,17492798,17735995,17983470,18236786,18501295,18776357,19054034,19335043,19620388,19910855,20205483,20503161,20804367,21112137,21428638,21750911,22073352,22393975,22669304,22895746,23110830,23311564,23497599,23665910,23815358,23943973,24090380,24254943,24396433,24524507,24646383,24764618,24878332,24987258,25097874,25211728,25329451,25451262,25575350,25698326,25817709,25931147,26037632,26136312,26232534,26328845,26418204
"Population, total",SP.POP.TOTL,"Korea, Rep.",KOR,25012374,25765673,26513030,27261747,27984155,28704674,29435571,30130983,30838302,31544266,32240827,32882704,33505406,34103149,34692266,35280725,35848523,36411795,36969185,37534236,38123775,38723248,39326352,39910403,40405956,40805744,41213674,41621690,42031247,42449038,42869283,43295704,43747962,44194628,44641540,45092991,45524681,45953580,46286503,46616677,47008111,47370164,47644736,47892330,48082519,48184561,48438292,48683638,49054708,49307835,49554112,49936638,50199853,50428893,50746659,51014947,51217803,51361911,51585058,51764822,51836239,51769539,51672569,51712619
"Population, total",SP.POP.TOTL,Kosovo,XKX,984846,1011421,1036950,1062737,1090270,1120168,1152586,1187667,1214208,1231460,1249555,1273021,1301579,1331176,1363123,1397686,1434880,1474457,1516249,1559787,1604818,1646565,1683166,1719245,1756818,1796018,1836972,1880590,1917882,1946339,1973790,2005362,2039723,2072664,2105256,2137514,2168753,2197284,2078964,1871524,1802493,1820009,1829462,1826434,1822773,1818354,1813079,1807094,1800858,1794681,1788743,1791949,1807126,1818119,1812788,1788274,1777568,1791019,1797086,1788891,1790152,1786080,1768096,1756366
"Population, total",SP.POP.TOTL,Kuwait,KWT,311060,345945,384995,427694,473115,521174,572590,628089,687716,749452,809114,865076,920352,977654,1038346,1104863,1178711,1258023,1340319,1423514,1504782,1583426,1662480,1744295,1820688,1894242,1972520,2052994,2134707,2217468,1684819,1351399,1634961,1672151,1664361,1681513,1730246,1787683,1844302,1900030,1954709,2008121,2059974,2109881,2157320,2236788,2364733,2507887,2651421,2795484,2943372,3132814,3337109,3507844,3665876,3834574,4004096,4154812,4323515,4442316,4400267,4360865,4589643,4853420
"Population, total",SP.POP.TOTL,Kyrgyz Republic,KGZ,2172300,2255900,2333400,2413700,2495300,2573300,2655300,2736500,2818300,2894800,2959900,3022300,3088200,3153800,3223900,3292400,3358700,3423900,3487100,3552000,3617400,3685800,3759300,3838300,3916400,3990300,4066500,4144600,4218400,4307500,4391236,4463634,4515399.5,4516777,4515068.5,4560454,4628437.5,4696420.5,4769014.5,4840422,4898361.5,4945072.5,4990704,5043308,5104712.5,5162639.5,5218373,5268384.5,5318729,5389643,5467059,5546586.5,5652076,5777150,5905847.5,6040035.5,6175337.5,6306695.5,6444078.5,6590211,6726595.5,6851224,6975219.5,7099750
"Population, total",SP.POP.TOTL,Lao PDR,LAO,2121514,2169796,2219910,2271061,2322826,2376200,2431084,2487715,2546377,2606959,2669702,2734628,2801660,2870573,2939761,3005521,3064876,3118923,3171740,3228202,3292573,3366631,3450026,3541001,3637843,3739985,3846715,3957612,4072601,4190974,4311955,4435118,4559646,4685060,4809220,4929409,5045678,5152011,5248266,5340784,5431212,5521482,5610889,5697945,5781626,5869523,5963200,6056236,6148969,6241642,6334194,6426590,6518978,6611385,6703172,6801645,6908802,7018147,7128045,7237636,7346533,7453194,7559007,7664993
"Population, total",SP.POP.TOTL,Late-demographic dividend,LTE,1094880069,1096959453,1111293141,1137056579,1162405292,1188451832,1217220438,1245130293,1273820149,1304068257,1334963829,1366487769,1396407513,1425381475,1452919554,1478265786,1502269051,1524947137,1547677040,1570272872,1592439385,1615106897,1639793804,1664394629,1688121991,1712585483,1738504785,1765799733,1793220326,1819952808,1844718134,1868272190,1890820460,1912010271,1932650915,1952702058,1972254664,1991505992,2010169496,2027628907,2043581322,2058600486,2072599555,2086139068,2099412663,2112603351,2126122277,2139958608,2153941306,2167303374,2179522412,2193156338,2209331950,2225043647,2241185412,2256211695,2270944241,2285977089,2298520432,2309008599,2316785460,2320366261,2324072106,2326658047
"Population, total",SP.POP.TOTL,Latin America & Caribbean,LCN,218624695,224737321,231038261,237499676,244080552,250750949,257488362,264279682,271127278,278039112,284995920,292033454,299187510,306451409,313798324,321203546,328673285,336262441,344000129,351820083,359713036,367619244,375568417,383657148,391832861,400012327,408172564,416332693,424525590,432726590,440958144,449128999,457245250,465325731,473328616,481309028,489235073,497097004,504952583,512730984,520272118,527572583,534691591,541643365,548455563,555120780,561751999,568345245,574908733,581388129,587749565,594072097,600393759,606644957,612799258,618806527,624664026,630329435,635680745,640853375,645497618,649234475,653104771,657611624
"Population, total",SP.POP.TOTL,Latin America & Caribbean (excluding high income),LAC,194183394,199676421,205344230,211156877,217092138,223121676,229223426,235386277,241604179,247882537,254197487,260576635,267060351,273637837,280291439,287001121,293772043,300662261,307693167,314804069,321979200,329167045,336390934,343743382,351171705,358591686,365976333,373345003,380734762,388124814,395535053,402885264,410183152,417442885,424630669,431803515,438918555,445984435,453065995,460085651,466891427,473472090,479874713,486116511,492232564,498267811,504231967,510173588,516099421,521959738,527703442,533432539,539167194,544834859,550428711,555893183,561307280,566870356,572668977,578311232,583125825,586944219,590730587,594995068
"Population, total",SP.POP.TOTL,Latin America & the Caribbean (IDA & IBRD countries),TLA,208671107,214582669,220668336,226899749,233255631,239708690,246239963,252838271,259494716,266211242,272962813,279784152,286726529,293783764,300937685,308171037,315490913,322954210,330579364,338302777,346105657,353922621,361763155,369728268,377777260,385830246,393862440,401890697,409945610,418004229,426091608,434138780,442150885,450131381,458042874,465939463,473775482,481555614,489346270,497065139,504556065,511809816,518881965,525787222,532556401,539188798,545805913,552399650,558968822,565454932,571822092,578171855,584524334,590809938,597023419,603091701,609017063,614776664,620274430,625467307,630051021,633862610,637837815,642397939
"Population, total",SP.POP.TOTL,Latvia,LVA,2120979,2152681,2181586,2210919,2240623,2265919,2283217,2301220,2323619,2343173,2359164,2376389,2395674,2415819,2437186,2456130,2470989,2485073,2497921,2505953,2511701,2519421,2531080,2546011,2562047,2578873,2599892,2626583,2653434,2666955,2663151,2650581,2614338,2563290,2520742,2485056,2457222,2432851,2410019,2390482,2367550,2337170,2310173,2287955,2263122,2238799,2218357,2200325,2177322,2141669,2097555,2059709,2034319,2012647,1993782,1977527,1959537,1942248,1927174,1913822,1900449,1884490,1879383,1877445
"Population, total",SP.POP.TOTL,Least developed countries: UN classification,LDC,245116608,251053631,257242816,263627878,270265527,277173648,284294161,291716410,299449334,307336648,315180138,322596728,330325410,339083634,348129331,356932383,365647056,374384499,383761028,393811593,403106107,412147402,422663430,434246505,446053988,457975604,469954784,482189709,494517098,507111455,519816817,532721214,547033341,562620348,578161669,593744538,609544661,625406737,641541774,657759365,673774120,690025180,707416731,725265582,742875662,760903250,779395668,797685700,816441922,835864961,855529920,875870727,896874390,918462781,940480905,962708547,985618628,1009200438,1033320501,1058226906,1083853567,1109397229,1134811909,1161055545
"Population, total",SP.POP.TOTL,Lebanon,LBN,1794406,1850084,1909578,1970316,2030543,2088831,2148260,2206731,2266368,2328159,2386114,2446314,2509729,2572935,2635185,2693191,2726469,2762155,2822682,2882635,2944763,3008981,3054931,3094996,3152744,3217376,3300365,3385555,3454649,3525285,3595175,3668912,3747371,3820647,3889799,3960735,4034781,4108405,4181281,4255277,4329340,4401918,4463504,4525508,4599279,4671102,4751136,4844118,4925354,4992287,5041288,5096020,5235742,5743436,6346990,6472469,6323060,6160128,5984119,5794594,5702398,5718122,5744489,5773493
"Population, total",SP.POP.TOTL,Lesotho,LSO,736500,758824,781814,805373,829437,854090,881870,913982,948105,983202,1019273,1056246,1094063,1132697,1172420,1213643,1253214,1289967,1327240,1366169,1406521,1448069,1490732,1534413,1578986,1624379,1666138,1703390,1739841,1775436,1809696,1842379,1873274,1901793,1927707,1951437,1972418,1988130,1998049,2003234,2003913,2000853,1994679,1985059,1971129,1953076,1945063,1953268,1966541,1980883,1996251,2014009,2034354,2056504,2080089,2104611,2130422,2157110,2183603,2209405,2235727,2261542,2286110,2311472
"Population, total",SP.POP.TOTL,Liberia,LBR,1139522,1167717,1197039,1227414,1258745,1291156,1324383,1358435,1393530,1429605,1466676,1504077,1542670,1583588,1626362,1670913,1717060,1766019,1818247,1872713,1929253,1986867,2045073,2107113,2173312,2240539,2308511,2377229,2446941,2517858,2223667,1956518,2072461,2155126,2149928,2169162,2232289,2412989,2670124,2821684,2928117,3015338,3094782,3119532,3156892,3301015,3490787,3669050,3821003,3943028,4058890,4221178,4373043,4470239,4564293,4659431,4755608,4848925,4944726,5043721,5149463,5259323,5373294,5493031
"Population, total",SP.POP.TOTL,Libya,LBY,1492890,1555699,1621960,1690457,1753691,1804015,1849063,1898199,1952781,2014293,2082589,2153534,2226091,2314193,2432211,2571556,2721237,2881533,3052526,3233846,3424378,3621486,3724765,3718961,3773633,3898745,4017403,4129739,4237755,4342920,4445239,4544400,4640352,4733045,4822037,4906843,4987393,5064639,5140704,5218038,5305021,5403639,5508410,5619398,5736693,5858798,5980211,6104380,6235430,6366686,6497839,6343203,6179328,6304628,6427252,6531819,6632126,6738770,6849055,6951033,7045399,7135175,7223805,7305659
"Population, total",SP.POP.TOTL,Liechtenstein,LIE,16451,16877,17443,18093,18755,19195,19610,20175,20835,21084,21140,21600,22132,22785,23451,23846,24058,24442,25028,25575,25512,25673,26255,26446,26596,26878,27238,27557,27948,28317,28742,29209,29627,30089,30470,30776,31033,31232,31668,32221,32645,33194,33694,34079,34447,34753,35037,35262,35473,35742,36022,36312,36657,36984,37248,37494,37716,37962,38246,38563,38901,39182,39493,39850
"Population, total",SP.POP.TOTL,Lithuania,LTU,2778550,2823550,2863350,2898950,2935200,2971450,3008050,3044400,3078850,3107321,3139689,3179041,3213622,3244438,3273894,3301652,3328664,3355036,3379514,3397842,3413202,3432947,3457179,3485192,3514205,3544543,3578914,3616367,3655049,3684255,3697838,3704134,3700114,3682613,3657144,3629102,3601613,3575137,3549331,3524238,3499536,3470818,3443067,3415213,3377075,3322528,3269909,3231294,3198231,3162916,3097282,3028115,2987773,2957689,2932367,2904910,2868231,2828403,2801543,2794137,2794885,2800839,2831639,2871585
"Population, total",SP.POP.TOTL,Low & middle income,LMY,2106419056,2136240778,2179211852,2234339068,2289931597,2346426203,2406483811,2466747602,2528852060,2593204879,2659238723,2725875950,2791613396,2858441727,2925058126,2990474924,3055170649,3119428858,3184920236,3252266119,3320729393,3391055829,3465282032,3540694674,3616009004,3692841783,3771794863,3852920614,3934736405,4016583365,4100351515,4180772857,4260362086,4339569593,4417713701,4495790686,4574398179,4652906179,4731323839,4808832485,4885599512,4962048190,5037637869,5112795945,5188460860,5264191085,5340182185,5415642174,5492228861,5569896557,5648351983,5727986726,5809649768,5890623212,5971198210,6050054835,6128880430,6208763935,6287535115,6364581440,6438169878,6505838578,6568731934,6633109634
"Population, total",SP.POP.TOTL,Low income,LIC,136125731,139355324,142712633,146205482,149870082,153698838,157659981,161829477,166200264,170666192,175246425,179913361,184581584,189471300,194562665,199687439,204927699,210124412,215869463,221894970,226852931,231334685,236940777,243386810,249991057,256719407,263482134,270539133,277807413,285400401,292948240,300652921,309670853,319597139,329120052,338706481,348800131,358821536,369081911,379700531,390079731,400757289,412670845,425077105,437382851,450155667,463744491,477551564,491406380,505585022,520054110,534808724,549451656,563526633,577586377,592175402,607867476,624557000,642186195,660718366,679560744,698215206,716865783,736466395
"Population, total",SP.POP.TOTL,Lower middle income,LMC,819047154,839649083,860740314,882371971,904528786,926814523,949086288,971938158,995352698,1019093245,1043648387,1068013246,1093040718,1119787811,1147483141,1176045425,1205181575,1235241974,1265823736,1297668665,1331803696,1366990997,1402582461,1438755199,1475538545,1513111837,1551312164,1589955455,1628976052,1668386346,1710810036,1751517997,1791923536,1832730370,1873664366,1914934189,1956491426,1998350178,2040638445,2082846188,2125376114,2168260749,2210311164,2251947497,2293999533,2335616863,2377469865,2420211546,2462681283,2505415842,2548857608,2592374920,2635615131,2678274094,2721462079,2763351402,2804867052,2846133569,2886705488,2926690682,2966396717,3004162907,3041203717,3079778780
"Population, total",SP.POP.TOTL,Luxembourg,LUX,313970,316845,320750,324100,327750,331500,333895,334995,335850,337500,339171,342421,346600,350450,355050,358950,360731,361358,362007,362856,364150,365225,365525,365622,365998,366706,368355,370750,373450,377100,381850,387000,392175,397475,402925,408625,414225,419450,424700,430475,436300,441525,446175,451630,458095,465158,472637,479993,488650,497783,506953,518347,530946,543360,556319,569604,582014,596336,607950,620001,630419,640064,653103,666430
"Population, total",SP.POP.TOTL,"Macao SAR, China",MAC,173315,173323,177810,182135,225655,265631,262942,260423,257933,255306,257396,247400,245050,242800,240550,238200,235600,232950,232400,235200,239650,244800,254650,269300,282850,289700,296050,306850,316000,325100,334950,351650,370900,384000,396800,409300,415100,417300,422300,427400,430600,433900,438400,443600,454700,473500,498900,520900,540700,535000,537000,549600,567900,591900,621700,642900,652500,648400,658900,672000,685400,682500,677300,678800
"Population, total",SP.POP.TOTL,Madagascar,MDG,5111029,5246158,5384150,5525185,5669863,5819116,5974279,6136486,6306493,6484716,6672003,6868868,7074398,7288048,7509726,7739336,7976831,8222240,8475864,8737581,9006032,9279011,9557671,9843044,10134550,10433142,10736857,11047291,11369462,11704998,12055639,12421412,12800870,13197345,13613850,14051275,14510711,14990814,15489364,16000506,16516338,17032939,17549913,18071854,18606608,19159707,19730909,20318583,20923840,21547280,22183340,22822300,23462438,24109290,24764348,25426702,26099952,26788375,27494926,28219554,28953556,29691083,30437261,31195932
"Population, total",SP.POP.TOTL,Malawi,MWI,3628134,3715534,3806307,3900506,3997305,4096157,4197926,4303012,4411054,4521184,4633944,4751434,4874475,5003938,5141337,5287367,5443384,5614983,5810132,6028749,6265529,6516454,6778879,7051709,7332810,7620508,7906480,8293174,8753262,9176220,9545852,9844227,10135079,10284024,10164894,10150117,10352228,10562035,10792876,11047804,11315942,11593058,11880440,12181574,12500737,12840031,13198701,13576343,13976417,14395788,14826463,15265022,15709577,16161816,16621538,17085587,17557739,18039715,18528081,19025752,19533888,20047258,20568728,21104482
"Population, total",SP.POP.TOTL,Malaysia,MYS,7956197,8164443,8380172,8602160,8828406,9056408,9284688,9507099,9725281,9947597,10178802,10423453,10676835,10935621,11200906,11471914,11750097,12035713,12328157,12627862,12983363,13399203,13832798,14285907,14759009,15252258,15760419,16276737,16796605,17314997,17833171,18342464,18834572,19322664,19820446,20330599,20850087,21375218,21906713,22435531,22967816,23526538,24102477,24679602,25256772,25836071,26417909,26998389,27570059,28124778,28655776,29162039,29662831,30174265,30696137,31232798,31789685,32355644,32910967,33440596,33889558,34282399,34695493,35126298
"Population, total",SP.POP.TOTL,Maldives,MDV,91189,93450,95802,98222,100662,104102,108507,112528,116075,119564,123219,127035,130968,134952,138978,143158,147525,151930,156159,160360,164835,169532,174333,179128,184198,190169,196935,203944,210885,217738,224762,231802,238543,244884,250822,256649,262347,267707,272723,277412,282019,286767,291616,296491,301413,306429,313851,324479,336170,348275,360792,373674,386818,400070,413617,428154,443308,458287,473099,487731,502118,516154,524106,525994
"Population, total",SP.POP.TOTL,Mali,MLI,5402550,5482283,5563917,5646605,5730125,5815487,5902204,5990906,6082979,6177704,6276472,6377944,6483726,6597106,6715436,6837261,6960979,7090979,7229651,7375266,7530515,7692766,7860194,8034400,8208599,8374663,8531277,8681164,8833996,8999938,9178830,9362888,9553540,9754786,9967031,10185365,10407278,10646495,10919573,11227415,11559290,11912158,12288050,12684955,13102409,13538647,13990139,14457775,14940782,15435539,15945198,16469049,16957033,17459615,18020267,18593022,19191289,19813011,20442030,21068405,21713836,22388630,23072640,23769127
"Population, total",SP.POP.TOTL,Malta,MLT,326550,325250,323900,322550,321250,318800,315200,311550,307900,304300,302650,302700,302450,302200,301996,304222,305774,306970,310182,313342,316645,318982,325898,330524,330593,336452,342121,344485,347325,350722,354170,363845,367618,371308,374797,377419,379905,382791,385287,387578,390087,393028,395969,398582,401268,403834,405308,406724,409379,412477,414508,416268,420028,425967,434558,445053,455356,467999,484630,504062,515332,518536,531511,552747
"Population, total",SP.POP.TOTL,Marshall Islands,MHL,14703,15219,15755,16302,16852,17402,17927,18655,19862,21305,22530,23366,23992,24581,25296,26154,27021,27906,28809,29738,30774,32017,33397,34811,36264,37761,39286,40828,42321,43586,44629,45568,46388,47093,47712,48266,48775,49259,49717,50202,50706,51123,51425,51639,51791,51906,51992,52035,52030,52019,52044,51907,51419,50681,49796,48800,47709,46529,45285,44007,42706,41367,40077,38827
"Population, total",SP.POP.TOTL,Mauritania,MRT,824298,846167,869184,893423,918955,945838,974157,1003843,1034739,1066754,1099806,1133702,1168355,1203838,1240188,1277330,1315336,1353768,1392713,1432758,1474043,1516877,1561176,1606746,1653693,1702107,1751835,1803014,1855859,1903048,1951878,2009738,2088135,2174328,2249454,2312017,2358188,2411306,2474651,2541698,2613441,2678760,2738655,2802046,2868664,2939059,3013660,3093059,3183269,3284448,3390965,3502811,3619034,3734318,3848514,3965959,4086657,4210600,4337685,4467708,4600131,4734874,4875637,5022441
"Population, total",SP.POP.TOTL,Mauritius,MUS,676683,680757,700349,718861,736381,753000,768813,783917,798413,812405,826000,839230,852053,864819,878042,892000,906507,921379,933499,949888,966039,980462,992521,1001691,1012221,1020528,1028360,1036082,1043239,1051260,1058775,1070266,1084441,1097374,1112846,1122457,1133996,1148284,1160421,1175267,1186873,1196287,1204621,1213370,1221003,1228254,1233996,1239630,1244121,1247429,1250400,1252404,1255882,1258927,1261208,1262879,1263747,1264887,1265577,1265985,1266014,1266334,1262523,1261041
"Population, total",SP.POP.TOTL,Mexico,MEX,36724615,37890118,39129200,40424065,41772049,43174477,44629106,46129608,47668303,49233194,50814953,52412558,54030168,55667284,57320149,58982400,60645512,62308493,63979046,65648865,67300334,68892108,70433260,71971240,73506846,75043414,76585637,78136651,79695531,81247182,82820170,84430572,86044809,87653807,89259205,90862455,92452702,94021207,95575245,97115707,98625552,100099099,101548624,102978515,104394131,105811504,107253666,108774360,110374288,111999721,113623895,115243504,116818208,118343573,119784261,121072306,122251351,123400057,124573711,125762982,126799054,127648148,128613117,129739759
"Population, total",SP.POP.TOTL,"Micronesia, Fed. Sts.",FSM,43061,44610,46218,47744,49181,50684,52258,53846,55457,57145,58922,60636,62278,63986,65749,67428,69049,70753,72754,75054,77407,79794,82219,84680,87176,89707,92266,94844,97097,99003,100888,102754,104806,107066,109075,110230,110710,111071,111377,111680,112044,112365,112448,112285,111925,111412,110729,109880,108936,107957,107540,107698,107890,108121,108396,108716,109075,109481,109909,110282,110916,111624,112114,112630
"Population, total",SP.POP.TOTL,Middle East & North Africa,MEA,103189039,105933296,108830401,111829018,114934365,118116077,121421021,124943855,128530890,132264295,136112803,140022784,144011465,148188133,152507492,157170677,162141778,167220476,172475084,178013394,183887467,190652099,197590595,204156168,211011301,218025364,225182758,232414914,239480378,246513714,255077790,261952362,269021456,275187055,281118568,287320771,293539029,299880183,306364681,312977347,319840863,326923042,333592427,340495691,348239858,356352432,364791715,373340745,381817362,390285866,397305528,405960097,415046283,424768481,433660485,443111159,452184895,459925735,466691130,474057593,482334398,488100624,498070255,508311359
"Population, total",SP.POP.TOTL,Middle East & North Africa (excluding high income),MNA,97138700,99660885,102288730,105030514,107860080,110767062,113811829,117013328,120310263,123706020,127174194,130683752,134260715,137949196,141784043,145952255,150378878,154855804,159473249,164323587,169488204,175548888,181764163,187576228,193686969,199910202,206230968,212583142,218765632,224910078,233120964,239311370,245170118,250408196,255476523,260799200,266048568,271351021,276793615,282340257,287971068,293668448,298939850,304445309,310771929,317382998,324051680,330435022,336700258,343195616,349872902,356552266,363339829,370454605,377506892,384230039,390998434,397804712,404775501,411833977,418461302,424980589,432229148,440118189
"Population, total",SP.POP.TOTL,Middle East & North Africa (IDA & IBRD countries),TMN,97138700,99660885,102288730,105030514,107860080,110767062,113811829,117013328,120310263,123706020,127174194,130683752,134260715,137949196,141784043,145952255,150378878,154855804,159473249,164323587,169488204,175548888,181764163,187576228,193686969,199910202,206230968,212583142,218765632,224910078,231142716,237242525,243006527,248145520,253110225,258324534,263460571,268644503,274017047,279491826,285048915,290670664,295864477,301290340,307535303,314062602,320645346,326940526,333108281,339506517,346086741,352669280,359359831,366377897,373333494,379959947,386631346,393349907,400206414,407148671,413658033,420057840,427185536,434952414
"Population, total",SP.POP.TOTL,Middle income,MIC,1970293325,1996885454,2036499219,2088133586,2140061515,2192727365,2248823830,2304918125,2362651796,2422538687,2483992298,2545962589,2607031812,2668970427,2730495461,2790787485,2850242950,2909304446,2969050773,3030371149,3093876462,3159721144,3228341255,3297307864,3366017947,3436122376,3508312729,3582381481,3656928992,3731182964,3807403275,3880119936,3950691233,4019972454,4088593649,4157084205,4225598048,4294084643,4362241928,4429131954,4495519781,4561290901,4624967024,4687718840,4751078009,4814035418,4876437694,4938090610,5000822481,5064311535,5128297873,5193178002,5260198112,5327096579,5393611833,5457879433,5521012954,5584206935,5645348920,5703863074,5758609134,5807623372,5851866151,5896643239
"Population, total",SP.POP.TOTL,Moldova,MDA,2058020,2103327,2147227,2188895,2228000,2265287,2301871,2337695,2373073,2408469,2437590,2460611,2484742,2510584,2538164,2566998,2596491,2626298,2656211,2683035,2708675,2735987,2763101,2791207,2820518,2850787,2883057,2916306,2948891,2970039,2977912,2981566,2980965,2975966,2966745,2953200,2947293,2936413,2935227,2930622,2924668,2918135,2911385,2903198,2896023,2888985,2880967,2874299,2868833,2865213,2862354,2860699,2860324,2859558,2857815,2835978,2803186,2755189,2707203,2664224,2635130,2595809,2528654,2457783
"Population, total",SP.POP.TOTL,Monaco,MCO,21808,21901,22078,22385,22686,22941,23131,23230,23437,23831,24229,24576,24862,25072,25235,25500,25895,26273,26605,26892,27122,27293,27561,27960,28356,28731,29093,29446,29781,30084,30358,30625,30887,31136,31375,31609,31837,32063,32267,32410,32455,32447,32422,32374,32307,32210,32057,31837,31836,32364,33163,33946,34711,35447,36128,36757,37276,37678,38154,38109,38050,38527,38931,38956
"Population, total",SP.POP.TOTL,Mongolia,MNG,977595,1009284,1041444,1071362,1100234,1131177,1163754,1196996,1229930,1262284,1295272,1330071,1366821,1405502,1446050,1488296,1531945,1576245,1619468,1660659,1701335,1742857,1785364,1829092,1874349,1921514,1970965,2022800,2076322,2124185,2098710,2165342,2167790,2165130,2189395,2224945,2259507,2291750,2323809,2356813,2388299,2417751,2449027,2480374,2508412,2536407,2567168,2601850,2643201,2691115,2738622,2786317,2839705,2899011,2963113,3026864,3088856,3148917,3208189,3267673,3327204,3383741,3433748,3481145
"Population, total",SP.POP.TOTL,Montenegro,MNE,480579,491140,502558,513409,521753,526327,526419,522796,517481,513340,512407,515449,521785,530220,538902,546487,552562,557576,562065,566888,572608,579445,587001,594506,600884,605398,607711,608144,607413,606571,606372,607105,608516,610170,611389,611712,611003,609520,607662,606001,604950,607389,609828,612267,613353,614261,615025,615875,616969,618294,619428,620079,620601,621207,621810,622159,622303,622373,622227,622028,621306,619211,617213,616177
"Population, total",SP.POP.TOTL,Morocco,MAR,11624933,11931085,12253092,12577502,12898886,13239171,13597065,13968175,14347899,14734255,15129449,15527225,15924692,16326269,16733842,17150786,17574182,18014756,18477385,18955589,19459943,19985401,20520318,21060696,21593778,22113953,22600803,23054392,23500524,23939414,24375551,24799014,25212468,25614586,26000822,26399429,26808107,27213337,27621648,28027179,28423435,28814643,29198142,29571415,29953018,30358144,30771178,31186468,31606767,32030778,32467016,32912588,33355241,33787571,34204780,34607588,35023457,35446392,35839760,36210898,36584208,36954442,37329064,37712505
"Population, total",SP.POP.TOTL,Mozambique,MOZ,6713695,6834936,6969364,7109828,7255061,7406421,7562990,7724550,7892613,8066951,8250506,8456317,8692935,8954242,9236093,9540817,9867209,10224975,10618250,11028809,11336221,11568127,11824370,12073822,12315954,12548949,12770578,12822574,12800558,12906842,13094537,13352090,13613316,14051192,15033853,15960530,16492480,16949982,17340464,17734506,18129653,18537729,18958338,19392475,19840313,20304569,20787087,21287635,21819036,22391745,22999235,23649039,24337846,25051611,25788475,26547572,27337105,28166393,29018644,29884380,30783688,31707800,32656246,33635160
"Population, total",SP.POP.TOTL,Myanmar,MMR,21730250,22210581,22704719,23213408,23737315,24279431,24836496,25406429,25989662,26585112,27193016,27807219,28428324,29026388,29598167,30176565,30758811,31355966,31972976,32596550,33227204,33858783,34482965,35162715,35899313,36622827,37314878,37971594,38600927,39214618,39817251,40394154,40950342,41502429,42055143,42605338,43154860,43708798,44257793,44787724,45290841,45771139,46232653,46667192,47068772,47438365,47785135,48125043,48390793,48660459,49024382,49419820,49837446,50262658,50681634,51089056,51495696,51894938,52272247,52640713,53016522,53387102,53756787,54133798
"Population, total",SP.POP.TOTL,Namibia,NAM,591465,603067,615759,629589,644530,660558,677655,696045,715542,736120,757868,780584,804399,828928,854320,881032,906566,931104,947269,962825,981434,992500,1010308,1037511,1065989,1096890,1131081,1167889,1209696,1288947,1369303,1415684,1461322,1508697,1556304,1602170,1646103,1689264,1732745,1776368,1818647,1857048,1889970,1917464,1942082,1966582,1991888,2018600,2047056,2077394,2109811,2146325,2194654,2252508,2312139,2374300,2439213,2506853,2577327,2650494,2728762,2810548,2889662,2963095
"Population, total",SP.POP.TOTL,Nauru,NRU,4607,4774,4979,5226,5515,5832,6043,6135,6328,6581,6710,6762,6812,6866,6923,6987,7064,7163,7298,7468,7649,7839,8040,8216,8377,8551,8742,8946,9165,9390,9622,9850,10021,10102,10137,10165,10183,10197,10198,10187,10168,10130,10082,10059,10060,10049,10034,10020,10009,10016,10043,10098,10267,10517,10742,10954,11150,11324,11477,11587,11643,11709,11801,11875
"Population, total",SP.POP.TOTL,Nepal,NPL,10123658,10318396,10521116,10729818,10946392,11173411,11408710,11652716,11906266,12167036,12436190,12710061,12989099,13275239,13568435,13870695,14177649,14499175,14839695,15190590,15553105,15922423,16297987,16689119,17085242,17477692,17868124,18250505,18638661,19057807,19524573,20036500,20609707,21180159,21717479,22245439,22741862,23219463,23680357,24125199,24546509,24946748,25328981,25688758,26016656,26309458,26565425,26788492,26990037,27173035,27341952,27464494,27534915,27589996,27672370,27823629,27955462,28011258,28079689,28414064,28966574,29475010,29715436,29694614
"Population, total",SP.POP.TOTL,Netherlands,NLD,11486631,11638712,11805689,11965966,12127120,12294732,12456251,12598201,12729721,12877984,13038526,13194497,13328593,13439322,13545056,13666335,13774037,13856185,13941700,14038270,14149800,14247208,14312690,14367070,14424211,14491632,14572278,14665037,14760094,14848907,14951510,15069798,15184166,15290368,15382838,15459006,15530498,15610650,15707209,15812088,15925513,16046180,16148929,16225302,16281779,16319868,16346101,16381696,16445593,16530388,16615394,16693074,16754962,16804432,16865008,16939923,17030314,17131296,17231624,17344874,17441500,17533044,17700982,17877117
"Population, total",SP.POP.TOTL,New Caledonia,NCL,79819,82521,85334,88050,90602,93159,95820,98587,101441,104849,109338,114514,119931,125585,131452,137462,142091,144599,146392,148132,149817,151441,153001,155003,157583,160234,162898,165650,168502,172029,176456,181238,186072,190857,195614,200379,205034,209560,214047,218527,223098,227707,232236,236678,240852,244381,247547,250725,253825,257250,261582,266543,271633,276822,281224,283168,283423,283546,283541,283606,284176,285214,287123,289870
"Population, total",SP.POP.TOTL,New Zealand,NZL,2371800,2419700,2482000,2531800,2585400,2628400,2675900,2724100,2748100,2772800,2810700,2853000,2903900,2961300,3023700,3083100,3110500,3120200,3121200,3109000,3112900,3124900,3156100,3199300,3227100,3247100,3246300,3274400,3283400,3299200,3329800,3495100,3531700,3572200,3620000,3673400,3732000,3781300,3815000,3835100,3857700,3880500,3948500,4027200,4087500,4133900,4184600,4223800,4259800,4302600,4350700,4384000,4408100,4442100,4516500,4609400,4714100,4813600,4900600,4979200,5090200,5111300,5117200,5223100
"Population, total",SP.POP.TOTL,Nicaragua,NIC,1782370,1836451,1892320,1950159,2010176,2072681,2137820,2205567,2275836,2348398,2423065,2499825,2573578,2649278,2732075,2816943,2903851,2992534,3080314,3164525,3252403,3345674,3438745,3530282,3619104,3706479,3794157,3882164,3972320,4066476,4162559,4259637,4357026,4453732,4549316,4642931,4729974,4809573,4883655,4954018,5022633,5087825,5149909,5210963,5272912,5342105,5418855,5497243,5576593,5656601,5737450,5819051,5901287,5983845,6066492,6149417,6232666,6316231,6400080,6483657,6565267,6644741,6730654,6823613
"Population, total",SP.POP.TOTL,Niger,NER,3505050,3608162,3714520,3823873,3935814,4049695,4165544,4283590,4403637,4525725,4650275,4776225,4904845,5037865,5174953,5317019,5464962,5619716,5782932,5955556,6135971,6322006,6512732,6708644,6909971,7118457,7335811,7561150,7793748,8034780,8286059,8546900,8817633,9100789,9398258,9714529,10044852,10383969,10741413,11117411,11509630,11920647,12349144,12796984,13265836,13756192,14268581,14803610,15361915,15943675,16548835,17176283,17836769,18519898,19215909,19939498,20685753,21435446,22188069,22947757,23717613,24502140,25311973,26159867
"Population, total",SP.POP.TOTL,Nigeria,NGA,45053782,45989310,46965292,47973575,49012016,50086764,51188234,52293065,53432783,54631914,55893838,57214684,58601748,60082139,61679144,63410815,65258009,67234590,69326532,71498242,73764641,76068103,78378701,80438260,82526443,84897973,87235953,89591716,92020090,94531014,97120925,99720162,102372770,105122069,107935714,110819428,113754779,116754792,119846254,123047320,126382494,129862595,133471989,137202644,141057045,145017253,149077334,153267261,157595014,162049464,166642886,171379598,176200625,181049443,185896915,190671878,195443700,200254579,204938755,209485641,213996181,218529286,223150896,227882945
"Population, total",SP.POP.TOTL,North America,NAC,198622564,202005123,205196239,208251340,211260410,214028461,216656534,219173514,221500404,223756306,226428124,229675639,232167266,234453723,236715025,239169404,241538018,244018165,246601634,249310061,251794340,254339912,256835329,259213228,261487222,263821663,266289167,268791866,271347446,274152910,277371697,281076404,284943671,288662580,292185857,295639837,299064031,302623125,306069812,309502410,312909691,316051677,319046534,321812780,324806660,327822042,331013939,334183103,337404564,340465163,343396770,345986435,348654703,351204513,353883924,356506956,359246007,361730781,363974650,366012555,369619953,370353489,372275216,375077354
"Population, total",SP.POP.TOTL,North Macedonia,MKD,1435059,1455171,1471745,1488737,1510900,1533466,1557349,1582492,1608930,1636345,1664208,1691216,1717395,1743816,1770545,1797972,1825830,1853138,1879847,1906523,1933038,1959065,1978956,1991901,2003399,2014331,2024732,2035157,2045737,2055649,2063689,2055994,2032523,2006854,1992666,1998534,2012553,1996869,2007523,2017142,2026350,2034882,2020157,2022725,2016186,2005330,1994287,1982933,1971493,1958782,1946298,1937398,1929821,1922716,1917557,1912430,1906313,1898657,1889051,1876262,1856124,1837114,1831712,1827816
"Population, total",SP.POP.TOTL,Northern Mariana Islands,MNP,8736,8995,9280,9595,9925,10264,10612,10749,10468,9989,10170,11271,12636,13880,14655,15065,15438,15787,16130,16488,17625,19826,22350,24936,27575,30258,32980,35736,38519,41303,43342,44393,45181,45952,46730,48176,51706,56596,61337,65916,68356,67984,66778,65421,63938,62354,60682,58941,57150,55325,54091,53608,53234,52758,52178,51514,50773,49959,49077,48129,47528,46979,46078,45143
"Population, total",SP.POP.TOTL,Norway,NOR,3581239,3609800,3638918,3666537,3694339,3723168,3753012,3784539,3816486,3847707,3875763,3903039,3933004,3960612,3985258,4007313,4026152,4043205,4058671,4072517,4085620,4099702,4114787,4128432,4140099,4152516,4167354,4186905,4209488,4226901,4241473,4261732,4286401,4311991,4336613,4359184,4381336,4405157,4431464,4461913,4490967,4513751,4538159,4564855,4591910,4623291,4660677,4709153,4768212,4828726,4889252,4953088,5018573,5079623,5137232,5188607,5234519,5276968,5311916,5347896,5379475,5408320,5457127,5519594
"Population, total",SP.POP.TOTL,Not classified,INX,..,..,..,..,..,..,..,..,..,..,..,..,..,..,..,..,..,..,..,..,..,..,..,..,..,..,..,..,..,..,..,..,..,..,..,..,..,..,..,..,..,..,..,..,..,..,..,..,..,..,..,..,..,..,..,..,..,..,..,..,..,..,..,..
"Population, total",SP.POP.TOTL,OECD members,OED,809580666,820797329,832228334,843650775,855135046,866300939,877030636,887553832,897869478,908238681,918489195,930596384,941467841,952000973,962281658,972242932,981612322,990951247,1000355869,1009880602,1019332414,1028615740,1037419356,1046094679,1054395892,1062728299,1071222636,1079813087,1088587717,1097876374,1107695519,1118410105,1129039882,1139203498,1148779736,1158068699,1167149370,1176191803,1184928348,1193682861,1202226474,1211106223,1220070536,1228926236,1237753724,1246459292,1255490764,1264410318,1274326608,1283513127,1292108663,1298741317,1306608465,1314705887,1323087907,1331189869,1339441048,1347317014,1355260023,1362497757,1370013876,1371769252,1378506989,1385723403
"Population, total",SP.POP.TOTL,Oman,OMN,530485,539854,549941,560827,572577,585236,598804,613318,628798,645255,662680,681119,700593,721179,746988,778864,814701,855314,900304,949116,1001248,1057320,1117678,1181459,1247716,1325480,1413419,1500996,1588568,1676228,1763954,1851473,1938238,2021675,2081834,2120528,2156926,2190720,2222489,2252909,2282131,2310217,2337140,2363796,2404821,2459802,2514795,2570174,2626529,2684659,2757446,3076763,3547106,3833913,4002439,4184895,4390877,4537396,4597877,4591241,4522497,4500424,4730226,5049269
"Population, total",SP.POP.TOTL,Other small states,OSS,5458853,5547310,5655451,5765241,5874688,5980491,6079901,6173583,6267038,6363577,6465635,6579022,6702866,6828515,6948494,7074031,7211306,7357498,7504109,7653134,7803795,7951138,8098677,8243752,8390169,8549331,8718033,8892322,9072184,9262888,9464103,9634139,9717948,9779331,9872555,9948797,10066923,10207938,10351144,10379509,10425820,10622995,10846687,11034074,11194800,11368666,11561776,11769660,11966136,12167982,12341009,12420968,12554229,12719557,12904905,13091061,13273445,13487767,13634874,13761088,13884095,14040798,14217718,14411921
"Population, total",SP.POP.TOTL,Pacific island small states,PSS,912120,938244,965430,993524,1022081,1051140,1079689,1105889,1130851,1156327,1181537,1205879,1229695,1253169,1277600,1303608,1331351,1360619,1390784,1422234,1454476,1487561,1521261,1555284,1590058,1625654,1660533,1692234,1721206,1748900,1775607,1801531,1827395,1853148,1878007,1901782,1926342,1954642,1984859,2014289,2042274,2069097,2095273,2120592,2145505,2170029,2194265,2218230,2240739,2262456,2289399,2320899,2351924,2382931,2414338,2445989,2477794,2509999,2542009,2568656,2595522,2625493,2656049,2689224
"Population, total",SP.POP.TOTL,Pakistan,PAK,45709310,46921277,48156128,49447776,50799999,52209010,53678667,55214768,56810507,58460939,60166719,61847899,63583194,65461912,67415487,69461175,71620254,73901827,76307379,78997039,82291010,85802049,89089246,92227711,95164936,98229285,101606764,105130717,108724739,112336629,116155576,120060406,123546848,127020117,130748083,134582253,138557092,142531804,146522356,150565377,154879127,159270907,163222549,167110248,171286000,175453212,179682690,184493231,189499113,194376534,199239047,203746065,207667125,211073978,214264647,217290883,220138869,223273967,226928892,230800899,235001746,239477801,243700667,247504495
"Population, total",SP.POP.TOTL,Palau,PLW,9328,9555,9793,10037,10292,10547,10805,10988,11080,11159,11368,11759,12194,12552,12687,12655,12598,12525,12440,12337,12271,12402,12694,13006,13337,13688,14024,14334,14645,14945,15259,15614,15989,16372,16770,17195,17654,18108,18524,18901,19178,19352,19503,19659,19820,19819,19593,19302,19009,18709,18396,18078,17765,17648,17715,17770,17797,17812,17814,17798,17792,17783,17759,17727
"Population, total",SP.POP.TOTL,Panama,PAN,1126005,1159870,1195301,1232124,1270065,1308835,1348388,1388628,1429447,1470886,1513070,1556081,1599723,1643690,1687926,1732389,1776935,1821543,1866311,1911552,1957534,2004418,2052271,2101106,2150782,2200915,2251325,2301970,2352848,2403820,2455583,2508265,2561336,2615099,2669546,2724557,2780227,2836695,2893914,2951822,3010369,3069537,3129344,3189807,3251155,3313026,3375024,3437490,3500648,3564381,3628535,3693505,3759256,3825329,3892101,3960035,4029086,4098707,4167860,4234700,4293261,4345405,4400773,4458759
"Population, total",SP.POP.TOTL,Papua New Guinea,PNG,1995110,2046127,2093919,2141376,2188325,2235820,2285774,2337532,2390803,2446927,2505628,2566421,2628432,2690629,2752671,2814820,2877327,2940327,3003714,3067341,3131512,3197019,3264291,3333633,3405198,3478936,3554793,3632543,3711880,3796078,3896481,4021837,4166699,4320872,4480208,4644278,4813361,4987883,5166390,5349333,5537064,5728435,5924003,6123997,6328041,6535905,6747720,6963345,7183002,7406438,7633523,7859346,8081390,8302698,8523441,8743246,8961718,9178714,9394513,9609010,9815746,10012896,10203169,10389635
"Population, total",SP.POP.TOTL,Paraguay,PRY,1883514,1927394,1973130,2021909,2073119,2125177,2177584,2229994,2282391,2334992,2388028,2442537,2499881,2561102,2625621,2691648,2758836,2827874,2899269,2973968,3053235,3137604,3226189,3318068,3412936,3510671,3611474,3714889,3820546,3927802,4035747,4144364,4253600,4362696,4471417,4579806,4687543,4794412,4900025,5003135,5100868,5187689,5261328,5326436,5388175,5448097,5505148,5559386,5613574,5671236,5737971,5814626,5897008,5982445,6069811,6159103,6249126,6338660,6427382,6515058,6603739,6684182,6760464,6844146
"Population, total",SP.POP.TOTL,Peru,PER,10174127,10475123,10784612,11102099,11427978,11761085,12101297,12448814,12803993,13166767,13501237,13838067,14210147,14582867,14956552,15333957,15716809,16109806,16516059,16933139,17360949,17798805,18246503,18705957,19174716,19648204,20117122,20582320,21054702,21532589,22014771,22483775,22946340,23413783,23881493,24348919,24811171,25274147,25738095,26186504,26598331,26964601,27288217,27580490,27852190,28101180,28324491,28530699,28719041,28896811,29086019,29304086,29550366,29817919,30115826,30457600,30866494,31324637,31897584,32449303,32838579,33155882,33475438,33845617
"Population, total",SP.POP.TOTL,Philippines,PHL,27891897,28792621,29723536,30674731,31643032,32625316,33617170,34621320,35638342,36660799,37622204,38518659,39408560,40294130,41174341,42120826,43201488,44367962,45575281,46807103,48043740,49311727,50695707,52194620,53726181,55213006,56645077,58157496,59739052,61265260,62854666,64382249,65926125,67530621,69019291,70546246,72190242,73908810,75791024,77753257,79625397,81401488,83068889,84731835,86394504,88015962,89508986,91075184,92699095,94384250,96337125,98248614,100175512,102076336,103767130,105312992,106735719,108119693,109465287,110804683,112081264,113100950,113964338,114891199
"Population, total",SP.POP.TOTL,Poland,POL,29637450,29964000,30308500,30712000,31139450,31444950,31681000,31987155,32294655,32548300,32664300,32783500,33055650,33357200,33678899,34015199,34356300,34689050,34965600,35247217,35574150,35898587,36230481,36571808,36904134,37201885,37456119,37668045,37824487,37961529,38110782,38246193,38363667,38461408,38542652,38594998,38624370,38649660,38663481,38660271,38258629,38248076,38230364,38204570,38182222,38165445,38141267,38120560,38125759,38151603,38042794,38063255,38063164,38040196,38011735,37986412,37970087,37974826,37974750,37965475,37899070,36981559,36821749,36687353
"Population, total",SP.POP.TOTL,Portugal,PRT,8857716,8929316,8993985,9030355,9035365,8998595,8930990,8874520,8836650,8757705,8680431,8643756,8630430,8633100,8754365,9093470,9355810,9455675,9558250,9661265,9766312,9851362,9911771,9957865,9996232,10023613,10032734,10030031,10019610,10005000,9983218,9960235,9952494,9964675,9991525,10026176,10063945,10108977,10160196,10217828,10289898,10362722,10419631,10458821,10483861,10503330,10522288,10542964,10558177,10568247,10573100,10557560,10514844,10457295,10401062,10358076,10325452,10300300,10283822,10286263,10297081,10361831,10434332,10578174
"Population, total",SP.POP.TOTL,Post-demographic dividend,PST,756379385,765443499,774679689,783736508,792735136,801451274,809623605,817437528,825029113,832633761,840190480,849553629,857513072,865015884,872247955,879088327,885244462,891301791,897398355,903773491,909919829,916024683,921558505,926768139,931624894,936480384,941566838,946817118,952284317,958176572,964371624,971291914,978087877,984398082,990028770,995338472,1000836719,1006102041,1011086034,1015990094,1021150563,1026102991,1031271721,1036412650,1041747900,1046942910,1052610469,1058829365,1065219261,1070658067,1075615574,1078564678,1083068159,1087808342,1092805112,1097599410,1102507839,1106644744,1110512190,1113651656,1117765361,1117015201,1117561802,1119236161
"Population, total",SP.POP.TOTL,Pre-demographic dividend,PRE,188920253,193342737,198004977,202879347,207958469,213246024,218721527,224392810,230300956,236419165,242769169,249344292,256080715,263238228,270820390,278656584,286692896,295051411,304240149,313887702,322965422,330988678,339575832,349226289,359259708,369570962,379883689,390374024,400820214,411682495,422471117,433111892,445411988,459529211,475022693,490118620,503373634,516729805,531450214,546890075,562428025,578587390,596114535,614269146,632445407,651320620,670229212,688722596,708796270,730293963,752046672,774567417,798002725,822138419,846420736,870587800,895239872,920568701,946317177,972302503,998624261,1024960313,1051201551,1078224044
"Population, total",SP.POP.TOTL,Puerto Rico,PRI,2358000,2399722,2450322,2504530,2554066,2594000,2624995,2645674,2662064,2684150,2718000,2762190,2817256,2878786,2939299,2994000,3043854,3088690,3129421,3168088,3206000,3242552,3277453,3311138,3344190,3377000,3409554,3441850,3473898,3505650,3537000,3562110,3585176,3615497,3649237,3683103,3724655,3759430,3781101,3800081,3810605,3818774,3823701,3826095,3826878,3821362,3805214,3782995,3760866,3740410,3721525,3678732,3634488,3593077,3534874,3473232,3406672,3325286,3193354,3193694,3281557,3262693,3220113,3205691
"Population, total",SP.POP.TOTL,Qatar,QAT,36010,39680,44630,50380,56867,64065,72192,81439,91749,103025,116350,131346,146506,161841,177362,193087,209052,225285,241808,258670,275913,293553,311537,329709,347878,365940,382422,397005,411264,425646,440175,454853,469657,484545,499459,514325,529019,550500,580540,612500,644989,677925,711205,744682,773332,825408,972831,1208595,1426938,1608903,1616832,1624761,1722438,1916426,2151745,2344557,2477113,2545820,2580734,2638657,2794148,2504910,2657333,2656032
"Population, total",SP.POP.TOTL,Romania,ROU,18406905,18555250,18676550,18797850,18919126,19031576,19215450,19534242,19799831,20009141,20250398,20461567,20657957,20835681,21029429,21293583,21551634,21756096,21951464,22090488,22207282,22353070,22475741,22560478,22640547,22732999,22836841,22949430,23057662,23161458,23201835,23001155,22794284,22763280,22730211,22684270,22619004,22553978,22507344,22472040,22442971,22131970,21730496,21574326,21451748,21319685,21193760,20882982,20537875,20367487,20246871,20147528,20058035,19983693,19908979,19815616,19702267,19588715,19473970,19371648,19265250,19122059,19048502,19059479
"Population, total",SP.POP.TOTL,Russian Federation,RUS,119897000,121236000,122591000,123960000,125345000,126745000,127468000,128196000,128928000,129664000,130404000,131155000,131909000,132669000,133432000,134200000,135147000,136100000,137060000,138027000,139010000,139941000,140823000,141668000,142745000,143858000,144894000,145908000,146857000,147721000,147969406,148394216,148538197,148458777,148407912,148375787,148160129,147915361,147670784,147214776,146596869,145976482,145306497,144648618,144067316,143518814,143049637,142805114,142742366,142785348,142849468,143018195,143378447,143805638,144237223,144640716,145015460,145293260,145398106,145453291,145245148,144746762,144236933,143826130
"Population, total",SP.POP.TOTL,Rwanda,RWA,3022294,3106779,3186025,3258890,3334834,3423210,3521626,3629577,3744010,3861271,3980669,4100044,4220335,4345047,4474228,4607728,4745954,4888240,5035171,5189541,5353259,5527230,5711549,5905311,6107627,6317228,6531881,6749493,6968071,7184706,7375307,7526966,7683266,7981132,6792352,5674118,6708764,7755238,8081681,8147912,8213931,8287094,8400180,8586875,8816844,9054528,9299246,9549933,9804269,10060432,10317553,10573733,10829901,11093340,11364757,11640022,11919183,12202060,12487996,12776103,13065837,13355260,13651030,13954471
"Population, total",SP.POP.TOTL,Samoa,WSM,112490,115496,118597,121764,124894,127978,131073,133764,136020,138233,140400,142503,144538,146516,149431,153344,157113,159753,161375,162882,164322,165678,166484,166714,166796,166849,167061,167661,168346,168768,169042,169368,170331,171774,173159,174571,176071,177547,178905,180275,181685,183166,184471,185430,186249,186978,187709,188753,190107,191513,193023,194713,196498,198268,200037,201782,203499,205415,207582,209780,211944,213779,215261,216663
"Population, total",SP.POP.TOTL,San Marino,SMR,15428,15799,16183,16580,16977,17305,17523,17688,17861,18026,18168,18419,18787,18992,19030,19046,19110,20017,21026,21320,21585,21840,22055,22229,22346,22485,22636,22686,22843,23154,23475,23797,24125,24472,24823,25158,25482,25800,26125,26459,26799,27143,27491,27843,29457,29836,30184,31211,31662,33066,33270,32620,33469,33041,32655,32897,33101,33825,34522,34663,34770,34252,33755,33860
"Population, total",SP.POP.TOTL,Sao Tome and Principe,STP,68012,68707,69403,70112,70865,71680,72576,73596,74765,76083,77626,79330,81041,82798,84672,86708,88922,91301,93794,96252,98544,100615,102508,104380,106394,108658,111150,113919,116939,119979,122980,125697,128110,130467,132732,134895,136962,138922,140751,142442,144018,146375,149922,153814,157705,161639,165638,169700,173793,177853,181802,185649,189439,193148,196767,200291,203689,206970,210187,213392,217435,221961,226305,230871
"Population, total",SP.POP.TOTL,Saudi Arabia,SAU,2435403,2526347,2620910,2719341,2821968,2928771,3039887,3157242,3282711,3417114,3562470,3724031,3905722,4106344,4323632,4556287,4807933,5083048,5381902,5703698,6047997,6420551,6824486,7252941,7697307,8151779,8628639,9130194,9629165,10128394,10640691,11160744,11686676,12215862,12750040,13289245,13831009,14374943,14922185,15472075,16177722,17041397,17910910,18786767,19669480,20559890,21459144,22368313,23287877,24217654,23978487,25091867,26168861,27624004,28309273,29816382,30954198,30977355,30196281,30063799,31552510,30784383,32175224,33264292
"Population, total",SP.POP.TOTL,Senegal,SEN,3340907,3436375,3534686,3635876,3740535,3849788,3964299,4083870,4207587,4334974,4466328,4601864,4741631,4885181,5029437,5170810,5308564,5439549,5568096,5702895,5845638,5997160,6156961,6324504,6499364,6683287,6878192,7081530,7289618,7502207,7720523,7943085,8168395,8396288,8624078,8848101,9067014,9283495,9502952,9730887,9968260,10212942,10466214,10721176,10975704,11235472,11500094,11770344,12048959,12337389,12635413,12958897,13310495,13710849,14152102,14593331,15034521,15475002,15914498,16352922,16789219,17220867,17651103,18077573
"Population, total",SP.POP.TOTL,Serbia,SRB,6638992,6689077,6740264,6787950,6832855,6876624,6927969,6966522,7007586,7123249,7164993,7211716,7252012,7283902,7326043,7368717,7418973,7462783,7504017,7541997,7709544,7736787,7763335,7788100,7813549,7835902,7853824,7868027,7884218,7893787,7897937,7595636,7604063,7614328,7622711,7628264,7622185,7598538,7567745,7540401,7516346,7503433,7500031,7480591,7463157,7440769,7411569,7381579,7350222,7320807,7291436,7236519,7201497,7166553,7131787,7095383,7058322,7020858,6982604,6945235,6899126,6834326,6664449,6623183
"Population, total",SP.POP.TOTL,Seychelles,SYC,41700,42889,44042,45176,46322,47500,48699,49911,51134,52365,53600,54695,56029,56892,57937,59292,60504,61786,62150,62686,63261,64035,64413,64335,64717,65244,65652,68499,68755,69167,69507,70439,70763,72253,74205,75304,76417,77319,78846,80410,81131,81202,83723,82781,82475,82858,84600,85033,86956,87298,89770,87441,88303,89949,91359,93419,94677,95843,96762,97625,98462,99258,119878,119773
"Population, total",SP.POP.TOTL,Sierra Leone,SLE,2268356,2304227,2342242,2382258,2424390,2468666,2514638,2562384,2611532,2661365,2712286,2763222,2814388,2866955,2920459,2974657,3028820,3085354,3145517,3207499,3272089,3338940,3408183,3481646,3558758,3638438,3728380,3829718,3934517,4034037,4196828,4246267,4166366,4157130,4173105,4179179,4199210,4253716,4295785,4318043,4423611,4692716,4971435,5177687,5355717,5501712,5624466,5749352,5894722,6055646,6222714,6387251,6551080,6714051,6876385,7037655,7205328,7379299,7554563,7731991,7912558,8094602,8276807,8460512
"Population, total",SP.POP.TOTL,Singapore,SGP,1646400,1702400,1750200,1795000,1841600,1886900,1934400,1977600,2012000,2042500,2074507,2112900,2152400,2193000,2229800,2262600,2293300,2325300,2353600,2383500,2413945,2532835,2646466,2681061,2732221,2735957,2733373,2774789,2846108,2930901,3047132,3135083,3230698,3313471,3419048,3524506,3670704,3796038,3927213,3958723,4027887,4138012,4175950,4114826,4166664,4265762,4401365,4588599,4839396,4987573,5076732,5183688,5312437,5399162,5469724,5535002,5607283,5612253,5638676,5703569,5685807,5453566,5637022,5917648
"Population, total",SP.POP.TOTL,Sint Maarten (Dutch part),SXM,2715,2970,3264,3584,3922,4282,4664,5071,5500,5948,6414,6888,7380,7917,8492,9094,9716,10364,11039,11723,12410,13302,14607,16133,17694,19291,20930,22617,24357,26169,28061,30046,31567,32026,31917,31772,31598,31404,31193,30977,30773,30726,30960,31327,31690,32057,32428,32791,33145,33491,33794,34267,35023,35854,36672,37471,38249,38996,39712,40385,41008,41571,42139,42749
"Population, total",SP.POP.TOTL,Slovak Republic,SVK,4068095,4191667,4238188,4282017,4327341,4370983,4411666,4449367,4483915,4518607,4538223,4557449,4596622,4641445,4689623,4739105,4789507,4840501,4890125,4938973,4979815,5016105,5055099,5091971,5127097,5161768,5193838,5222840,5250596,5275942,5299187,5303294,5305016,5325305,5346331,5361999,5373361,5383291,5390516,5396020,5388720,5378867,5376912,5373374,5372280,5372807,5373054,5374622,5379233,5386406,5391428,5398384,5407579,5413393,5418649,5423801,5430798,5439232,5446771,5454147,5458827,5447247,5431752,5426740
"Population, total",SP.POP.TOTL,Slovenia,SVN,1584720,1594131,1603649,1616971,1632114,1649160,1669905,1689528,1704546,1713874,1724891,1738335,1752233,1766697,1776132,1793581,1820249,1842377,1862548,1882599,1901315,1906531,1910334,1922321,1932154,1941641,1965964,1989776,1995196,1996351,1998161,1999429,1996498,1991746,1989443,1989872,1988628,1985956,1981629,1983045,1988925,1992060,1994530,1995733,1997012,2000474,2006868,2018122,2021316,2039669,2048583,2052843,2057159,2059953,2061980,2063531,2065042,2066388,2073894,2088385,2102419,2108079,2112076,2120461
"Population, total",SP.POP.TOTL,Small states,SST,8084378,8236668,8410874,8590239,8768610,8942904,9111088,9271813,9431669,9595123,9760009,9930876,10103257,10268857,10428136,10593903,10772756,10961285,11149899,11340971,11535614,11728921,11922906,12115123,12309661,12518189,12735312,12953210,13173930,13404597,13642451,13851264,13980192,14087169,14226027,14351327,14521521,14718417,14919372,15004319,15104549,15353612,15628745,15866947,16075494,16293669,16531026,16783557,17023254,17267231,17486029,17614955,17799404,18019613,18260446,18501574,18738677,19007273,19225348,19408893,19572194,19777900,20005272,20253539
"Population, total",SP.POP.TOTL,Solomon Islands,SLB,139688,142912,146201,149589,153085,156686,160393,164245,168282,172476,176579,180637,184994,189774,195041,200744,207194,214418,222029,229953,238135,246555,255200,264068,273163,282455,291842,301414,311265,321282,331435,341738,352205,362839,373675,384733,396009,407474,419071,430500,440469,449125,457671,466154,474611,483080,491594,500156,508790,518141,532968,552945,573606,594945,616908,639415,662379,685672,709101,728147,744498,762591,781066,800005
"Population, total",SP.POP.TOTL,Somalia,SOM,2876331,2952054,3030091,3110361,3192796,3277874,3365106,3454537,3546590,3641015,3738448,3837691,3939436,4045592,4151842,4257535,4365812,4484050,4814892,5449117,5936154,5982849,6003840,6198430,6428389,6693289,6974788,7228302,7235360,7114817,7082811,6813760,6495107,6681399,7026797,7285007,7554474,7824525,8155417,8492059,8838713,9198493,9550063,9909157,10280998,10644228,10975502,11322582,11663084,11961201,12261756,12348830,12461160,12869594,13339491,13806963,14348740,14916629,15452487,16030971,16651191,17271431,17801897,18358615
"Population, total",SP.POP.TOTL,South Africa,ZAF,16440172,16908035,17418522,17954564,18511361,19089380,19690087,20314066,20957287,21614676,22279984,22942143,23609456,24294263,24989108,25690940,26395450,27118952,27869507,28634162,29518857,30541044,31615339,32739304,33892788,35042093,36180515,37326190,38480649,39628575,40746268,41687898,42443509,43297156,44004139,44541554,45123018,45666838,46223880,46730335,47159719,47566800,48019415,48500348,48991421,49490033,49998277,50528584,51114599,51728516,52344051,52995205,53782567,54678791,55594838,56723537,57259551,57635162,58613001,59587885,60562381,61502603,62378410,63212384
"Population, total",SP.POP.TOTL,South Asia,SAS,562663671,576552257,590723078,605163476,619975727,634743361,649326080,664339452,679739334,695251697,711535056,727496928,743820087,761620615,780131997,799327643,818897740,839003065,859247929,880093189,901830096,923378190,945429976,968588030,992249656,1016278162,1040673027,1065320678,1090292188,1115781733,1141498254,1167357434,1193900392,1221219670,1248304394,1275163648,1302319006,1329609793,1357088282,1384716971,1412194936,1439704270,1467185462,1494191087,1520797241,1546744163,1572294133,1597352539,1622028899,1647212835,1672490146,1697466396,1721780232,1744358673,1766896416,1788492725,1809951345,1831474329,1852836645,1874070006,1895144142,1914263569,1932289074,1951539835
"Population, total",SP.POP.TOTL,South Asia (IDA & IBRD),TSA,562663671,576552257,590723078,605163476,619975727,634743361,649326080,664339452,679739334,695251697,711535056,727496928,743820087,761620615,780131997,799327643,818897740,839003065,859247929,880093189,901830096,923378190,945429976,968588030,992249656,1016278162,1040673027,1065320678,1090292188,1115781733,1141498254,1167357434,1193900392,1221219670,1248304394,1275163648,1302319006,1329609793,1357088282,1384716971,1412194936,1439704270,1467185462,1494191087,1520797241,1546744163,1572294133,1597352539,1622028899,1647212835,1672490146,1697466396,1721780232,1744358673,1766896416,1788492725,1809951345,1831474329,1852836645,1874070006,1895144142,1914263569,1932289074,1951539835
"Population, total",SP.POP.TOTL,South Sudan,SSD,2931559,2976724,3024308,3072669,3129918,3189835,3236423,3277648,3321528,3365533,3409614,3468646,3542497,3627383,3723259,3821494,3921910,4024032,4127657,4232605,4339030,4447272,4557686,4661574,4750627,4834296,4921240,4962395,4848029,4713229,4737633,4836677,4909749,4956002,5071184,5225836,5356925,5509136,5620068,5771628,6032267,6308391,6596806,6903127,7233041,7590143,7976526,8388788,8817647,9243556,9745953,10288109,10756240,11166275,11235073,11107561,10830102,10259154,10122977,10423384,10698467,10865780,11021177,11483374
"Population, total",SP.POP.TOTL,Spain,ESP,30455000,30739250,31023366,31296651,31609195,31954292,32283194,32682947,33113134,33441054,33814531,34224490,34604469,34988947,35373335,35757900,36137812,36511638,36864898,37191330,37491165,37758631,37986012,38171525,38330364,38469512,38584624,38684815,38766939,38827764,38867322,38966376,39157685,39361262,39549108,39724050,39889852,40057389,40223509,40386875,40567864,40850412,41431558,42187645,42921895,43653155,44397319,45226803,45954106,46362946,46576897,46742697,46773055,46620045,46480882,46444832,46484062,46593236,46797754,47134837,47365655,47415794,47759127,48347910
"Population, total",SP.POP.TOTL,Sri Lanka,LKA,9661389,9899372,10143754,10395040,10653397,10916965,11183928,11457328,11736088,12013858,12287110,12551910,12809205,13060916,13305693,13548984,13796770,14049371,14310128,14579614,14847974,15099414,15286567,15388794,15441860,15544154,15731256,15916576,16078621,16248557,16352458,16475354,16739284,17025918,17275773,17564068,17905018,18248200,18596003,18944731,19293054,19600362,19805752,19951521,20087605,20216524,20352411,20492545,20629378,20756435,20879089,21009048,21169458,20585000,20778000,20970000,21209000,21444000,21670000,21803000,21919000,22156000,22181000,22037000
"Population, total",SP.POP.TOTL,St. Kitts and Nevis,KNA,55810,55334,54461,53441,52326,51139,49898,48605,47245,45731,44606,44206,44033,43880,43738,43606,43482,43358,43217,43033,42850,42698,42532,42334,42113,41874,41618,41348,41062,40758,40432,40358,40715,41242,41776,42326,42877,43428,43998,44601,45248,45761,46020,46176,46315,46437,46569,46706,46835,46916,46846,46886,47033,47069,47089,47087,47075,47050,47008,46952,46870,46763,46709,46758
"Population, total",SP.POP.TOTL,St. Lucia,LCA,92585,93490,94505,95519,96505,97493,98463,99504,100675,101879,103165,104564,106002,107498,109076,110725,112425,114135,115834,117528,119290,121166,123087,125044,127067,129159,131239,133227,135000,136512,137857,139520,141617,143726,145890,148208,150436,152569,154677,156702,158616,160237,161641,162976,164239,165450,166639,167758,168808,169869,170906,171801,172587,173369,174138,174905,175646,176342,177017,177661,178250,178522,178781,179285
"Population, total",SP.POP.TOTL,St. Martin (French part),MAF,4250,4386,4527,4673,4827,4996,5213,5472,5693,5868,6047,6228,6409,6596,6801,7038,7303,7569,7822,8063,8288,8498,9494,11485,13733,16095,18558,21108,23749,26453,28224,28800,29081,29282,29413,29470,29443,29323,29107,29284,29996,30803,31604,32395,33171,33928,34658,35337,35958,36502,36856,37069,37276,37419,37450,37369,37175,36837,36012,34267,31786,29961,28870,27515
"Population, total",SP.POP.TOTL,St. Vincent and the Grenadines,VCT,84388,85870,87236,88523,89749,90927,92052,93124,94123,95058,95964,96872,97790,98691,99556,100387,101197,101999,102775,103478,104213,105073,105969,106838,107687,108506,109281,110001,110658,111272,111812,112222,112509,112735,112918,113047,113119,113141,113180,113366,113545,113501,113347,113141,112835,112450,112014,111531,111028,110508,109959,109349,108736,108135,107535,106960,106349,105663,104926,104167,103526,102841,102046,101323
"Population, total",SP.POP.TOTL,Sub-Saharan Africa,SSF,227703005,233241597,239026415,245034711,251292534,257806104,264528156,271499400,278774032,286291766,294071521,302095262,310303050,318974077,328098223,337484491,347140248,356939418,367476902,378695833,389959247,401805572,414407128,426899800,439338948,452261445,465510912,479171693,492983652,507001395,521314712,535621670,550274082,565570780,580801913,596382250,612553970,628853819,645803591,663257231,681125107,699588585,718662153,738316131,758653144,779665113,801269368,823564883,846656872,870347292,894666657,919528126,944970310,971232906,997961037,1025251114,1052824144,1080941647,1109997000,1139315618,1169015451,1199011925,1229208573,1259902353
"Population, total",SP.POP.TOTL,Sub-Saharan Africa (excluding high income),SSA,227661305,233198708,238982373,244989535,251246212,257758604,264479457,271449489,278722898,286239401,294017921,302040567,310247021,318917185,328040286,337425199,347079744,356877632,367414752,378633147,389895986,401741537,414342715,426835465,439274231,452196201,465445260,479103194,492914897,506932228,521245205,535551231,550203319,565498527,580727708,596306946,612477553,628776500,645724745,663176821,681043976,699507383,718578430,738233350,758570669,779582255,801184768,823479850,846569916,870259994,894576887,919440685,944882007,971142957,997869678,1025157695,1052729467,1080845804,1109900238,1139217993,1168916989,1198912667,1229088695,1259782580
"Population, total",SP.POP.TOTL,Sub-Saharan Africa (IDA & IBRD countries),TSS,227703005,233241597,239026415,245034711,251292534,257806104,264528156,271499400,278774032,286291766,294071521,302095262,310303050,318974077,328098223,337484491,347140248,356939418,367476902,378695833,389959247,401805572,414407128,426899800,439338948,452261445,465510912,479171693,492983652,507001395,521314712,535621670,550274082,565570780,580801913,596382250,612553970,628853819,645803591,663257231,681125107,699588585,718662153,738316131,758653144,779665113,801269368,823564883,846656872,870347292,894666657,919528126,944970310,971232906,997961037,1025251114,1052824144,1080941647,1109997000,1139315618,1169015451,1199011925,1229208573,1259902353
"Population, total",SP.POP.TOTL,Sudan,SDN,8364489,8634941,8919028,9218077,9531109,9858030,10197578,10550597,10917999,11298936,11695771,12105539,12527856,13049315,13580723,14064798,14569716,15086614,15695003,16355352,17058905,17780572,18486645,19109770,19546528,19905872,20288238,20704904,21138431,21578022,22021481,22470676,22927355,23445592,24043948,24672143,25231528,25799821,26458999,27130613,27816745,28516770,29228727,29896035,30556637,31262444,31992435,32764135,33623980,34569113,35414399,36140806,36923178,37785849,38823318,40024431,41259892,42714306,44230596,45548175,46789231,48066924,49383346,50042791
"Population, total",SP.POP.TOTL,Suriname,SUR,263918,272791,283912,297034,309041,320000,331135,342679,354616,366906,379442,391932,397413,395772,393676,391170,388289,385067,381502,377602,375377,375459,376555,378746,382193,386972,392330,396911,402227,408409,412493,415013,417589,419352,422375,429606,438830,448067,457406,466916,476643,486560,496551,506414,513923,519313,524997,531016,537245,543568,549923,556269,562633,569020,575373,581627,587757,593713,599513,605768,612317,617896,623164,628886
"Population, total",SP.POP.TOTL,Sweden,SWE,7484656,7519998,7561588,7604328,7661354,7733853,7807797,7867931,7912273,7968072,8042801,8098334,8122300,8136312,8159955,8192437,8222286,8251540,8275599,8293678,8310531,8320503,8325263,8329033,8336605,8350386,8369829,8397804,8436489,8492964,8558835,8617375,8668067,8718561,8780745,8826939,8840998,8846062,8850974,8857874,8872109,8895960,8924958,8958229,8993531,9029572,9080505,9148092,9219637,9298515,9378126,9449213,9519374,9600379,9696110,9799186,9923085,10057698,10175214,10278887,10353442,10415811,10486941,10536632
"Population, total",SP.POP.TOTL,Switzerland,CHE,5327827,5434294,5573815,5694247,5789228,5856472,5918002,5991785,6067714,6136387,6180877,6213399,6260956,6307347,6341405,6338632,6302504,6281174,6281738,6294365,6319408,6354074,6391309,6418773,6441865,6470365,6504124,6545106,6593386,6646912,6715519,6799978,6875364,6938265,6993795,7040687,7071850,7088906,7110001,7143991,7184250,7229854,7284753,7339001,7389625,7437115,7483934,7551117,7647675,7743831,7824909,7912398,7996861,8089346,8188649,8282396,8373338,8451840,8514329,8575280,8638167,8704546,8777088,8888093
"Population, total",SP.POP.TOTL,Syrian Arab Republic,SYR,4673500,4815466,4959340,5110467,5269087,5435267,5609047,5790198,5978742,6175166,6380609,6598094,6826024,7060321,7302160,7554364,7817320,8090501,8372759,8661909,8957663,9260189,9572511,9904809,10258398,10625672,11002844,11388923,11782264,12179060,12579208,12980821,13385571,13795686,14208583,14616801,15018104,15417542,15820413,16228061,16637888,17051338,17468332,17889296,18336875,18814091,19637022,20884125,21636564,21976969,22482421,22878098,22759763,21666917,20273659,19424618,19193834,19224668,19577845,20353534,21049429,21628839,22462173,23594623
"Population, total",SP.POP.TOTL,Tajikistan,TJK,2112131,2181805,2255026,2331736,2411260,2492998,2577184,2664130,2753848,2845273,2936779,3028837,3123691,3222290,3324499,3430425,3540076,3653265,3768508,3882691,3995256,4109022,4227171,4350874,4480026,4619003,4772139,4939059,5114989,5267249,5398768,5541205,5649400,5724993,5825368,5948584,6066523,6139829,6176397,6208370,6284735,6407377,6531669,6658575,6790547,6924720,7057566,7194477,7338403,7490230,7652141,7824785,8014084,8216724,8425552,8643840,8865631,9085946,9307333,9529966,9749310,9966908,10182222,10389799
"Population, total",SP.POP.TOTL,Tanzania,TZA,9901419,10187886,10487756,10799528,11127826,11470728,11827459,12200109,12602076,13036700,13492677,13971451,14479308,15010101,15561630,16138361,16736211,17352929,17976566,18592038,19189769,19784703,20398571,21079874,21779066,22501693,23258959,24030378,24769686,25438759,26110207,26780436,27457588,28332692,29442356,30383497,30945762,31578089,32420458,33300330,34260139,35198299,36121304,37089555,38109668,39182076,40294902,41435512,42570728,43633982,44758488,46029367,47374260,48824128,50351512,52020962,53824013,55652890,57437145,59174891,60972798,62830412,64711821,66617606
"Population, total",SP.POP.TOTL,Thailand,THA,26851747,27650334,28481040,29342322,30232141,31149337,32086071,33037801,34002560,34973782,35954408,36937387,37933929,38947787,39952891,40940005,41896504,42843974,43788976,44718434,45650022,46575855,47494577,48423309,49351708,50270753,51177834,52074105,52969595,53848956,54738329,55637434,56528834,57408198,58260854,59098232,59920064,60724584,61522630,62299043,63007815,63651141,64266437,64868166,65452047,66017420,66567687,67102394,67619830,68121080,68579447,69007208,69436098,69845114,70216367,70540795,70859841,71160187,71376079,71522271,71641484,71727332,71735329,71702435
"Population, total",SP.POP.TOTL,Timor-Leste,TLS,468118,475291,482774,490564,498659,507034,515696,524648,533875,543356,553069,562966,572962,582855,590827,598158,607620,618315,628775,638719,649871,660493,669149,677707,686777,696665,707185,718476,730745,744856,760345,778278,799318,821437,844493,868146,892282,917184,942530,834697,745088,812249,879159,916878,929074,948311,976597,1004889,1032429,1058782,1084679,1110207,1134885,1158695,1181903,1205131,1228312,1251703,1275959,1300945,1326053,1350139,1369295,1384286
"Population, total",SP.POP.TOTL,Togo,TGO,1673110,1702717,1732959,1765072,1803440,1853771,1918513,1995890,2080226,2164814,2244773,2317976,2384994,2448749,2511760,2574622,2637796,2701894,2768148,2839854,2920894,3013043,3115042,3222899,3332837,3441091,3547952,3657508,3769742,3883411,3998761,4115560,4233617,4207453,4222940,4410832,4577860,4725030,4860913,5000269,5140037,5277382,5413274,5552167,5696508,5844631,6010668,6188344,6368812,6551865,6732590,6916474,7100736,7285442,7472450,7663195,7858289,8057140,8258778,8463068,8669720,8878379,9089738,9304337
"Population, total",SP.POP.TOTL,Tonga,TON,66170,68037,69940,71885,73879,75924,78002,79814,81353,82885,84401,85896,87356,88805,90683,93017,95325,96725,97204,97544,97769,97909,97980,97998,97990,97984,98010,98376,98969,99403,99700,99895,100022,100103,100166,100225,100275,100674,101388,102046,102677,103288,103874,104464,105071,105671,106253,106726,107020,107203,107400,107570,107460,107078,106609,106095,105524,105356,105567,105669,105704,105490,105042,104597
"Population, total",SP.POP.TOTL,Trinidad and Tobago,TTO,844943,863144,880194,896804,912963,928425,942937,956418,969006,980706,991471,1002585,1014921,1027851,1040761,1053469,1066311,1079554,1093380,1107639,1121744,1135132,1147927,1160534,1172984,1187366,1203124,1217364,1230069,1241600,1252208,1262171,1271674,1280466,1288341,1295169,1300928,1305836,1310225,1314708,1319774,1325567,1332011,1338709,1345380,1294494,1297944,1303188,1308587,1310106,1317714,1328019,1335194,1340557,1345343,1349667,1353895,1356633,1359193,1363985,1366725,1367558,1365805,1367510
"Population, total",SP.POP.TOTL,Tunisia,TUN,4267288,4316278,4369136,4427131,4489869,4561385,4652287,4760970,4879899,5004697,5131396,5261658,5396557,5537242,5684674,5839262,5996994,6155931,6309390,6456419,6606195,6758284,6908642,7053800,7220044,7409903,7600301,7789987,7974440,8151660,8324509,8501827,8682512,8857910,9018448,9161258,9294432,9421270,9541667,9655963,9764935,9869677,9971515,10071632,10166163,10255472,10346410,10441702,10542635,10650681,10765980,10886035,11009647,11141361,11274288,11402264,11528674,11650498,11765514,11875081,11974057,12048622,12119334,12200431
"Population, total",SP.POP.TOTL,Turkiye,TUR,28329898,29119238,29916147,30726841,31543072,32345220,33177672,34050421,34921684,35787774,36638465,37518611,38430221,39329533,40210234,41053126,41899984,42773298,43645306,44510429,45408815,46321190,47322096,48447410,49574069,50687115,51777772,52843670,53909626,54976723,56015628,57009887,57990118,58999167,60033836,61024503,61951134,62852966,63734383,64591923,65425961,66245128,67048795,67831730,68592617,69329557,70045349,70158112,71051678,72039206,73142150,74223629,75175827,76147624,77181884,78218479,79277962,80312698,81407204,82579440,83384680,84147318,84979913,85325965
"Population, total",SP.POP.TOTL,Turkmenistan,TKM,1643457,1695400,1749214,1804272,1859997,1915916,1971737,2027403,2083069,2139024,2195616,2253119,2311430,2370919,2432028,2494570,2558521,2623948,2691088,2760358,2832203,2907187,2985557,3067534,3154079,3247534,3347809,3452731,3559363,3662459,3760562,3855894,3944689,4032407,4116662,4191203,4263819,4336730,4410507,4492170,4582677,4675409,4769465,4863865,4958093,5052257,5147105,5244046,5345029,5451592,5564356,5683417,5808546,5939341,6075283,6215770,6360041,6507061,6655524,6803944,6949912,7092043,7230193,7364438
"Population, total",SP.POP.TOTL,Turks and Caicos Islands,TCA,5599,5622,5636,5647,5657,5658,5654,5657,5656,5652,5667,5754,5915,6090,6273,6463,6660,6864,7083,7306,7564,7908,8297,8697,9107,9521,9941,10361,10775,11193,11688,12305,12970,13648,14344,15052,15765,16482,17212,17959,18730,19576,20597,21727,22856,23988,25123,26270,27427,28588,29739,30846,32127,33653,35050,36605,38315,39913,41559,43166,44386,45243,45847,46198
"Population, total",SP.POP.TOTL,Tuvalu,TUV,5598,5648,5699,5751,5752,5715,5686,5652,5624,5631,5663,5685,5692,5681,5822,6117,6404,6686,6957,7184,7366,7526,7664,7789,7902,8046,8217,8371,8518,8662,8798,8928,9038,9126,9207,9280,9342,9400,9451,9496,9544,9586,9623,9695,9816,9940,10056,10182,10321,10461,10614,10780,10934,11001,10984,10963,10930,10869,10751,10581,10399,10194,9992,9816
"Population, total",SP.POP.TOTL,Uganda,UGA,7640973,7862217,8092231,8333663,8586363,8849203,9122864,9408924,9708632,10014858,10321603,10618206,10885796,11144236,11424846,11725240,12037294,12359669,12692113,13002163,13275741,13556452,13873631,14221881,14607677,15023681,15467579,15954170,16470483,17010698,17569897,18155901,18785032,19445161,20108801,20665667,21231550,21856046,22515806,23257281,24000150,24745676,25532870,26352124,27154515,27963289,28794003,29653430,30539553,31451151,32390802,33354543,34337438,35337042,36395539,37531446,38799152,40177388,41565831,42999637,44457152,45910930,47312719,48656601
"Population, total",SP.POP.TOTL,Ukraine,UKR,42824093,43399766,43943674,44462372,44951156,45386892,45802519,46215988,46614325,46976256,47261306,47573287,47946893,48277121,48576570,48865229,49120842,49336481,49521243,49721381,49955152,50189281,50402724,50637029,50887599,51108770,51318745,51515732,51724853,51917817,52054092,52170961,52323671,52350126,52075998,51665539,51226109,50786885,50379731,49976446,49556660,49106855,48677281,48315136,47979507,47585556,47278694,47062798,46819175,46623731,46456003,46307853,46210056,46126770,45972380,45784896,45616832,45436041,45208907,44957458,44680014,44298640,41048766,37732836
"Population, total",SP.POP.TOTL,United Arab Emirates,ARE,131334,137989,144946,152211,159692,167103,173976,179700,199416,239660,286536,335027,385014,436399,489087,542856,615866,710209,809274,912010,1015700,1099855,1166370,1235305,1305996,1377911,1467383,1574244,1681788,1789851,1898220,2006626,2114730,2222093,2328188,2434662,2597564,2817410,3040421,3266009,3493575,3723590,3956826,4192457,4428967,4664790,5009100,5624635,6302664,6707058,6869838,7104538,7391448,7693031,8059440,8505237,8935095,9223225,9346701,9445785,9401038,9575152,10074977,10483751
"Population, total",SP.POP.TOTL,United Kingdom,GBR,52400000,52800000,53250000,53650000,54000000,54348050,54648500,54943600,55211700,55441750,55663250,55896223,56086065,56194527,56229974,56225800,56211968,56193492,56196504,56246951,56314216,56333829,56313641,56332848,56422072,56550268,56681396,56802050,56928327,57076711,57247586,57424897,57580402,57718614,57865745,58019030,58166950,58316954,58487141,58682466,58892514,59119673,59370479,59647577,59987905,60401206,60846820,61322463,61806995,62276270,62766365,63258810,63700215,64128273,64602298,65116219,65611593,66058859,66460344,66836327,67081234,67026292,67791000,68350000
"Population, total",SP.POP.TOTL,United States,USA,180671000,183691000,186538000,189242000,191889000,194303000,196560000,198712000,200706000,202677000,205052000,207661000,209896000,211909000,213854000,215973000,218035000,220239000,222585000,225055000,227225000,229466000,231664000,233792000,235825000,237924000,240133000,242289000,244499000,246819000,249623000,252981000,256514000,259919000,263126000,266278000,269394000,272657000,275854000,279040000,282162411,284968955,287625193,290107933,292805298,295516599,298379912,301231207,304093966,306771529,309327143,311583481,313877662,316059947,318386329,320738994,323071755,325122128,326838199,328329953,331526933,332048977,333271411,334914895
"Population, total",SP.POP.TOTL,Upper middle income,UMC,1151246171,1157236371,1175758905,1205761615,1235532729,1265912842,1299737542,1332979967,1367299098,1403445442,1440343911,1477949343,1513991094,1549182616,1583012320,1614742060,1645061375,1674062472,1703227037,1732702484,1762072766,1792730147,1825758794,1858552665,1890479402,1923010539,1957000565,1992426026,2027952940,2062796618,2096593239,2128601939,2158767697,2187242084,2214929283,2242150016,2269106622,2295734465,2321603483,2346285766,2370143667,2393030152,2414655860,2435771343,2457078476,2478418555,2498967829,2517879064,2538141198,2558895693,2579440265,2600803082,2624582981,2648822485,2672149754,2694528031,2716145902,2738073366,2758643432,2777172392,2792212417,2803460465,2810662434,2816864459
"Population, total",SP.POP.TOTL,Uruguay,URY,2529957,2562044,2593298,2623766,2653180,2681169,2707646,2732277,2754606,2773974,2790807,2806462,2821644,2837133,2853944,2872320,2891392,2909461,2925715,2939903,2951953,2963246,2975492,2988778,3002488,3017037,3032845,3049896,3067961,3086255,3104403,3122354,3139702,3156345,3172834,3189440,3206324,3223345,3239280,3254015,3266206,3274251,3278867,3281186,3283148,3285771,3289506,3295153,3302177,3310091,3318580,3326825,3335401,3345337,3356334,3368017,3379283,3388438,3394534,3397206,3398968,3396695,3390913,3388081
"Population, total",SP.POP.TOTL,Uzbekistan,UZB,8209109,8517711,8854368,9202246,9557611,9921681,10289294,10659180,11032155,11403150,11762638,12111511,12465106,12831047,13209011,13598521,13998620,14408822,14816349,15215587,15619936,16035032,16462736,16908400,17378846,17875339,18395621,18930070,19460630,19977183,20464956,20962910,21485090,21987955,22463291,22917589,23351981,23758960,24134929,24476008,24787054,25090283,25399980,25711259,26029350,26356975,26699043,27076008,27494774,27939328,28385506,28823196,29261903,29724065,30222994,30749346,31284568,31819178,32373490,32964701,33586372,34243696,34938955,35652307
"Population, total",SP.POP.TOTL,Vanuatu,VUT,64431,66264,68174,70159,72219,74358,76590,78921,81314,83755,86266,88862,91562,94362,97260,100269,103388,106618,109963,113040,115660,118249,121035,123998,127109,130356,133720,137187,140756,144393,148063,151793,155608,159463,163314,167137,170911,174626,178313,182048,186281,191031,195863,200746,205711,210760,215923,221276,226896,232731,238248,243474,248883,254482,260240,266101,272087,278507,285259,291985,298858,305868,313046,320409
"Population, total",SP.POP.TOTL,"Venezuela, RB",VEN,8160090,8455915,8756870,9064021,9377712,9697790,10024854,10358513,10697530,11040280,11387790,11741008,12099180,12463537,12835351,13215892,13606284,14006812,14416684,14834552,15258218,15687297,16121874,16562205,17008841,17461434,17923536,18394963,18871020,19348921,19827010,20304896,20780948,21254520,21725188,22193821,22662113,23131685,23601337,24066593,24526708,24979922,25435671,25892703,26340838,26785804,27224686,27649363,28053696,28438298,28813101,29185212,29553826,29912198,30254079,30573972,30765720,30565323,29807592,28938098,28444077,28237826,28213017,28300854
"Population, total",SP.POP.TOTL,Viet Nam,VNM,32531933,33409059,34288560,35249101,36201563,37129656,38024836,38895080,39734609,40582096,41475230,42449276,43429168,44409861,45413537,46482903,47684931,48954872,50249552,51378211,52490101,53738141,55011289,56337921,57706067,59060622,60347048,61584651,62843228,64147348,65504552,66891775,68260337,69586384,70854391,72049940,73156447,74226889,75299660,76287452,77154011,77969361,78772224,79563777,80338971,81088313,82167897,83633375,85175788,86460018,87455152,88468314,89510356,90573104,91679578,92823254,94000117,95176977,96237319,97173776,98079191,98935098,99680655,100352192
"Population, total",SP.POP.TOTL,Virgin Islands (U.S.),VIR,32500,34300,35000,39800,40800,43500,46200,49100,55700,60300,63476,70937,76319,84121,89941,94484,96166,93203,95929,96183,99636,99853,100068,100348,100600,100760,100842,100901,100952,101041,103963,104807,105712,106578,107318,107818,108095,108357,108537,108599,108642,108549,108509,108505,108466,108453,108369,108337,108397,108404,108357,108290,108188,108041,107882,107712,107516,107281,107001,106669,106290,105870,105413,104917
"Population, total",SP.POP.TOTL,West Bank and Gaza,PSE,..,..,..,..,..,..,..,..,..,..,..,..,..,..,..,..,..,..,..,..,..,..,..,..,..,..,..,..,..,..,1978248,2068845,2163591,2262676,2366298,2474666,2587997,2706518,2776568,2848431,2922153,2997784,3075373,3154969,3236626,3320396,3406334,3494496,3591977,3689099,3786161,3882986,3979998,4076708,4173398,4270092,4367088,4454805,4569087,4685306,4803269,4922749,5043612,5165775
"Population, total",SP.POP.TOTL,World,WLD,3021529236,3062769479,3117373096,3184063049,3251253200,3318997522,3389087189,3459014378,3530702399,3604811636,3680587906,3758612691,3834445609,3911067849,3987293598,4062070090,4135757570,4208958121,4283430290,4360055566,4437602155,4516925444,4599538535,4682924030,4766039787,4850740398,4937711316,5027029981,5117166674,5207654611,5299246388,5388495973,5477123966,5564778620,5650853177,5736505516,5822614626,5908466557,5994040064,6078404337,6161884826,6245109996,6327526596,6409664474,6492626976,6575644308,6659721142,6744171462,6830129091,6916129027,7000671233,7086201664,7175816385,7265314967,7353910926,7441471721,7528523334,7614113552,7696494848,7776892015,7856138790,7921184346,7989981520,8061876001
"Population, total",SP.POP.TOTL,"Yemen, Rep.",YEM,5532301,5655232,5782221,5911135,6048006,6195593,6351494,6516444,6690524,6875859,7065279,7257462,7460068,7672796,7896783,8133598,8384113,8648222,8926586,9224194,9543358,9882362,10241006,10621499,11025597,11453825,11901040,12369912,12859708,13364174,13887862,14430201,14989494,15563914,16149147,16740058,17313177,17873936,18446013,19029420,19624141,20226147,20835086,21456379,22095167,22790085,23543083,24318082,25111941,25927724,26754387,27582897,28433647,29312952,30226309,31159379,32109010,33090921,34085182,35111408,36134863,37140230,38222876,39390799
"Population, total",SP.POP.TOTL,Zambia,ZMB,3153729,3254086,3358099,3465907,3577017,3692086,3812003,3936343,4065593,4197116,4321718,4442525,4569309,4702693,4842746,4990086,5143842,5302480,5465374,5631728,5802833,5983289,6178637,6381038,6580490,6780953,6986471,7191282,7391440,7589216,7786169,7981650,8176680,8373921,8576269,8785763,9004053,9237063,9482408,9740005,10017631,10325185,10647949,10983595,11338198,11718819,12129553,12565085,13021324,13490389,13965594,14437796,14913629,15398997,15895315,16399089,16914423,17441320,17973569,18513839,19059395,19603607,20152938,20723965
"Population, total",SP.POP.TOTL,Zimbabwe,ZWE,3809389,3930401,4055959,4185877,4320006,4458462,4601217,4748307,4900440,5058181,5215918,5374712,5542445,5720404,5908328,6098658,6287105,6449512,6543575,6647556,7041303,7498635,7796496,8098404,8391488,8686813,8982578,9284644,9583094,9864798,10137281,10404816,10702700,10860288,10873148,10974599,11158360,11369827,11594297,11783458,11892055,11971901,12087653,12232323,12365896,12483432,12636445,12804058,12959149,13142790,13356548,13595424,13817887,14013808,14207359,14399013,14600294,14812482,15034452,15271368,15526888,15797210,16069056,16340822
,,,,,,,,,,,,,,,,,,,,,,,,,,,,,,,,,,,,,,,,,,,,,,,,,,,,,,,,,,,,,,,,,,,
,,,,,,,,,,,,,,,,,,,,,,,,,,,,,,,,,,,,,,,,,,,,,,,,,,,,,,,,,,,,,,,,,,,
,,,,,,,,,,,,,,,,,,,,,,,,,,,,,,,,,,,,,,,,,,,,,,,,,,,,,,,,,,,,,,,,,,,
Data from database: Health Nutrition and Population Statistics,,,,,,,,,,,,,,,,,,,,,,,,,,,,,,,,,,,,,,,,,,,,,,,,,,,,,,,,,,,,,,,,,,,
Last Updated: 12/16/2024,,,,,,,,,,,,,,,,,,,,,,,,,,,,,,,,,,,,,,,,,,,,,,,,,,,,,,,,,,,,,,,,,,,