Geo__geoid_,Geo_qname,Geo_STUSAB,Geo_SUMLEV,Geo_GEOCOMP,Geo_US,Geo_REGION,Geo_DIVISION,Geo_STATE,Geo_COUNTY,Geo_COUSUB,Geo_PLACE,Geo_TRACT,Geo_BLKGRP,Geo_CONCIT,Geo_AIANHH,Geo_AIANHHFP,Geo_AIHHTLI,Geo_AITS,Geo_ANRC,Geo_CBSA,Geo_CSA,Geo_METDIV,Geo_MACC,Geo_MEMI,Geo_NECTA,Geo_CNECTA,Geo_NECTADIV,Geo_UA,Geo_CDCURR,Geo_SLDU,Geo_SLDL,Geo_ZCTA3,Geo_ZCTA5,Geo_SUBMCD,Geo_SDELM,Geo_SDSEC,Geo_SDUNI,Geo_UR,Geo_PCI,Geo_PUMA5,Geo_GEO_ID,Geo_NAME,Geo_BTTR,Geo_BTBG,Geo_PLACESE,SE_A00001_001
01001,"Autauga County, Alabama",AL,50,0,,,,1,1,,,,,,,,,,,,,,,,,.,.,,,,,,,,,,,,,,0500000US01001,"Autauga County, Alabama",,,1,59285
01003,"Baldwin County, Alabama",AL,50,0,,,,1,3,,,,,,,,,,,,,,,,,.,.,,,,,,,,,,,,,,0500000US01003,"Baldwin County, Alabama",,,1,239945
01005,"Barbour County, Alabama",AL,50,0,,,,1,5,,,,,,,,,,,,,,,,,.,.,,,,,,,,,,,,,,0500000US01005,"Barbour County, Alabama",,,1,24757
01007,"Bibb County, Alabama",AL,50,0,,,,1,7,,,,,,,,,,,,,,,,,.,.,,,,,,,,,,,,,,0500000US01007,"Bibb County, Alabama",,,1,22152
01009,"Blount County, Alabama",AL,50,0,,,,1,9,,,,,,,,,,,,,,,,,.,.,,,,,,,,,,,,,,0500000US01009,"Blount County, Alabama",,,1,59292
01011,"Bullock County, Alabama",AL,50,0,,,,1,11,,,,,,,,,,,,,,,,,.,.,,,,,,,,,,,,,,0500000US01011,"Bullock County, Alabama",,,1,10157
01013,"Butler County, Alabama",AL,50,0,,,,1,13,,,,,,,,,,,,,,,,,.,.,,,,,,,,,,,,,,0500000US01013,"Butler County, Alabama",,,1,18807
01015,"Calhoun County, Alabama",AL,50,0,,,,1,15,,,,,,,,,,,,,,,,,.,.,,,,,,,,,,,,,,0500000US01015,"Calhoun County, Alabama",,,1,116141
01017,"Chambers County, Alabama",AL,50,0,,,,1,17,,,,,,,,,,,,,,,,,.,.,,,,,,,,,,,,,,0500000US01017,"Chambers County, Alabama",,,1,34450
01019,"Cherokee County, Alabama",AL,50,0,,,,1,19,,,,,,,,,,,,,,,,,.,.,,,,,,,,,,,,,,0500000US01019,"Cherokee County, Alabama",,,1,25224
01021,"Chilton County, Alabama",AL,50,0,,,,1,21,,,,,,,,,,,,,,,,,.,.,,,,,,,,,,,,,,0500000US01021,"Chilton County, Alabama",,,1,45500
01023,"Choctaw County, Alabama",AL,50,0,,,,1,23,,,,,,,,,,,,,,,,,.,.,,,,,,,,,,,,,,0500000US01023,"Choctaw County, Alabama",,,1,12525
01025,"Clarke County, Alabama",AL,50,0,,,,1,25,,,,,,,,,,,,,,,,,.,.,,,,,,,,,,,,,,0500000US01025,"Clarke County, Alabama",,,1,22802
01027,"Clay County, Alabama",AL,50,0,,,,1,27,,,,,,,,,,,,,,,,,.,.,,,,,,,,,,,,,,0500000US01027,"Clay County, Alabama",,,1,14188
01029,"Cleburne County, Alabama",AL,50,0,,,,1,29,,,,,,,,,,,,,,,,,.,.,,,,,,,,,,,,,,0500000US01029,"Cleburne County, Alabama",,,1,15254
01031,"Coffee County, Alabama",AL,50,0,,,,1,31,,,,,,,,,,,,,,,,,.,.,,,,,,,,,,,,,,0500000US01031,"Coffee County, Alabama",,,1,54231
01033,"Colbert County, Alabama",AL,50,0,,,,1,33,,,,,,,,,,,,,,,,,.,.,,,,,,,,,,,,,,0500000US01033,"Colbert County, Alabama",,,1,57648
01035,"Conecuh County, Alabama",AL,50,0,,,,1,35,,,,,,,,,,,,,,,,,.,.,,,,,,,,,,,,,,0500000US01035,"Conecuh County, Alabama",,,1,11411
01037,"Coosa County, Alabama",AL,50,0,,,,1,37,,,,,,,,,,,,,,,,,.,.,,,,,,,,,,,,,,0500000US01037,"Coosa County, Alabama",,,1,10323
01039,"Covington County, Alabama",AL,50,0,,,,1,39,,,,,,,,,,,,,,,,,.,.,,,,,,,,,,,,,,0500000US01039,"Covington County, Alabama",,,1,37647
01041,"Crenshaw County, Alabama",AL,50,0,,,,1,41,,,,,,,,,,,,,,,,,.,.,,,,,,,,,,,,,,0500000US01041,"Crenshaw County, Alabama",,,1,13144
01043,"Cullman County, Alabama",AL,50,0,,,,1,43,,,,,,,,,,,,,,,,,.,.,,,,,,,,,,,,,,0500000US01043,"Cullman County, Alabama",,,1,89463
01045,"Dale County, Alabama",AL,50,0,,,,1,45,,,,,,,,,,,,,,,,,.,.,,,,,,,,,,,,,,0500000US01045,"Dale County, Alabama",,,1,49516
01047,"Dallas County, Alabama",AL,50,0,,,,1,47,,,,,,,,,,,,,,,,,.,.,,,,,,,,,,,,,,0500000US01047,"Dallas County, Alabama",,,1,37536
01049,"DeKalb County, Alabama",AL,50,0,,,,1,49,,,,,,,,,,,,,,,,,.,.,,,,,,,,,,,,,,0500000US01049,"DeKalb County, Alabama",,,1,71946
01051,"Elmore County, Alabama",AL,50,0,,,,1,51,,,,,,,,,,,,,,,,,.,.,,,,,,,,,,,,,,0500000US01051,"Elmore County, Alabama",,,1,88669
01053,"Escambia County, Alabama",AL,50,0,,,,1,53,,,,,,,,,,,,,,,,,.,.,,,,,,,,,,,,,,0500000US01053,"Escambia County, Alabama",,,1,36695
01055,"Etowah County, Alabama",AL,50,0,,,,1,55,,,,,,,,,,,,,,,,,.,.,,,,,,,,,,,,,,0500000US01055,"Etowah County, Alabama",,,1,103208
01057,"Fayette County, Alabama",AL,50,0,,,,1,57,,,,,,,,,,,,,,,,,.,.,,,,,,,,,,,,,,0500000US01057,"Fayette County, Alabama",,,1,16173
01059,"Franklin County, Alabama",AL,50,0,,,,1,59,,,,,,,,,,,,,,,,,.,.,,,,,,,,,,,,,,0500000US01059,"Franklin County, Alabama",,,1,31978
01061,"Geneva County, Alabama",AL,50,0,,,,1,61,,,,,,,,,,,,,,,,,.,.,,,,,,,,,,,,,,0500000US01061,"Geneva County, Alabama",,,1,26726
01063,"Greene County, Alabama",AL,50,0,,,,1,63,,,,,,,,,,,,,,,,,.,.,,,,,,,,,,,,,,0500000US01063,"Greene County, Alabama",,,1,7589
01065,"Hale County, Alabama",AL,50,0,,,,1,65,,,,,,,,,,,,,,,,,.,.,,,,,,,,,,,,,,0500000US01065,"Hale County, Alabama",,,1,14749
01067,"Henry County, Alabama",AL,50,0,,,,1,67,,,,,,,,,,,,,,,,,.,.,,,,,,,,,,,,,,0500000US01067,"Henry County, Alabama",,,1,17450
01069,"Houston County, Alabama",AL,50,0,,,,1,69,,,,,,,,,,,,,,,,,.,.,,,,,,,,,,,,,,0500000US01069,"Houston County, Alabama",,,1,107628
01071,"Jackson County, Alabama",AL,50,0,,,,1,71,,,,,,,,,,,,,,,,,.,.,,,,,,,,,,,,,,0500000US01071,"Jackson County, Alabama",,,1,52839
01073,"Jefferson County, Alabama",AL,50,0,,,,1,73,,,,,,,,,,,,,,,,,.,.,,,,,,,,,,,,,,0500000US01073,"Jefferson County, Alabama",,,1,669744
01075,"Lamar County, Alabama",AL,50,0,,,,1,75,,,,,,,,,,,,,,,,,.,.,,,,,,,,,,,,,,0500000US01075,"Lamar County, Alabama",,,1,13809
01077,"Lauderdale County, Alabama",AL,50,0,,,,1,77,,,,,,,,,,,,,,,,,.,.,,,,,,,,,,,,,,0500000US01077,"Lauderdale County, Alabama",,,1,95037
01079,"Lawrence County, Alabama",AL,50,0,,,,1,79,,,,,,,,,,,,,,,,,.,.,,,,,,,,,,,,,,0500000US01079,"Lawrence County, Alabama",,,1,33182
01081,"Lee County, Alabama",AL,50,0,,,,1,81,,,,,,,,,,,,,,,,,.,.,,,,,,,,,,,,,,0500000US01081,"Lee County, Alabama",,,1,177663
01083,"Limestone County, Alabama",AL,50,0,,,,1,83,,,,,,,,,,,,,,,,,.,.,,,,,,,,,,,,,,0500000US01083,"Limestone County, Alabama",,,1,107577
01085,"Lowndes County, Alabama",AL,50,0,,,,1,85,,,,,,,,,,,,,,,,,.,.,,,,,,,,,,,,,,0500000US01085,"Lowndes County, Alabama",,,1,10008
01087,"Macon County, Alabama",AL,50,0,,,,1,87,,,,,,,,,,,,,,,,,.,.,,,,,,,,,,,,,,0500000US01087,"Macon County, Alabama",,,1,18951
01089,"Madison County, Alabama",AL,50,0,,,,1,89,,,,,,,,,,,,,,,,,.,.,,,,,,,,,,,,,,0500000US01089,"Madison County, Alabama",,,1,397135
01091,"Marengo County, Alabama",AL,50,0,,,,1,91,,,,,,,,,,,,,,,,,.,.,,,,,,,,,,,,,,0500000US01091,"Marengo County, Alabama",,,1,19027
01093,"Marion County, Alabama",AL,50,0,,,,1,93,,,,,,,,,,,,,,,,,.,.,,,,,,,,,,,,,,0500000US01093,"Marion County, Alabama",,,1,29190
01095,"Marshall County, Alabama",AL,50,0,,,,1,95,,,,,,,,,,,,,,,,,.,.,,,,,,,,,,,,,,0500000US01095,"Marshall County, Alabama",,,1,98712
01097,"Mobile County, Alabama",AL,50,0,,,,1,97,,,,,,,,,,,,,,,,,.,.,,,,,,,,,,,,,,0500000US01097,"Mobile County, Alabama",,,1,413162
01099,"Monroe County, Alabama",AL,50,0,,,,1,99,,,,,,,,,,,,,,,,,.,.,,,,,,,,,,,,,,0500000US01099,"Monroe County, Alabama",,,1,19580
01101,"Montgomery County, Alabama",AL,50,0,,,,1,101,,,,,,,,,,,,,,,,,.,.,,,,,,,,,,,,,,0500000US01101,"Montgomery County, Alabama",,,1,227197
01103,"Morgan County, Alabama",AL,50,0,,,,1,103,,,,,,,,,,,,,,,,,.,.,,,,,,,,,,,,,,0500000US01103,"Morgan County, Alabama",,,1,123742
01105,"Perry County, Alabama",AL,50,0,,,,1,105,,,,,,,,,,,,,,,,,.,.,,,,,,,,,,,,,,0500000US01105,"Perry County, Alabama",,,1,8231
01107,"Pickens County, Alabama",AL,50,0,,,,1,107,,,,,,,,,,,,,,,,,.,.,,,,,,,,,,,,,,0500000US01107,"Pickens County, Alabama",,,1,18843
01109,"Pike County, Alabama",AL,50,0,,,,1,109,,,,,,,,,,,,,,,,,.,.,,,,,,,,,,,,,,0500000US01109,"Pike County, Alabama",,,1,32953
01111,"Randolph County, Alabama",AL,50,0,,,,1,111,,,,,,,,,,,,,,,,,.,.,,,,,,,,,,,,,,0500000US01111,"Randolph County, Alabama",,,1,22310
01113,"Russell County, Alabama",AL,50,0,,,,1,113,,,,,,,,,,,,,,,,,.,.,,,,,,,,,,,,,,0500000US01113,"Russell County, Alabama",,,1,58858
01115,"St. Clair County, Alabama",AL,50,0,,,,1,115,,,,,,,,,,,,,,,,,.,.,,,,,,,,,,,,,,0500000US01115,"St. Clair County, Alabama",,,1,92903
01117,"Shelby County, Alabama",AL,50,0,,,,1,117,,,,,,,,,,,,,,,,,.,.,,,,,,,,,,,,,,0500000US01117,"Shelby County, Alabama",,,1,226955
01119,"Sumter County, Alabama",AL,50,0,,,,1,119,,,,,,,,,,,,,,,,,.,.,,,,,,,,,,,,,,0500000US01119,"Sumter County, Alabama",,,1,12020
01121,"Talladega County, Alabama",AL,50,0,,,,1,121,,,,,,,,,,,,,,,,,.,.,,,,,,,,,,,,,,0500000US01121,"Talladega County, Alabama",,,1,81170
01123,"Tallapoosa County, Alabama",AL,50,0,,,,1,123,,,,,,,,,,,,,,,,,.,.,,,,,,,,,,,,,,0500000US01123,"Tallapoosa County, Alabama",,,1,41070
01125,"Tuscaloosa County, Alabama",AL,50,0,,,,1,125,,,,,,,,,,,,,,,,,.,.,,,,,,,,,,,,,,0500000US01125,"Tuscaloosa County, Alabama",,,1,234036
01127,"Walker County, Alabama",AL,50,0,,,,1,127,,,,,,,,,,,,,,,,,.,.,,,,,,,,,,,,,,0500000US01127,"Walker County, Alabama",,,1,64886
01129,"Washington County, Alabama",AL,50,0,,,,1,129,,,,,,,,,,,,,,,,,.,.,,,,,,,,,,,,,,0500000US01129,"Washington County, Alabama",,,1,15270
01131,"Wilcox County, Alabama",AL,50,0,,,,1,131,,,,,,,,,,,,,,,,,.,.,,,,,,,,,,,,,,0500000US01131,"Wilcox County, Alabama",,,1,10347
01133,"Winston County, Alabama",AL,50,0,,,,1,133,,,,,,,,,,,,,,,,,.,.,,,,,,,,,,,,,,0500000US01133,"Winston County, Alabama",,,1,23637
02013,"Aleutians East Borough, Alaska",AK,50,0,,,,2,13,,,,,,,,,,,,,,,,,.,.,,,,,,,,,,,,,,0500000US02013,"Aleutians East Borough, Alaska",,,2,3423
02016,"Aleutians West Census Area, Alaska",AK,50,0,,,,2,16,,,,,,,,,,,,,,,,,.,.,,,,,,,,,,,,,,0500000US02016,"Aleutians West Census Area, Alaska",,,2,5178
02020,"Anchorage Municipality, Alaska",AK,50,0,,,,2,20,,,,,,,,,,,,,,,,,.,.,,,,,,,,,,,,,,0500000US02020,"Anchorage Municipality, Alaska",,,2,289069
02050,"Bethel Census Area, Alaska",AK,50,0,,,,2,50,,,,,,,,,,,,,,,,,.,.,,,,,,,,,,,,,,0500000US02050,"Bethel Census Area, Alaska",,,2,18487
02060,"Bristol Bay Borough, Alaska",AK,50,0,,,,2,60,,,,,,,,,,,,,,,,,.,.,,,,,,,,,,,,,,0500000US02060,"Bristol Bay Borough, Alaska",,,2,878
02063,"Chugach Census Area, Alaska",AK,50,0,,,,2,63,,,,,,,,,,,,,,,,,.,.,,,,,,,,,,,,,,0500000US02063,"Chugach Census Area, Alaska",,,2,6964
02066,"Copper River Census Area, Alaska",AK,50,0,,,,2,66,,,,,,,,,,,,,,,,,.,.,,,,,,,,,,,,,,0500000US02066,"Copper River Census Area, Alaska",,,2,2626
02068,"Denali Borough, Alaska",AK,50,0,,,,2,68,,,,,,,,,,,,,,,,,.,.,,,,,,,,,,,,,,0500000US02068,"Denali Borough, Alaska",,,2,2029
02070,"Dillingham Census Area, Alaska",AK,50,0,,,,2,70,,,,,,,,,,,,,,,,,.,.,,,,,,,,,,,,,,0500000US02070,"Dillingham Census Area, Alaska",,,2,4780
02090,"Fairbanks North Star Borough, Alaska",AK,50,0,,,,2,90,,,,,,,,,,,,,,,,,.,.,,,,,,,,,,,,,,0500000US02090,"Fairbanks North Star Borough, Alaska",,,2,95555
02100,"Haines Borough, Alaska",AK,50,0,,,,2,100,,,,,,,,,,,,,,,,,.,.,,,,,,,,,,,,,,0500000US02100,"Haines Borough, Alaska",,,2,2077
02105,"Hoonah-Angoon Census Area, Alaska",AK,50,0,,,,2,105,,,,,,,,,,,,,,,,,.,.,,,,,,,,,,,,,,0500000US02105,"Hoonah-Angoon Census Area, Alaska",,,2,2313
02110,"Juneau City and Borough, Alaska",AK,50,0,,,,2,110,,,,,,,,,,,,,,,,,.,.,,,,,,,,,,,,,,0500000US02110,"Juneau City and Borough, Alaska",,,2,31969
02122,"Kenai Peninsula Borough, Alaska",AK,50,0,,,,2,122,,,,,,,,,,,,,,,,,.,.,,,,,,,,,,,,,,0500000US02122,"Kenai Peninsula Borough, Alaska",,,2,59843
02130,"Ketchikan Gateway Borough, Alaska",AK,50,0,,,,2,130,,,,,,,,,,,,,,,,,.,.,,,,,,,,,,,,,,0500000US02130,"Ketchikan Gateway Borough, Alaska",,,2,13870
02150,"Kodiak Island Borough, Alaska",AK,50,0,,,,2,150,,,,,,,,,,,,,,,,,.,.,,,,,,,,,,,,,,0500000US02150,"Kodiak Island Borough, Alaska",,,2,12878
02158,"Kusilvak Census Area, Alaska",AK,50,0,,,,2,158,,,,,,,,,,,,,,,,,.,.,,,,,,,,,,,,,,0500000US02158,"Kusilvak Census Area, Alaska",,,2,8277
02164,"Lake and Peninsula Borough, Alaska",AK,50,0,,,,2,164,,,,,,,,,,,,,,,,,.,.,,,,,,,,,,,,,,0500000US02164,"Lake and Peninsula Borough, Alaska",,,2,1007
02170,"Matanuska-Susitna Borough, Alaska",AK,50,0,,,,2,170,,,,,,,,,,,,,,,,,.,.,,,,,,,,,,,,,,0500000US02170,"Matanuska-Susitna Borough, Alaska",,,2,110677
02180,"Nome Census Area, Alaska",AK,50,0,,,,2,180,,,,,,,,,,,,,,,,,.,.,,,,,,,,,,,,,,0500000US02180,"Nome Census Area, Alaska",,,2,9925
02185,"North Slope Borough, Alaska",AK,50,0,,,,2,185,,,,,,,,,,,,,,,,,.,.,,,,,,,,,,,,,,0500000US02185,"North Slope Borough, Alaska",,,2,10891
02188,"Northwest Arctic Borough, Alaska",AK,50,0,,,,2,188,,,,,,,,,,,,,,,,,.,.,,,,,,,,,,,,,,0500000US02188,"Northwest Arctic Borough, Alaska",,,2,7611
02195,"Petersburg Borough, Alaska",AK,50,0,,,,2,195,,,,,,,,,,,,,,,,,.,.,,,,,,,,,,,,,,0500000US02195,"Petersburg Borough, Alaska",,,2,3394
02198,"Prince of Wales-Hyder Census Area, Alaska",AK,50,0,,,,2,198,,,,,,,,,,,,,,,,,.,.,,,,,,,,,,,,,,0500000US02198,"Prince of Wales-Hyder Census Area, Alaska",,,2,5730
02220,"Sitka City and Borough, Alaska",AK,50,0,,,,2,220,,,,,,,,,,,,,,,,,.,.,,,,,,,,,,,,,,0500000US02220,"Sitka City and Borough, Alaska",,,2,8393
02230,"Skagway Municipality, Alaska",AK,50,0,,,,2,230,,,,,,,,,,,,,,,,,.,.,,,,,,,,,,,,,,0500000US02230,"Skagway Municipality, Alaska",,,2,1308
02240,"Southeast Fairbanks Census Area, Alaska",AK,50,0,,,,2,240,,,,,,,,,,,,,,,,,.,.,,,,,,,,,,,,,,0500000US02240,"Southeast Fairbanks Census Area, Alaska",,,2,6936
02275,"Wrangell City and Borough, Alaska",AK,50,0,,,,2,275,,,,,,,,,,,,,,,,,.,.,,,,,,,,,,,,,,0500000US02275,"Wrangell City and Borough, Alaska",,,2,2106
02282,"Yakutat City and Borough, Alaska",AK,50,0,,,,2,282,,,,,,,,,,,,,,,,,.,.,,,,,,,,,,,,,,0500000US02282,"Yakutat City and Borough, Alaska",,,2,506
02290,"Yukon-Koyukuk Census Area, Alaska",AK,50,0,,,,2,290,,,,,,,,,,,,,,,,,.,.,,,,,,,,,,,,,,0500000US02290,"Yukon-Koyukuk Census Area, Alaska",,,2,5271
04001,"Apache County, Arizona",AZ,50,0,,,,4,1,,,,,,,,,,,,,,,,,.,.,,,,,,,,,,,,,,0500000US04001,"Apache County, Arizona",,,4,65680
04003,"Cochise County, Arizona",AZ,50,0,,,,4,3,,,,,,,,,,,,,,,,,.,.,,,,,,,,,,,,,,0500000US04003,"Cochise County, Arizona",,,4,125458
04005,"Coconino County, Arizona",AZ,50,0,,,,4,5,,,,,,,,,,,,,,,,,.,.,,,,,,,,,,,,,,0500000US04005,"Coconino County, Arizona",,,4,144643
04007,"Gila County, Arizona",AZ,50,0,,,,4,7,,,,,,,,,,,,,,,,,.,.,,,,,,,,,,,,,,0500000US04007,"Gila County, Arizona",,,4,53610
04009,"Graham County, Arizona",AZ,50,0,,,,4,9,,,,,,,,,,,,,,,,,.,.,,,,,,,,,,,,,,0500000US04009,"Graham County, Arizona",,,4,38860
04011,"Greenlee County, Arizona",AZ,50,0,,,,4,11,,,,,,,,,,,,,,,,,.,.,,,,,,,,,,,,,,0500000US04011,"Greenlee County, Arizona",,,4,9452
04012,"La Paz County, Arizona",AZ,50,0,,,,4,12,,,,,,,,,,,,,,,,,.,.,,,,,,,,,,,,,,0500000US04012,"La Paz County, Arizona",,,4,16605
04013,"Maricopa County, Arizona",AZ,50,0,,,,4,13,,,,,,,,,,,,,,,,,.,.,,,,,,,,,,,,,,0500000US04013,"Maricopa County, Arizona",,,4,4491987
04015,"Mohave County, Arizona",AZ,50,0,,,,4,15,,,,,,,,,,,,,,,,,.,.,,,,,,,,,,,,,,0500000US04015,"Mohave County, Arizona",,,4,217420
04017,"Navajo County, Arizona",AZ,50,0,,,,4,17,,,,,,,,,,,,,,,,,.,.,,,,,,,,,,,,,,0500000US04017,"Navajo County, Arizona",,,4,107744
04019,"Pima County, Arizona",AZ,50,0,,,,4,19,,,,,,,,,,,,,,,,,.,.,,,,,,,,,,,,,,0500000US04019,"Pima County, Arizona",,,4,1049947
04021,"Pinal County, Arizona",AZ,50,0,,,,4,21,,,,,,,,,,,,,,,,,.,.,,,,,,,,,,,,,,0500000US04021,"Pinal County, Arizona",,,4,449219
04023,"Santa Cruz County, Arizona",AZ,50,0,,,,4,23,,,,,,,,,,,,,,,,,.,.,,,,,,,,,,,,,,0500000US04023,"Santa Cruz County, Arizona",,,4,48209
04025,"Yavapai County, Arizona",AZ,50,0,,,,4,25,,,,,,,,,,,,,,,,,.,.,,,,,,,,,,,,,,0500000US04025,"Yavapai County, Arizona",,,4,241656
04027,"Yuma County, Arizona",AZ,50,0,,,,4,27,,,,,,,,,,,,,,,,,.,.,,,,,,,,,,,,,,0500000US04027,"Yuma County, Arizona",,,4,207685
05001,"Arkansas County, Arkansas",AR,50,0,,,,5,1,,,,,,,,,,,,,,,,,.,.,,,,,,,,,,,,,,0500000US05001,"Arkansas County, Arkansas",,,5,16773
05003,"Ashley County, Arkansas",AR,50,0,,,,5,3,,,,,,,,,,,,,,,,,.,.,,,,,,,,,,,,,,0500000US05003,"Ashley County, Arkansas",,,5,18722
05005,"Baxter County, Arkansas",AR,50,0,,,,5,5,,,,,,,,,,,,,,,,,.,.,,,,,,,,,,,,,,0500000US05005,"Baxter County, Arkansas",,,5,42150
05007,"Benton County, Arkansas",AR,50,0,,,,5,7,,,,,,,,,,,,,,,,,.,.,,,,,,,,,,,,,,0500000US05007,"Benton County, Arkansas",,,5,294541
05009,"Boone County, Arkansas",AR,50,0,,,,5,9,,,,,,,,,,,,,,,,,.,.,,,,,,,,,,,,,,0500000US05009,"Boone County, Arkansas",,,5,37896
05011,"Bradley County, Arkansas",AR,50,0,,,,5,11,,,,,,,,,,,,,,,,,.,.,,,,,,,,,,,,,,0500000US05011,"Bradley County, Arkansas",,,5,10354
05013,"Calhoun County, Arkansas",AR,50,0,,,,5,13,,,,,,,,,,,,,,,,,.,.,,,,,,,,,,,,,,0500000US05013,"Calhoun County, Arkansas",,,5,4717
05015,"Carroll County, Arkansas",AR,50,0,,,,5,15,,,,,,,,,,,,,,,,,.,.,,,,,,,,,,,,,,0500000US05015,"Carroll County, Arkansas",,,5,28526
05017,"Chicot County, Arkansas",AR,50,0,,,,5,17,,,,,,,,,,,,,,,,,.,.,,,,,,,,,,,,,,0500000US05017,"Chicot County, Arkansas",,,5,9997
05019,"Clark County, Arkansas",AR,50,0,,,,5,19,,,,,,,,,,,,,,,,,.,.,,,,,,,,,,,,,,0500000US05019,"Clark County, Arkansas",,,5,21378
05021,"Clay County, Arkansas",AR,50,0,,,,5,21,,,,,,,,,,,,,,,,,.,.,,,,,,,,,,,,,,0500000US05021,"Clay County, Arkansas",,,5,14399
05023,"Cleburne County, Arkansas",AR,50,0,,,,5,23,,,,,,,,,,,,,,,,,.,.,,,,,,,,,,,,,,0500000US05023,"Cleburne County, Arkansas",,,5,25048
05025,"Cleveland County, Arkansas",AR,50,0,,,,5,25,,,,,,,,,,,,,,,,,.,.,,,,,,,,,,,,,,0500000US05025,"Cleveland County, Arkansas",,,5,7491
05027,"Columbia County, Arkansas",AR,50,0,,,,5,27,,,,,,,,,,,,,,,,,.,.,,,,,,,,,,,,,,0500000US05027,"Columbia County, Arkansas",,,5,22527
05029,"Conway County, Arkansas",AR,50,0,,,,5,29,,,,,,,,,,,,,,,,,.,.,,,,,,,,,,,,,,0500000US05029,"Conway County, Arkansas",,,5,20872
05031,"Craighead County, Arkansas",AR,50,0,,,,5,31,,,,,,,,,,,,,,,,,.,.,,,,,,,,,,,,,,0500000US05031,"Craighead County, Arkansas",,,5,112097
05033,"Crawford County, Arkansas",AR,50,0,,,,5,33,,,,,,,,,,,,,,,,,.,.,,,,,,,,,,,,,,0500000US05033,"Crawford County, Arkansas",,,5,60792
05035,"Crittenden County, Arkansas",AR,50,0,,,,5,35,,,,,,,,,,,,,,,,,.,.,,,,,,,,,,,,,,0500000US05035,"Crittenden County, Arkansas",,,5,47609
05037,"Cross County, Arkansas",AR,50,0,,,,5,37,,,,,,,,,,,,,,,,,.,.,,,,,,,,,,,,,,0500000US05037,"Cross County, Arkansas",,,5,16681
05039,"Dallas County, Arkansas",AR,50,0,,,,5,39,,,,,,,,,,,,,,,,,.,.,,,,,,,,,,,,,,0500000US05039,"Dallas County, Arkansas",,,5,6351
05041,"Desha County, Arkansas",AR,50,0,,,,5,41,,,,,,,,,,,,,,,,,.,.,,,,,,,,,,,,,,0500000US05041,"Desha County, Arkansas",,,5,11041
05043,"Drew County, Arkansas",AR,50,0,,,,5,43,,,,,,,,,,,,,,,,,.,.,,,,,,,,,,,,,,0500000US05043,"Drew County, Arkansas",,,5,17143
05045,"Faulkner County, Arkansas",AR,50,0,,,,5,45,,,,,,,,,,,,,,,,,.,.,,,,,,,,,,,,,,0500000US05045,"Faulkner County, Arkansas",,,5,126001
05047,"Franklin County, Arkansas",AR,50,0,,,,5,47,,,,,,,,,,,,,,,,,.,.,,,,,,,,,,,,,,0500000US05047,"Franklin County, Arkansas",,,5,17220
05049,"Fulton County, Arkansas",AR,50,0,,,,5,49,,,,,,,,,,,,,,,,,.,.,,,,,,,,,,,,,,0500000US05049,"Fulton County, Arkansas",,,5,12239
05051,"Garland County, Arkansas",AR,50,0,,,,5,51,,,,,,,,,,,,,,,,,.,.,,,,,,,,,,,,,,0500000US05051,"Garland County, Arkansas",,,5,100062
05053,"Grant County, Arkansas",AR,50,0,,,,5,53,,,,,,,,,,,,,,,,,.,.,,,,,,,,,,,,,,0500000US05053,"Grant County, Arkansas",,,5,18111
05055,"Greene County, Arkansas",AR,50,0,,,,5,55,,,,,,,,,,,,,,,,,.,.,,,,,,,,,,,,,,0500000US05055,"Greene County, Arkansas",,,5,46182
05057,"Hempstead County, Arkansas",AR,50,0,,,,5,57,,,,,,,,,,,,,,,,,.,.,,,,,,,,,,,,,,0500000US05057,"Hempstead County, Arkansas",,,5,19778
05059,"Hot Spring County, Arkansas",AR,50,0,,,,5,59,,,,,,,,,,,,,,,,,.,.,,,,,,,,,,,,,,0500000US05059,"Hot Spring County, Arkansas",,,5,33142
05061,"Howard County, Arkansas",AR,50,0,,,,5,61,,,,,,,,,,,,,,,,,.,.,,,,,,,,,,,,,,0500000US05061,"Howard County, Arkansas",,,5,12701
05063,"Independence County, Arkansas",AR,50,0,,,,5,63,,,,,,,,,,,,,,,,,.,.,,,,,,,,,,,,,,0500000US05063,"Independence County, Arkansas",,,5,38120
05065,"Izard County, Arkansas",AR,50,0,,,,5,65,,,,,,,,,,,,,,,,,.,.,,,,,,,,,,,,,,0500000US05065,"Izard County, Arkansas",,,5,13866
05067,"Jackson County, Arkansas",AR,50,0,,,,5,67,,,,,,,,,,,,,,,,,.,.,,,,,,,,,,,,,,0500000US05067,"Jackson County, Arkansas",,,5,16775
05069,"Jefferson County, Arkansas",AR,50,0,,,,5,69,,,,,,,,,,,,,,,,,.,.,,,,,,,,,,,,,,0500000US05069,"Jefferson County, Arkansas",,,5,65780
05071,"Johnson County, Arkansas",AR,50,0,,,,5,71,,,,,,,,,,,,,,,,,.,.,,,,,,,,,,,,,,0500000US05071,"Johnson County, Arkansas",,,5,25932
05073,"Lafayette County, Arkansas",AR,50,0,,,,5,73,,,,,,,,,,,,,,,,,.,.,,,,,,,,,,,,,,0500000US05073,"Lafayette County, Arkansas",,,5,6211
05075,"Lawrence County, Arkansas",AR,50,0,,,,5,75,,,,,,,,,,,,,,,,,.,.,,,,,,,,,,,,,,0500000US05075,"Lawrence County, Arkansas",,,5,16265
05077,"Lee County, Arkansas",AR,50,0,,,,5,77,,,,,,,,,,,,,,,,,.,.,,,,,,,,,,,,,,0500000US05077,"Lee County, Arkansas",,,5,8511
05079,"Lincoln County, Arkansas",AR,50,0,,,,5,79,,,,,,,,,,,,,,,,,.,.,,,,,,,,,,,,,,0500000US05079,"Lincoln County, Arkansas",,,5,12966
05081,"Little River County, Arkansas",AR,50,0,,,,5,81,,,,,,,,,,,,,,,,,.,.,,,,,,,,,,,,,,0500000US05081,"Little River County, Arkansas",,,5,11959
05083,"Logan County, Arkansas",AR,50,0,,,,5,83,,,,,,,,,,,,,,,,,.,.,,,,,,,,,,,,,,0500000US05083,"Logan County, Arkansas",,,5,21240
05085,"Lonoke County, Arkansas",AR,50,0,,,,5,85,,,,,,,,,,,,,,,,,.,.,,,,,,,,,,,,,,0500000US05085,"Lonoke County, Arkansas",,,5,74747
05087,"Madison County, Arkansas",AR,50,0,,,,5,87,,,,,,,,,,,,,,,,,.,.,,,,,,,,,,,,,,0500000US05087,"Madison County, Arkansas",,,5,17032
05089,"Marion County, Arkansas",AR,50,0,,,,5,89,,,,,,,,,,,,,,,,,.,.,,,,,,,,,,,,,,0500000US05089,"Marion County, Arkansas",,,5,17076
05091,"Miller County, Arkansas",AR,50,0,,,,5,91,,,,,,,,,,,,,,,,,.,.,,,,,,,,,,,,,,0500000US05091,"Miller County, Arkansas",,,5,42588
05093,"Mississippi County, Arkansas",AR,50,0,,,,5,93,,,,,,,,,,,,,,,,,.,.,,,,,,,,,,,,,,0500000US05093,"Mississippi County, Arkansas",,,5,39749
05095,"Monroe County, Arkansas",AR,50,0,,,,5,95,,,,,,,,,,,,,,,,,.,.,,,,,,,,,,,,,,0500000US05095,"Monroe County, Arkansas",,,5,6681
05097,"Montgomery County, Arkansas",AR,50,0,,,,5,97,,,,,,,,,,,,,,,,,.,.,,,,,,,,,,,,,,0500000US05097,"Montgomery County, Arkansas",,,5,8571
05099,"Nevada County, Arkansas",AR,50,0,,,,5,99,,,,,,,,,,,,,,,,,.,.,,,,,,,,,,,,,,0500000US05099,"Nevada County, Arkansas",,,5,8228
05101,"Newton County, Arkansas",AR,50,0,,,,5,101,,,,,,,,,,,,,,,,,.,.,,,,,,,,,,,,,,0500000US05101,"Newton County, Arkansas",,,5,7175
05103,"Ouachita County, Arkansas",AR,50,0,,,,5,103,,,,,,,,,,,,,,,,,.,.,,,,,,,,,,,,,,0500000US05103,"Ouachita County, Arkansas",,,5,22317
05105,"Perry County, Arkansas",AR,50,0,,,,5,105,,,,,,,,,,,,,,,,,.,.,,,,,,,,,,,,,,0500000US05105,"Perry County, Arkansas",,,5,10073
05107,"Phillips County, Arkansas",AR,50,0,,,,5,107,,,,,,,,,,,,,,,,,.,.,,,,,,,,,,,,,,0500000US05107,"Phillips County, Arkansas",,,5,15910
05109,"Pike County, Arkansas",AR,50,0,,,,5,109,,,,,,,,,,,,,,,,,.,.,,,,,,,,,,,,,,0500000US05109,"Pike County, Arkansas",,,5,10182
05111,"Poinsett County, Arkansas",AR,50,0,,,,5,111,,,,,,,,,,,,,,,,,.,.,,,,,,,,,,,,,,0500000US05111,"Poinsett County, Arkansas",,,5,22740
05113,"Polk County, Arkansas",AR,50,0,,,,5,113,,,,,,,,,,,,,,,,,.,.,,,,,,,,,,,,,,0500000US05113,"Polk County, Arkansas",,,5,19348
05115,"Pope County, Arkansas",AR,50,0,,,,5,115,,,,,,,,,,,,,,,,,.,.,,,,,,,,,,,,,,0500000US05115,"Pope County, Arkansas",,,5,63830
05117,"Prairie County, Arkansas",AR,50,0,,,,5,117,,,,,,,,,,,,,,,,,.,.,,,,,,,,,,,,,,0500000US05117,"Prairie County, Arkansas",,,5,8162
05119,"Pulaski County, Arkansas",AR,50,0,,,,5,119,,,,,,,,,,,,,,,,,.,.,,,,,,,,,,,,,,0500000US05119,"Pulaski County, Arkansas",,,5,398949
05121,"Randolph County, Arkansas",AR,50,0,,,,5,121,,,,,,,,,,,,,,,,,.,.,,,,,,,,,,,,,,0500000US05121,"Randolph County, Arkansas",,,5,18733
05123,"St. Francis County, Arkansas",AR,50,0,,,,5,123,,,,,,,,,,,,,,,,,.,.,,,,,,,,,,,,,,0500000US05123,"St. Francis County, Arkansas",,,5,22740
05125,"Saline County, Arkansas",AR,50,0,,,,5,125,,,,,,,,,,,,,,,,,.,.,,,,,,,,,,,,,,0500000US05125,"Saline County, Arkansas",,,5,125724
05127,"Scott County, Arkansas",AR,50,0,,,,5,127,,,,,,,,,,,,,,,,,.,.,,,,,,,,,,,,,,0500000US05127,"Scott County, Arkansas",,,5,9839
05129,"Searcy County, Arkansas",AR,50,0,,,,5,129,,,,,,,,,,,,,,,,,.,.,,,,,,,,,,,,,,0500000US05129,"Searcy County, Arkansas",,,5,7861
05131,"Sebastian County, Arkansas",AR,50,0,,,,5,131,,,,,,,,,,,,,,,,,.,.,,,,,,,,,,,,,,0500000US05131,"Sebastian County, Arkansas",,,5,128448
05133,"Sevier County, Arkansas",AR,50,0,,,,5,133,,,,,,,,,,,,,,,,,.,.,,,,,,,,,,,,,,0500000US05133,"Sevier County, Arkansas",,,5,15797
05135,"Sharp County, Arkansas",AR,50,0,,,,5,135,,,,,,,,,,,,,,,,,.,.,,,,,,,,,,,,,,0500000US05135,"Sharp County, Arkansas",,,5,17597
05137,"Stone County, Arkansas",AR,50,0,,,,5,137,,,,,,,,,,,,,,,,,.,.,,,,,,,,,,,,,,0500000US05137,"Stone County, Arkansas",,,5,12474
05139,"Union County, Arkansas",AR,50,0,,,,5,139,,,,,,,,,,,,,,,,,.,.,,,,,,,,,,,,,,0500000US05139,"Union County, Arkansas",,,5,38368
05141,"Van Buren County, Arkansas",AR,50,0,,,,5,141,,,,,,,,,,,,,,,,,.,.,,,,,,,,,,,,,,0500000US05141,"Van Buren County, Arkansas",,,5,15936
05143,"Washington County, Arkansas",AR,50,0,,,,5,143,,,,,,,,,,,,,,,,,.,.,,,,,,,,,,,,,,0500000US05143,"Washington County, Arkansas",,,5,251863
05145,"White County, Arkansas",AR,50,0,,,,5,145,,,,,,,,,,,,,,,,,.,.,,,,,,,,,,,,,,0500000US05145,"White County, Arkansas",,,5,77395
05147,"Woodruff County, Arkansas",AR,50,0,,,,5,147,,,,,,,,,,,,,,,,,.,.,,,,,,,,,,,,,,0500000US05147,"Woodruff County, Arkansas",,,5,6157
05149,"Yell County, Arkansas",AR,50,0,,,,5,149,,,,,,,,,,,,,,,,,.,.,,,,,,,,,,,,,,0500000US05149,"Yell County, Arkansas",,,5,20195
06001,"Alameda County, California",CA,50,0,,,,6,1,,,,,,,,,,,,,,,,,.,.,,,,,,,,,,,,,,0500000US06001,"Alameda County, California",,,6,1651949
06003,"Alpine County, California",CA,50,0,,,,6,3,,,,,,,,,,,,,,,,,.,.,,,,,,,,,,,,,,0500000US06003,"Alpine County, California",,,6,1695
06005,"Amador County, California",CA,50,0,,,,6,5,,,,,,,,,,,,,,,,,.,.,,,,,,,,,,,,,,0500000US06005,"Amador County, California",,,6,41029
06007,"Butte County, California",CA,50,0,,,,6,7,,,,,,,,,,,,,,,,,.,.,,,,,,,,,,,,,,0500000US06007,"Butte County, California",,,6,209470
06009,"Calaveras County, California",CA,50,0,,,,6,9,,,,,,,,,,,,,,,,,.,.,,,,,,,,,,,,,,0500000US06009,"Calaveras County, California",,,6,45995
06011,"Colusa County, California",CA,50,0,,,,6,11,,,,,,,,,,,,,,,,,.,.,,,,,,,,,,,,,,0500000US06011,"Colusa County, California",,,6,21895
06013,"Contra Costa County, California",CA,50,0,,,,6,13,,,,,,,,,,,,,,,,,.,.,,,,,,,,,,,,,,0500000US06013,"Contra Costa County, California",,,6,1161458
06015,"Del Norte County, California",CA,50,0,,,,6,15,,,,,,,,,,,,,,,,,.,.,,,,,,,,,,,,,,0500000US06015,"Del Norte County, California",,,6,27293
06017,"El Dorado County, California",CA,50,0,,,,6,17,,,,,,,,,,,,,,,,,.,.,,,,,,,,,,,,,,0500000US06017,"El Dorado County, California",,,6,192299
06019,"Fresno County, California",CA,50,0,,,,6,19,,,,,,,,,,,,,,,,,.,.,,,,,,,,,,,,,,0500000US06019,"Fresno County, California",,,6,1012152
06021,"Glenn County, California",CA,50,0,,,,6,21,,,,,,,,,,,,,,,,,.,.,,,,,,,,,,,,,,0500000US06021,"Glenn County, California",,,6,28623
06023,"Humboldt County, California",CA,50,0,,,,6,23,,,,,,,,,,,,,,,,,.,.,,,,,,,,,,,,,,0500000US06023,"Humboldt County, California",,,6,135418
06025,"Imperial County, California",CA,50,0,,,,6,25,,,,,,,,,,,,,,,,,.,.,,,,,,,,,,,,,,0500000US06025,"Imperial County, California",,,6,179319
06027,"Inyo County, California",CA,50,0,,,,6,27,,,,,,,,,,,,,,,,,.,.,,,,,,,,,,,,,,0500000US06027,"Inyo County, California",,,6,18803
06029,"Kern County, California",CA,50,0,,,,6,29,,,,,,,,,,,,,,,,,.,.,,,,,,,,,,,,,,0500000US06029,"Kern County, California",,,6,910433
06031,"Kings County, California",CA,50,0,,,,6,31,,,,,,,,,,,,,,,,,.,.,,,,,,,,,,,,,,0500000US06031,"Kings County, California",,,6,152830
06033,"Lake County, California",CA,50,0,,,,6,33,,,,,,,,,,,,,,,,,.,.,,,,,,,,,,,,,,0500000US06033,"Lake County, California",,,6,68139
06035,"Lassen County, California",CA,50,0,,,,6,35,,,,,,,,,,,,,,,,,.,.,,,,,,,,,,,,,,0500000US06035,"Lassen County, California",,,6,31177
06037,"Los Angeles County, California",CA,50,0,,,,6,37,,,,,,,,,,,,,,,,,.,.,,,,,,,,,,,,,,0500000US06037,"Los Angeles County, California",,,6,9848406
06039,"Madera County, California",CA,50,0,,,,6,39,,,,,,,,,,,,,,,,,.,.,,,,,,,,,,,,,,0500000US06039,"Madera County, California",,,6,158790
06041,"Marin County, California",CA,50,0,,,,6,41,,,,,,,,,,,,,,,,,.,.,,,,,,,,,,,,,,0500000US06041,"Marin County, California",,,6,258765
06043,"Mariposa County, California",CA,50,0,,,,6,43,,,,,,,,,,,,,,,,,.,.,,,,,,,,,,,,,,0500000US06043,"Mariposa County, California",,,6,17060
06045,"Mendocino County, California",CA,50,0,,,,6,45,,,,,,,,,,,,,,,,,.,.,,,,,,,,,,,,,,0500000US06045,"Mendocino County, California",,,6,90709
06047,"Merced County, California",CA,50,0,,,,6,47,,,,,,,,,,,,,,,,,.,.,,,,,,,,,,,,,,0500000US06047,"Merced County, California",,,6,285597
06049,"Modoc County, California",CA,50,0,,,,6,49,,,,,,,,,,,,,,,,,.,.,,,,,,,,,,,,,,0500000US06049,"Modoc County, California",,,6,8646
06051,"Mono County, California",CA,50,0,,,,6,51,,,,,,,,,,,,,,,,,.,.,,,,,,,,,,,,,,0500000US06051,"Mono County, California",,,6,13169
06053,"Monterey County, California",CA,50,0,,,,6,53,,,,,,,,,,,,,,,,,.,.,,,,,,,,,,,,,,0500000US06053,"Monterey County, California",,,6,435834
06055,"Napa County, California",CA,50,0,,,,6,55,,,,,,,,,,,,,,,,,.,.,,,,,,,,,,,,,,0500000US06055,"Napa County, California",,,6,136070
06057,"Nevada County, California",CA,50,0,,,,6,57,,,,,,,,,,,,,,,,,.,.,,,,,,,,,,,,,,0500000US06057,"Nevada County, California",,,6,102452
06059,"Orange County, California",CA,50,0,,,,6,59,,,,,,,,,,,,,,,,,.,.,,,,,,,,,,,,,,0500000US06059,"Orange County, California",,,6,3164063
06061,"Placer County, California",CA,50,0,,,,6,61,,,,,,,,,,,,,,,,,.,.,,,,,,,,,,,,,,0500000US06061,"Placer County, California",,,6,412435
06063,"Plumas County, California",CA,50,0,,,,6,63,,,,,,,,,,,,,,,,,.,.,,,,,,,,,,,,,,0500000US06063,"Plumas County, California",,,6,19607
06065,"Riverside County, California",CA,50,0,,,,6,65,,,,,,,,,,,,,,,,,.,.,,,,,,,,,,,,,,0500000US06065,"Riverside County, California",,,6,2449909
06067,"Sacramento County, California",CA,50,0,,,,6,67,,,,,,,,,,,,,,,,,.,.,,,,,,,,,,,,,,0500000US06067,"Sacramento County, California",,,6,1584047
06069,"San Benito County, California",CA,50,0,,,,6,69,,,,,,,,,,,,,,,,,.,.,,,,,,,,,,,,,,0500000US06069,"San Benito County, California",,,6,66056
06071,"San Bernardino County, California",CA,50,0,,,,6,71,,,,,,,,,,,,,,,,,.,.,,,,,,,,,,,,,,0500000US06071,"San Bernardino County, California",,,6,2187816
06073,"San Diego County, California",CA,50,0,,,,6,73,,,,,,,,,,,,,,,,,.,.,,,,,,,,,,,,,,0500000US06073,"San Diego County, California",,,6,3282782
06075,"San Francisco County, California",CA,50,0,,,,6,75,,,,,,,,,,,,,,,,,.,.,,,,,,,,,,,,,,0500000US06075,"San Francisco County, California",,,6,836321
06077,"San Joaquin County, California",CA,50,0,,,,6,77,,,,,,,,,,,,,,,,,.,.,,,,,,,,,,,,,,0500000US06077,"San Joaquin County, California",,,6,787416
06079,"San Luis Obispo County, California",CA,50,0,,,,6,79,,,,,,,,,,,,,,,,,.,.,,,,,,,,,,,,,,0500000US06079,"San Luis Obispo County, California",,,6,281486
06081,"San Mateo County, California",CA,50,0,,,,6,81,,,,,,,,,,,,,,,,,.,.,,,,,,,,,,,,,,0500000US06081,"San Mateo County, California",,,6,745100
06083,"Santa Barbara County, California",CA,50,0,,,,6,83,,,,,,,,,,,,,,,,,.,.,,,,,,,,,,,,,,0500000US06083,"Santa Barbara County, California",,,6,443975
06085,"Santa Clara County, California",CA,50,0,,,,6,85,,,,,,,,,,,,,,,,,.,.,,,,,,,,,,,,,,0500000US06085,"Santa Clara County, California",,,6,1903297
06087,"Santa Cruz County, California",CA,50,0,,,,6,87,,,,,,,,,,,,,,,,,.,.,,,,,,,,,,,,,,0500000US06087,"Santa Cruz County, California",,,6,266021
06089,"Shasta County, California",CA,50,0,,,,6,89,,,,,,,,,,,,,,,,,.,.,,,,,,,,,,,,,,0500000US06089,"Shasta County, California",,,6,181554
06091,"Sierra County, California",CA,50,0,,,,6,91,,,,,,,,,,,,,,,,,.,.,,,,,,,,,,,,,,0500000US06091,"Sierra County, California",,,6,2731
06093,"Siskiyou County, California",CA,50,0,,,,6,93,,,,,,,,,,,,,,,,,.,.,,,,,,,,,,,,,,0500000US06093,"Siskiyou County, California",,,6,43834
06095,"Solano County, California",CA,50,0,,,,6,95,,,,,,,,,,,,,,,,,.,.,,,,,,,,,,,,,,0500000US06095,"Solano County, California",,,6,450824
06097,"Sonoma County, California",CA,50,0,,,,6,97,,,,,,,,,,,,,,,,,.,.,,,,,,,,,,,,,,0500000US06097,"Sonoma County, California",,,6,485642
06099,"Stanislaus County, California",CA,50,0,,,,6,99,,,,,,,,,,,,,,,,,.,.,,,,,,,,,,,,,,0500000US06099,"Stanislaus County, California",,,6,552250
06101,"Sutter County, California",CA,50,0,,,,6,101,,,,,,,,,,,,,,,,,.,.,,,,,,,,,,,,,,0500000US06101,"Sutter County, California",,,6,98971
06103,"Tehama County, California",CA,50,0,,,,6,103,,,,,,,,,,,,,,,,,.,.,,,,,,,,,,,,,,0500000US06103,"Tehama County, California",,,6,65520
06105,"Trinity County, California",CA,50,0,,,,6,105,,,,,,,,,,,,,,,,,.,.,,,,,,,,,,,,,,0500000US06105,"Trinity County, California",,,6,15886
06107,"Tulare County, California",CA,50,0,,,,6,107,,,,,,,,,,,,,,,,,.,.,,,,,,,,,,,,,,0500000US06107,"Tulare County, California",,,6,475774
06109,"Tuolumne County, California",CA,50,0,,,,6,109,,,,,,,,,,,,,,,,,.,.,,,,,,,,,,,,,,0500000US06109,"Tuolumne County, California",,,6,54873
06111,"Ventura County, California",CA,50,0,,,,6,111,,,,,,,,,,,,,,,,,.,.,,,,,,,,,,,,,,0500000US06111,"Ventura County, California",,,6,838259
06113,"Yolo County, California",CA,50,0,,,,6,113,,,,,,,,,,,,,,,,,.,.,,,,,,,,,,,,,,0500000US06113,"Yolo County, California",,,6,217782
06115,"Yuba County, California",CA,50,0,,,,6,115,,,,,,,,,,,,,,,,,.,.,,,,,,,,,,,,,,0500000US06115,"Yuba County, California",,,6,83079
08001,"Adams County, Colorado",CO,50,0,,,,8,1,,,,,,,,,,,,,,,,,.,.,,,,,,,,,,,,,,0500000US08001,"Adams County, Colorado",,,8,524408
08003,"Alamosa County, Colorado",CO,50,0,,,,8,3,,,,,,,,,,,,,,,,,.,.,,,,,,,,,,,,,,0500000US08003,"Alamosa County, Colorado",,,8,16515
08005,"Arapahoe County, Colorado",CO,50,0,,,,8,5,,,,,,,,,,,,,,,,,.,.,,,,,,,,,,,,,,0500000US08005,"Arapahoe County, Colorado",,,8,655709
08007,"Archuleta County, Colorado",CO,50,0,,,,8,7,,,,,,,,,,,,,,,,,.,.,,,,,,,,,,,,,,0500000US08007,"Archuleta County, Colorado",,,8,13730
08009,"Baca County, Colorado",CO,50,0,,,,8,9,,,,,,,,,,,,,,,,,.,.,,,,,,,,,,,,,,0500000US08009,"Baca County, Colorado",,,8,3460
08011,"Bent County, Colorado",CO,50,0,,,,8,11,,,,,,,,,,,,,,,,,.,.,,,,,,,,,,,,,,0500000US08011,"Bent County, Colorado",,,8,5524
08013,"Boulder County, Colorado",CO,50,0,,,,8,13,,,,,,,,,,,,,,,,,.,.,,,,,,,,,,,,,,0500000US08013,"Boulder County, Colorado",,,8,328317
08014,"Broomfield County, Colorado",CO,50,0,,,,8,14,,,,,,,,,,,,,,,,,.,.,,,,,,,,,,,,,,0500000US08014,"Broomfield County, Colorado",,,8,75110
08015,"Chaffee County, Colorado",CO,50,0,,,,8,15,,,,,,,,,,,,,,,,,.,.,,,,,,,,,,,,,,0500000US08015,"Chaffee County, Colorado",,,8,19876
08017,"Cheyenne County, Colorado",CO,50,0,,,,8,17,,,,,,,,,,,,,,,,,.,.,,,,,,,,,,,,,,0500000US08017,"Cheyenne County, Colorado",,,8,1732
08019,"Clear Creek County, Colorado",CO,50,0,,,,8,19,,,,,,,,,,,,,,,,,.,.,,,,,,,,,,,,,,0500000US08019,"Clear Creek County, Colorado",,,8,9358
08021,"Conejos County, Colorado",CO,50,0,,,,8,21,,,,,,,,,,,,,,,,,.,.,,,,,,,,,,,,,,0500000US08021,"Conejos County, Colorado",,,8,7536
08023,"Costilla County, Colorado",CO,50,0,,,,8,23,,,,,,,,,,,,,,,,,.,.,,,,,,,,,,,,,,0500000US08023,"Costilla County, Colorado",,,8,3571
08025,"Crowley County, Colorado",CO,50,0,,,,8,25,,,,,,,,,,,,,,,,,.,.,,,,,,,,,,,,,,0500000US08025,"Crowley County, Colorado",,,8,5734
08027,"Custer County, Colorado",CO,50,0,,,,8,27,,,,,,,,,,,,,,,,,.,.,,,,,,,,,,,,,,0500000US08027,"Custer County, Colorado",,,8,5073
08029,"Delta County, Colorado",CO,50,0,,,,8,29,,,,,,,,,,,,,,,,,.,.,,,,,,,,,,,,,,0500000US08029,"Delta County, Colorado",,,8,31353
08031,"Denver County, Colorado",CO,50,0,,,,8,31,,,,,,,,,,,,,,,,,.,.,,,,,,,,,,,,,,0500000US08031,"Denver County, Colorado",,,8,713734
08033,"Dolores County, Colorado",CO,50,0,,,,8,33,,,,,,,,,,,,,,,,,.,.,,,,,,,,,,,,,,0500000US08033,"Dolores County, Colorado",,,8,2385
08035,"Douglas County, Colorado",CO,50,0,,,,8,35,,,,,,,,,,,,,,,,,.,.,,,,,,,,,,,,,,0500000US08035,"Douglas County, Colorado",,,8,368283
08037,"Eagle County, Colorado",CO,50,0,,,,8,37,,,,,,,,,,,,,,,,,.,.,,,,,,,,,,,,,,0500000US08037,"Eagle County, Colorado",,,8,55374
08039,"Elbert County, Colorado",CO,50,0,,,,8,39,,,,,,,,,,,,,,,,,.,.,,,,,,,,,,,,,,0500000US08039,"Elbert County, Colorado",,,8,27152
08041,"El Paso County, Colorado",CO,50,0,,,,8,41,,,,,,,,,,,,,,,,,.,.,,,,,,,,,,,,,,0500000US08041,"El Paso County, Colorado",,,8,736008
08043,"Fremont County, Colorado",CO,50,0,,,,8,43,,,,,,,,,,,,,,,,,.,.,,,,,,,,,,,,,,0500000US08043,"Fremont County, Colorado",,,8,49394
08045,"Garfield County, Colorado",CO,50,0,,,,8,45,,,,,,,,,,,,,,,,,.,.,,,,,,,,,,,,,,0500000US08045,"Garfield County, Colorado",,,8,62034
08047,"Gilpin County, Colorado",CO,50,0,,,,8,47,,,,,,,,,,,,,,,,,.,.,,,,,,,,,,,,,,0500000US08047,"Gilpin County, Colorado",,,8,5877
08049,"Grand County, Colorado",CO,50,0,,,,8,49,,,,,,,,,,,,,,,,,.,.,,,,,,,,,,,,,,0500000US08049,"Grand County, Colorado",,,8,15794
08051,"Gunnison County, Colorado",CO,50,0,,,,8,51,,,,,,,,,,,,,,,,,.,.,,,,,,,,,,,,,,0500000US08051,"Gunnison County, Colorado",,,8,17158
08053,"Hinsdale County, Colorado",CO,50,0,,,,8,53,,,,,,,,,,,,,,,,,.,.,,,,,,,,,,,,,,0500000US08053,"Hinsdale County, Colorado",,,8,939
08055,"Huerfano County, Colorado",CO,50,0,,,,8,55,,,,,,,,,,,,,,,,,.,.,,,,,,,,,,,,,,0500000US08055,"Huerfano County, Colorado",,,8,6946
08057,"Jackson County, Colorado",CO,50,0,,,,8,57,,,,,,,,,,,,,,,,,.,.,,,,,,,,,,,,,,0500000US08057,"Jackson County, Colorado",,,8,1422
08059,"Jefferson County, Colorado",CO,50,0,,,,8,59,,,,,,,,,,,,,,,,,.,.,,,,,,,,,,,,,,0500000US08059,"Jefferson County, Colorado",,,8,579715
08061,"Kiowa County, Colorado",CO,50,0,,,,8,61,,,,,,,,,,,,,,,,,.,.,,,,,,,,,,,,,,0500000US08061,"Kiowa County, Colorado",,,8,1356
08063,"Kit Carson County, Colorado",CO,50,0,,,,8,63,,,,,,,,,,,,,,,,,.,.,,,,,,,,,,,,,,0500000US08063,"Kit Carson County, Colorado",,,8,7015
08065,"Lake County, Colorado",CO,50,0,,,,8,65,,,,,,,,,,,,,,,,,.,.,,,,,,,,,,,,,,0500000US08065,"Lake County, Colorado",,,8,7411
08067,"La Plata County, Colorado",CO,50,0,,,,8,67,,,,,,,,,,,,,,,,,.,.,,,,,,,,,,,,,,0500000US08067,"La Plata County, Colorado",,,8,56088
08069,"Larimer County, Colorado",CO,50,0,,,,8,69,,,,,,,,,,,,,,,,,.,.,,,,,,,,,,,,,,0500000US08069,"Larimer County, Colorado",,,8,363561
08071,"Las Animas County, Colorado",CO,50,0,,,,8,71,,,,,,,,,,,,,,,,,.,.,,,,,,,,,,,,,,0500000US08071,"Las Animas County, Colorado",,,8,14392
08073,"Lincoln County, Colorado",CO,50,0,,,,8,73,,,,,,,,,,,,,,,,,.,.,,,,,,,,,,,,,,0500000US08073,"Lincoln County, Colorado",,,8,5561
08075,"Logan County, Colorado",CO,50,0,,,,8,75,,,,,,,,,,,,,,,,,.,.,,,,,,,,,,,,,,0500000US08075,"Logan County, Colorado",,,8,21067
08077,"Mesa County, Colorado",CO,50,0,,,,8,77,,,,,,,,,,,,,,,,,.,.,,,,,,,,,,,,,,0500000US08077,"Mesa County, Colorado",,,8,157316
08079,"Mineral County, Colorado",CO,50,0,,,,8,79,,,,,,,,,,,,,,,,,.,.,,,,,,,,,,,,,,0500000US08079,"Mineral County, Colorado",,,8,799
08081,"Moffat County, Colorado",CO,50,0,,,,8,81,,,,,,,,,,,,,,,,,.,.,,,,,,,,,,,,,,0500000US08081,"Moffat County, Colorado",,,8,13258
08083,"Montezuma County, Colorado",CO,50,0,,,,8,83,,,,,,,,,,,,,,,,,.,.,,,,,,,,,,,,,,0500000US08083,"Montezuma County, Colorado",,,8,26204
08085,"Montrose County, Colorado",CO,50,0,,,,8,85,,,,,,,,,,,,,,,,,.,.,,,,,,,,,,,,,,0500000US08085,"Montrose County, Colorado",,,8,43272
08087,"Morgan County, Colorado",CO,50,0,,,,8,87,,,,,,,,,,,,,,,,,.,.,,,,,,,,,,,,,,0500000US08087,"Morgan County, Colorado",,,8,29186
08089,"Otero County, Colorado",CO,50,0,,,,8,89,,,,,,,,,,,,,,,,,.,.,,,,,,,,,,,,,,0500000US08089,"Otero County, Colorado",,,8,18460
08091,"Ouray County, Colorado",CO,50,0,,,,8,91,,,,,,,,,,,,,,,,,.,.,,,,,,,,,,,,,,0500000US08091,"Ouray County, Colorado",,,8,5024
08093,"Park County, Colorado",CO,50,0,,,,8,93,,,,,,,,,,,,,,,,,.,.,,,,,,,,,,,,,,0500000US08093,"Park County, Colorado",,,8,17739
08095,"Phillips County, Colorado",CO,50,0,,,,8,95,,,,,,,,,,,,,,,,,.,.,,,,,,,,,,,,,,0500000US08095,"Phillips County, Colorado",,,8,4491
08097,"Pitkin County, Colorado",CO,50,0,,,,8,97,,,,,,,,,,,,,,,,,.,.,,,,,,,,,,,,,,0500000US08097,"Pitkin County, Colorado",,,8,17119
08099,"Prowers County, Colorado",CO,50,0,,,,8,99,,,,,,,,,,,,,,,,,.,.,,,,,,,,,,,,,,0500000US08099,"Prowers County, Colorado",,,8,11931
08101,"Pueblo County, Colorado",CO,50,0,,,,8,101,,,,,,,,,,,,,,,,,.,.,,,,,,,,,,,,,,0500000US08101,"Pueblo County, Colorado",,,8,168726
08103,"Rio Blanco County, Colorado",CO,50,0,,,,8,103,,,,,,,,,,,,,,,,,.,.,,,,,,,,,,,,,,0500000US08103,"Rio Blanco County, Colorado",,,8,6518
08105,"Rio Grande County, Colorado",CO,50,0,,,,8,105,,,,,,,,,,,,,,,,,.,.,,,,,,,,,,,,,,0500000US08105,"Rio Grande County, Colorado",,,8,11394
08107,"Routt County, Colorado",CO,50,0,,,,8,107,,,,,,,,,,,,,,,,,.,.,,,,,,,,,,,,,,0500000US08107,"Routt County, Colorado",,,8,24990
08109,"Saguache County, Colorado",CO,50,0,,,,8,109,,,,,,,,,,,,,,,,,.,.,,,,,,,,,,,,,,0500000US08109,"Saguache County, Colorado",,,8,6511
08111,"San Juan County, Colorado",CO,50,0,,,,8,111,,,,,,,,,,,,,,,,,.,.,,,,,,,,,,,,,,0500000US08111,"San Juan County, Colorado",,,8,690
08113,"San Miguel County, Colorado",CO,50,0,,,,8,113,,,,,,,,,,,,,,,,,.,.,,,,,,,,,,,,,,0500000US08113,"San Miguel County, Colorado",,,8,8026
08115,"Sedgwick County, Colorado",CO,50,0,,,,8,115,,,,,,,,,,,,,,,,,.,.,,,,,,,,,,,,,,0500000US08115,"Sedgwick County, Colorado",,,8,2346
08117,"Summit County, Colorado",CO,50,0,,,,8,117,,,,,,,,,,,,,,,,,.,.,,,,,,,,,,,,,,0500000US08117,"Summit County, Colorado",,,8,30857
08119,"Teller County, Colorado",CO,50,0,,,,8,119,,,,,,,,,,,,,,,,,.,.,,,,,,,,,,,,,,0500000US08119,"Teller County, Colorado",,,8,24774
08121,"Washington County, Colorado",CO,50,0,,,,8,121,,,,,,,,,,,,,,,,,.,.,,,,,,,,,,,,,,0500000US08121,"Washington County, Colorado",,,8,4839
08123,"Weld County, Colorado",CO,50,0,,,,8,123,,,,,,,,,,,,,,,,,.,.,,,,,,,,,,,,,,0500000US08123,"Weld County, Colorado",,,8,340711
08125,"Yuma County, Colorado",CO,50,0,,,,8,125,,,,,,,,,,,,,,,,,.,.,,,,,,,,,,,,,,0500000US08125,"Yuma County, Colorado",,,8,9921
09110,"Capitol Planning Region, Connecticut",CT,50,0,,,,9,110,,,,,,,,,,,,,,,,,.,.,,,,,,,,,,,,,,0500000US09110,"Capitol Planning Region, Connecticut",,,9,969029
09120,"Greater Bridgeport Planning Region, Connecticut",CT,50,0,,,,9,120,,,,,,,,,,,,,,,,,.,.,,,,,,,,,,,,,,0500000US09120,"Greater Bridgeport Planning Region, Connecticut",,,9,326296
09130,"Lower Connecticut River Valley Planning Region, Connecticut",CT,50,0,,,,9,130,,,,,,,,,,,,,,,,,.,.,,,,,,,,,,,,,,0500000US09130,"Lower Connecticut River Valley Planning Region, Connecticut",,,9,174983
09140,"Naugatuck Valley Planning Region, Connecticut",CT,50,0,,,,9,140,,,,,,,,,,,,,,,,,.,.,,,,,,,,,,,,,,0500000US09140,"Naugatuck Valley Planning Region, Connecticut",,,9,452303
09150,"Northeastern Connecticut Planning Region, Connecticut",CT,50,0,,,,9,150,,,,,,,,,,,,,,,,,.,.,,,,,,,,,,,,,,0500000US09150,"Northeastern Connecticut Planning Region, Connecticut",,,9,95829
09160,"Northwest Hills Planning Region, Connecticut",CT,50,0,,,,9,160,,,,,,,,,,,,,,,,,.,.,,,,,,,,,,,,,,0500000US09160,"Northwest Hills Planning Region, Connecticut",,,9,112848
09170,"South Central Connecticut Planning Region, Connecticut",CT,50,0,,,,9,170,,,,,,,,,,,,,,,,,.,.,,,,,,,,,,,,,,0500000US09170,"South Central Connecticut Planning Region, Connecticut",,,9,566803
09180,"Southeastern Connecticut Planning Region, Connecticut",CT,50,0,,,,9,180,,,,,,,,,,,,,,,,,.,.,,,,,,,,,,,,,,0500000US09180,"Southeastern Connecticut Planning Region, Connecticut",,,9,279025
09190,"Western Connecticut Planning Region, Connecticut",CT,50,0,,,,9,190,,,,,,,,,,,,,,,,,.,.,,,,,,,,,,,,,,0500000US09190,"Western Connecticut Planning Region, Connecticut",,,9,621232
10001,"Kent County, Delaware",DE,50,0,,,,10,1,,,,,,,,,,,,,,,,,.,.,,,,,,,,,,,,,,0500000US10001,"Kent County, Delaware",,,10,185043
10003,"New Castle County, Delaware",DE,50,0,,,,10,3,,,,,,,,,,,,,,,,,.,.,,,,,,,,,,,,,,0500000US10003,"New Castle County, Delaware",,,10,573030
10005,"Sussex County, Delaware",DE,50,0,,,,10,5,,,,,,,,,,,,,,,,,.,.,,,,,,,,,,,,,,0500000US10005,"Sussex County, Delaware",,,10,247799
11001,"District of Columbia, District of Columbia",DC,50,0,,,,11,1,,,,,,,,,,,,,,,,,.,.,,,,,,,,,,,,,,0500000US11001,"District of Columbia, District of Columbia",,,11,672079
12001,"Alachua County, Florida",FL,50,0,,,,12,1,,,,,,,,,,,,,,,,,.,.,,,,,,,,,,,,,,0500000US12001,"Alachua County, Florida",,,12,281751
12003,"Baker County, Florida",FL,50,0,,,,12,3,,,,,,,,,,,,,,,,,.,.,,,,,,,,,,,,,,0500000US12003,"Baker County, Florida",,,12,28186
12005,"Bay County, Florida",FL,50,0,,,,12,5,,,,,,,,,,,,,,,,,.,.,,,,,,,,,,,,,,0500000US12005,"Bay County, Florida",,,12,181368
12007,"Bradford County, Florida",FL,50,0,,,,12,7,,,,,,,,,,,,,,,,,.,.,,,,,,,,,,,,,,0500000US12007,"Bradford County, Florida",,,12,27888
12009,"Brevard County, Florida",FL,50,0,,,,12,9,,,,,,,,,,,,,,,,,.,.,,,,,,,,,,,,,,0500000US12009,"Brevard County, Florida",,,12,620533
12011,"Broward County, Florida",FL,50,0,,,,12,11,,,,,,,,,,,,,,,,,.,.,,,,,,,,,,,,,,0500000US12011,"Broward County, Florida",,,12,1946127
12013,"Calhoun County, Florida",FL,50,0,,,,12,13,,,,,,,,,,,,,,,,,.,.,,,,,,,,,,,,,,0500000US12013,"Calhoun County, Florida",,,12,13593
12015,"Charlotte County, Florida",FL,50,0,,,,12,15,,,,,,,,,,,,,,,,,.,.,,,,,,,,,,,,,,0500000US12015,"Charlotte County, Florida",,,12,195083
12017,"Citrus County, Florida",FL,50,0,,,,12,17,,,,,,,,,,,,,,,,,.,.,,,,,,,,,,,,,,0500000US12017,"Citrus County, Florida",,,12,158693
12019,"Clay County, Florida",FL,50,0,,,,12,19,,,,,,,,,,,,,,,,,.,.,,,,,,,,,,,,,,0500000US12019,"Clay County, Florida",,,12,223436
12021,"Collier County, Florida",FL,50,0,,,,12,21,,,,,,,,,,,,,,,,,.,.,,,,,,,,,,,,,,0500000US12021,"Collier County, Florida",,,12,387681
12023,"Columbia County, Florida",FL,50,0,,,,12,23,,,,,,,,,,,,,,,,,.,.,,,,,,,,,,,,,,0500000US12023,"Columbia County, Florida",,,12,70755
12027,"DeSoto County, Florida",FL,50,0,,,,12,27,,,,,,,,,,,,,,,,,.,.,,,,,,,,,,,,,,0500000US12027,"DeSoto County, Florida",,,12,34719
12029,"Dixie County, Florida",FL,50,0,,,,12,29,,,,,,,,,,,,,,,,,.,.,,,,,,,,,,,,,,0500000US12029,"Dixie County, Florida",,,12,16952
12031,"Duval County, Florida",FL,50,0,,,,12,31,,,,,,,,,,,,,,,,,.,.,,,,,,,,,,,,,,0500000US12031,"Duval County, Florida",,,12,1007189
12033,"Escambia County, Florida",FL,50,0,,,,12,33,,,,,,,,,,,,,,,,,.,.,,,,,,,,,,,,,,0500000US12033,"Escambia County, Florida",,,12,323275
12035,"Flagler County, Florida",FL,50,0,,,,12,35,,,,,,,,,,,,,,,,,.,.,,,,,,,,,,,,,,0500000US12035,"Flagler County, Florida",,,12,121710
12037,"Franklin County, Florida",FL,50,0,,,,12,37,,,,,,,,,,,,,,,,,.,.,,,,,,,,,,,,,,0500000US12037,"Franklin County, Florida",,,12,12418
12039,"Gadsden County, Florida",FL,50,0,,,,12,39,,,,,,,,,,,,,,,,,.,.,,,,,,,,,,,,,,0500000US12039,"Gadsden County, Florida",,,12,43642
12041,"Gilchrist County, Florida",FL,50,0,,,,12,41,,,,,,,,,,,,,,,,,.,.,,,,,,,,,,,,,,0500000US12041,"Gilchrist County, Florida",,,12,18494
12043,"Glades County, Florida",FL,50,0,,,,12,43,,,,,,,,,,,,,,,,,.,.,,,,,,,,,,,,,,0500000US12043,"Glades County, Florida",,,12,12324
12045,"Gulf County, Florida",FL,50,0,,,,12,45,,,,,,,,,,,,,,,,,.,.,,,,,,,,,,,,,,0500000US12045,"Gulf County, Florida",,,12,14772
12047,"Hamilton County, Florida",FL,50,0,,,,12,47,,,,,,,,,,,,,,,,,.,.,,,,,,,,,,,,,,0500000US12047,"Hamilton County, Florida",,,12,13445
12049,"Hardee County, Florida",FL,50,0,,,,12,49,,,,,,,,,,,,,,,,,.,.,,,,,,,,,,,,,,0500000US12049,"Hardee County, Florida",,,12,25508
12051,"Hendry County, Florida",FL,50,0,,,,12,51,,,,,,,,,,,,,,,,,.,.,,,,,,,,,,,,,,0500000US12051,"Hendry County, Florida",,,12,40798
12053,"Hernando County, Florida",FL,50,0,,,,12,53,,,,,,,,,,,,,,,,,.,.,,,,,,,,,,,,,,0500000US12053,"Hernando County, Florida",,,12,201512
12055,"Highlands County, Florida",FL,50,0,,,,12,55,,,,,,,,,,,,,,,,,.,.,,,,,,,,,,,,,,0500000US12055,"Highlands County, Florida",,,12,103808
12057,"Hillsborough County, Florida",FL,50,0,,,,12,57,,,,,,,,,,,,,,,,,.,.,,,,,,,,,,,,,,0500000US12057,"Hillsborough County, Florida",,,12,1489634
12059,"Holmes County, Florida",FL,50,0,,,,12,59,,,,,,,,,,,,,,,,,.,.,,,,,,,,,,,,,,0500000US12059,"Holmes County, Florida",,,12,19626
12061,"Indian River County, Florida",FL,50,0,,,,12,61,,,,,,,,,,,,,,,,,.,.,,,,,,,,,,,,,,0500000US12061,"Indian River County, Florida",,,12,163856
12063,"Jackson County, Florida",FL,50,0,,,,12,63,,,,,,,,,,,,,,,,,.,.,,,,,,,,,,,,,,0500000US12063,"Jackson County, Florida",,,12,47652
12065,"Jefferson County, Florida",FL,50,0,,,,12,65,,,,,,,,,,,,,,,,,.,.,,,,,,,,,,,,,,0500000US12065,"Jefferson County, Florida",,,12,14713
12067,"Lafayette County, Florida",FL,50,0,,,,12,67,,,,,,,,,,,,,,,,,.,.,,,,,,,,,,,,,,0500000US12067,"Lafayette County, Florida",,,12,8035
12069,"Lake County, Florida",FL,50,0,,,,12,69,,,,,,,,,,,,,,,,,.,.,,,,,,,,,,,,,,0500000US12069,"Lake County, Florida",,,12,398696
12071,"Lee County, Florida",FL,50,0,,,,12,71,,,,,,,,,,,,,,,,,.,.,,,,,,,,,,,,,,0500000US12071,"Lee County, Florida",,,12,792692
12073,"Leon County, Florida",FL,50,0,,,,12,73,,,,,,,,,,,,,,,,,.,.,,,,,,,,,,,,,,0500000US12073,"Leon County, Florida",,,12,295335
12075,"Levy County, Florida",FL,50,0,,,,12,75,,,,,,,,,,,,,,,,,.,.,,,,,,,,,,,,,,0500000US12075,"Levy County, Florida",,,12,44276
12077,"Liberty County, Florida",FL,50,0,,,,12,77,,,,,,,,,,,,,,,,,.,.,,,,,,,,,,,,,,0500000US12077,"Liberty County, Florida",,,12,7650
12079,"Madison County, Florida",FL,50,0,,,,12,79,,,,,,,,,,,,,,,,,.,.,,,,,,,,,,,,,,0500000US12079,"Madison County, Florida",,,12,18113
12081,"Manatee County, Florida",FL,50,0,,,,12,81,,,,,,,,,,,,,,,,,.,.,,,,,,,,,,,,,,0500000US12081,"Manatee County, Florida",,,12,416020
12083,"Marion County, Florida",FL,50,0,,,,12,83,,,,,,,,,,,,,,,,,.,.,,,,,,,,,,,,,,0500000US12083,"Marion County, Florida",,,12,387697
12085,"Martin County, Florida",FL,50,0,,,,12,85,,,,,,,,,,,,,,,,,.,.,,,,,,,,,,,,,,0500000US12085,"Martin County, Florida",,,12,160464
12086,"Miami-Dade County, Florida",FL,50,0,,,,12,86,,,,,,,,,,,,,,,,,.,.,,,,,,,,,,,,,,0500000US12086,"Miami-Dade County, Florida",,,12,2685296
12087,"Monroe County, Florida",FL,50,0,,,,12,87,,,,,,,,,,,,,,,,,.,.,,,,,,,,,,,,,,0500000US12087,"Monroe County, Florida",,,12,81840
12089,"Nassau County, Florida",FL,50,0,,,,12,89,,,,,,,,,,,,,,,,,.,.,,,,,,,,,,,,,,0500000US12089,"Nassau County, Florida",,,12,94653
12091,"Okaloosa County, Florida",FL,50,0,,,,12,91,,,,,,,,,,,,,,,,,.,.,,,,,,,,,,,,,,0500000US12091,"Okaloosa County, Florida",,,12,214281
12093,"Okeechobee County, Florida",FL,50,0,,,,12,93,,,,,,,,,,,,,,,,,.,.,,,,,,,,,,,,,,0500000US12093,"Okeechobee County, Florida",,,12,40249
12095,"Orange County, Florida",FL,50,0,,,,12,95,,,,,,,,,,,,,,,,,.,.,,,,,,,,,,,,,,0500000US12095,"Orange County, Florida",,,12,1440471
12097,"Osceola County, Florida",FL,50,0,,,,12,97,,,,,,,,,,,,,,,,,.,.,,,,,,,,,,,,,,0500000US12097,"Osceola County, Florida",,,12,406943
12099,"Palm Beach County, Florida",FL,50,0,,,,12,99,,,,,,,,,,,,,,,,,.,.,,,,,,,,,,,,,,0500000US12099,"Palm Beach County, Florida",,,12,1507453
12101,"Pasco County, Florida",FL,50,0,,,,12,101,,,,,,,,,,,,,,,,,.,.,,,,,,,,,,,,,,0500000US12101,"Pasco County, Florida",,,12,588758
12103,"Pinellas County, Florida",FL,50,0,,,,12,103,,,,,,,,,,,,,,,,,.,.,,,,,,,,,,,,,,0500000US12103,"Pinellas County, Florida",,,12,960565
12105,"Polk County, Florida",FL,50,0,,,,12,105,,,,,,,,,,,,,,,,,.,.,,,,,,,,,,,,,,0500000US12105,"Polk County, Florida",,,12,760961
12107,"Putnam County, Florida",FL,50,0,,,,12,107,,,,,,,,,,,,,,,,,.,.,,,,,,,,,,,,,,0500000US12107,"Putnam County, Florida",,,12,74235
12109,"St. Johns County, Florida",FL,50,0,,,,12,109,,,,,,,,,,,,,,,,,.,.,,,,,,,,,,,,,,0500000US12109,"St. Johns County, Florida",,,12,292243
12111,"St. Lucie County, Florida",FL,50,0,,,,12,111,,,,,,,,,,,,,,,,,.,.,,,,,,,,,,,,,,0500000US12111,"St. Lucie County, Florida",,,12,346237
12113,"Santa Rosa County, Florida",FL,50,0,,,,12,113,,,,,,,,,,,,,,,,,.,.,,,,,,,,,,,,,,0500000US12113,"Santa Rosa County, Florida",,,12,193719
12115,"Sarasota County, Florida",FL,50,0,,,,12,115,,,,,,,,,,,,,,,,,.,.,,,,,,,,,,,,,,0500000US12115,"Sarasota County, Florida",,,12,449011
12117,"Seminole County, Florida",FL,50,0,,,,12,117,,,,,,,,,,,,,,,,,.,.,,,,,,,,,,,,,,0500000US12117,"Seminole County, Florida",,,12,474912
12119,"Sumter County, Florida",FL,50,0,,,,12,119,,,,,,,,,,,,,,,,,.,.,,,,,,,,,,,,,,0500000US12119,"Sumter County, Florida",,,12,137536
12121,"Suwannee County, Florida",FL,50,0,,,,12,121,,,,,,,,,,,,,,,,,.,.,,,,,,,,,,,,,,0500000US12121,"Suwannee County, Florida",,,12,44484
12123,"Taylor County, Florida",FL,50,0,,,,12,123,,,,,,,,,,,,,,,,,.,.,,,,,,,,,,,,,,0500000US12123,"Taylor County, Florida",,,12,21422
12125,"Union County, Florida",FL,50,0,,,,12,125,,,,,,,,,,,,,,,,,.,.,,,,,,,,,,,,,,0500000US12125,"Union County, Florida",,,12,15551
12127,"Volusia County, Florida",FL,50,0,,,,12,127,,,,,,,,,,,,,,,,,.,.,,,,,,,,,,,,,,0500000US12127,"Volusia County, Florida",,,12,568229
12129,"Wakulla County, Florida",FL,50,0,,,,12,129,,,,,,,,,,,,,,,,,.,.,,,,,,,,,,,,,,0500000US12129,"Wakulla County, Florida",,,12,34608
12131,"Walton County, Florida",FL,50,0,,,,12,131,,,,,,,,,,,,,,,,,.,.,,,,,,,,,,,,,,0500000US12131,"Walton County, Florida",,,12,79846
12133,"Washington County, Florida",FL,50,0,,,,12,133,,,,,,,,,,,,,,,,,.,.,,,,,,,,,,,,,,0500000US12133,"Washington County, Florida",,,12,25259
13001,"Appling County, Georgia",GA,50,0,,,,13,1,,,,,,,,,,,,,,,,,.,.,,,,,,,,,,,,,,0500000US13001,"Appling County, Georgia",,,13,18426
13003,"Atkinson County, Georgia",GA,50,0,,,,13,3,,,,,,,,,,,,,,,,,.,.,,,,,,,,,,,,,,0500000US13003,"Atkinson County, Georgia",,,13,8261
13005,"Bacon County, Georgia",GA,50,0,,,,13,5,,,,,,,,,,,,,,,,,.,.,,,,,,,,,,,,,,0500000US13005,"Bacon County, Georgia",,,13,11129
13007,"Baker County, Georgia",GA,50,0,,,,13,7,,,,,,,,,,,,,,,,,.,.,,,,,,,,,,,,,,0500000US13007,"Baker County, Georgia",,,13,2830
13009,"Baldwin County, Georgia",GA,50,0,,,,13,9,,,,,,,,,,,,,,,,,.,.,,,,,,,,,,,,,,0500000US13009,"Baldwin County, Georgia",,,13,43669
13011,"Banks County, Georgia",GA,50,0,,,,13,11,,,,,,,,,,,,,,,,,.,.,,,,,,,,,,,,,,0500000US13011,"Banks County, Georgia",,,13,18757
13013,"Barrow County, Georgia",GA,50,0,,,,13,13,,,,,,,,,,,,,,,,,.,.,,,,,,,,,,,,,,0500000US13013,"Barrow County, Georgia",,,13,86982
13015,"Bartow County, Georgia",GA,50,0,,,,13,15,,,,,,,,,,,,,,,,,.,.,,,,,,,,,,,,,,0500000US13015,"Bartow County, Georgia",,,13,111153
13017,"Ben Hill County, Georgia",GA,50,0,,,,13,17,,,,,,,,,,,,,,,,,.,.,,,,,,,,,,,,,,0500000US13017,"Ben Hill County, Georgia",,,13,17138
13019,"Berrien County, Georgia",GA,50,0,,,,13,19,,,,,,,,,,,,,,,,,.,.,,,,,,,,,,,,,,0500000US13019,"Berrien County, Georgia",,,13,18257
13021,"Bibb County, Georgia",GA,50,0,,,,13,21,,,,,,,,,,,,,,,,,.,.,,,,,,,,,,,,,,0500000US13021,"Bibb County, Georgia",,,13,156543
13023,"Bleckley County, Georgia",GA,50,0,,,,13,23,,,,,,,,,,,,,,,,,.,.,,,,,,,,,,,,,,0500000US13023,"Bleckley County, Georgia",,,13,12414
13025,"Brantley County, Georgia",GA,50,0,,,,13,25,,,,,,,,,,,,,,,,,.,.,,,,,,,,,,,,,,0500000US13025,"Brantley County, Georgia",,,13,18171
13027,"Brooks County, Georgia",GA,50,0,,,,13,27,,,,,,,,,,,,,,,,,.,.,,,,,,,,,,,,,,0500000US13027,"Brooks County, Georgia",,,13,16285
13029,"Bryan County, Georgia",GA,50,0,,,,13,29,,,,,,,,,,,,,,,,,.,.,,,,,,,,,,,,,,0500000US13029,"Bryan County, Georgia",,,13,46681
13031,"Bulloch County, Georgia",GA,50,0,,,,13,31,,,,,,,,,,,,,,,,,.,.,,,,,,,,,,,,,,0500000US13031,"Bulloch County, Georgia",,,13,81372
13033,"Burke County, Georgia",GA,50,0,,,,13,33,,,,,,,,,,,,,,,,,.,.,,,,,,,,,,,,,,0500000US13033,"Burke County, Georgia",,,13,24427
13035,"Butts County, Georgia",GA,50,0,,,,13,35,,,,,,,,,,,,,,,,,.,.,,,,,,,,,,,,,,0500000US13035,"Butts County, Georgia",,,13,26074
13037,"Calhoun County, Georgia",GA,50,0,,,,13,37,,,,,,,,,,,,,,,,,.,.,,,,,,,,,,,,,,0500000US13037,"Calhoun County, Georgia",,,13,5528
13039,"Camden County, Georgia",GA,50,0,,,,13,39,,,,,,,,,,,,,,,,,.,.,,,,,,,,,,,,,,0500000US13039,"Camden County, Georgia",,,13,56036
13043,"Candler County, Georgia",GA,50,0,,,,13,43,,,,,,,,,,,,,,,,,.,.,,,,,,,,,,,,,,0500000US13043,"Candler County, Georgia",,,13,10972
13045,"Carroll County, Georgia",GA,50,0,,,,13,45,,,,,,,,,,,,,,,,,.,.,,,,,,,,,,,,,,0500000US13045,"Carroll County, Georgia",,,13,122187
13047,"Catoosa County, Georgia",GA,50,0,,,,13,47,,,,,,,,,,,,,,,,,.,.,,,,,,,,,,,,,,0500000US13047,"Catoosa County, Georgia",,,13,68356
13049,"Charlton County, Georgia",GA,50,0,,,,13,49,,,,,,,,,,,,,,,,,.,.,,,,,,,,,,,,,,0500000US13049,"Charlton County, Georgia",,,13,12711
13051,"Chatham County, Georgia",GA,50,0,,,,13,51,,,,,,,,,,,,,,,,,.,.,,,,,,,,,,,,,,0500000US13051,"Chatham County, Georgia",,,13,298143
13053,"Chattahoochee County, Georgia",GA,50,0,,,,13,53,,,,,,,,,,,,,,,,,.,.,,,,,,,,,,,,,,0500000US13053,"Chattahoochee County, Georgia",,,13,9181
13055,"Chattooga County, Georgia",GA,50,0,,,,13,55,,,,,,,,,,,,,,,,,.,.,,,,,,,,,,,,,,0500000US13055,"Chattooga County, Georgia",,,13,24975
13057,"Cherokee County, Georgia",GA,50,0,,,,13,57,,,,,,,,,,,,,,,,,.,.,,,,,,,,,,,,,,0500000US13057,"Cherokee County, Georgia",,,13,274539
13059,"Clarke County, Georgia",GA,50,0,,,,13,59,,,,,,,,,,,,,,,,,.,.,,,,,,,,,,,,,,0500000US13059,"Clarke County, Georgia",,,13,129267
13061,"Clay County, Georgia",GA,50,0,,,,13,61,,,,,,,,,,,,,,,,,.,.,,,,,,,,,,,,,,0500000US13061,"Clay County, Georgia",,,13,2853
13063,"Clayton County, Georgia",GA,50,0,,,,13,63,,,,,,,,,,,,,,,,,.,.,,,,,,,,,,,,,,0500000US13063,"Clayton County, Georgia",,,13,298771
13065,"Clinch County, Georgia",GA,50,0,,,,13,65,,,,,,,,,,,,,,,,,.,.,,,,,,,,,,,,,,0500000US13065,"Clinch County, Georgia",,,13,6722
13067,"Cobb County, Georgia",GA,50,0,,,,13,67,,,,,,,,,,,,,,,,,.,.,,,,,,,,,,,,,,0500000US13067,"Cobb County, Georgia",,,13,769152
13069,"Coffee County, Georgia",GA,50,0,,,,13,69,,,,,,,,,,,,,,,,,.,.,,,,,,,,,,,,,,0500000US13069,"Coffee County, Georgia",,,13,43161
13071,"Colquitt County, Georgia",GA,50,0,,,,13,71,,,,,,,,,,,,,,,,,.,.,,,,,,,,,,,,,,0500000US13071,"Colquitt County, Georgia",,,13,45907
13073,"Columbia County, Georgia",GA,50,0,,,,13,73,,,,,,,,,,,,,,,,,.,.,,,,,,,,,,,,,,0500000US13073,"Columbia County, Georgia",,,13,159638
13075,"Cook County, Georgia",GA,50,0,,,,13,75,,,,,,,,,,,,,,,,,.,.,,,,,,,,,,,,,,0500000US13075,"Cook County, Georgia",,,13,17363
13077,"Coweta County, Georgia",GA,50,0,,,,13,77,,,,,,,,,,,,,,,,,.,.,,,,,,,,,,,,,,0500000US13077,"Coweta County, Georgia",,,13,150071
13079,"Crawford County, Georgia",GA,50,0,,,,13,79,,,,,,,,,,,,,,,,,.,.,,,,,,,,,,,,,,0500000US13079,"Crawford County, Georgia",,,13,12183
13081,"Crisp County, Georgia",GA,50,0,,,,13,81,,,,,,,,,,,,,,,,,.,.,,,,,,,,,,,,,,0500000US13081,"Crisp County, Georgia",,,13,19995
13083,"Dade County, Georgia",GA,50,0,,,,13,83,,,,,,,,,,,,,,,,,.,.,,,,,,,,,,,,,,0500000US13083,"Dade County, Georgia",,,13,16196
13085,"Dawson County, Georgia",GA,50,0,,,,13,85,,,,,,,,,,,,,,,,,.,.,,,,,,,,,,,,,,0500000US13085,"Dawson County, Georgia",,,13,28704
13087,"Decatur County, Georgia",GA,50,0,,,,13,87,,,,,,,,,,,,,,,,,.,.,,,,,,,,,,,,,,0500000US13087,"Decatur County, Georgia",,,13,29118
13089,"DeKalb County, Georgia",GA,50,0,,,,13,89,,,,,,,,,,,,,,,,,.,.,,,,,,,,,,,,,,0500000US13089,"DeKalb County, Georgia",,,13,762105
13091,"Dodge County, Georgia",GA,50,0,,,,13,91,,,,,,,,,,,,,,,,,.,.,,,,,,,,,,,,,,0500000US13091,"Dodge County, Georgia",,,13,19909
13093,"Dooly County, Georgia",GA,50,0,,,,13,93,,,,,,,,,,,,,,,,,.,.,,,,,,,,,,,,,,0500000US13093,"Dooly County, Georgia",,,13,11026
13095,"Dougherty County, Georgia",GA,50,0,,,,13,95,,,,,,,,,,,,,,,,,.,.,,,,,,,,,,,,,,0500000US13095,"Dougherty County, Georgia",,,13,83915
13097,"Douglas County, Georgia",GA,50,0,,,,13,97,,,,,,,,,,,,,,,,,.,.,,,,,,,,,,,,,,0500000US13097,"Douglas County, Georgia",,,13,146141
13099,"Early County, Georgia",GA,50,0,,,,13,99,,,,,,,,,,,,,,,,,.,.,,,,,,,,,,,,,,0500000US13099,"Early County, Georgia",,,13,10683
13101,"Echols County, Georgia",GA,50,0,,,,13,101,,,,,,,,,,,,,,,,,.,.,,,,,,,,,,,,,,0500000US13101,"Echols County, Georgia",,,13,3705
13103,"Effingham County, Georgia",GA,50,0,,,,13,103,,,,,,,,,,,,,,,,,.,.,,,,,,,,,,,,,,0500000US13103,"Effingham County, Georgia",,,13,67265
13105,"Elbert County, Georgia",GA,50,0,,,,13,105,,,,,,,,,,,,,,,,,.,.,,,,,,,,,,,,,,0500000US13105,"Elbert County, Georgia",,,13,19725
13107,"Emanuel County, Georgia",GA,50,0,,,,13,107,,,,,,,,,,,,,,,,,.,.,,,,,,,,,,,,,,0500000US13107,"Emanuel County, Georgia",,,13,22961
13109,"Evans County, Georgia",GA,50,0,,,,13,109,,,,,,,,,,,,,,,,,.,.,,,,,,,,,,,,,,0500000US13109,"Evans County, Georgia",,,13,10740
13111,"Fannin County, Georgia",GA,50,0,,,,13,111,,,,,,,,,,,,,,,,,.,.,,,,,,,,,,,,,,0500000US13111,"Fannin County, Georgia",,,13,25605
13113,"Fayette County, Georgia",GA,50,0,,,,13,113,,,,,,,,,,,,,,,,,.,.,,,,,,,,,,,,,,0500000US13113,"Fayette County, Georgia",,,13,120689
13115,"Floyd County, Georgia",GA,50,0,,,,13,115,,,,,,,,,,,,,,,,,.,.,,,,,,,,,,,,,,0500000US13115,"Floyd County, Georgia",,,13,98985
13117,"Forsyth County, Georgia",GA,50,0,,,,13,117,,,,,,,,,,,,,,,,,.,.,,,,,,,,,,,,,,0500000US13117,"Forsyth County, Georgia",,,13,260062
13119,"Franklin County, Georgia",GA,50,0,,,,13,119,,,,,,,,,,,,,,,,,.,.,,,,,,,,,,,,,,0500000US13119,"Franklin County, Georgia",,,13,23840
13121,"Fulton County, Georgia",GA,50,0,,,,13,121,,,,,,,,,,,,,,,,,.,.,,,,,,,,,,,,,,0500000US13121,"Fulton County, Georgia",,,13,1068507
13123,"Gilmer County, Georgia",GA,50,0,,,,13,123,,,,,,,,,,,,,,,,,.,.,,,,,,,,,,,,,,0500000US13123,"Gilmer County, Georgia",,,13,31976
13125,"Glascock County, Georgia",GA,50,0,,,,13,125,,,,,,,,,,,,,,,,,.,.,,,,,,,,,,,,,,0500000US13125,"Glascock County, Georgia",,,13,2913
13127,"Glynn County, Georgia",GA,50,0,,,,13,127,,,,,,,,,,,,,,,,,.,.,,,,,,,,,,,,,,0500000US13127,"Glynn County, Georgia",,,13,84987
13129,"Gordon County, Georgia",GA,50,0,,,,13,129,,,,,,,,,,,,,,,,,.,.,,,,,,,,,,,,,,0500000US13129,"Gordon County, Georgia",,,13,58336
13131,"Grady County, Georgia",GA,50,0,,,,13,131,,,,,,,,,,,,,,,,,.,.,,,,,,,,,,,,,,0500000US13131,"Grady County, Georgia",,,13,26056
13133,"Greene County, Georgia",GA,50,0,,,,13,133,,,,,,,,,,,,,,,,,.,.,,,,,,,,,,,,,,0500000US13133,"Greene County, Georgia",,,13,19586
13135,"Gwinnett County, Georgia",GA,50,0,,,,13,135,,,,,,,,,,,,,,,,,.,.,,,,,,,,,,,,,,0500000US13135,"Gwinnett County, Georgia",,,13,966972
13137,"Habersham County, Georgia",GA,50,0,,,,13,137,,,,,,,,,,,,,,,,,.,.,,,,,,,,,,,,,,0500000US13137,"Habersham County, Georgia",,,13,46948
13139,"Hall County, Georgia",GA,50,0,,,,13,139,,,,,,,,,,,,,,,,,.,.,,,,,,,,,,,,,,0500000US13139,"Hall County, Georgia",,,13,208395
13141,"Hancock County, Georgia",GA,50,0,,,,13,141,,,,,,,,,,,,,,,,,.,.,,,,,,,,,,,,,,0500000US13141,"Hancock County, Georgia",,,13,8630
13143,"Haralson County, Georgia",GA,50,0,,,,13,143,,,,,,,,,,,,,,,,,.,.,,,,,,,,,,,,,,0500000US13143,"Haralson County, Georgia",,,13,30720
13145,"Harris County, Georgia",GA,50,0,,,,13,145,,,,,,,,,,,,,,,,,.,.,,,,,,,,,,,,,,0500000US13145,"Harris County, Georgia",,,13,35509
13147,"Hart County, Georgia",GA,50,0,,,,13,147,,,,,,,,,,,,,,,,,.,.,,,,,,,,,,,,,,0500000US13147,"Hart County, Georgia",,,13,26484
13149,"Heard County, Georgia",GA,50,0,,,,13,149,,,,,,,,,,,,,,,,,.,.,,,,,,,,,,,,,,0500000US13149,"Heard County, Georgia",,,13,11616
13151,"Henry County, Georgia",GA,50,0,,,,13,151,,,,,,,,,,,,,,,,,.,.,,,,,,,,,,,,,,0500000US13151,"Henry County, Georgia",,,13,245417
13153,"Houston County, Georgia",GA,50,0,,,,13,153,,,,,,,,,,,,,,,,,.,.,,,,,,,,,,,,,,0500000US13153,"Houston County, Georgia",,,13,166902
13155,"Irwin County, Georgia",GA,50,0,,,,13,155,,,,,,,,,,,,,,,,,.,.,,,,,,,,,,,,,,0500000US13155,"Irwin County, Georgia",,,13,9385
13157,"Jackson County, Georgia",GA,50,0,,,,13,157,,,,,,,,,,,,,,,,,.,.,,,,,,,,,,,,,,0500000US13157,"Jackson County, Georgia",,,13,80640
13159,"Jasper County, Georgia",GA,50,0,,,,13,159,,,,,,,,,,,,,,,,,.,.,,,,,,,,,,,,,,0500000US13159,"Jasper County, Georgia",,,13,15345
13161,"Jeff Davis County, Georgia",GA,50,0,,,,13,161,,,,,,,,,,,,,,,,,.,.,,,,,,,,,,,,,,0500000US13161,"Jeff Davis County, Georgia",,,13,14838
13163,"Jefferson County, Georgia",GA,50,0,,,,13,163,,,,,,,,,,,,,,,,,.,.,,,,,,,,,,,,,,0500000US13163,"Jefferson County, Georgia",,,13,15468
13165,"Jenkins County, Georgia",GA,50,0,,,,13,165,,,,,,,,,,,,,,,,,.,.,,,,,,,,,,,,,,0500000US13165,"Jenkins County, Georgia",,,13,8674
13167,"Johnson County, Georgia",GA,50,0,,,,13,167,,,,,,,,,,,,,,,,,.,.,,,,,,,,,,,,,,0500000US13167,"Johnson County, Georgia",,,13,9192
13169,"Jones County, Georgia",GA,50,0,,,,13,169,,,,,,,,,,,,,,,,,.,.,,,,,,,,,,,,,,0500000US13169,"Jones County, Georgia",,,13,28526
13171,"Lamar County, Georgia",GA,50,0,,,,13,171,,,,,,,,,,,,,,,,,.,.,,,,,,,,,,,,,,0500000US13171,"Lamar County, Georgia",,,13,19098
13173,"Lanier County, Georgia",GA,50,0,,,,13,173,,,,,,,,,,,,,,,,,.,.,,,,,,,,,,,,,,0500000US13173,"Lanier County, Georgia",,,13,10094
13175,"Laurens County, Georgia",GA,50,0,,,,13,175,,,,,,,,,,,,,,,,,.,.,,,,,,,,,,,,,,0500000US13175,"Laurens County, Georgia",,,13,49619
13177,"Lee County, Georgia",GA,50,0,,,,13,177,,,,,,,,,,,,,,,,,.,.,,,,,,,,,,,,,,0500000US13177,"Lee County, Georgia",,,13,33337
13179,"Liberty County, Georgia",GA,50,0,,,,13,179,,,,,,,,,,,,,,,,,.,.,,,,,,,,,,,,,,0500000US13179,"Liberty County, Georgia",,,13,66826
13181,"Lincoln County, Georgia",GA,50,0,,,,13,181,,,,,,,,,,,,,,,,,.,.,,,,,,,,,,,,,,0500000US13181,"Lincoln County, Georgia",,,13,7773
13183,"Long County, Georgia",GA,50,0,,,,13,183,,,,,,,,,,,,,,,,,.,.,,,,,,,,,,,,,,0500000US13183,"Long County, Georgia",,,13,17512
13185,"Lowndes County, Georgia",GA,50,0,,,,13,185,,,,,,,,,,,,,,,,,.,.,,,,,,,,,,,,,,0500000US13185,"Lowndes County, Georgia",,,13,119055
13187,"Lumpkin County, Georgia",GA,50,0,,,,13,187,,,,,,,,,,,,,,,,,.,.,,,,,,,,,,,,,,0500000US13187,"Lumpkin County, Georgia",,,13,33931
13189,"McDuffie County, Georgia",GA,50,0,,,,13,189,,,,,,,,,,,,,,,,,.,.,,,,,,,,,,,,,,0500000US13189,"McDuffie County, Georgia",,,13,21687
13191,"McIntosh County, Georgia",GA,50,0,,,,13,191,,,,,,,,,,,,,,,,,.,.,,,,,,,,,,,,,,0500000US13191,"McIntosh County, Georgia",,,13,11187
13193,"Macon County, Georgia",GA,50,0,,,,13,193,,,,,,,,,,,,,,,,,.,.,,,,,,,,,,,,,,0500000US13193,"Macon County, Georgia",,,13,11953
13195,"Madison County, Georgia",GA,50,0,,,,13,195,,,,,,,,,,,,,,,,,.,.,,,,,,,,,,,,,,0500000US13195,"Madison County, Georgia",,,13,30914
13197,"Marion County, Georgia",GA,50,0,,,,13,197,,,,,,,,,,,,,,,,,.,.,,,,,,,,,,,,,,0500000US13197,"Marion County, Georgia",,,13,7474
13199,"Meriwether County, Georgia",GA,50,0,,,,13,199,,,,,,,,,,,,,,,,,.,.,,,,,,,,,,,,,,0500000US13199,"Meriwether County, Georgia",,,13,20757
13201,"Miller County, Georgia",GA,50,0,,,,13,201,,,,,,,,,,,,,,,,,.,.,,,,,,,,,,,,,,0500000US13201,"Miller County, Georgia",,,13,5873
13205,"Mitchell County, Georgia",GA,50,0,,,,13,205,,,,,,,,,,,,,,,,,.,.,,,,,,,,,,,,,,0500000US13205,"Mitchell County, Georgia",,,13,21441
13207,"Monroe County, Georgia",GA,50,0,,,,13,207,,,,,,,,,,,,,,,,,.,.,,,,,,,,,,,,,,0500000US13207,"Monroe County, Georgia",,,13,28919
13209,"Montgomery County, Georgia",GA,50,0,,,,13,209,,,,,,,,,,,,,,,,,.,.,,,,,,,,,,,,,,0500000US13209,"Montgomery County, Georgia",,,13,8675
13211,"Morgan County, Georgia",GA,50,0,,,,13,211,,,,,,,,,,,,,,,,,.,.,,,,,,,,,,,,,,0500000US13211,"Morgan County, Georgia",,,13,20614
13213,"Murray County, Georgia",GA,50,0,,,,13,213,,,,,,,,,,,,,,,,,.,.,,,,,,,,,,,,,,0500000US13213,"Murray County, Georgia",,,13,40282
13215,"Muscogee County, Georgia",GA,50,0,,,,13,215,,,,,,,,,,,,,,,,,.,.,,,,,,,,,,,,,,0500000US13215,"Muscogee County, Georgia",,,13,204383
13217,"Newton County, Georgia",GA,50,0,,,,13,217,,,,,,,,,,,,,,,,,.,.,,,,,,,,,,,,,,0500000US13217,"Newton County, Georgia",,,13,115530
13219,"Oconee County, Georgia",GA,50,0,,,,13,219,,,,,,,,,,,,,,,,,.,.,,,,,,,,,,,,,,0500000US13219,"Oconee County, Georgia",,,13,42788
13221,"Oglethorpe County, Georgia",GA,50,0,,,,13,221,,,,,,,,,,,,,,,,,.,.,,,,,,,,,,,,,,0500000US13221,"Oglethorpe County, Georgia",,,13,15221
13223,"Paulding County, Georgia",GA,50,0,,,,13,223,,,,,,,,,,,,,,,,,.,.,,,,,,,,,,,,,,0500000US13223,"Paulding County, Georgia",,,13,174292
13225,"Peach County, Georgia",GA,50,0,,,,13,225,,,,,,,,,,,,,,,,,.,.,,,,,,,,,,,,,,0500000US13225,"Peach County, Georgia",,,13,28269
13227,"Pickens County, Georgia",GA,50,0,,,,13,227,,,,,,,,,,,,,,,,,.,.,,,,,,,,,,,,,,0500000US13227,"Pickens County, Georgia",,,13,34197
13229,"Pierce County, Georgia",GA,50,0,,,,13,229,,,,,,,,,,,,,,,,,.,.,,,,,,,,,,,,,,0500000US13229,"Pierce County, Georgia",,,13,19996
13231,"Pike County, Georgia",GA,50,0,,,,13,231,,,,,,,,,,,,,,,,,.,.,,,,,,,,,,,,,,0500000US13231,"Pike County, Georgia",,,13,19540
13233,"Polk County, Georgia",GA,50,0,,,,13,233,,,,,,,,,,,,,,,,,.,.,,,,,,,,,,,,,,0500000US13233,"Polk County, Georgia",,,13,43365
13235,"Pulaski County, Georgia",GA,50,0,,,,13,235,,,,,,,,,,,,,,,,,.,.,,,,,,,,,,,,,,0500000US13235,"Pulaski County, Georgia",,,13,9893
13237,"Putnam County, Georgia",GA,50,0,,,,13,237,,,,,,,,,,,,,,,,,.,.,,,,,,,,,,,,,,0500000US13237,"Putnam County, Georgia",,,13,22524
13239,"Quitman County, Georgia",GA,50,0,,,,13,239,,,,,,,,,,,,,,,,,.,.,,,,,,,,,,,,,,0500000US13239,"Quitman County, Georgia",,,13,2092
13241,"Rabun County, Georgia",GA,50,0,,,,13,241,,,,,,,,,,,,,,,,,.,.,,,,,,,,,,,,,,0500000US13241,"Rabun County, Georgia",,,13,17107
13243,"Randolph County, Georgia",GA,50,0,,,,13,243,,,,,,,,,,,,,,,,,.,.,,,,,,,,,,,,,,0500000US13243,"Randolph County, Georgia",,,13,6270
13245,"Richmond County, Georgia",GA,50,0,,,,13,245,,,,,,,,,,,,,,,,,.,.,,,,,,,,,,,,,,0500000US13245,"Richmond County, Georgia",,,13,206040
13247,"Rockdale County, Georgia",GA,50,0,,,,13,247,,,,,,,,,,,,,,,,,.,.,,,,,,,,,,,,,,0500000US13247,"Rockdale County, Georgia",,,13,94293
13249,"Schley County, Georgia",GA,50,0,,,,13,249,,,,,,,,,,,,,,,,,.,.,,,,,,,,,,,,,,0500000US13249,"Schley County, Georgia",,,13,4539
13251,"Screven County, Georgia",GA,50,0,,,,13,251,,,,,,,,,,,,,,,,,.,.,,,,,,,,,,,,,,0500000US13251,"Screven County, Georgia",,,13,14057
13253,"Seminole County, Georgia",GA,50,0,,,,13,253,,,,,,,,,,,,,,,,,.,.,,,,,,,,,,,,,,0500000US13253,"Seminole County, Georgia",,,13,9117
13255,"Spalding County, Georgia",GA,50,0,,,,13,255,,,,,,,,,,,,,,,,,.,.,,,,,,,,,,,,,,0500000US13255,"Spalding County, Georgia",,,13,68215
13257,"Stephens County, Georgia",GA,50,0,,,,13,257,,,,,,,,,,,,,,,,,.,.,,,,,,,,,,,,,,0500000US13257,"Stephens County, Georgia",,,13,26842
13259,"Stewart County, Georgia",GA,50,0,,,,13,259,,,,,,,,,,,,,,,,,.,.,,,,,,,,,,,,,,0500000US13259,"Stewart County, Georgia",,,13,4978
13261,"Sumter County, Georgia",GA,50,0,,,,13,261,,,,,,,,,,,,,,,,,.,.,,,,,,,,,,,,,,0500000US13261,"Sumter County, Georgia",,,13,29174
13263,"Talbot County, Georgia",GA,50,0,,,,13,263,,,,,,,,,,,,,,,,,.,.,,,,,,,,,,,,,,0500000US13263,"Talbot County, Georgia",,,13,5753
13265,"Taliaferro County, Georgia",GA,50,0,,,,13,265,,,,,,,,,,,,,,,,,.,.,,,,,,,,,,,,,,0500000US13265,"Taliaferro County, Georgia",,,13,1740
13267,"Tattnall County, Georgia",GA,50,0,,,,13,267,,,,,,,,,,,,,,,,,.,.,,,,,,,,,,,,,,0500000US13267,"Tattnall County, Georgia",,,13,24215
13269,"Taylor County, Georgia",GA,50,0,,,,13,269,,,,,,,,,,,,,,,,,.,.,,,,,,,,,,,,,,0500000US13269,"Taylor County, Georgia",,,13,7786
13271,"Telfair County, Georgia",GA,50,0,,,,13,271,,,,,,,,,,,,,,,,,.,.,,,,,,,,,,,,,,0500000US13271,"Telfair County, Georgia",,,13,12174
13273,"Terrell County, Georgia",GA,50,0,,,,13,273,,,,,,,,,,,,,,,,,.,.,,,,,,,,,,,,,,0500000US13273,"Terrell County, Georgia",,,13,8941
13275,"Thomas County, Georgia",GA,50,0,,,,13,275,,,,,,,,,,,,,,,,,.,.,,,,,,,,,,,,,,0500000US13275,"Thomas County, Georgia",,,13,45696
13277,"Tift County, Georgia",GA,50,0,,,,13,277,,,,,,,,,,,,,,,,,.,.,,,,,,,,,,,,,,0500000US13277,"Tift County, Georgia",,,13,41322
13279,"Toombs County, Georgia",GA,50,0,,,,13,279,,,,,,,,,,,,,,,,,.,.,,,,,,,,,,,,,,0500000US13279,"Toombs County, Georgia",,,13,26943
13281,"Towns County, Georgia",GA,50,0,,,,13,281,,,,,,,,,,,,,,,,,.,.,,,,,,,,,,,,,,0500000US13281,"Towns County, Georgia",,,13,12739
13283,"Treutlen County, Georgia",GA,50,0,,,,13,283,,,,,,,,,,,,,,,,,.,.,,,,,,,,,,,,,,0500000US13283,"Treutlen County, Georgia",,,13,6387
13285,"Troup County, Georgia",GA,50,0,,,,13,285,,,,,,,,,,,,,,,,,.,.,,,,,,,,,,,,,,0500000US13285,"Troup County, Georgia",,,13,69821
13287,"Turner County, Georgia",GA,50,0,,,,13,287,,,,,,,,,,,,,,,,,.,.,,,,,,,,,,,,,,0500000US13287,"Turner County, Georgia",,,13,8915
13289,"Twiggs County, Georgia",GA,50,0,,,,13,289,,,,,,,,,,,,,,,,,.,.,,,,,,,,,,,,,,0500000US13289,"Twiggs County, Georgia",,,13,7869
13291,"Union County, Georgia",GA,50,0,,,,13,291,,,,,,,,,,,,,,,,,.,.,,,,,,,,,,,,,,0500000US13291,"Union County, Georgia",,,13,25598
13293,"Upson County, Georgia",GA,50,0,,,,13,293,,,,,,,,,,,,,,,,,.,.,,,,,,,,,,,,,,0500000US13293,"Upson County, Georgia",,,13,27856
13295,"Walker County, Georgia",GA,50,0,,,,13,295,,,,,,,,,,,,,,,,,.,.,,,,,,,,,,,,,,0500000US13295,"Walker County, Georgia",,,13,68449
13297,"Walton County, Georgia",GA,50,0,,,,13,297,,,,,,,,,,,,,,,,,.,.,,,,,,,,,,,,,,0500000US13297,"Walton County, Georgia",,,13,100361
13299,"Ware County, Georgia",GA,50,0,,,,13,299,,,,,,,,,,,,,,,,,.,.,,,,,,,,,,,,,,0500000US13299,"Ware County, Georgia",,,13,35958
13301,"Warren County, Georgia",GA,50,0,,,,13,301,,,,,,,,,,,,,,,,,.,.,,,,,,,,,,,,,,0500000US13301,"Warren County, Georgia",,,13,5175
13303,"Washington County, Georgia",GA,50,0,,,,13,303,,,,,,,,,,,,,,,,,.,.,,,,,,,,,,,,,,0500000US13303,"Washington County, Georgia",,,13,19893
13305,"Wayne County, Georgia",GA,50,0,,,,13,305,,,,,,,,,,,,,,,,,.,.,,,,,,,,,,,,,,0500000US13305,"Wayne County, Georgia",,,13,30519
13307,"Webster County, Georgia",GA,50,0,,,,13,307,,,,,,,,,,,,,,,,,.,.,,,,,,,,,,,,,,0500000US13307,"Webster County, Georgia",,,13,2348
13309,"Wheeler County, Georgia",GA,50,0,,,,13,309,,,,,,,,,,,,,,,,,.,.,,,,,,,,,,,,,,0500000US13309,"Wheeler County, Georgia",,,13,7434
13311,"White County, Georgia",GA,50,0,,,,13,311,,,,,,,,,,,,,,,,,.,.,,,,,,,,,,,,,,0500000US13311,"White County, Georgia",,,13,28454
13313,"Whitfield County, Georgia",GA,50,0,,,,13,313,,,,,,,,,,,,,,,,,.,.,,,,,,,,,,,,,,0500000US13313,"Whitfield County, Georgia",,,13,103118
13315,"Wilcox County, Georgia",GA,50,0,,,,13,315,,,,,,,,,,,,,,,,,.,.,,,,,,,,,,,,,,0500000US13315,"Wilcox County, Georgia",,,13,8784
13317,"Wilkes County, Georgia",GA,50,0,,,,13,317,,,,,,,,,,,,,,,,,.,.,,,,,,,,,,,,,,0500000US13317,"Wilkes County, Georgia",,,13,9553
13319,"Wilkinson County, Georgia",GA,50,0,,,,13,319,,,,,,,,,,,,,,,,,.,.,,,,,,,,,,,,,,0500000US13319,"Wilkinson County, Georgia",,,13,8795
13321,"Worth County, Georgia",GA,50,0,,,,13,321,,,,,,,,,,,,,,,,,.,.,,,,,,,,,,,,,,0500000US13321,"Worth County, Georgia",,,13,20575
15001,"Hawaii County, Hawaii",HI,50,0,,,,15,1,,,,,,,,,,,,,,,,,.,.,,,,,,,,,,,,,,0500000US15001,"Hawaii County, Hawaii",,,15,203684
15003,"Honolulu County, Hawaii",HI,50,0,,,,15,3,,,,,,,,,,,,,,,,,.,.,,,,,,,,,,,,,,0500000US15003,"Honolulu County, Hawaii",,,15,1003666
15005,"Kalawao County, Hawaii",HI,50,0,,,,15,5,,,,,,,,,,,,,,,,,.,.,,,,,,,,,,,,,,0500000US15005,"Kalawao County, Hawaii",,,15,43
15007,"Kauai County, Hawaii",HI,50,0,,,,15,7,,,,,,,,,,,,,,,,,.,.,,,,,,,,,,,,,,0500000US15007,"Kauai County, Hawaii",,,15,73610
15009,"Maui County, Hawaii",HI,50,0,,,,15,9,,,,,,,,,,,,,,,,,.,.,,,,,,,,,,,,,,0500000US15009,"Maui County, Hawaii",,,15,164632
16001,"Ada County, Idaho",ID,50,0,,,,16,1,,,,,,,,,,,,,,,,,.,.,,,,,,,,,,,,,,0500000US16001,"Ada County, Idaho",,,16,508052
16003,"Adams County, Idaho",ID,50,0,,,,16,3,,,,,,,,,,,,,,,,,.,.,,,,,,,,,,,,,,0500000US16003,"Adams County, Idaho",,,16,4599
16005,"Bannock County, Idaho",ID,50,0,,,,16,5,,,,,,,,,,,,,,,,,.,.,,,,,,,,,,,,,,0500000US16005,"Bannock County, Idaho",,,16,88457
16007,"Bear Lake County, Idaho",ID,50,0,,,,16,7,,,,,,,,,,,,,,,,,.,.,,,,,,,,,,,,,,0500000US16007,"Bear Lake County, Idaho",,,16,6552
16009,"Benewah County, Idaho",ID,50,0,,,,16,9,,,,,,,,,,,,,,,,,.,.,,,,,,,,,,,,,,0500000US16009,"Benewah County, Idaho",,,16,9913
16011,"Bingham County, Idaho",ID,50,0,,,,16,11,,,,,,,,,,,,,,,,,.,.,,,,,,,,,,,,,,0500000US16011,"Bingham County, Idaho",,,16,48993
16013,"Blaine County, Idaho",ID,50,0,,,,16,13,,,,,,,,,,,,,,,,,.,.,,,,,,,,,,,,,,0500000US16013,"Blaine County, Idaho",,,16,24579
16015,"Boise County, Idaho",ID,50,0,,,,16,15,,,,,,,,,,,,,,,,,.,.,,,,,,,,,,,,,,0500000US16015,"Boise County, Idaho",,,16,8045
16017,"Bonner County, Idaho",ID,50,0,,,,16,17,,,,,,,,,,,,,,,,,.,.,,,,,,,,,,,,,,0500000US16017,"Bonner County, Idaho",,,16,49456
16019,"Bonneville County, Idaho",ID,50,0,,,,16,19,,,,,,,,,,,,,,,,,.,.,,,,,,,,,,,,,,0500000US16019,"Bonneville County, Idaho",,,16,127056
16021,"Boundary County, Idaho",ID,50,0,,,,16,21,,,,,,,,,,,,,,,,,.,.,,,,,,,,,,,,,,0500000US16021,"Boundary County, Idaho",,,16,12695
16023,"Butte County, Idaho",ID,50,0,,,,16,23,,,,,,,,,,,,,,,,,.,.,,,,,,,,,,,,,,0500000US16023,"Butte County, Idaho",,,16,2654
16025,"Camas County, Idaho",ID,50,0,,,,16,25,,,,,,,,,,,,,,,,,.,.,,,,,,,,,,,,,,0500000US16025,"Camas County, Idaho",,,16,1155
16027,"Canyon County, Idaho",ID,50,0,,,,16,27,,,,,,,,,,,,,,,,,.,.,,,,,,,,,,,,,,0500000US16027,"Canyon County, Idaho",,,16,242405
16029,"Caribou County, Idaho",ID,50,0,,,,16,29,,,,,,,,,,,,,,,,,.,.,,,,,,,,,,,,,,0500000US16029,"Caribou County, Idaho",,,16,7118
16031,"Cassia County, Idaho",ID,50,0,,,,16,31,,,,,,,,,,,,,,,,,.,.,,,,,,,,,,,,,,0500000US16031,"Cassia County, Idaho",,,16,25165
16033,"Clark County, Idaho",ID,50,0,,,,16,33,,,,,,,,,,,,,,,,,.,.,,,,,,,,,,,,,,0500000US16033,"Clark County, Idaho",,,16,776
16035,"Clearwater County, Idaho",ID,50,0,,,,16,35,,,,,,,,,,,,,,,,,.,.,,,,,,,,,,,,,,0500000US16035,"Clearwater County, Idaho",,,16,8921
16037,"Custer County, Idaho",ID,50,0,,,,16,37,,,,,,,,,,,,,,,,,.,.,,,,,,,,,,,,,,0500000US16037,"Custer County, Idaho",,,16,4411
16039,"Elmore County, Idaho",ID,50,0,,,,16,39,,,,,,,,,,,,,,,,,.,.,,,,,,,,,,,,,,0500000US16039,"Elmore County, Idaho",,,16,29046
16041,"Franklin County, Idaho",ID,50,0,,,,16,41,,,,,,,,,,,,,,,,,.,.,,,,,,,,,,,,,,0500000US16041,"Franklin County, Idaho",,,16,14715
16043,"Fremont County, Idaho",ID,50,0,,,,16,43,,,,,,,,,,,,,,,,,.,.,,,,,,,,,,,,,,0500000US16043,"Fremont County, Idaho",,,16,13701
16045,"Gem County, Idaho",ID,50,0,,,,16,45,,,,,,,,,,,,,,,,,.,.,,,,,,,,,,,,,,0500000US16045,"Gem County, Idaho",,,16,19854
16047,"Gooding County, Idaho",ID,50,0,,,,16,47,,,,,,,,,,,,,,,,,.,.,,,,,,,,,,,,,,0500000US16047,"Gooding County, Idaho",,,16,15740
16049,"Idaho County, Idaho",ID,50,0,,,,16,49,,,,,,,,,,,,,,,,,.,.,,,,,,,,,,,,,,0500000US16049,"Idaho County, Idaho",,,16,17120
16051,"Jefferson County, Idaho",ID,50,0,,,,16,51,,,,,,,,,,,,,,,,,.,.,,,,,,,,,,,,,,0500000US16051,"Jefferson County, Idaho",,,16,32234
16053,"Jerome County, Idaho",ID,50,0,,,,16,53,,,,,,,,,,,,,,,,,.,.,,,,,,,,,,,,,,0500000US16053,"Jerome County, Idaho",,,16,24788
16055,"Kootenai County, Idaho",ID,50,0,,,,16,55,,,,,,,,,,,,,,,,,.,.,,,,,,,,,,,,,,0500000US16055,"Kootenai County, Idaho",,,16,177736
16057,"Latah County, Idaho",ID,50,0,,,,16,57,,,,,,,,,,,,,,,,,.,.,,,,,,,,,,,,,,0500000US16057,"Latah County, Idaho",,,16,40315
16059,"Lemhi County, Idaho",ID,50,0,,,,16,59,,,,,,,,,,,,,,,,,.,.,,,,,,,,,,,,,,0500000US16059,"Lemhi County, Idaho",,,16,8166
16061,"Lewis County, Idaho",ID,50,0,,,,16,61,,,,,,,,,,,,,,,,,.,.,,,,,,,,,,,,,,0500000US16061,"Lewis County, Idaho",,,16,3649
16063,"Lincoln County, Idaho",ID,50,0,,,,16,63,,,,,,,,,,,,,,,,,.,.,,,,,,,,,,,,,,0500000US16063,"Lincoln County, Idaho",,,16,5276
16065,"Madison County, Idaho",ID,50,0,,,,16,65,,,,,,,,,,,,,,,,,.,.,,,,,,,,,,,,,,0500000US16065,"Madison County, Idaho",,,16,53578
16067,"Minidoka County, Idaho",ID,50,0,,,,16,67,,,,,,,,,,,,,,,,,.,.,,,,,,,,,,,,,,0500000US16067,"Minidoka County, Idaho",,,16,21922
16069,"Nez Perce County, Idaho",ID,50,0,,,,16,69,,,,,,,,,,,,,,,,,.,.,,,,,,,,,,,,,,0500000US16069,"Nez Perce County, Idaho",,,16,42477
16071,"Oneida County, Idaho",ID,50,0,,,,16,71,,,,,,,,,,,,,,,,,.,.,,,,,,,,,,,,,,0500000US16071,"Oneida County, Idaho",,,16,4681
16073,"Owyhee County, Idaho",ID,50,0,,,,16,73,,,,,,,,,,,,,,,,,.,.,,,,,,,,,,,,,,0500000US16073,"Owyhee County, Idaho",,,16,12284
16075,"Payette County, Idaho",ID,50,0,,,,16,75,,,,,,,,,,,,,,,,,.,.,,,,,,,,,,,,,,0500000US16075,"Payette County, Idaho",,,16,26190
16077,"Power County, Idaho",ID,50,0,,,,16,77,,,,,,,,,,,,,,,,,.,.,,,,,,,,,,,,,,0500000US16077,"Power County, Idaho",,,16,8018
16079,"Shoshone County, Idaho",ID,50,0,,,,16,79,,,,,,,,,,,,,,,,,.,.,,,,,,,,,,,,,,0500000US16079,"Shoshone County, Idaho",,,16,13580
16081,"Teton County, Idaho",ID,50,0,,,,16,81,,,,,,,,,,,,,,,,,.,.,,,,,,,,,,,,,,0500000US16081,"Teton County, Idaho",,,16,12101
16083,"Twin Falls County, Idaho",ID,50,0,,,,16,83,,,,,,,,,,,,,,,,,.,.,,,,,,,,,,,,,,0500000US16083,"Twin Falls County, Idaho",,,16,92121
16085,"Valley County, Idaho",ID,50,0,,,,16,85,,,,,,,,,,,,,,,,,.,.,,,,,,,,,,,,,,0500000US16085,"Valley County, Idaho",,,16,12136
16087,"Washington County, Idaho",ID,50,0,,,,16,87,,,,,,,,,,,,,,,,,.,.,,,,,,,,,,,,,,0500000US16087,"Washington County, Idaho",,,16,10866
17001,"Adams County, Illinois",IL,50,0,,,,17,1,,,,,,,,,,,,,,,,,.,.,,,,,,,,,,,,,,0500000US17001,"Adams County, Illinois",,,17,65166
17003,"Alexander County, Illinois",IL,50,0,,,,17,3,,,,,,,,,,,,,,,,,.,.,,,,,,,,,,,,,,0500000US17003,"Alexander County, Illinois",,,17,5042
17005,"Bond County, Illinois",IL,50,0,,,,17,5,,,,,,,,,,,,,,,,,.,.,,,,,,,,,,,,,,0500000US17005,"Bond County, Illinois",,,17,16627
17007,"Boone County, Illinois",IL,50,0,,,,17,7,,,,,,,,,,,,,,,,,.,.,,,,,,,,,,,,,,0500000US17007,"Boone County, Illinois",,,17,53316
17009,"Brown County, Illinois",IL,50,0,,,,17,9,,,,,,,,,,,,,,,,,.,.,,,,,,,,,,,,,,0500000US17009,"Brown County, Illinois",,,17,6320
17011,"Bureau County, Illinois",IL,50,0,,,,17,11,,,,,,,,,,,,,,,,,.,.,,,,,,,,,,,,,,0500000US17011,"Bureau County, Illinois",,,17,33027
17013,"Calhoun County, Illinois",IL,50,0,,,,17,13,,,,,,,,,,,,,,,,,.,.,,,,,,,,,,,,,,0500000US17013,"Calhoun County, Illinois",,,17,4406
17015,"Carroll County, Illinois",IL,50,0,,,,17,15,,,,,,,,,,,,,,,,,.,.,,,,,,,,,,,,,,0500000US17015,"Carroll County, Illinois",,,17,15621
17017,"Cass County, Illinois",IL,50,0,,,,17,17,,,,,,,,,,,,,,,,,.,.,,,,,,,,,,,,,,0500000US17017,"Cass County, Illinois",,,17,12826
17019,"Champaign County, Illinois",IL,50,0,,,,17,19,,,,,,,,,,,,,,,,,.,.,,,,,,,,,,,,,,0500000US17019,"Champaign County, Illinois",,,17,206098
17021,"Christian County, Illinois",IL,50,0,,,,17,21,,,,,,,,,,,,,,,,,.,.,,,,,,,,,,,,,,0500000US17021,"Christian County, Illinois",,,17,33684
17023,"Clark County, Illinois",IL,50,0,,,,17,23,,,,,,,,,,,,,,,,,.,.,,,,,,,,,,,,,,0500000US17023,"Clark County, Illinois",,,17,15328
17025,"Clay County, Illinois",IL,50,0,,,,17,25,,,,,,,,,,,,,,,,,.,.,,,,,,,,,,,,,,0500000US17025,"Clay County, Illinois",,,17,13173
17027,"Clinton County, Illinois",IL,50,0,,,,17,27,,,,,,,,,,,,,,,,,.,.,,,,,,,,,,,,,,0500000US17027,"Clinton County, Illinois",,,17,36899
17029,"Coles County, Illinois",IL,50,0,,,,17,29,,,,,,,,,,,,,,,,,.,.,,,,,,,,,,,,,,0500000US17029,"Coles County, Illinois",,,17,46689
17031,"Cook County, Illinois",IL,50,0,,,,17,31,,,,,,,,,,,,,,,,,.,.,,,,,,,,,,,,,,0500000US17031,"Cook County, Illinois",,,17,5185812
17033,"Crawford County, Illinois",IL,50,0,,,,17,33,,,,,,,,,,,,,,,,,.,.,,,,,,,,,,,,,,0500000US17033,"Crawford County, Illinois",,,17,18588
17035,"Cumberland County, Illinois",IL,50,0,,,,17,35,,,,,,,,,,,,,,,,,.,.,,,,,,,,,,,,,,0500000US17035,"Cumberland County, Illinois",,,17,10378
17037,"DeKalb County, Illinois",IL,50,0,,,,17,37,,,,,,,,,,,,,,,,,.,.,,,,,,,,,,,,,,0500000US17037,"DeKalb County, Illinois",,,17,100512
17039,"De Witt County, Illinois",IL,50,0,,,,17,39,,,,,,,,,,,,,,,,,.,.,,,,,,,,,,,,,,0500000US17039,"De Witt County, Illinois",,,17,15461
17041,"Douglas County, Illinois",IL,50,0,,,,17,41,,,,,,,,,,,,,,,,,.,.,,,,,,,,,,,,,,0500000US17041,"Douglas County, Illinois",,,17,19686
17043,"DuPage County, Illinois",IL,50,0,,,,17,43,,,,,,,,,,,,,,,,,.,.,,,,,,,,,,,,,,0500000US17043,"DuPage County, Illinois",,,17,927263
17045,"Edgar County, Illinois",IL,50,0,,,,17,45,,,,,,,,,,,,,,,,,.,.,,,,,,,,,,,,,,0500000US17045,"Edgar County, Illinois",,,17,16637
17047,"Edwards County, Illinois",IL,50,0,,,,17,47,,,,,,,,,,,,,,,,,.,.,,,,,,,,,,,,,,0500000US17047,"Edwards County, Illinois",,,17,6118
17049,"Effingham County, Illinois",IL,50,0,,,,17,49,,,,,,,,,,,,,,,,,.,.,,,,,,,,,,,,,,0500000US17049,"Effingham County, Illinois",,,17,34505
17051,"Fayette County, Illinois",IL,50,0,,,,17,51,,,,,,,,,,,,,,,,,.,.,,,,,,,,,,,,,,0500000US17051,"Fayette County, Illinois",,,17,21380
17053,"Ford County, Illinois",IL,50,0,,,,17,53,,,,,,,,,,,,,,,,,.,.,,,,,,,,,,,,,,0500000US17053,"Ford County, Illinois",,,17,13396
17055,"Franklin County, Illinois",IL,50,0,,,,17,55,,,,,,,,,,,,,,,,,.,.,,,,,,,,,,,,,,0500000US17055,"Franklin County, Illinois",,,17,37541
17057,"Fulton County, Illinois",IL,50,0,,,,17,57,,,,,,,,,,,,,,,,,.,.,,,,,,,,,,,,,,0500000US17057,"Fulton County, Illinois",,,17,33259
17059,"Gallatin County, Illinois",IL,50,0,,,,17,59,,,,,,,,,,,,,,,,,.,.,,,,,,,,,,,,,,0500000US17059,"Gallatin County, Illinois",,,17,4857
17061,"Greene County, Illinois",IL,50,0,,,,17,61,,,,,,,,,,,,,,,,,.,.,,,,,,,,,,,,,,0500000US17061,"Greene County, Illinois",,,17,11837
17063,"Grundy County, Illinois",IL,50,0,,,,17,63,,,,,,,,,,,,,,,,,.,.,,,,,,,,,,,,,,0500000US17063,"Grundy County, Illinois",,,17,52920
17065,"Hamilton County, Illinois",IL,50,0,,,,17,65,,,,,,,,,,,,,,,,,.,.,,,,,,,,,,,,,,0500000US17065,"Hamilton County, Illinois",,,17,7972
17067,"Hancock County, Illinois",IL,50,0,,,,17,67,,,,,,,,,,,,,,,,,.,.,,,,,,,,,,,,,,0500000US17067,"Hancock County, Illinois",,,17,17434
17069,"Hardin County, Illinois",IL,50,0,,,,17,69,,,,,,,,,,,,,,,,,.,.,,,,,,,,,,,,,,0500000US17069,"Hardin County, Illinois",,,17,3623
17071,"Henderson County, Illinois",IL,50,0,,,,17,71,,,,,,,,,,,,,,,,,.,.,,,,,,,,,,,,,,0500000US17071,"Henderson County, Illinois",,,17,6284
17073,"Henry County, Illinois",IL,50,0,,,,17,73,,,,,,,,,,,,,,,,,.,.,,,,,,,,,,,,,,0500000US17073,"Henry County, Illinois",,,17,48948
17075,"Iroquois County, Illinois",IL,50,0,,,,17,75,,,,,,,,,,,,,,,,,.,.,,,,,,,,,,,,,,0500000US17075,"Iroquois County, Illinois",,,17,26746
17077,"Jackson County, Illinois",IL,50,0,,,,17,77,,,,,,,,,,,,,,,,,.,.,,,,,,,,,,,,,,0500000US17077,"Jackson County, Illinois",,,17,52706
17079,"Jasper County, Illinois",IL,50,0,,,,17,79,,,,,,,,,,,,,,,,,.,.,,,,,,,,,,,,,,0500000US17079,"Jasper County, Illinois",,,17,9233
17081,"Jefferson County, Illinois",IL,50,0,,,,17,81,,,,,,,,,,,,,,,,,.,.,,,,,,,,,,,,,,0500000US17081,"Jefferson County, Illinois",,,17,36808
17083,"Jersey County, Illinois",IL,50,0,,,,17,83,,,,,,,,,,,,,,,,,.,.,,,,,,,,,,,,,,0500000US17083,"Jersey County, Illinois",,,17,21336
17085,"Jo Daviess County, Illinois",IL,50,0,,,,17,85,,,,,,,,,,,,,,,,,.,.,,,,,,,,,,,,,,0500000US17085,"Jo Daviess County, Illinois",,,17,21918
17087,"Johnson County, Illinois",IL,50,0,,,,17,87,,,,,,,,,,,,,,,,,.,.,,,,,,,,,,,,,,0500000US17087,"Johnson County, Illinois",,,17,13350
17089,"Kane County, Illinois",IL,50,0,,,,17,89,,,,,,,,,,,,,,,,,.,.,,,,,,,,,,,,,,0500000US17089,"Kane County, Illinois",,,17,516097
17091,"Kankakee County, Illinois",IL,50,0,,,,17,91,,,,,,,,,,,,,,,,,.,.,,,,,,,,,,,,,,0500000US17091,"Kankakee County, Illinois",,,17,106833
17093,"Kendall County, Illinois",IL,50,0,,,,17,93,,,,,,,,,,,,,,,,,.,.,,,,,,,,,,,,,,0500000US17093,"Kendall County, Illinois",,,17,135053
17095,"Knox County, Illinois",IL,50,0,,,,17,95,,,,,,,,,,,,,,,,,.,.,,,,,,,,,,,,,,0500000US17095,"Knox County, Illinois",,,17,49294
17097,"Lake County, Illinois",IL,50,0,,,,17,97,,,,,,,,,,,,,,,,,.,.,,,,,,,,,,,,,,0500000US17097,"Lake County, Illinois",,,17,711885
17099,"LaSalle County, Illinois",IL,50,0,,,,17,99,,,,,,,,,,,,,,,,,.,.,,,,,,,,,,,,,,0500000US17099,"LaSalle County, Illinois",,,17,109049
17101,"Lawrence County, Illinois",IL,50,0,,,,17,101,,,,,,,,,,,,,,,,,.,.,,,,,,,,,,,,,,0500000US17101,"Lawrence County, Illinois",,,17,15137
17103,"Lee County, Illinois",IL,50,0,,,,17,103,,,,,,,,,,,,,,,,,.,.,,,,,,,,,,,,,,0500000US17103,"Lee County, Illinois",,,17,34058
17105,"Livingston County, Illinois",IL,50,0,,,,17,105,,,,,,,,,,,,,,,,,.,.,,,,,,,,,,,,,,0500000US17105,"Livingston County, Illinois",,,17,35659
17107,"Logan County, Illinois",IL,50,0,,,,17,107,,,,,,,,,,,,,,,,,.,.,,,,,,,,,,,,,,0500000US17107,"Logan County, Illinois",,,17,27870
17109,"McDonough County, Illinois",IL,50,0,,,,17,109,,,,,,,,,,,,,,,,,.,.,,,,,,,,,,,,,,0500000US17109,"McDonough County, Illinois",,,17,27102
17111,"McHenry County, Illinois",IL,50,0,,,,17,111,,,,,,,,,,,,,,,,,.,.,,,,,,,,,,,,,,0500000US17111,"McHenry County, Illinois",,,17,311366
17113,"McLean County, Illinois",IL,50,0,,,,17,113,,,,,,,,,,,,,,,,,.,.,,,,,,,,,,,,,,0500000US17113,"McLean County, Illinois",,,17,170882
17115,"Macon County, Illinois",IL,50,0,,,,17,115,,,,,,,,,,,,,,,,,.,.,,,,,,,,,,,,,,0500000US17115,"Macon County, Illinois",,,17,102591
17117,"Macoupin County, Illinois",IL,50,0,,,,17,117,,,,,,,,,,,,,,,,,.,.,,,,,,,,,,,,,,0500000US17117,"Macoupin County, Illinois",,,17,44566
17119,"Madison County, Illinois",IL,50,0,,,,17,119,,,,,,,,,,,,,,,,,.,.,,,,,,,,,,,,,,0500000US17119,"Madison County, Illinois",,,17,264631
17121,"Marion County, Illinois",IL,50,0,,,,17,121,,,,,,,,,,,,,,,,,.,.,,,,,,,,,,,,,,0500000US17121,"Marion County, Illinois",,,17,37294
17123,"Marshall County, Illinois",IL,50,0,,,,17,123,,,,,,,,,,,,,,,,,.,.,,,,,,,,,,,,,,0500000US17123,"Marshall County, Illinois",,,17,11715
17125,"Mason County, Illinois",IL,50,0,,,,17,125,,,,,,,,,,,,,,,,,.,.,,,,,,,,,,,,,,0500000US17125,"Mason County, Illinois",,,17,12878
17127,"Massac County, Illinois",IL,50,0,,,,17,127,,,,,,,,,,,,,,,,,.,.,,,,,,,,,,,,,,0500000US17127,"Massac County, Illinois",,,17,13958
17129,"Menard County, Illinois",IL,50,0,,,,17,129,,,,,,,,,,,,,,,,,.,.,,,,,,,,,,,,,,0500000US17129,"Menard County, Illinois",,,17,12169
17131,"Mercer County, Illinois",IL,50,0,,,,17,131,,,,,,,,,,,,,,,,,.,.,,,,,,,,,,,,,,0500000US17131,"Mercer County, Illinois",,,17,15619
17133,"Monroe County, Illinois",IL,50,0,,,,17,133,,,,,,,,,,,,,,,,,.,.,,,,,,,,,,,,,,0500000US17133,"Monroe County, Illinois",,,17,34969
17135,"Montgomery County, Illinois",IL,50,0,,,,17,135,,,,,,,,,,,,,,,,,.,.,,,,,,,,,,,,,,0500000US17135,"Montgomery County, Illinois",,,17,28078
17137,"Morgan County, Illinois",IL,50,0,,,,17,137,,,,,,,,,,,,,,,,,.,.,,,,,,,,,,,,,,0500000US17137,"Morgan County, Illinois",,,17,32621
17139,"Moultrie County, Illinois",IL,50,0,,,,17,139,,,,,,,,,,,,,,,,,.,.,,,,,,,,,,,,,,0500000US17139,"Moultrie County, Illinois",,,17,14469
17141,"Ogle County, Illinois",IL,50,0,,,,17,141,,,,,,,,,,,,,,,,,.,.,,,,,,,,,,,,,,0500000US17141,"Ogle County, Illinois",,,17,51536
17143,"Peoria County, Illinois",IL,50,0,,,,17,143,,,,,,,,,,,,,,,,,.,.,,,,,,,,,,,,,,0500000US17143,"Peoria County, Illinois",,,17,179831
17145,"Perry County, Illinois",IL,50,0,,,,17,145,,,,,,,,,,,,,,,,,.,.,,,,,,,,,,,,,,0500000US17145,"Perry County, Illinois",,,17,20810
17147,"Piatt County, Illinois",IL,50,0,,,,17,147,,,,,,,,,,,,,,,,,.,.,,,,,,,,,,,,,,0500000US17147,"Piatt County, Illinois",,,17,16702
17149,"Pike County, Illinois",IL,50,0,,,,17,149,,,,,,,,,,,,,,,,,.,.,,,,,,,,,,,,,,0500000US17149,"Pike County, Illinois",,,17,14625
17151,"Pope County, Illinois",IL,50,0,,,,17,151,,,,,,,,,,,,,,,,,.,.,,,,,,,,,,,,,,0500000US17151,"Pope County, Illinois",,,17,3757
17153,"Pulaski County, Illinois",IL,50,0,,,,17,153,,,,,,,,,,,,,,,,,.,.,,,,,,,,,,,,,,0500000US17153,"Pulaski County, Illinois",,,17,5074
17155,"Putnam County, Illinois",IL,50,0,,,,17,155,,,,,,,,,,,,,,,,,.,.,,,,,,,,,,,,,,0500000US17155,"Putnam County, Illinois",,,17,5600
17157,"Randolph County, Illinois",IL,50,0,,,,17,157,,,,,,,,,,,,,,,,,.,.,,,,,,,,,,,,,,0500000US17157,"Randolph County, Illinois",,,17,30142
17159,"Richland County, Illinois",IL,50,0,,,,17,159,,,,,,,,,,,,,,,,,.,.,,,,,,,,,,,,,,0500000US17159,"Richland County, Illinois",,,17,15675
17161,"Rock Island County, Illinois",IL,50,0,,,,17,161,,,,,,,,,,,,,,,,,.,.,,,,,,,,,,,,,,0500000US17161,"Rock Island County, Illinois",,,17,142995
17163,"St. Clair County, Illinois",IL,50,0,,,,17,163,,,,,,,,,,,,,,,,,.,.,,,,,,,,,,,,,,0500000US17163,"St. Clair County, Illinois",,,17,254777
17165,"Saline County, Illinois",IL,50,0,,,,17,165,,,,,,,,,,,,,,,,,.,.,,,,,,,,,,,,,,0500000US17165,"Saline County, Illinois",,,17,23387
17167,"Sangamon County, Illinois",IL,50,0,,,,17,167,,,,,,,,,,,,,,,,,.,.,,,,,,,,,,,,,,0500000US17167,"Sangamon County, Illinois",,,17,195217
17169,"Schuyler County, Illinois",IL,50,0,,,,17,169,,,,,,,,,,,,,,,,,.,.,,,,,,,,,,,,,,0500000US17169,"Schuyler County, Illinois",,,17,6826
17171,"Scott County, Illinois",IL,50,0,,,,17,171,,,,,,,,,,,,,,,,,.,.,,,,,,,,,,,,,,0500000US17171,"Scott County, Illinois",,,17,4847
17173,"Shelby County, Illinois",IL,50,0,,,,17,173,,,,,,,,,,,,,,,,,.,.,,,,,,,,,,,,,,0500000US17173,"Shelby County, Illinois",,,17,20867
17175,"Stark County, Illinois",IL,50,0,,,,17,175,,,,,,,,,,,,,,,,,.,.,,,,,,,,,,,,,,0500000US17175,"Stark County, Illinois",,,17,5324
17177,"Stephenson County, Illinois",IL,50,0,,,,17,177,,,,,,,,,,,,,,,,,.,.,,,,,,,,,,,,,,0500000US17177,"Stephenson County, Illinois",,,17,44042
17179,"Tazewell County, Illinois",IL,50,0,,,,17,179,,,,,,,,,,,,,,,,,.,.,,,,,,,,,,,,,,0500000US17179,"Tazewell County, Illinois",,,17,130555
17181,"Union County, Illinois",IL,50,0,,,,17,181,,,,,,,,,,,,,,,,,.,.,,,,,,,,,,,,,,0500000US17181,"Union County, Illinois",,,17,16972
17183,"Vermilion County, Illinois",IL,50,0,,,,17,183,,,,,,,,,,,,,,,,,.,.,,,,,,,,,,,,,,0500000US17183,"Vermilion County, Illinois",,,17,73179
17185,"Wabash County, Illinois",IL,50,0,,,,17,185,,,,,,,,,,,,,,,,,.,.,,,,,,,,,,,,,,0500000US17185,"Wabash County, Illinois",,,17,11199
17187,"Warren County, Illinois",IL,50,0,,,,17,187,,,,,,,,,,,,,,,,,.,.,,,,,,,,,,,,,,0500000US17187,"Warren County, Illinois",,,17,16576
17189,"Washington County, Illinois",IL,50,0,,,,17,189,,,,,,,,,,,,,,,,,.,.,,,,,,,,,,,,,,0500000US17189,"Washington County, Illinois",,,17,13682
17191,"Wayne County, Illinois",IL,50,0,,,,17,191,,,,,,,,,,,,,,,,,.,.,,,,,,,,,,,,,,0500000US17191,"Wayne County, Illinois",,,17,15994
17193,"White County, Illinois",IL,50,0,,,,17,193,,,,,,,,,,,,,,,,,.,.,,,,,,,,,,,,,,0500000US17193,"White County, Illinois",,,17,13708
17195,"Whiteside County, Illinois",IL,50,0,,,,17,195,,,,,,,,,,,,,,,,,.,.,,,,,,,,,,,,,,0500000US17195,"Whiteside County, Illinois",,,17,55192
17197,"Will County, Illinois",IL,50,0,,,,17,197,,,,,,,,,,,,,,,,,.,.,,,,,,,,,,,,,,0500000US17197,"Will County, Illinois",,,17,698450
17199,"Williamson County, Illinois",IL,50,0,,,,17,199,,,,,,,,,,,,,,,,,.,.,,,,,,,,,,,,,,0500000US17199,"Williamson County, Illinois",,,17,66902
17201,"Winnebago County, Illinois",IL,50,0,,,,17,201,,,,,,,,,,,,,,,,,.,.,,,,,,,,,,,,,,0500000US17201,"Winnebago County, Illinois",,,17,283289
17203,"Woodford County, Illinois",IL,50,0,,,,17,203,,,,,,,,,,,,,,,,,.,.,,,,,,,,,,,,,,0500000US17203,"Woodford County, Illinois",,,17,38348
18001,"Adams County, Indiana",IN,50,0,,,,18,1,,,,,,,,,,,,,,,,,.,.,,,,,,,,,,,,,,0500000US18001,"Adams County, Indiana",,,18,35995
18003,"Allen County, Indiana",IN,50,0,,,,18,3,,,,,,,,,,,,,,,,,.,.,,,,,,,,,,,,,,0500000US18003,"Allen County, Indiana",,,18,388791
18005,"Bartholomew County, Indiana",IN,50,0,,,,18,5,,,,,,,,,,,,,,,,,.,.,,,,,,,,,,,,,,0500000US18005,"Bartholomew County, Indiana",,,18,82881
18007,"Benton County, Indiana",IN,50,0,,,,18,7,,,,,,,,,,,,,,,,,.,.,,,,,,,,,,,,,,0500000US18007,"Benton County, Indiana",,,18,8708
18009,"Blackford County, Indiana",IN,50,0,,,,18,9,,,,,,,,,,,,,,,,,.,.,,,,,,,,,,,,,,0500000US18009,"Blackford County, Indiana",,,18,12007
18011,"Boone County, Indiana",IN,50,0,,,,18,11,,,,,,,,,,,,,,,,,.,.,,,,,,,,,,,,,,0500000US18011,"Boone County, Indiana",,,18,72827
18013,"Brown County, Indiana",IN,50,0,,,,18,13,,,,,,,,,,,,,,,,,.,.,,,,,,,,,,,,,,0500000US18013,"Brown County, Indiana",,,18,15543
18015,"Carroll County, Indiana",IN,50,0,,,,18,15,,,,,,,,,,,,,,,,,.,.,,,,,,,,,,,,,,0500000US18015,"Carroll County, Indiana",,,18,20443
18017,"Cass County, Indiana",IN,50,0,,,,18,17,,,,,,,,,,,,,,,,,.,.,,,,,,,,,,,,,,0500000US18017,"Cass County, Indiana",,,18,37703
18019,"Clark County, Indiana",IN,50,0,,,,18,19,,,,,,,,,,,,,,,,,.,.,,,,,,,,,,,,,,0500000US18019,"Clark County, Indiana",,,18,122800
18021,"Clay County, Indiana",IN,50,0,,,,18,21,,,,,,,,,,,,,,,,,.,.,,,,,,,,,,,,,,0500000US18021,"Clay County, Indiana",,,18,26431
18023,"Clinton County, Indiana",IN,50,0,,,,18,23,,,,,,,,,,,,,,,,,.,.,,,,,,,,,,,,,,0500000US18023,"Clinton County, Indiana",,,18,32967
18025,"Crawford County, Indiana",IN,50,0,,,,18,25,,,,,,,,,,,,,,,,,.,.,,,,,,,,,,,,,,0500000US18025,"Crawford County, Indiana",,,18,10494
18027,"Daviess County, Indiana",IN,50,0,,,,18,27,,,,,,,,,,,,,,,,,.,.,,,,,,,,,,,,,,0500000US18027,"Daviess County, Indiana",,,18,33442
18029,"Dearborn County, Indiana",IN,50,0,,,,18,29,,,,,,,,,,,,,,,,,.,.,,,,,,,,,,,,,,0500000US18029,"Dearborn County, Indiana",,,18,50828
18031,"Decatur County, Indiana",IN,50,0,,,,18,31,,,,,,,,,,,,,,,,,.,.,,,,,,,,,,,,,,0500000US18031,"Decatur County, Indiana",,,18,26411
18033,"DeKalb County, Indiana",IN,50,0,,,,18,33,,,,,,,,,,,,,,,,,.,.,,,,,,,,,,,,,,0500000US18033,"DeKalb County, Indiana",,,18,43584
18035,"Delaware County, Indiana",IN,50,0,,,,18,35,,,,,,,,,,,,,,,,,.,.,,,,,,,,,,,,,,0500000US18035,"Delaware County, Indiana",,,18,112109
18037,"Dubois County, Indiana",IN,50,0,,,,18,37,,,,,,,,,,,,,,,,,.,.,,,,,,,,,,,,,,0500000US18037,"Dubois County, Indiana",,,18,43563
18039,"Elkhart County, Indiana",IN,50,0,,,,18,39,,,,,,,,,,,,,,,,,.,.,,,,,,,,,,,,,,0500000US18039,"Elkhart County, Indiana",,,18,206868
18041,"Fayette County, Indiana",IN,50,0,,,,18,41,,,,,,,,,,,,,,,,,.,.,,,,,,,,,,,,,,0500000US18041,"Fayette County, Indiana",,,18,23390
18043,"Floyd County, Indiana",IN,50,0,,,,18,43,,,,,,,,,,,,,,,,,.,.,,,,,,,,,,,,,,0500000US18043,"Floyd County, Indiana",,,18,80512
18045,"Fountain County, Indiana",IN,50,0,,,,18,45,,,,,,,,,,,,,,,,,.,.,,,,,,,,,,,,,,0500000US18045,"Fountain County, Indiana",,,18,16546
18047,"Franklin County, Indiana",IN,50,0,,,,18,47,,,,,,,,,,,,,,,,,.,.,,,,,,,,,,,,,,0500000US18047,"Franklin County, Indiana",,,18,22929
18049,"Fulton County, Indiana",IN,50,0,,,,18,49,,,,,,,,,,,,,,,,,.,.,,,,,,,,,,,,,,0500000US18049,"Fulton County, Indiana",,,18,20411
18051,"Gibson County, Indiana",IN,50,0,,,,18,51,,,,,,,,,,,,,,,,,.,.,,,,,,,,,,,,,,0500000US18051,"Gibson County, Indiana",,,18,32986
18053,"Grant County, Indiana",IN,50,0,,,,18,53,,,,,,,,,,,,,,,,,.,.,,,,,,,,,,,,,,0500000US18053,"Grant County, Indiana",,,18,66377
18055,"Greene County, Indiana",IN,50,0,,,,18,55,,,,,,,,,,,,,,,,,.,.,,,,,,,,,,,,,,0500000US18055,"Greene County, Indiana",,,18,30954
18057,"Hamilton County, Indiana",IN,50,0,,,,18,57,,,,,,,,,,,,,,,,,.,.,,,,,,,,,,,,,,0500000US18057,"Hamilton County, Indiana",,,18,357176
18059,"Hancock County, Indiana",IN,50,0,,,,18,59,,,,,,,,,,,,,,,,,.,.,,,,,,,,,,,,,,0500000US18059,"Hancock County, Indiana",,,18,82013
18061,"Harrison County, Indiana",IN,50,0,,,,18,61,,,,,,,,,,,,,,,,,.,.,,,,,,,,,,,,,,0500000US18061,"Harrison County, Indiana",,,18,39785
18063,"Hendricks County, Indiana",IN,50,0,,,,18,63,,,,,,,,,,,,,,,,,.,.,,,,,,,,,,,,,,0500000US18063,"Hendricks County, Indiana",,,18,179379
18065,"Henry County, Indiana",IN,50,0,,,,18,65,,,,,,,,,,,,,,,,,.,.,,,,,,,,,,,,,,0500000US18065,"Henry County, Indiana",,,18,48896
18067,"Howard County, Indiana",IN,50,0,,,,18,67,,,,,,,,,,,,,,,,,.,.,,,,,,,,,,,,,,0500000US18067,"Howard County, Indiana",,,18,83610
18069,"Huntington County, Indiana",IN,50,0,,,,18,69,,,,,,,,,,,,,,,,,.,.,,,,,,,,,,,,,,0500000US18069,"Huntington County, Indiana",,,18,36757
18071,"Jackson County, Indiana",IN,50,0,,,,18,71,,,,,,,,,,,,,,,,,.,.,,,,,,,,,,,,,,0500000US18071,"Jackson County, Indiana",,,18,46319
18073,"Jasper County, Indiana",IN,50,0,,,,18,73,,,,,,,,,,,,,,,,,.,.,,,,,,,,,,,,,,0500000US18073,"Jasper County, Indiana",,,18,33198
18075,"Jay County, Indiana",IN,50,0,,,,18,75,,,,,,,,,,,,,,,,,.,.,,,,,,,,,,,,,,0500000US18075,"Jay County, Indiana",,,18,20281
18077,"Jefferson County, Indiana",IN,50,0,,,,18,77,,,,,,,,,,,,,,,,,.,.,,,,,,,,,,,,,,0500000US18077,"Jefferson County, Indiana",,,18,33074
18079,"Jennings County, Indiana",IN,50,0,,,,18,79,,,,,,,,,,,,,,,,,.,.,,,,,,,,,,,,,,0500000US18079,"Jennings County, Indiana",,,18,27584
18081,"Johnson County, Indiana",IN,50,0,,,,18,81,,,,,,,,,,,,,,,,,.,.,,,,,,,,,,,,,,0500000US18081,"Johnson County, Indiana",,,18,163983
18083,"Knox County, Indiana",IN,50,0,,,,18,83,,,,,,,,,,,,,,,,,.,.,,,,,,,,,,,,,,0500000US18083,"Knox County, Indiana",,,18,36108
18085,"Kosciusko County, Indiana",IN,50,0,,,,18,85,,,,,,,,,,,,,,,,,.,.,,,,,,,,,,,,,,0500000US18085,"Kosciusko County, Indiana",,,18,80357
18087,"LaGrange County, Indiana",IN,50,0,,,,18,87,,,,,,,,,,,,,,,,,.,.,,,,,,,,,,,,,,0500000US18087,"LaGrange County, Indiana",,,18,40596
18089,"Lake County, Indiana",IN,50,0,,,,18,89,,,,,,,,,,,,,,,,,.,.,,,,,,,,,,,,,,0500000US18089,"Lake County, Indiana",,,18,498990
18091,"LaPorte County, Indiana",IN,50,0,,,,18,91,,,,,,,,,,,,,,,,,.,.,,,,,,,,,,,,,,0500000US18091,"LaPorte County, Indiana",,,18,112141
18093,"Lawrence County, Indiana",IN,50,0,,,,18,93,,,,,,,,,,,,,,,,,.,.,,,,,,,,,,,,,,0500000US18093,"Lawrence County, Indiana",,,18,45077
18095,"Madison County, Indiana",IN,50,0,,,,18,95,,,,,,,,,,,,,,,,,.,.,,,,,,,,,,,,,,0500000US18095,"Madison County, Indiana",,,18,130949
18097,"Marion County, Indiana",IN,50,0,,,,18,97,,,,,,,,,,,,,,,,,.,.,,,,,,,,,,,,,,0500000US18097,"Marion County, Indiana",,,18,971822
18099,"Marshall County, Indiana",IN,50,0,,,,18,99,,,,,,,,,,,,,,,,,.,.,,,,,,,,,,,,,,0500000US18099,"Marshall County, Indiana",,,18,46225
18101,"Martin County, Indiana",IN,50,0,,,,18,101,,,,,,,,,,,,,,,,,.,.,,,,,,,,,,,,,,0500000US18101,"Martin County, Indiana",,,18,9854
18103,"Miami County, Indiana",IN,50,0,,,,18,103,,,,,,,,,,,,,,,,,.,.,,,,,,,,,,,,,,0500000US18103,"Miami County, Indiana",,,18,35772
18105,"Monroe County, Indiana",IN,50,0,,,,18,105,,,,,,,,,,,,,,,,,.,.,,,,,,,,,,,,,,0500000US18105,"Monroe County, Indiana",,,18,139822
18107,"Montgomery County, Indiana",IN,50,0,,,,18,107,,,,,,,,,,,,,,,,,.,.,,,,,,,,,,,,,,0500000US18107,"Montgomery County, Indiana",,,18,38155
18109,"Morgan County, Indiana",IN,50,0,,,,18,109,,,,,,,,,,,,,,,,,.,.,,,,,,,,,,,,,,0500000US18109,"Morgan County, Indiana",,,18,72202
18111,"Newton County, Indiana",IN,50,0,,,,18,111,,,,,,,,,,,,,,,,,.,.,,,,,,,,,,,,,,0500000US18111,"Newton County, Indiana",,,18,13859
18113,"Noble County, Indiana",IN,50,0,,,,18,113,,,,,,,,,,,,,,,,,.,.,,,,,,,,,,,,,,0500000US18113,"Noble County, Indiana",,,18,47417
18115,"Ohio County, Indiana",IN,50,0,,,,18,115,,,,,,,,,,,,,,,,,.,.,,,,,,,,,,,,,,0500000US18115,"Ohio County, Indiana",,,18,5993
18117,"Orange County, Indiana",IN,50,0,,,,18,117,,,,,,,,,,,,,,,,,.,.,,,,,,,,,,,,,,0500000US18117,"Orange County, Indiana",,,18,19746
18119,"Owen County, Indiana",IN,50,0,,,,18,119,,,,,,,,,,,,,,,,,.,.,,,,,,,,,,,,,,0500000US18119,"Owen County, Indiana",,,18,21434
18121,"Parke County, Indiana",IN,50,0,,,,18,121,,,,,,,,,,,,,,,,,.,.,,,,,,,,,,,,,,0500000US18121,"Parke County, Indiana",,,18,16346
18123,"Perry County, Indiana",IN,50,0,,,,18,123,,,,,,,,,,,,,,,,,.,.,,,,,,,,,,,,,,0500000US18123,"Perry County, Indiana",,,18,19218
18125,"Pike County, Indiana",IN,50,0,,,,18,125,,,,,,,,,,,,,,,,,.,.,,,,,,,,,,,,,,0500000US18125,"Pike County, Indiana",,,18,12187
18127,"Porter County, Indiana",IN,50,0,,,,18,127,,,,,,,,,,,,,,,,,.,.,,,,,,,,,,,,,,0500000US18127,"Porter County, Indiana",,,18,174150
18129,"Posey County, Indiana",IN,50,0,,,,18,129,,,,,,,,,,,,,,,,,.,.,,,,,,,,,,,,,,0500000US18129,"Posey County, Indiana",,,18,25163
18131,"Pulaski County, Indiana",IN,50,0,,,,18,131,,,,,,,,,,,,,,,,,.,.,,,,,,,,,,,,,,0500000US18131,"Pulaski County, Indiana",,,18,12441
18133,"Putnam County, Indiana",IN,50,0,,,,18,133,,,,,,,,,,,,,,,,,.,.,,,,,,,,,,,,,,0500000US18133,"Putnam County, Indiana",,,18,37091
18135,"Randolph County, Indiana",IN,50,0,,,,18,135,,,,,,,,,,,,,,,,,.,.,,,,,,,,,,,,,,0500000US18135,"Randolph County, Indiana",,,18,24425
18137,"Ripley County, Indiana",IN,50,0,,,,18,137,,,,,,,,,,,,,,,,,.,.,,,,,,,,,,,,,,0500000US18137,"Ripley County, Indiana",,,18,29039
18139,"Rush County, Indiana",IN,50,0,,,,18,139,,,,,,,,,,,,,,,,,.,.,,,,,,,,,,,,,,0500000US18139,"Rush County, Indiana",,,18,16734
18141,"St. Joseph County, Indiana",IN,50,0,,,,18,141,,,,,,,,,,,,,,,,,.,.,,,,,,,,,,,,,,0500000US18141,"St. Joseph County, Indiana",,,18,272574
18143,"Scott County, Indiana",IN,50,0,,,,18,143,,,,,,,,,,,,,,,,,.,.,,,,,,,,,,,,,,0500000US18143,"Scott County, Indiana",,,18,24468
18145,"Shelby County, Indiana",IN,50,0,,,,18,145,,,,,,,,,,,,,,,,,.,.,,,,,,,,,,,,,,0500000US18145,"Shelby County, Indiana",,,18,45104
18147,"Spencer County, Indiana",IN,50,0,,,,18,147,,,,,,,,,,,,,,,,,.,.,,,,,,,,,,,,,,0500000US18147,"Spencer County, Indiana",,,18,19871
18149,"Starke County, Indiana",IN,50,0,,,,18,149,,,,,,,,,,,,,,,,,.,.,,,,,,,,,,,,,,0500000US18149,"Starke County, Indiana",,,18,23300
18151,"Steuben County, Indiana",IN,50,0,,,,18,151,,,,,,,,,,,,,,,,,.,.,,,,,,,,,,,,,,0500000US18151,"Steuben County, Indiana",,,18,34648
18153,"Sullivan County, Indiana",IN,50,0,,,,18,153,,,,,,,,,,,,,,,,,.,.,,,,,,,,,,,,,,0500000US18153,"Sullivan County, Indiana",,,18,20766
18155,"Switzerland County, Indiana",IN,50,0,,,,18,155,,,,,,,,,,,,,,,,,.,.,,,,,,,,,,,,,,0500000US18155,"Switzerland County, Indiana",,,18,9914
18157,"Tippecanoe County, Indiana",IN,50,0,,,,18,157,,,,,,,,,,,,,,,,,.,.,,,,,,,,,,,,,,0500000US18157,"Tippecanoe County, Indiana",,,18,187399
18159,"Tipton County, Indiana",IN,50,0,,,,18,159,,,,,,,,,,,,,,,,,.,.,,,,,,,,,,,,,,0500000US18159,"Tipton County, Indiana",,,18,15329
18161,"Union County, Indiana",IN,50,0,,,,18,161,,,,,,,,,,,,,,,,,.,.,,,,,,,,,,,,,,0500000US18161,"Union County, Indiana",,,18,7028
18163,"Vanderburgh County, Indiana",IN,50,0,,,,18,163,,,,,,,,,,,,,,,,,.,.,,,,,,,,,,,,,,0500000US18163,"Vanderburgh County, Indiana",,,18,179908
18165,"Vermillion County, Indiana",IN,50,0,,,,18,165,,,,,,,,,,,,,,,,,.,.,,,,,,,,,,,,,,0500000US18165,"Vermillion County, Indiana",,,18,15452
18167,"Vigo County, Indiana",IN,50,0,,,,18,167,,,,,,,,,,,,,,,,,.,.,,,,,,,,,,,,,,0500000US18167,"Vigo County, Indiana",,,18,106201
18169,"Wabash County, Indiana",IN,50,0,,,,18,169,,,,,,,,,,,,,,,,,.,.,,,,,,,,,,,,,,0500000US18169,"Wabash County, Indiana",,,18,30901
18171,"Warren County, Indiana",IN,50,0,,,,18,171,,,,,,,,,,,,,,,,,.,.,,,,,,,,,,,,,,0500000US18171,"Warren County, Indiana",,,18,8469
18173,"Warrick County, Indiana",IN,50,0,,,,18,173,,,,,,,,,,,,,,,,,.,.,,,,,,,,,,,,,,0500000US18173,"Warrick County, Indiana",,,18,64650
18175,"Washington County, Indiana",IN,50,0,,,,18,175,,,,,,,,,,,,,,,,,.,.,,,,,,,,,,,,,,0500000US18175,"Washington County, Indiana",,,18,28167
18177,"Wayne County, Indiana",IN,50,0,,,,18,177,,,,,,,,,,,,,,,,,.,.,,,,,,,,,,,,,,0500000US18177,"Wayne County, Indiana",,,18,66377
18179,"Wells County, Indiana",IN,50,0,,,,18,179,,,,,,,,,,,,,,,,,.,.,,,,,,,,,,,,,,0500000US18179,"Wells County, Indiana",,,18,28261
18181,"White County, Indiana",IN,50,0,,,,18,181,,,,,,,,,,,,,,,,,.,.,,,,,,,,,,,,,,0500000US18181,"White County, Indiana",,,18,24709
18183,"Whitley County, Indiana",IN,50,0,,,,18,183,,,,,,,,,,,,,,,,,.,.,,,,,,,,,,,,,,0500000US18183,"Whitley County, Indiana",,,18,34388
19001,"Adair County, Iowa",IA,50,0,,,,19,1,,,,,,,,,,,,,,,,,.,.,,,,,,,,,,,,,,0500000US19001,"Adair County, Iowa",,,19,7471
19003,"Adams County, Iowa",IA,50,0,,,,19,3,,,,,,,,,,,,,,,,,.,.,,,,,,,,,,,,,,0500000US19003,"Adams County, Iowa",,,19,3641
19005,"Allamakee County, Iowa",IA,50,0,,,,19,5,,,,,,,,,,,,,,,,,.,.,,,,,,,,,,,,,,0500000US19005,"Allamakee County, Iowa",,,19,14038
19007,"Appanoose County, Iowa",IA,50,0,,,,19,7,,,,,,,,,,,,,,,,,.,.,,,,,,,,,,,,,,0500000US19007,"Appanoose County, Iowa",,,19,12242
19009,"Audubon County, Iowa",IA,50,0,,,,19,9,,,,,,,,,,,,,,,,,.,.,,,,,,,,,,,,,,0500000US19009,"Audubon County, Iowa",,,19,5622
19011,"Benton County, Iowa",IA,50,0,,,,19,11,,,,,,,,,,,,,,,,,.,.,,,,,,,,,,,,,,0500000US19011,"Benton County, Iowa",,,19,25698
19013,"Black Hawk County, Iowa",IA,50,0,,,,19,13,,,,,,,,,,,,,,,,,.,.,,,,,,,,,,,,,,0500000US19013,"Black Hawk County, Iowa",,,19,130693
19015,"Boone County, Iowa",IA,50,0,,,,19,15,,,,,,,,,,,,,,,,,.,.,,,,,,,,,,,,,,0500000US19015,"Boone County, Iowa",,,19,26669
19017,"Bremer County, Iowa",IA,50,0,,,,19,17,,,,,,,,,,,,,,,,,.,.,,,,,,,,,,,,,,0500000US19017,"Bremer County, Iowa",,,19,25118
19019,"Buchanan County, Iowa",IA,50,0,,,,19,19,,,,,,,,,,,,,,,,,.,.,,,,,,,,,,,,,,0500000US19019,"Buchanan County, Iowa",,,19,20645
19021,"Buena Vista County, Iowa",IA,50,0,,,,19,21,,,,,,,,,,,,,,,,,.,.,,,,,,,,,,,,,,0500000US19021,"Buena Vista County, Iowa",,,19,20684
19023,"Butler County, Iowa",IA,50,0,,,,19,23,,,,,,,,,,,,,,,,,.,.,,,,,,,,,,,,,,0500000US19023,"Butler County, Iowa",,,19,14301
19025,"Calhoun County, Iowa",IA,50,0,,,,19,25,,,,,,,,,,,,,,,,,.,.,,,,,,,,,,,,,,0500000US19025,"Calhoun County, Iowa",,,19,9858
19027,"Carroll County, Iowa",IA,50,0,,,,19,27,,,,,,,,,,,,,,,,,.,.,,,,,,,,,,,,,,0500000US19027,"Carroll County, Iowa",,,19,20677
19029,"Cass County, Iowa",IA,50,0,,,,19,29,,,,,,,,,,,,,,,,,.,.,,,,,,,,,,,,,,0500000US19029,"Cass County, Iowa",,,19,13115
19031,"Cedar County, Iowa",IA,50,0,,,,19,31,,,,,,,,,,,,,,,,,.,.,,,,,,,,,,,,,,0500000US19031,"Cedar County, Iowa",,,19,18427
19033,"Cerro Gordo County, Iowa",IA,50,0,,,,19,33,,,,,,,,,,,,,,,,,.,.,,,,,,,,,,,,,,0500000US19033,"Cerro Gordo County, Iowa",,,19,42785
19035,"Cherokee County, Iowa",IA,50,0,,,,19,35,,,,,,,,,,,,,,,,,.,.,,,,,,,,,,,,,,0500000US19035,"Cherokee County, Iowa",,,19,11587
19037,"Chickasaw County, Iowa",IA,50,0,,,,19,37,,,,,,,,,,,,,,,,,.,.,,,,,,,,,,,,,,0500000US19037,"Chickasaw County, Iowa",,,19,11868
19039,"Clarke County, Iowa",IA,50,0,,,,19,39,,,,,,,,,,,,,,,,,.,.,,,,,,,,,,,,,,0500000US19039,"Clarke County, Iowa",,,19,9690
19041,"Clay County, Iowa",IA,50,0,,,,19,41,,,,,,,,,,,,,,,,,.,.,,,,,,,,,,,,,,0500000US19041,"Clay County, Iowa",,,19,16446
19043,"Clayton County, Iowa",IA,50,0,,,,19,43,,,,,,,,,,,,,,,,,.,.,,,,,,,,,,,,,,0500000US19043,"Clayton County, Iowa",,,19,17069
19045,"Clinton County, Iowa",IA,50,0,,,,19,45,,,,,,,,,,,,,,,,,.,.,,,,,,,,,,,,,,0500000US19045,"Clinton County, Iowa",,,19,46383
19047,"Crawford County, Iowa",IA,50,0,,,,19,47,,,,,,,,,,,,,,,,,.,.,,,,,,,,,,,,,,0500000US19047,"Crawford County, Iowa",,,19,16289
19049,"Dallas County, Iowa",IA,50,0,,,,19,49,,,,,,,,,,,,,,,,,.,.,,,,,,,,,,,,,,0500000US19049,"Dallas County, Iowa",,,19,104136
19051,"Davis County, Iowa",IA,50,0,,,,19,51,,,,,,,,,,,,,,,,,.,.,,,,,,,,,,,,,,0500000US19051,"Davis County, Iowa",,,19,9127
19053,"Decatur County, Iowa",IA,50,0,,,,19,53,,,,,,,,,,,,,,,,,.,.,,,,,,,,,,,,,,0500000US19053,"Decatur County, Iowa",,,19,7669
19055,"Delaware County, Iowa",IA,50,0,,,,19,55,,,,,,,,,,,,,,,,,.,.,,,,,,,,,,,,,,0500000US19055,"Delaware County, Iowa",,,19,17549
19057,"Des Moines County, Iowa",IA,50,0,,,,19,57,,,,,,,,,,,,,,,,,.,.,,,,,,,,,,,,,,0500000US19057,"Des Moines County, Iowa",,,19,38597
19059,"Dickinson County, Iowa",IA,50,0,,,,19,59,,,,,,,,,,,,,,,,,.,.,,,,,,,,,,,,,,0500000US19059,"Dickinson County, Iowa",,,19,17844
19061,"Dubuque County, Iowa",IA,50,0,,,,19,61,,,,,,,,,,,,,,,,,.,.,,,,,,,,,,,,,,0500000US19061,"Dubuque County, Iowa",,,19,98948
19063,"Emmet County, Iowa",IA,50,0,,,,19,63,,,,,,,,,,,,,,,,,.,.,,,,,,,,,,,,,,0500000US19063,"Emmet County, Iowa",,,19,9316
19065,"Fayette County, Iowa",IA,50,0,,,,19,65,,,,,,,,,,,,,,,,,.,.,,,,,,,,,,,,,,0500000US19065,"Fayette County, Iowa",,,19,19393
19067,"Floyd County, Iowa",IA,50,0,,,,19,67,,,,,,,,,,,,,,,,,.,.,,,,,,,,,,,,,,0500000US19067,"Floyd County, Iowa",,,19,15502
19069,"Franklin County, Iowa",IA,50,0,,,,19,69,,,,,,,,,,,,,,,,,.,.,,,,,,,,,,,,,,0500000US19069,"Franklin County, Iowa",,,19,9977
19071,"Fremont County, Iowa",IA,50,0,,,,19,71,,,,,,,,,,,,,,,,,.,.,,,,,,,,,,,,,,0500000US19071,"Fremont County, Iowa",,,19,6570
19073,"Greene County, Iowa",IA,50,0,,,,19,73,,,,,,,,,,,,,,,,,.,.,,,,,,,,,,,,,,0500000US19073,"Greene County, Iowa",,,19,8722
19075,"Grundy County, Iowa",IA,50,0,,,,19,75,,,,,,,,,,,,,,,,,.,.,,,,,,,,,,,,,,0500000US19075,"Grundy County, Iowa",,,19,12352
19077,"Guthrie County, Iowa",IA,50,0,,,,19,77,,,,,,,,,,,,,,,,,.,.,,,,,,,,,,,,,,0500000US19077,"Guthrie County, Iowa",,,19,10646
19079,"Hamilton County, Iowa",IA,50,0,,,,19,79,,,,,,,,,,,,,,,,,.,.,,,,,,,,,,,,,,0500000US19079,"Hamilton County, Iowa",,,19,14893
19081,"Hancock County, Iowa",IA,50,0,,,,19,81,,,,,,,,,,,,,,,,,.,.,,,,,,,,,,,,,,0500000US19081,"Hancock County, Iowa",,,19,10718
19083,"Hardin County, Iowa",IA,50,0,,,,19,83,,,,,,,,,,,,,,,,,.,.,,,,,,,,,,,,,,0500000US19083,"Hardin County, Iowa",,,19,16729
19085,"Harrison County, Iowa",IA,50,0,,,,19,85,,,,,,,,,,,,,,,,,.,.,,,,,,,,,,,,,,0500000US19085,"Harrison County, Iowa",,,19,14645
19087,"Henry County, Iowa",IA,50,0,,,,19,87,,,,,,,,,,,,,,,,,.,.,,,,,,,,,,,,,,0500000US19087,"Henry County, Iowa",,,19,20228
19089,"Howard County, Iowa",IA,50,0,,,,19,89,,,,,,,,,,,,,,,,,.,.,,,,,,,,,,,,,,0500000US19089,"Howard County, Iowa",,,19,9459
19091,"Humboldt County, Iowa",IA,50,0,,,,19,91,,,,,,,,,,,,,,,,,.,.,,,,,,,,,,,,,,0500000US19091,"Humboldt County, Iowa",,,19,9573
19093,"Ida County, Iowa",IA,50,0,,,,19,93,,,,,,,,,,,,,,,,,.,.,,,,,,,,,,,,,,0500000US19093,"Ida County, Iowa",,,19,6944
19095,"Iowa County, Iowa",IA,50,0,,,,19,95,,,,,,,,,,,,,,,,,.,.,,,,,,,,,,,,,,0500000US19095,"Iowa County, Iowa",,,19,16547
19097,"Jackson County, Iowa",IA,50,0,,,,19,97,,,,,,,,,,,,,,,,,.,.,,,,,,,,,,,,,,0500000US19097,"Jackson County, Iowa",,,19,19429
19099,"Jasper County, Iowa",IA,50,0,,,,19,99,,,,,,,,,,,,,,,,,.,.,,,,,,,,,,,,,,0500000US19099,"Jasper County, Iowa",,,19,37864
19101,"Jefferson County, Iowa",IA,50,0,,,,19,101,,,,,,,,,,,,,,,,,.,.,,,,,,,,,,,,,,0500000US19101,"Jefferson County, Iowa",,,19,15676
19103,"Johnson County, Iowa",IA,50,0,,,,19,103,,,,,,,,,,,,,,,,,.,.,,,,,,,,,,,,,,0500000US19103,"Johnson County, Iowa",,,19,154881
19105,"Jones County, Iowa",IA,50,0,,,,19,105,,,,,,,,,,,,,,,,,.,.,,,,,,,,,,,,,,0500000US19105,"Jones County, Iowa",,,19,20799
19107,"Keokuk County, Iowa",IA,50,0,,,,19,107,,,,,,,,,,,,,,,,,.,.,,,,,,,,,,,,,,0500000US19107,"Keokuk County, Iowa",,,19,9964
19109,"Kossuth County, Iowa",IA,50,0,,,,19,109,,,,,,,,,,,,,,,,,.,.,,,,,,,,,,,,,,0500000US19109,"Kossuth County, Iowa",,,19,14610
19111,"Lee County, Iowa",IA,50,0,,,,19,111,,,,,,,,,,,,,,,,,.,.,,,,,,,,,,,,,,0500000US19111,"Lee County, Iowa",,,19,33175
19113,"Linn County, Iowa",IA,50,0,,,,19,113,,,,,,,,,,,,,,,,,.,.,,,,,,,,,,,,,,0500000US19113,"Linn County, Iowa",,,19,229463
19115,"Louisa County, Iowa",IA,50,0,,,,19,115,,,,,,,,,,,,,,,,,.,.,,,,,,,,,,,,,,0500000US19115,"Louisa County, Iowa",,,19,10710
19117,"Lucas County, Iowa",IA,50,0,,,,19,117,,,,,,,,,,,,,,,,,.,.,,,,,,,,,,,,,,0500000US19117,"Lucas County, Iowa",,,19,8685
19119,"Lyon County, Iowa",IA,50,0,,,,19,119,,,,,,,,,,,,,,,,,.,.,,,,,,,,,,,,,,0500000US19119,"Lyon County, Iowa",,,19,12087
19121,"Madison County, Iowa",IA,50,0,,,,19,121,,,,,,,,,,,,,,,,,.,.,,,,,,,,,,,,,,0500000US19121,"Madison County, Iowa",,,19,16760
19123,"Mahaska County, Iowa",IA,50,0,,,,19,123,,,,,,,,,,,,,,,,,.,.,,,,,,,,,,,,,,0500000US19123,"Mahaska County, Iowa",,,19,22045
19125,"Marion County, Iowa",IA,50,0,,,,19,125,,,,,,,,,,,,,,,,,.,.,,,,,,,,,,,,,,0500000US19125,"Marion County, Iowa",,,19,33551
19127,"Marshall County, Iowa",IA,50,0,,,,19,127,,,,,,,,,,,,,,,,,.,.,,,,,,,,,,,,,,0500000US19127,"Marshall County, Iowa",,,19,39971
19129,"Mills County, Iowa",IA,50,0,,,,19,129,,,,,,,,,,,,,,,,,.,.,,,,,,,,,,,,,,0500000US19129,"Mills County, Iowa",,,19,14563
19131,"Mitchell County, Iowa",IA,50,0,,,,19,131,,,,,,,,,,,,,,,,,.,.,,,,,,,,,,,,,,0500000US19131,"Mitchell County, Iowa",,,19,10548
19133,"Monona County, Iowa",IA,50,0,,,,19,133,,,,,,,,,,,,,,,,,.,.,,,,,,,,,,,,,,0500000US19133,"Monona County, Iowa",,,19,8619
19135,"Monroe County, Iowa",IA,50,0,,,,19,135,,,,,,,,,,,,,,,,,.,.,,,,,,,,,,,,,,0500000US19135,"Monroe County, Iowa",,,19,7546
19137,"Montgomery County, Iowa",IA,50,0,,,,19,137,,,,,,,,,,,,,,,,,.,.,,,,,,,,,,,,,,0500000US19137,"Montgomery County, Iowa",,,19,10254
19139,"Muscatine County, Iowa",IA,50,0,,,,19,139,,,,,,,,,,,,,,,,,.,.,,,,,,,,,,,,,,0500000US19139,"Muscatine County, Iowa",,,19,42735
19141,"O'Brien County, Iowa",IA,50,0,,,,19,141,,,,,,,,,,,,,,,,,.,.,,,,,,,,,,,,,,0500000US19141,"O'Brien County, Iowa",,,19,14103
19143,"Osceola County, Iowa",IA,50,0,,,,19,143,,,,,,,,,,,,,,,,,.,.,,,,,,,,,,,,,,0500000US19143,"Osceola County, Iowa",,,19,6114
19145,"Page County, Iowa",IA,50,0,,,,19,145,,,,,,,,,,,,,,,,,.,.,,,,,,,,,,,,,,0500000US19145,"Page County, Iowa",,,19,15168
19147,"Palo Alto County, Iowa",IA,50,0,,,,19,147,,,,,,,,,,,,,,,,,.,.,,,,,,,,,,,,,,0500000US19147,"Palo Alto County, Iowa",,,19,8902
19149,"Plymouth County, Iowa",IA,50,0,,,,19,149,,,,,,,,,,,,,,,,,.,.,,,,,,,,,,,,,,0500000US19149,"Plymouth County, Iowa",,,19,25699
19151,"Pocahontas County, Iowa",IA,50,0,,,,19,151,,,,,,,,,,,,,,,,,.,.,,,,,,,,,,,,,,0500000US19151,"Pocahontas County, Iowa",,,19,7040
19153,"Polk County, Iowa",IA,50,0,,,,19,153,,,,,,,,,,,,,,,,,.,.,,,,,,,,,,,,,,0500000US19153,"Polk County, Iowa",,,19,497441
19155,"Pottawattamie County, Iowa",IA,50,0,,,,19,155,,,,,,,,,,,,,,,,,.,.,,,,,,,,,,,,,,0500000US19155,"Pottawattamie County, Iowa",,,19,93407
19157,"Poweshiek County, Iowa",IA,50,0,,,,19,157,,,,,,,,,,,,,,,,,.,.,,,,,,,,,,,,,,0500000US19157,"Poweshiek County, Iowa",,,19,18582
19159,"Ringgold County, Iowa",IA,50,0,,,,19,159,,,,,,,,,,,,,,,,,.,.,,,,,,,,,,,,,,0500000US19159,"Ringgold County, Iowa",,,19,4664
19161,"Sac County, Iowa",IA,50,0,,,,19,161,,,,,,,,,,,,,,,,,.,.,,,,,,,,,,,,,,0500000US19161,"Sac County, Iowa",,,19,9759
19163,"Scott County, Iowa",IA,50,0,,,,19,163,,,,,,,,,,,,,,,,,.,.,,,,,,,,,,,,,,0500000US19163,"Scott County, Iowa",,,19,174302
19165,"Shelby County, Iowa",IA,50,0,,,,19,165,,,,,,,,,,,,,,,,,.,.,,,,,,,,,,,,,,0500000US19165,"Shelby County, Iowa",,,19,11757
19167,"Sioux County, Iowa",IA,50,0,,,,19,167,,,,,,,,,,,,,,,,,.,.,,,,,,,,,,,,,,0500000US19167,"Sioux County, Iowa",,,19,35984
19169,"Story County, Iowa",IA,50,0,,,,19,169,,,,,,,,,,,,,,,,,.,.,,,,,,,,,,,,,,0500000US19169,"Story County, Iowa",,,19,98592
19171,"Tama County, Iowa",IA,50,0,,,,19,171,,,,,,,,,,,,,,,,,.,.,,,,,,,,,,,,,,0500000US19171,"Tama County, Iowa",,,19,16982
19173,"Taylor County, Iowa",IA,50,0,,,,19,173,,,,,,,,,,,,,,,,,.,.,,,,,,,,,,,,,,0500000US19173,"Taylor County, Iowa",,,19,5901
19175,"Union County, Iowa",IA,50,0,,,,19,175,,,,,,,,,,,,,,,,,.,.,,,,,,,,,,,,,,0500000US19175,"Union County, Iowa",,,19,12038
19177,"Van Buren County, Iowa",IA,50,0,,,,19,177,,,,,,,,,,,,,,,,,.,.,,,,,,,,,,,,,,0500000US19177,"Van Buren County, Iowa",,,19,7236
19179,"Wapello County, Iowa",IA,50,0,,,,19,179,,,,,,,,,,,,,,,,,.,.,,,,,,,,,,,,,,0500000US19179,"Wapello County, Iowa",,,19,35265
19181,"Warren County, Iowa",IA,50,0,,,,19,181,,,,,,,,,,,,,,,,,.,.,,,,,,,,,,,,,,0500000US19181,"Warren County, Iowa",,,19,53484
19183,"Washington County, Iowa",IA,50,0,,,,19,183,,,,,,,,,,,,,,,,,.,.,,,,,,,,,,,,,,0500000US19183,"Washington County, Iowa",,,19,22539
19185,"Wayne County, Iowa",IA,50,0,,,,19,185,,,,,,,,,,,,,,,,,.,.,,,,,,,,,,,,,,0500000US19185,"Wayne County, Iowa",,,19,6518
19187,"Webster County, Iowa",IA,50,0,,,,19,187,,,,,,,,,,,,,,,,,.,.,,,,,,,,,,,,,,0500000US19187,"Webster County, Iowa",,,19,36848
19189,"Winnebago County, Iowa",IA,50,0,,,,19,189,,,,,,,,,,,,,,,,,.,.,,,,,,,,,,,,,,0500000US19189,"Winnebago County, Iowa",,,19,10648
19191,"Winneshiek County, Iowa",IA,50,0,,,,19,191,,,,,,,,,,,,,,,,,.,.,,,,,,,,,,,,,,0500000US19191,"Winneshiek County, Iowa",,,19,19972
19193,"Woodbury County, Iowa",IA,50,0,,,,19,193,,,,,,,,,,,,,,,,,.,.,,,,,,,,,,,,,,0500000US19193,"Woodbury County, Iowa",,,19,105760
19195,"Worth County, Iowa",IA,50,0,,,,19,195,,,,,,,,,,,,,,,,,.,.,,,,,,,,,,,,,,0500000US19195,"Worth County, Iowa",,,19,7380
19197,"Wright County, Iowa",IA,50,0,,,,19,197,,,,,,,,,,,,,,,,,.,.,,,,,,,,,,,,,,0500000US19197,"Wright County, Iowa",,,19,12817
20001,"Allen County, Kansas",KS,50,0,,,,20,1,,,,,,,,,,,,,,,,,.,.,,,,,,,,,,,,,,0500000US20001,"Allen County, Kansas",,,20,12491
20003,"Anderson County, Kansas",KS,50,0,,,,20,3,,,,,,,,,,,,,,,,,.,.,,,,,,,,,,,,,,0500000US20003,"Anderson County, Kansas",,,20,7819
20005,"Atchison County, Kansas",KS,50,0,,,,20,5,,,,,,,,,,,,,,,,,.,.,,,,,,,,,,,,,,0500000US20005,"Atchison County, Kansas",,,20,16211
20007,"Barber County, Kansas",KS,50,0,,,,20,7,,,,,,,,,,,,,,,,,.,.,,,,,,,,,,,,,,0500000US20007,"Barber County, Kansas",,,20,4153
20009,"Barton County, Kansas",KS,50,0,,,,20,9,,,,,,,,,,,,,,,,,.,.,,,,,,,,,,,,,,0500000US20009,"Barton County, Kansas",,,20,25275
20011,"Bourbon County, Kansas",KS,50,0,,,,20,11,,,,,,,,,,,,,,,,,.,.,,,,,,,,,,,,,,0500000US20011,"Bourbon County, Kansas",,,20,14384
20013,"Brown County, Kansas",KS,50,0,,,,20,13,,,,,,,,,,,,,,,,,.,.,,,,,,,,,,,,,,0500000US20013,"Brown County, Kansas",,,20,9415
20015,"Butler County, Kansas",KS,50,0,,,,20,15,,,,,,,,,,,,,,,,,.,.,,,,,,,,,,,,,,0500000US20015,"Butler County, Kansas",,,20,67916
20017,"Chase County, Kansas",KS,50,0,,,,20,17,,,,,,,,,,,,,,,,,.,.,,,,,,,,,,,,,,0500000US20017,"Chase County, Kansas",,,20,2579
20019,"Chautauqua County, Kansas",KS,50,0,,,,20,19,,,,,,,,,,,,,,,,,.,.,,,,,,,,,,,,,,0500000US20019,"Chautauqua County, Kansas",,,20,3370
20021,"Cherokee County, Kansas",KS,50,0,,,,20,21,,,,,,,,,,,,,,,,,.,.,,,,,,,,,,,,,,0500000US20021,"Cherokee County, Kansas",,,20,19236
20023,"Cheyenne County, Kansas",KS,50,0,,,,20,23,,,,,,,,,,,,,,,,,.,.,,,,,,,,,,,,,,0500000US20023,"Cheyenne County, Kansas",,,20,2628
20025,"Clark County, Kansas",KS,50,0,,,,20,25,,,,,,,,,,,,,,,,,.,.,,,,,,,,,,,,,,0500000US20025,"Clark County, Kansas",,,20,1987
20027,"Clay County, Kansas",KS,50,0,,,,20,27,,,,,,,,,,,,,,,,,.,.,,,,,,,,,,,,,,0500000US20027,"Clay County, Kansas",,,20,8071
20029,"Cloud County, Kansas",KS,50,0,,,,20,29,,,,,,,,,,,,,,,,,.,.,,,,,,,,,,,,,,0500000US20029,"Cloud County, Kansas",,,20,8973
20031,"Coffey County, Kansas",KS,50,0,,,,20,31,,,,,,,,,,,,,,,,,.,.,,,,,,,,,,,,,,0500000US20031,"Coffey County, Kansas",,,20,8304
20033,"Comanche County, Kansas",KS,50,0,,,,20,33,,,,,,,,,,,,,,,,,.,.,,,,,,,,,,,,,,0500000US20033,"Comanche County, Kansas",,,20,1685
20035,"Cowley County, Kansas",KS,50,0,,,,20,35,,,,,,,,,,,,,,,,,.,.,,,,,,,,,,,,,,0500000US20035,"Cowley County, Kansas",,,20,34487
20037,"Crawford County, Kansas",KS,50,0,,,,20,37,,,,,,,,,,,,,,,,,.,.,,,,,,,,,,,,,,0500000US20037,"Crawford County, Kansas",,,20,38963
20039,"Decatur County, Kansas",KS,50,0,,,,20,39,,,,,,,,,,,,,,,,,.,.,,,,,,,,,,,,,,0500000US20039,"Decatur County, Kansas",,,20,2746
20041,"Dickinson County, Kansas",KS,50,0,,,,20,41,,,,,,,,,,,,,,,,,.,.,,,,,,,,,,,,,,0500000US20041,"Dickinson County, Kansas",,,20,18423
20043,"Doniphan County, Kansas",KS,50,0,,,,20,43,,,,,,,,,,,,,,,,,.,.,,,,,,,,,,,,,,0500000US20043,"Doniphan County, Kansas",,,20,7492
20045,"Douglas County, Kansas",KS,50,0,,,,20,45,,,,,,,,,,,,,,,,,.,.,,,,,,,,,,,,,,0500000US20045,"Douglas County, Kansas",,,20,119547
20047,"Edwards County, Kansas",KS,50,0,,,,20,47,,,,,,,,,,,,,,,,,.,.,,,,,,,,,,,,,,0500000US20047,"Edwards County, Kansas",,,20,2817
20049,"Elk County, Kansas",KS,50,0,,,,20,49,,,,,,,,,,,,,,,,,.,.,,,,,,,,,,,,,,0500000US20049,"Elk County, Kansas",,,20,2464
20051,"Ellis County, Kansas",KS,50,0,,,,20,51,,,,,,,,,,,,,,,,,.,.,,,,,,,,,,,,,,0500000US20051,"Ellis County, Kansas",,,20,28870
20053,"Ellsworth County, Kansas",KS,50,0,,,,20,53,,,,,,,,,,,,,,,,,.,.,,,,,,,,,,,,,,0500000US20053,"Ellsworth County, Kansas",,,20,6366
20055,"Finney County, Kansas",KS,50,0,,,,20,55,,,,,,,,,,,,,,,,,.,.,,,,,,,,,,,,,,0500000US20055,"Finney County, Kansas",,,20,38001
20057,"Ford County, Kansas",KS,50,0,,,,20,57,,,,,,,,,,,,,,,,,.,.,,,,,,,,,,,,,,0500000US20057,"Ford County, Kansas",,,20,34133
20059,"Franklin County, Kansas",KS,50,0,,,,20,59,,,,,,,,,,,,,,,,,.,.,,,,,,,,,,,,,,0500000US20059,"Franklin County, Kansas",,,20,25994
20061,"Geary County, Kansas",KS,50,0,,,,20,61,,,,,,,,,,,,,,,,,.,.,,,,,,,,,,,,,,0500000US20061,"Geary County, Kansas",,,20,35895
20063,"Gove County, Kansas",KS,50,0,,,,20,63,,,,,,,,,,,,,,,,,.,.,,,,,,,,,,,,,,0500000US20063,"Gove County, Kansas",,,20,2796
20065,"Graham County, Kansas",KS,50,0,,,,20,65,,,,,,,,,,,,,,,,,.,.,,,,,,,,,,,,,,0500000US20065,"Graham County, Kansas",,,20,2406
20067,"Grant County, Kansas",KS,50,0,,,,20,67,,,,,,,,,,,,,,,,,.,.,,,,,,,,,,,,,,0500000US20067,"Grant County, Kansas",,,20,7284
20069,"Gray County, Kansas",KS,50,0,,,,20,69,,,,,,,,,,,,,,,,,.,.,,,,,,,,,,,,,,0500000US20069,"Gray County, Kansas",,,20,5696
20071,"Greeley County, Kansas",KS,50,0,,,,20,71,,,,,,,,,,,,,,,,,.,.,,,,,,,,,,,,,,0500000US20071,"Greeley County, Kansas",,,20,1296
20073,"Greenwood County, Kansas",KS,50,0,,,,20,73,,,,,,,,,,,,,,,,,.,.,,,,,,,,,,,,,,0500000US20073,"Greenwood County, Kansas",,,20,5956
20075,"Hamilton County, Kansas",KS,50,0,,,,20,75,,,,,,,,,,,,,,,,,.,.,,,,,,,,,,,,,,0500000US20075,"Hamilton County, Kansas",,,20,2485
20077,"Harper County, Kansas",KS,50,0,,,,20,77,,,,,,,,,,,,,,,,,.,.,,,,,,,,,,,,,,0500000US20077,"Harper County, Kansas",,,20,5446
20079,"Harvey County, Kansas",KS,50,0,,,,20,79,,,,,,,,,,,,,,,,,.,.,,,,,,,,,,,,,,0500000US20079,"Harvey County, Kansas",,,20,33823
20081,"Haskell County, Kansas",KS,50,0,,,,20,81,,,,,,,,,,,,,,,,,.,.,,,,,,,,,,,,,,0500000US20081,"Haskell County, Kansas",,,20,3695
20083,"Hodgeman County, Kansas",KS,50,0,,,,20,83,,,,,,,,,,,,,,,,,.,.,,,,,,,,,,,,,,0500000US20083,"Hodgeman County, Kansas",,,20,1676
20085,"Jackson County, Kansas",KS,50,0,,,,20,85,,,,,,,,,,,,,,,,,.,.,,,,,,,,,,,,,,0500000US20085,"Jackson County, Kansas",,,20,13277
20087,"Jefferson County, Kansas",KS,50,0,,,,20,87,,,,,,,,,,,,,,,,,.,.,,,,,,,,,,,,,,0500000US20087,"Jefferson County, Kansas",,,20,18391
20089,"Jewell County, Kansas",KS,50,0,,,,20,89,,,,,,,,,,,,,,,,,.,.,,,,,,,,,,,,,,0500000US20089,"Jewell County, Kansas",,,20,2909
20091,"Johnson County, Kansas",KS,50,0,,,,20,91,,,,,,,,,,,,,,,,,.,.,,,,,,,,,,,,,,0500000US20091,"Johnson County, Kansas",,,20,614764
20093,"Kearny County, Kansas",KS,50,0,,,,20,93,,,,,,,,,,,,,,,,,.,.,,,,,,,,,,,,,,0500000US20093,"Kearny County, Kansas",,,20,3910
20095,"Kingman County, Kansas",KS,50,0,,,,20,95,,,,,,,,,,,,,,,,,.,.,,,,,,,,,,,,,,0500000US20095,"Kingman County, Kansas",,,20,7284
20097,"Kiowa County, Kansas",KS,50,0,,,,20,97,,,,,,,,,,,,,,,,,.,.,,,,,,,,,,,,,,0500000US20097,"Kiowa County, Kansas",,,20,2422
20099,"Labette County, Kansas",KS,50,0,,,,20,99,,,,,,,,,,,,,,,,,.,.,,,,,,,,,,,,,,0500000US20099,"Labette County, Kansas",,,20,19949
20101,"Lane County, Kansas",KS,50,0,,,,20,101,,,,,,,,,,,,,,,,,.,.,,,,,,,,,,,,,,0500000US20101,"Lane County, Kansas",,,20,1497
20103,"Leavenworth County, Kansas",KS,50,0,,,,20,103,,,,,,,,,,,,,,,,,.,.,,,,,,,,,,,,,,0500000US20103,"Leavenworth County, Kansas",,,20,82493
20105,"Lincoln County, Kansas",KS,50,0,,,,20,105,,,,,,,,,,,,,,,,,.,.,,,,,,,,,,,,,,0500000US20105,"Lincoln County, Kansas",,,20,2924
20107,"Linn County, Kansas",KS,50,0,,,,20,107,,,,,,,,,,,,,,,,,.,.,,,,,,,,,,,,,,0500000US20107,"Linn County, Kansas",,,20,9723
20109,"Logan County, Kansas",KS,50,0,,,,20,109,,,,,,,,,,,,,,,,,.,.,,,,,,,,,,,,,,0500000US20109,"Logan County, Kansas",,,20,2720
20111,"Lyon County, Kansas",KS,50,0,,,,20,111,,,,,,,,,,,,,,,,,.,.,,,,,,,,,,,,,,0500000US20111,"Lyon County, Kansas",,,20,32145
20113,"McPherson County, Kansas",KS,50,0,,,,20,113,,,,,,,,,,,,,,,,,.,.,,,,,,,,,,,,,,0500000US20113,"McPherson County, Kansas",,,20,30130
20115,"Marion County, Kansas",KS,50,0,,,,20,115,,,,,,,,,,,,,,,,,.,.,,,,,,,,,,,,,,0500000US20115,"Marion County, Kansas",,,20,11795
20117,"Marshall County, Kansas",KS,50,0,,,,20,117,,,,,,,,,,,,,,,,,.,.,,,,,,,,,,,,,,0500000US20117,"Marshall County, Kansas",,,20,10001
20119,"Meade County, Kansas",KS,50,0,,,,20,119,,,,,,,,,,,,,,,,,.,.,,,,,,,,,,,,,,0500000US20119,"Meade County, Kansas",,,20,3949
20121,"Miami County, Kansas",KS,50,0,,,,20,121,,,,,,,,,,,,,,,,,.,.,,,,,,,,,,,,,,0500000US20121,"Miami County, Kansas",,,20,34625
20123,"Mitchell County, Kansas",KS,50,0,,,,20,123,,,,,,,,,,,,,,,,,.,.,,,,,,,,,,,,,,0500000US20123,"Mitchell County, Kansas",,,20,5767
20125,"Montgomery County, Kansas",KS,50,0,,,,20,125,,,,,,,,,,,,,,,,,.,.,,,,,,,,,,,,,,0500000US20125,"Montgomery County, Kansas",,,20,31143
20127,"Morris County, Kansas",KS,50,0,,,,20,127,,,,,,,,,,,,,,,,,.,.,,,,,,,,,,,,,,0500000US20127,"Morris County, Kansas",,,20,5388
20129,"Morton County, Kansas",KS,50,0,,,,20,129,,,,,,,,,,,,,,,,,.,.,,,,,,,,,,,,,,0500000US20129,"Morton County, Kansas",,,20,2647
20131,"Nemaha County, Kansas",KS,50,0,,,,20,131,,,,,,,,,,,,,,,,,.,.,,,,,,,,,,,,,,0500000US20131,"Nemaha County, Kansas",,,20,10213
20133,"Neosho County, Kansas",KS,50,0,,,,20,133,,,,,,,,,,,,,,,,,.,.,,,,,,,,,,,,,,0500000US20133,"Neosho County, Kansas",,,20,15715
20135,"Ness County, Kansas",KS,50,0,,,,20,135,,,,,,,,,,,,,,,,,.,.,,,,,,,,,,,,,,0500000US20135,"Ness County, Kansas",,,20,2659
20137,"Norton County, Kansas",KS,50,0,,,,20,137,,,,,,,,,,,,,,,,,.,.,,,,,,,,,,,,,,0500000US20137,"Norton County, Kansas",,,20,5392
20139,"Osage County, Kansas",KS,50,0,,,,20,139,,,,,,,,,,,,,,,,,.,.,,,,,,,,,,,,,,0500000US20139,"Osage County, Kansas",,,20,15780
20141,"Osborne County, Kansas",KS,50,0,,,,20,141,,,,,,,,,,,,,,,,,.,.,,,,,,,,,,,,,,0500000US20141,"Osborne County, Kansas",,,20,3473
20143,"Ottawa County, Kansas",KS,50,0,,,,20,143,,,,,,,,,,,,,,,,,.,.,,,,,,,,,,,,,,0500000US20143,"Ottawa County, Kansas",,,20,5782
20145,"Pawnee County, Kansas",KS,50,0,,,,20,145,,,,,,,,,,,,,,,,,.,.,,,,,,,,,,,,,,0500000US20145,"Pawnee County, Kansas",,,20,6220
20147,"Phillips County, Kansas",KS,50,0,,,,20,147,,,,,,,,,,,,,,,,,.,.,,,,,,,,,,,,,,0500000US20147,"Phillips County, Kansas",,,20,4874
20149,"Pottawatomie County, Kansas",KS,50,0,,,,20,149,,,,,,,,,,,,,,,,,.,.,,,,,,,,,,,,,,0500000US20149,"Pottawatomie County, Kansas",,,20,25808
20151,"Pratt County, Kansas",KS,50,0,,,,20,151,,,,,,,,,,,,,,,,,.,.,,,,,,,,,,,,,,0500000US20151,"Pratt County, Kansas",,,20,9120
20153,"Rawlins County, Kansas",KS,50,0,,,,20,153,,,,,,,,,,,,,,,,,.,.,,,,,,,,,,,,,,0500000US20153,"Rawlins County, Kansas",,,20,2533
20155,"Reno County, Kansas",KS,50,0,,,,20,155,,,,,,,,,,,,,,,,,.,.,,,,,,,,,,,,,,0500000US20155,"Reno County, Kansas",,,20,61693
20157,"Republic County, Kansas",KS,50,0,,,,20,157,,,,,,,,,,,,,,,,,.,.,,,,,,,,,,,,,,0500000US20157,"Republic County, Kansas",,,20,4662
20159,"Rice County, Kansas",KS,50,0,,,,20,159,,,,,,,,,,,,,,,,,.,.,,,,,,,,,,,,,,0500000US20159,"Rice County, Kansas",,,20,9389
20161,"Riley County, Kansas",KS,50,0,,,,20,161,,,,,,,,,,,,,,,,,.,.,,,,,,,,,,,,,,0500000US20161,"Riley County, Kansas",,,20,71710
20163,"Rooks County, Kansas",KS,50,0,,,,20,163,,,,,,,,,,,,,,,,,.,.,,,,,,,,,,,,,,0500000US20163,"Rooks County, Kansas",,,20,4869
20165,"Rush County, Kansas",KS,50,0,,,,20,165,,,,,,,,,,,,,,,,,.,.,,,,,,,,,,,,,,0500000US20165,"Rush County, Kansas",,,20,2957
20167,"Russell County, Kansas",KS,50,0,,,,20,167,,,,,,,,,,,,,,,,,.,.,,,,,,,,,,,,,,0500000US20167,"Russell County, Kansas",,,20,6717
20169,"Saline County, Kansas",KS,50,0,,,,20,169,,,,,,,,,,,,,,,,,.,.,,,,,,,,,,,,,,0500000US20169,"Saline County, Kansas",,,20,53801
20171,"Scott County, Kansas",KS,50,0,,,,20,171,,,,,,,,,,,,,,,,,.,.,,,,,,,,,,,,,,0500000US20171,"Scott County, Kansas",,,20,5071
20173,"Sedgwick County, Kansas",KS,50,0,,,,20,173,,,,,,,,,,,,,,,,,.,.,,,,,,,,,,,,,,0500000US20173,"Sedgwick County, Kansas",,,20,524810
20175,"Seward County, Kansas",KS,50,0,,,,20,175,,,,,,,,,,,,,,,,,.,.,,,,,,,,,,,,,,0500000US20175,"Seward County, Kansas",,,20,21640
20177,"Shawnee County, Kansas",KS,50,0,,,,20,177,,,,,,,,,,,,,,,,,.,.,,,,,,,,,,,,,,0500000US20177,"Shawnee County, Kansas",,,20,178315
20179,"Sheridan County, Kansas",KS,50,0,,,,20,179,,,,,,,,,,,,,,,,,.,.,,,,,,,,,,,,,,0500000US20179,"Sheridan County, Kansas",,,20,2442
20181,"Sherman County, Kansas",KS,50,0,,,,20,181,,,,,,,,,,,,,,,,,.,.,,,,,,,,,,,,,,0500000US20181,"Sherman County, Kansas",,,20,5919
20183,"Smith County, Kansas",KS,50,0,,,,20,183,,,,,,,,,,,,,,,,,.,.,,,,,,,,,,,,,,0500000US20183,"Smith County, Kansas",,,20,3579
20185,"Stafford County, Kansas",KS,50,0,,,,20,185,,,,,,,,,,,,,,,,,.,.,,,,,,,,,,,,,,0500000US20185,"Stafford County, Kansas",,,20,4004
20187,"Stanton County, Kansas",KS,50,0,,,,20,187,,,,,,,,,,,,,,,,,.,.,,,,,,,,,,,,,,0500000US20187,"Stanton County, Kansas",,,20,2018
20189,"Stevens County, Kansas",KS,50,0,,,,20,189,,,,,,,,,,,,,,,,,.,.,,,,,,,,,,,,,,0500000US20189,"Stevens County, Kansas",,,20,5212
20191,"Sumner County, Kansas",KS,50,0,,,,20,191,,,,,,,,,,,,,,,,,.,.,,,,,,,,,,,,,,0500000US20191,"Sumner County, Kansas",,,20,22386
20193,"Thomas County, Kansas",KS,50,0,,,,20,193,,,,,,,,,,,,,,,,,.,.,,,,,,,,,,,,,,0500000US20193,"Thomas County, Kansas",,,20,7913
20195,"Trego County, Kansas",KS,50,0,,,,20,195,,,,,,,,,,,,,,,,,.,.,,,,,,,,,,,,,,0500000US20195,"Trego County, Kansas",,,20,2778
20197,"Wabaunsee County, Kansas",KS,50,0,,,,20,197,,,,,,,,,,,,,,,,,.,.,,,,,,,,,,,,,,0500000US20197,"Wabaunsee County, Kansas",,,20,6961
20199,"Wallace County, Kansas",KS,50,0,,,,20,199,,,,,,,,,,,,,,,,,.,.,,,,,,,,,,,,,,0500000US20199,"Wallace County, Kansas",,,20,1459
20201,"Washington County, Kansas",KS,50,0,,,,20,201,,,,,,,,,,,,,,,,,.,.,,,,,,,,,,,,,,0500000US20201,"Washington County, Kansas",,,20,5519
20203,"Wichita County, Kansas",KS,50,0,,,,20,203,,,,,,,,,,,,,,,,,.,.,,,,,,,,,,,,,,0500000US20203,"Wichita County, Kansas",,,20,2115
20205,"Wilson County, Kansas",KS,50,0,,,,20,205,,,,,,,,,,,,,,,,,.,.,,,,,,,,,,,,,,0500000US20205,"Wilson County, Kansas",,,20,8559
20207,"Woodson County, Kansas",KS,50,0,,,,20,207,,,,,,,,,,,,,,,,,.,.,,,,,,,,,,,,,,0500000US20207,"Woodson County, Kansas",,,20,3118
20209,"Wyandotte County, Kansas",KS,50,0,,,,20,209,,,,,,,,,,,,,,,,,.,.,,,,,,,,,,,,,,0500000US20209,"Wyandotte County, Kansas",,,20,167277
21001,"Adair County, Kentucky",KY,50,0,,,,21,1,,,,,,,,,,,,,,,,,.,.,,,,,,,,,,,,,,0500000US21001,"Adair County, Kentucky",,,21,19016
21003,"Allen County, Kentucky",KY,50,0,,,,21,3,,,,,,,,,,,,,,,,,.,.,,,,,,,,,,,,,,0500000US21003,"Allen County, Kentucky",,,21,21029
21005,"Anderson County, Kentucky",KY,50,0,,,,21,5,,,,,,,,,,,,,,,,,.,.,,,,,,,,,,,,,,0500000US21005,"Anderson County, Kentucky",,,21,24098
21007,"Ballard County, Kentucky",KY,50,0,,,,21,7,,,,,,,,,,,,,,,,,.,.,,,,,,,,,,,,,,0500000US21007,"Ballard County, Kentucky",,,21,7678
21009,"Barren County, Kentucky",KY,50,0,,,,21,9,,,,,,,,,,,,,,,,,.,.,,,,,,,,,,,,,,0500000US21009,"Barren County, Kentucky",,,21,44670
21011,"Bath County, Kentucky",KY,50,0,,,,21,11,,,,,,,,,,,,,,,,,.,.,,,,,,,,,,,,,,0500000US21011,"Bath County, Kentucky",,,21,12812
21013,"Bell County, Kentucky",KY,50,0,,,,21,13,,,,,,,,,,,,,,,,,.,.,,,,,,,,,,,,,,0500000US21013,"Bell County, Kentucky",,,21,23878
21015,"Boone County, Kentucky",KY,50,0,,,,21,15,,,,,,,,,,,,,,,,,.,.,,,,,,,,,,,,,,0500000US21015,"Boone County, Kentucky",,,21,137676
21017,"Bourbon County, Kentucky",KY,50,0,,,,21,17,,,,,,,,,,,,,,,,,.,.,,,,,,,,,,,,,,0500000US21017,"Bourbon County, Kentucky",,,21,20174
21019,"Boyd County, Kentucky",KY,50,0,,,,21,19,,,,,,,,,,,,,,,,,.,.,,,,,,,,,,,,,,0500000US21019,"Boyd County, Kentucky",,,21,48043
21021,"Boyle County, Kentucky",KY,50,0,,,,21,21,,,,,,,,,,,,,,,,,.,.,,,,,,,,,,,,,,0500000US21021,"Boyle County, Kentucky",,,21,30708
21023,"Bracken County, Kentucky",KY,50,0,,,,21,23,,,,,,,,,,,,,,,,,.,.,,,,,,,,,,,,,,0500000US21023,"Bracken County, Kentucky",,,21,8427
21025,"Breathitt County, Kentucky",KY,50,0,,,,21,25,,,,,,,,,,,,,,,,,.,.,,,,,,,,,,,,,,0500000US21025,"Breathitt County, Kentucky",,,21,13438
21027,"Breckinridge County, Kentucky",KY,50,0,,,,21,27,,,,,,,,,,,,,,,,,.,.,,,,,,,,,,,,,,0500000US21027,"Breckinridge County, Kentucky",,,21,20722
21029,"Bullitt County, Kentucky",KY,50,0,,,,21,29,,,,,,,,,,,,,,,,,.,.,,,,,,,,,,,,,,0500000US21029,"Bullitt County, Kentucky",,,21,83209
21031,"Butler County, Kentucky",KY,50,0,,,,21,31,,,,,,,,,,,,,,,,,.,.,,,,,,,,,,,,,,0500000US21031,"Butler County, Kentucky",,,21,12373
21033,"Caldwell County, Kentucky",KY,50,0,,,,21,33,,,,,,,,,,,,,,,,,.,.,,,,,,,,,,,,,,0500000US21033,"Caldwell County, Kentucky",,,21,12631
21035,"Calloway County, Kentucky",KY,50,0,,,,21,35,,,,,,,,,,,,,,,,,.,.,,,,,,,,,,,,,,0500000US21035,"Calloway County, Kentucky",,,21,37882
21037,"Campbell County, Kentucky",KY,50,0,,,,21,37,,,,,,,,,,,,,,,,,.,.,,,,,,,,,,,,,,0500000US21037,"Campbell County, Kentucky",,,21,93193
21039,"Carlisle County, Kentucky",KY,50,0,,,,21,39,,,,,,,,,,,,,,,,,.,.,,,,,,,,,,,,,,0500000US21039,"Carlisle County, Kentucky",,,21,4763
21041,"Carroll County, Kentucky",KY,50,0,,,,21,41,,,,,,,,,,,,,,,,,.,.,,,,,,,,,,,,,,0500000US21041,"Carroll County, Kentucky",,,21,10878
21043,"Carter County, Kentucky",KY,50,0,,,,21,43,,,,,,,,,,,,,,,,,.,.,,,,,,,,,,,,,,0500000US21043,"Carter County, Kentucky",,,21,26515
21045,"Casey County, Kentucky",KY,50,0,,,,21,45,,,,,,,,,,,,,,,,,.,.,,,,,,,,,,,,,,0500000US21045,"Casey County, Kentucky",,,21,15951
21047,"Christian County, Kentucky",KY,50,0,,,,21,47,,,,,,,,,,,,,,,,,.,.,,,,,,,,,,,,,,0500000US21047,"Christian County, Kentucky",,,21,72599
21049,"Clark County, Kentucky",KY,50,0,,,,21,49,,,,,,,,,,,,,,,,,.,.,,,,,,,,,,,,,,0500000US21049,"Clark County, Kentucky",,,21,37004
21051,"Clay County, Kentucky",KY,50,0,,,,21,51,,,,,,,,,,,,,,,,,.,.,,,,,,,,,,,,,,0500000US21051,"Clay County, Kentucky",,,21,20105
21053,"Clinton County, Kentucky",KY,50,0,,,,21,53,,,,,,,,,,,,,,,,,.,.,,,,,,,,,,,,,,0500000US21053,"Clinton County, Kentucky",,,21,9240
21055,"Crittenden County, Kentucky",KY,50,0,,,,21,55,,,,,,,,,,,,,,,,,.,.,,,,,,,,,,,,,,0500000US21055,"Crittenden County, Kentucky",,,21,8972
21057,"Cumberland County, Kentucky",KY,50,0,,,,21,57,,,,,,,,,,,,,,,,,.,.,,,,,,,,,,,,,,0500000US21057,"Cumberland County, Kentucky",,,21,5948
21059,"Daviess County, Kentucky",KY,50,0,,,,21,59,,,,,,,,,,,,,,,,,.,.,,,,,,,,,,,,,,0500000US21059,"Daviess County, Kentucky",,,21,103195
21061,"Edmonson County, Kentucky",KY,50,0,,,,21,61,,,,,,,,,,,,,,,,,.,.,,,,,,,,,,,,,,0500000US21061,"Edmonson County, Kentucky",,,21,12243
21063,"Elliott County, Kentucky",KY,50,0,,,,21,63,,,,,,,,,,,,,,,,,.,.,,,,,,,,,,,,,,0500000US21063,"Elliott County, Kentucky",,,21,7336
21065,"Estill County, Kentucky",KY,50,0,,,,21,65,,,,,,,,,,,,,,,,,.,.,,,,,,,,,,,,,,0500000US21065,"Estill County, Kentucky",,,21,14079
21067,"Fayette County, Kentucky",KY,50,0,,,,21,67,,,,,,,,,,,,,,,,,.,.,,,,,,,,,,,,,,0500000US21067,"Fayette County, Kentucky",,,21,321122
21069,"Fleming County, Kentucky",KY,50,0,,,,21,69,,,,,,,,,,,,,,,,,.,.,,,,,,,,,,,,,,0500000US21069,"Fleming County, Kentucky",,,21,15221
21071,"Floyd County, Kentucky",KY,50,0,,,,21,71,,,,,,,,,,,,,,,,,.,.,,,,,,,,,,,,,,0500000US21071,"Floyd County, Kentucky",,,21,35342
21073,"Franklin County, Kentucky",KY,50,0,,,,21,73,,,,,,,,,,,,,,,,,.,.,,,,,,,,,,,,,,0500000US21073,"Franklin County, Kentucky",,,21,51563
21075,"Fulton County, Kentucky",KY,50,0,,,,21,75,,,,,,,,,,,,,,,,,.,.,,,,,,,,,,,,,,0500000US21075,"Fulton County, Kentucky",,,21,6440
21077,"Gallatin County, Kentucky",KY,50,0,,,,21,77,,,,,,,,,,,,,,,,,.,.,,,,,,,,,,,,,,0500000US21077,"Gallatin County, Kentucky",,,21,8749
21079,"Garrard County, Kentucky",KY,50,0,,,,21,79,,,,,,,,,,,,,,,,,.,.,,,,,,,,,,,,,,0500000US21079,"Garrard County, Kentucky",,,21,17346
21081,"Grant County, Kentucky",KY,50,0,,,,21,81,,,,,,,,,,,,,,,,,.,.,,,,,,,,,,,,,,0500000US21081,"Grant County, Kentucky",,,21,25238
21083,"Graves County, Kentucky",KY,50,0,,,,21,83,,,,,,,,,,,,,,,,,.,.,,,,,,,,,,,,,,0500000US21083,"Graves County, Kentucky",,,21,36612
21085,"Grayson County, Kentucky",KY,50,0,,,,21,85,,,,,,,,,,,,,,,,,.,.,,,,,,,,,,,,,,0500000US21085,"Grayson County, Kentucky",,,21,26586
21087,"Green County, Kentucky",KY,50,0,,,,21,87,,,,,,,,,,,,,,,,,.,.,,,,,,,,,,,,,,0500000US21087,"Green County, Kentucky",,,21,11278
21089,"Greenup County, Kentucky",KY,50,0,,,,21,89,,,,,,,,,,,,,,,,,.,.,,,,,,,,,,,,,,0500000US21089,"Greenup County, Kentucky",,,21,35639
21091,"Hancock County, Kentucky",KY,50,0,,,,21,91,,,,,,,,,,,,,,,,,.,.,,,,,,,,,,,,,,0500000US21091,"Hancock County, Kentucky",,,21,9032
21093,"Hardin County, Kentucky",KY,50,0,,,,21,93,,,,,,,,,,,,,,,,,.,.,,,,,,,,,,,,,,0500000US21093,"Hardin County, Kentucky",,,21,111452
21095,"Harlan County, Kentucky",KY,50,0,,,,21,95,,,,,,,,,,,,,,,,,.,.,,,,,,,,,,,,,,0500000US21095,"Harlan County, Kentucky",,,21,26185
21097,"Harrison County, Kentucky",KY,50,0,,,,21,97,,,,,,,,,,,,,,,,,.,.,,,,,,,,,,,,,,0500000US21097,"Harrison County, Kentucky",,,21,18971
21099,"Hart County, Kentucky",KY,50,0,,,,21,99,,,,,,,,,,,,,,,,,.,.,,,,,,,,,,,,,,0500000US21099,"Hart County, Kentucky",,,21,19470
21101,"Henderson County, Kentucky",KY,50,0,,,,21,101,,,,,,,,,,,,,,,,,.,.,,,,,,,,,,,,,,0500000US21101,"Henderson County, Kentucky",,,21,44493
21103,"Henry County, Kentucky",KY,50,0,,,,21,103,,,,,,,,,,,,,,,,,.,.,,,,,,,,,,,,,,0500000US21103,"Henry County, Kentucky",,,21,15774
21105,"Hickman County, Kentucky",KY,50,0,,,,21,105,,,,,,,,,,,,,,,,,.,.,,,,,,,,,,,,,,0500000US21105,"Hickman County, Kentucky",,,21,4470
21107,"Hopkins County, Kentucky",KY,50,0,,,,21,107,,,,,,,,,,,,,,,,,.,.,,,,,,,,,,,,,,0500000US21107,"Hopkins County, Kentucky",,,21,45143
21109,"Jackson County, Kentucky",KY,50,0,,,,21,109,,,,,,,,,,,,,,,,,.,.,,,,,,,,,,,,,,0500000US21109,"Jackson County, Kentucky",,,21,13003
21111,"Jefferson County, Kentucky",KY,50,0,,,,21,111,,,,,,,,,,,,,,,,,.,.,,,,,,,,,,,,,,0500000US21111,"Jefferson County, Kentucky",,,21,777392
21113,"Jessamine County, Kentucky",KY,50,0,,,,21,113,,,,,,,,,,,,,,,,,.,.,,,,,,,,,,,,,,0500000US21113,"Jessamine County, Kentucky",,,21,53792
21115,"Johnson County, Kentucky",KY,50,0,,,,21,115,,,,,,,,,,,,,,,,,.,.,,,,,,,,,,,,,,0500000US21115,"Johnson County, Kentucky",,,21,22464
21117,"Kenton County, Kentucky",KY,50,0,,,,21,117,,,,,,,,,,,,,,,,,.,.,,,,,,,,,,,,,,0500000US21117,"Kenton County, Kentucky",,,21,169817
21119,"Knott County, Kentucky",KY,50,0,,,,21,119,,,,,,,,,,,,,,,,,.,.,,,,,,,,,,,,,,0500000US21119,"Knott County, Kentucky",,,21,14046
21121,"Knox County, Kentucky",KY,50,0,,,,21,121,,,,,,,,,,,,,,,,,.,.,,,,,,,,,,,,,,0500000US21121,"Knox County, Kentucky",,,21,30034
21123,"Larue County, Kentucky",KY,50,0,,,,21,123,,,,,,,,,,,,,,,,,.,.,,,,,,,,,,,,,,0500000US21123,"Larue County, Kentucky",,,21,15028
21125,"Laurel County, Kentucky",KY,50,0,,,,21,125,,,,,,,,,,,,,,,,,.,.,,,,,,,,,,,,,,0500000US21125,"Laurel County, Kentucky",,,21,62731
21127,"Lawrence County, Kentucky",KY,50,0,,,,21,127,,,,,,,,,,,,,,,,,.,.,,,,,,,,,,,,,,0500000US21127,"Lawrence County, Kentucky",,,21,16171
21129,"Lee County, Kentucky",KY,50,0,,,,21,129,,,,,,,,,,,,,,,,,.,.,,,,,,,,,,,,,,0500000US21129,"Lee County, Kentucky",,,21,7375
21131,"Leslie County, Kentucky",KY,50,0,,,,21,131,,,,,,,,,,,,,,,,,.,.,,,,,,,,,,,,,,0500000US21131,"Leslie County, Kentucky",,,21,10261
21133,"Letcher County, Kentucky",KY,50,0,,,,21,133,,,,,,,,,,,,,,,,,.,.,,,,,,,,,,,,,,0500000US21133,"Letcher County, Kentucky",,,21,21146
21135,"Lewis County, Kentucky",KY,50,0,,,,21,135,,,,,,,,,,,,,,,,,.,.,,,,,,,,,,,,,,0500000US21135,"Lewis County, Kentucky",,,21,13028
21137,"Lincoln County, Kentucky",KY,50,0,,,,21,137,,,,,,,,,,,,,,,,,.,.,,,,,,,,,,,,,,0500000US21137,"Lincoln County, Kentucky",,,21,24415
21139,"Livingston County, Kentucky",KY,50,0,,,,21,139,,,,,,,,,,,,,,,,,.,.,,,,,,,,,,,,,,0500000US21139,"Livingston County, Kentucky",,,21,8941
21141,"Logan County, Kentucky",KY,50,0,,,,21,141,,,,,,,,,,,,,,,,,.,.,,,,,,,,,,,,,,0500000US21141,"Logan County, Kentucky",,,21,27731
21143,"Lyon County, Kentucky",KY,50,0,,,,21,143,,,,,,,,,,,,,,,,,.,.,,,,,,,,,,,,,,0500000US21143,"Lyon County, Kentucky",,,21,8831
21145,"McCracken County, Kentucky",KY,50,0,,,,21,145,,,,,,,,,,,,,,,,,.,.,,,,,,,,,,,,,,0500000US21145,"McCracken County, Kentucky",,,21,67584
21147,"McCreary County, Kentucky",KY,50,0,,,,21,147,,,,,,,,,,,,,,,,,.,.,,,,,,,,,,,,,,0500000US21147,"McCreary County, Kentucky",,,21,16905
21149,"McLean County, Kentucky",KY,50,0,,,,21,149,,,,,,,,,,,,,,,,,.,.,,,,,,,,,,,,,,0500000US21149,"McLean County, Kentucky",,,21,9127
21151,"Madison County, Kentucky",KY,50,0,,,,21,151,,,,,,,,,,,,,,,,,.,.,,,,,,,,,,,,,,0500000US21151,"Madison County, Kentucky",,,21,94064
21153,"Magoffin County, Kentucky",KY,50,0,,,,21,153,,,,,,,,,,,,,,,,,.,.,,,,,,,,,,,,,,0500000US21153,"Magoffin County, Kentucky",,,21,11495
21155,"Marion County, Kentucky",KY,50,0,,,,21,155,,,,,,,,,,,,,,,,,.,.,,,,,,,,,,,,,,0500000US21155,"Marion County, Kentucky",,,21,19680
21157,"Marshall County, Kentucky",KY,50,0,,,,21,157,,,,,,,,,,,,,,,,,.,.,,,,,,,,,,,,,,0500000US21157,"Marshall County, Kentucky",,,21,31728
21159,"Martin County, Kentucky",KY,50,0,,,,21,159,,,,,,,,,,,,,,,,,.,.,,,,,,,,,,,,,,0500000US21159,"Martin County, Kentucky",,,21,11181
21161,"Mason County, Kentucky",KY,50,0,,,,21,161,,,,,,,,,,,,,,,,,.,.,,,,,,,,,,,,,,0500000US21161,"Mason County, Kentucky",,,21,16995
21163,"Meade County, Kentucky",KY,50,0,,,,21,163,,,,,,,,,,,,,,,,,.,.,,,,,,,,,,,,,,0500000US21163,"Meade County, Kentucky",,,21,30032
21165,"Menifee County, Kentucky",KY,50,0,,,,21,165,,,,,,,,,,,,,,,,,.,.,,,,,,,,,,,,,,0500000US21165,"Menifee County, Kentucky",,,21,6203
21167,"Mercer County, Kentucky",KY,50,0,,,,21,167,,,,,,,,,,,,,,,,,.,.,,,,,,,,,,,,,,0500000US21167,"Mercer County, Kentucky",,,21,22824
21169,"Metcalfe County, Kentucky",KY,50,0,,,,21,169,,,,,,,,,,,,,,,,,.,.,,,,,,,,,,,,,,0500000US21169,"Metcalfe County, Kentucky",,,21,10372
21171,"Monroe County, Kentucky",KY,50,0,,,,21,171,,,,,,,,,,,,,,,,,.,.,,,,,,,,,,,,,,0500000US21171,"Monroe County, Kentucky",,,21,11318
21173,"Montgomery County, Kentucky",KY,50,0,,,,21,173,,,,,,,,,,,,,,,,,.,.,,,,,,,,,,,,,,0500000US21173,"Montgomery County, Kentucky",,,21,28271
21175,"Morgan County, Kentucky",KY,50,0,,,,21,175,,,,,,,,,,,,,,,,,.,.,,,,,,,,,,,,,,0500000US21175,"Morgan County, Kentucky",,,21,13938
21177,"Muhlenberg County, Kentucky",KY,50,0,,,,21,177,,,,,,,,,,,,,,,,,.,.,,,,,,,,,,,,,,0500000US21177,"Muhlenberg County, Kentucky",,,21,30712
21179,"Nelson County, Kentucky",KY,50,0,,,,21,179,,,,,,,,,,,,,,,,,.,.,,,,,,,,,,,,,,0500000US21179,"Nelson County, Kentucky",,,21,47102
21181,"Nicholas County, Kentucky",KY,50,0,,,,21,181,,,,,,,,,,,,,,,,,.,.,,,,,,,,,,,,,,0500000US21181,"Nicholas County, Kentucky",,,21,7655
21183,"Ohio County, Kentucky",KY,50,0,,,,21,183,,,,,,,,,,,,,,,,,.,.,,,,,,,,,,,,,,0500000US21183,"Ohio County, Kentucky",,,21,23704
21185,"Oldham County, Kentucky",KY,50,0,,,,21,185,,,,,,,,,,,,,,,,,.,.,,,,,,,,,,,,,,0500000US21185,"Oldham County, Kentucky",,,21,68600
21187,"Owen County, Kentucky",KY,50,0,,,,21,187,,,,,,,,,,,,,,,,,.,.,,,,,,,,,,,,,,0500000US21187,"Owen County, Kentucky",,,21,11270
21189,"Owsley County, Kentucky",KY,50,0,,,,21,189,,,,,,,,,,,,,,,,,.,.,,,,,,,,,,,,,,0500000US21189,"Owsley County, Kentucky",,,21,4021
21191,"Pendleton County, Kentucky",KY,50,0,,,,21,191,,,,,,,,,,,,,,,,,.,.,,,,,,,,,,,,,,0500000US21191,"Pendleton County, Kentucky",,,21,14683
21193,"Perry County, Kentucky",KY,50,0,,,,21,193,,,,,,,,,,,,,,,,,.,.,,,,,,,,,,,,,,0500000US21193,"Perry County, Kentucky",,,21,27847
21195,"Pike County, Kentucky",KY,50,0,,,,21,195,,,,,,,,,,,,,,,,,.,.,,,,,,,,,,,,,,0500000US21195,"Pike County, Kentucky",,,21,57466
21197,"Powell County, Kentucky",KY,50,0,,,,21,197,,,,,,,,,,,,,,,,,.,.,,,,,,,,,,,,,,0500000US21197,"Powell County, Kentucky",,,21,13057
21199,"Pulaski County, Kentucky",KY,50,0,,,,21,199,,,,,,,,,,,,,,,,,.,.,,,,,,,,,,,,,,0500000US21199,"Pulaski County, Kentucky",,,21,65503
21201,"Robertson County, Kentucky",KY,50,0,,,,21,201,,,,,,,,,,,,,,,,,.,.,,,,,,,,,,,,,,0500000US21201,"Robertson County, Kentucky",,,21,2239
21203,"Rockcastle County, Kentucky",KY,50,0,,,,21,203,,,,,,,,,,,,,,,,,.,.,,,,,,,,,,,,,,0500000US21203,"Rockcastle County, Kentucky",,,21,16144
21205,"Rowan County, Kentucky",KY,50,0,,,,21,205,,,,,,,,,,,,,,,,,.,.,,,,,,,,,,,,,,0500000US21205,"Rowan County, Kentucky",,,21,24525
21207,"Russell County, Kentucky",KY,50,0,,,,21,207,,,,,,,,,,,,,,,,,.,.,,,,,,,,,,,,,,0500000US21207,"Russell County, Kentucky",,,21,18117
21209,"Scott County, Kentucky",KY,50,0,,,,21,209,,,,,,,,,,,,,,,,,.,.,,,,,,,,,,,,,,0500000US21209,"Scott County, Kentucky",,,21,58269
21211,"Shelby County, Kentucky",KY,50,0,,,,21,211,,,,,,,,,,,,,,,,,.,.,,,,,,,,,,,,,,0500000US21211,"Shelby County, Kentucky",,,21,48599
21213,"Simpson County, Kentucky",KY,50,0,,,,21,213,,,,,,,,,,,,,,,,,.,.,,,,,,,,,,,,,,0500000US21213,"Simpson County, Kentucky",,,21,19786
21215,"Spencer County, Kentucky",KY,50,0,,,,21,215,,,,,,,,,,,,,,,,,.,.,,,,,,,,,,,,,,0500000US21215,"Spencer County, Kentucky",,,21,19875
21217,"Taylor County, Kentucky",KY,50,0,,,,21,217,,,,,,,,,,,,,,,,,.,.,,,,,,,,,,,,,,0500000US21217,"Taylor County, Kentucky",,,21,26205
21219,"Todd County, Kentucky",KY,50,0,,,,21,219,,,,,,,,,,,,,,,,,.,.,,,,,,,,,,,,,,0500000US21219,"Todd County, Kentucky",,,21,12330
21221,"Trigg County, Kentucky",KY,50,0,,,,21,221,,,,,,,,,,,,,,,,,.,.,,,,,,,,,,,,,,0500000US21221,"Trigg County, Kentucky",,,21,14211
21223,"Trimble County, Kentucky",KY,50,0,,,,21,223,,,,,,,,,,,,,,,,,.,.,,,,,,,,,,,,,,0500000US21223,"Trimble County, Kentucky",,,21,8531
21225,"Union County, Kentucky",KY,50,0,,,,21,225,,,,,,,,,,,,,,,,,.,.,,,,,,,,,,,,,,0500000US21225,"Union County, Kentucky",,,21,13379
21227,"Warren County, Kentucky",KY,50,0,,,,21,227,,,,,,,,,,,,,,,,,.,.,,,,,,,,,,,,,,0500000US21227,"Warren County, Kentucky",,,21,137549
21229,"Washington County, Kentucky",KY,50,0,,,,21,229,,,,,,,,,,,,,,,,,.,.,,,,,,,,,,,,,,0500000US21229,"Washington County, Kentucky",,,21,12091
21231,"Wayne County, Kentucky",KY,50,0,,,,21,231,,,,,,,,,,,,,,,,,.,.,,,,,,,,,,,,,,0500000US21231,"Wayne County, Kentucky",,,21,19592
21233,"Webster County, Kentucky",KY,50,0,,,,21,233,,,,,,,,,,,,,,,,,.,.,,,,,,,,,,,,,,0500000US21233,"Webster County, Kentucky",,,21,12873
21235,"Whitley County, Kentucky",KY,50,0,,,,21,235,,,,,,,,,,,,,,,,,.,.,,,,,,,,,,,,,,0500000US21235,"Whitley County, Kentucky",,,21,36755
21237,"Wolfe County, Kentucky",KY,50,0,,,,21,237,,,,,,,,,,,,,,,,,.,.,,,,,,,,,,,,,,0500000US21237,"Wolfe County, Kentucky",,,21,6484
21239,"Woodford County, Kentucky",KY,50,0,,,,21,239,,,,,,,,,,,,,,,,,.,.,,,,,,,,,,,,,,0500000US21239,"Woodford County, Kentucky",,,21,27017
22001,"Acadia Parish, Louisiana",LA,50,0,,,,22,1,,,,,,,,,,,,,,,,,.,.,,,,,,,,,,,,,,0500000US22001,"Acadia Parish, Louisiana",,,22,57218
22003,"Allen Parish, Louisiana",LA,50,0,,,,22,3,,,,,,,,,,,,,,,,,.,.,,,,,,,,,,,,,,0500000US22003,"Allen Parish, Louisiana",,,22,22552
22005,"Ascension Parish, Louisiana",LA,50,0,,,,22,5,,,,,,,,,,,,,,,,,.,.,,,,,,,,,,,,,,0500000US22005,"Ascension Parish, Louisiana",,,22,128593
22007,"Assumption Parish, Louisiana",LA,50,0,,,,22,7,,,,,,,,,,,,,,,,,.,.,,,,,,,,,,,,,,0500000US22007,"Assumption Parish, Louisiana",,,22,20720
22009,"Avoyelles Parish, Louisiana",LA,50,0,,,,22,9,,,,,,,,,,,,,,,,,.,.,,,,,,,,,,,,,,0500000US22009,"Avoyelles Parish, Louisiana",,,22,39176
22011,"Beauregard Parish, Louisiana",LA,50,0,,,,22,11,,,,,,,,,,,,,,,,,.,.,,,,,,,,,,,,,,0500000US22011,"Beauregard Parish, Louisiana",,,22,36646
22013,"Bienville Parish, Louisiana",LA,50,0,,,,22,13,,,,,,,,,,,,,,,,,.,.,,,,,,,,,,,,,,0500000US22013,"Bienville Parish, Louisiana",,,22,12769
22015,"Bossier Parish, Louisiana",LA,50,0,,,,22,15,,,,,,,,,,,,,,,,,.,.,,,,,,,,,,,,,,0500000US22015,"Bossier Parish, Louisiana",,,22,129134
22017,"Caddo Parish, Louisiana",LA,50,0,,,,22,17,,,,,,,,,,,,,,,,,.,.,,,,,,,,,,,,,,0500000US22017,"Caddo Parish, Louisiana",,,22,232973
22019,"Calcasieu Parish, Louisiana",LA,50,0,,,,22,19,,,,,,,,,,,,,,,,,.,.,,,,,,,,,,,,,,0500000US22019,"Calcasieu Parish, Louisiana",,,22,208668
22021,"Caldwell Parish, Louisiana",LA,50,0,,,,22,21,,,,,,,,,,,,,,,,,.,.,,,,,,,,,,,,,,0500000US22021,"Caldwell Parish, Louisiana",,,22,9563
22023,"Cameron Parish, Louisiana",LA,50,0,,,,22,23,,,,,,,,,,,,,,,,,.,.,,,,,,,,,,,,,,0500000US22023,"Cameron Parish, Louisiana",,,22,5222
22025,"Catahoula Parish, Louisiana",LA,50,0,,,,22,25,,,,,,,,,,,,,,,,,.,.,,,,,,,,,,,,,,0500000US22025,"Catahoula Parish, Louisiana",,,22,8738
22027,"Claiborne Parish, Louisiana",LA,50,0,,,,22,27,,,,,,,,,,,,,,,,,.,.,,,,,,,,,,,,,,0500000US22027,"Claiborne Parish, Louisiana",,,22,14019
22029,"Concordia Parish, Louisiana",LA,50,0,,,,22,29,,,,,,,,,,,,,,,,,.,.,,,,,,,,,,,,,,0500000US22029,"Concordia Parish, Louisiana",,,22,18325
22031,"De Soto Parish, Louisiana",LA,50,0,,,,22,31,,,,,,,,,,,,,,,,,.,.,,,,,,,,,,,,,,0500000US22031,"De Soto Parish, Louisiana",,,22,26897
22033,"East Baton Rouge Parish, Louisiana",LA,50,0,,,,22,33,,,,,,,,,,,,,,,,,.,.,,,,,,,,,,,,,,0500000US22033,"East Baton Rouge Parish, Louisiana",,,22,452821
22035,"East Carroll Parish, Louisiana",LA,50,0,,,,22,35,,,,,,,,,,,,,,,,,.,.,,,,,,,,,,,,,,0500000US22035,"East Carroll Parish, Louisiana",,,22,7195
22037,"East Feliciana Parish, Louisiana",LA,50,0,,,,22,37,,,,,,,,,,,,,,,,,.,.,,,,,,,,,,,,,,0500000US22037,"East Feliciana Parish, Louisiana",,,22,19378
22039,"Evangeline Parish, Louisiana",LA,50,0,,,,22,39,,,,,,,,,,,,,,,,,.,.,,,,,,,,,,,,,,0500000US22039,"Evangeline Parish, Louisiana",,,22,32162
22041,"Franklin Parish, Louisiana",LA,50,0,,,,22,41,,,,,,,,,,,,,,,,,.,.,,,,,,,,,,,,,,0500000US22041,"Franklin Parish, Louisiana",,,22,19590
22043,"Grant Parish, Louisiana",LA,50,0,,,,22,43,,,,,,,,,,,,,,,,,.,.,,,,,,,,,,,,,,0500000US22043,"Grant Parish, Louisiana",,,22,22123
22045,"Iberia Parish, Louisiana",LA,50,0,,,,22,45,,,,,,,,,,,,,,,,,.,.,,,,,,,,,,,,,,0500000US22045,"Iberia Parish, Louisiana",,,22,69194
22047,"Iberville Parish, Louisiana",LA,50,0,,,,22,47,,,,,,,,,,,,,,,,,.,.,,,,,,,,,,,,,,0500000US22047,"Iberville Parish, Louisiana",,,22,29950
22049,"Jackson Parish, Louisiana",LA,50,0,,,,22,49,,,,,,,,,,,,,,,,,.,.,,,,,,,,,,,,,,0500000US22049,"Jackson Parish, Louisiana",,,22,14939
22051,"Jefferson Parish, Louisiana",LA,50,0,,,,22,51,,,,,,,,,,,,,,,,,.,.,,,,,,,,,,,,,,0500000US22051,"Jefferson Parish, Louisiana",,,22,432484
22053,"Jefferson Davis Parish, Louisiana",LA,50,0,,,,22,53,,,,,,,,,,,,,,,,,.,.,,,,,,,,,,,,,,0500000US22053,"Jefferson Davis Parish, Louisiana",,,22,32083
22055,"Lafayette Parish, Louisiana",LA,50,0,,,,22,55,,,,,,,,,,,,,,,,,.,.,,,,,,,,,,,,,,0500000US22055,"Lafayette Parish, Louisiana",,,22,245075
22057,"Lafourche Parish, Louisiana",LA,50,0,,,,22,57,,,,,,,,,,,,,,,,,.,.,,,,,,,,,,,,,,0500000US22057,"Lafourche Parish, Louisiana",,,22,96670
22059,"LaSalle Parish, Louisiana",LA,50,0,,,,22,59,,,,,,,,,,,,,,,,,.,.,,,,,,,,,,,,,,0500000US22059,"LaSalle Parish, Louisiana",,,22,14804
22061,"Lincoln Parish, Louisiana",LA,50,0,,,,22,61,,,,,,,,,,,,,,,,,.,.,,,,,,,,,,,,,,0500000US22061,"Lincoln Parish, Louisiana",,,22,48160
22063,"Livingston Parish, Louisiana",LA,50,0,,,,22,63,,,,,,,,,,,,,,,,,.,.,,,,,,,,,,,,,,0500000US22063,"Livingston Parish, Louisiana",,,22,145583
22065,"Madison Parish, Louisiana",LA,50,0,,,,22,65,,,,,,,,,,,,,,,,,.,.,,,,,,,,,,,,,,0500000US22065,"Madison Parish, Louisiana",,,22,9757
22067,"Morehouse Parish, Louisiana",LA,50,0,,,,22,67,,,,,,,,,,,,,,,,,.,.,,,,,,,,,,,,,,0500000US22067,"Morehouse Parish, Louisiana",,,22,24967
22069,"Natchitoches Parish, Louisiana",LA,50,0,,,,22,69,,,,,,,,,,,,,,,,,.,.,,,,,,,,,,,,,,0500000US22069,"Natchitoches Parish, Louisiana",,,22,37047
22071,"Orleans Parish, Louisiana",LA,50,0,,,,22,71,,,,,,,,,,,,,,,,,.,.,,,,,,,,,,,,,,0500000US22071,"Orleans Parish, Louisiana",,,22,376035
22073,"Ouachita Parish, Louisiana",LA,50,0,,,,22,73,,,,,,,,,,,,,,,,,.,.,,,,,,,,,,,,,,0500000US22073,"Ouachita Parish, Louisiana",,,22,158916
22075,"Plaquemines Parish, Louisiana",LA,50,0,,,,22,75,,,,,,,,,,,,,,,,,.,.,,,,,,,,,,,,,,0500000US22075,"Plaquemines Parish, Louisiana",,,22,23070
22077,"Pointe Coupee Parish, Louisiana",LA,50,0,,,,22,77,,,,,,,,,,,,,,,,,.,.,,,,,,,,,,,,,,0500000US22077,"Pointe Coupee Parish, Louisiana",,,22,20438
22079,"Rapides Parish, Louisiana",LA,50,0,,,,22,79,,,,,,,,,,,,,,,,,.,.,,,,,,,,,,,,,,0500000US22079,"Rapides Parish, Louisiana",,,22,128470
22081,"Red River Parish, Louisiana",LA,50,0,,,,22,81,,,,,,,,,,,,,,,,,.,.,,,,,,,,,,,,,,0500000US22081,"Red River Parish, Louisiana",,,22,7529
22083,"Richland Parish, Louisiana",LA,50,0,,,,22,83,,,,,,,,,,,,,,,,,.,.,,,,,,,,,,,,,,0500000US22083,"Richland Parish, Louisiana",,,22,19908
22085,"Sabine Parish, Louisiana",LA,50,0,,,,22,85,,,,,,,,,,,,,,,,,.,.,,,,,,,,,,,,,,0500000US22085,"Sabine Parish, Louisiana",,,22,22085
22087,"St. Bernard Parish, Louisiana",LA,50,0,,,,22,87,,,,,,,,,,,,,,,,,.,.,,,,,,,,,,,,,,0500000US22087,"St. Bernard Parish, Louisiana",,,22,44172
22089,"St. Charles Parish, Louisiana",LA,50,0,,,,22,89,,,,,,,,,,,,,,,,,.,.,,,,,,,,,,,,,,0500000US22089,"St. Charles Parish, Louisiana",,,22,51863
22091,"St. Helena Parish, Louisiana",LA,50,0,,,,22,91,,,,,,,,,,,,,,,,,.,.,,,,,,,,,,,,,,0500000US22091,"St. Helena Parish, Louisiana",,,22,10849
22093,"St. James Parish, Louisiana",LA,50,0,,,,22,93,,,,,,,,,,,,,,,,,.,.,,,,,,,,,,,,,,0500000US22093,"St. James Parish, Louisiana",,,22,19797
22095,"St. John the Baptist Parish, Louisiana",LA,50,0,,,,22,95,,,,,,,,,,,,,,,,,.,.,,,,,,,,,,,,,,0500000US22095,"St. John the Baptist Parish, Louisiana",,,22,41342
22097,"St. Landry Parish, Louisiana",LA,50,0,,,,22,97,,,,,,,,,,,,,,,,,.,.,,,,,,,,,,,,,,0500000US22097,"St. Landry Parish, Louisiana",,,22,82128
22099,"St. Martin Parish, Louisiana",LA,50,0,,,,22,99,,,,,,,,,,,,,,,,,.,.,,,,,,,,,,,,,,0500000US22099,"St. Martin Parish, Louisiana",,,22,51559
22101,"St. Mary Parish, Louisiana",LA,50,0,,,,22,101,,,,,,,,,,,,,,,,,.,.,,,,,,,,,,,,,,0500000US22101,"St. Mary Parish, Louisiana",,,22,48455
22103,"St. Tammany Parish, Louisiana",LA,50,0,,,,22,103,,,,,,,,,,,,,,,,,.,.,,,,,,,,,,,,,,0500000US22103,"St. Tammany Parish, Louisiana",,,22,269331
22105,"Tangipahoa Parish, Louisiana",LA,50,0,,,,22,105,,,,,,,,,,,,,,,,,.,.,,,,,,,,,,,,,,0500000US22105,"Tangipahoa Parish, Louisiana",,,22,135218
22107,"Tensas Parish, Louisiana",LA,50,0,,,,22,107,,,,,,,,,,,,,,,,,.,.,,,,,,,,,,,,,,0500000US22107,"Tensas Parish, Louisiana",,,22,3992
22109,"Terrebonne Parish, Louisiana",LA,50,0,,,,22,109,,,,,,,,,,,,,,,,,.,.,,,,,,,,,,,,,,0500000US22109,"Terrebonne Parish, Louisiana",,,22,107362
22111,"Union Parish, Louisiana",LA,50,0,,,,22,111,,,,,,,,,,,,,,,,,.,.,,,,,,,,,,,,,,0500000US22111,"Union Parish, Louisiana",,,22,20914
22113,"Vermilion Parish, Louisiana",LA,50,0,,,,22,113,,,,,,,,,,,,,,,,,.,.,,,,,,,,,,,,,,0500000US22113,"Vermilion Parish, Louisiana",,,22,57031
22115,"Vernon Parish, Louisiana",LA,50,0,,,,22,115,,,,,,,,,,,,,,,,,.,.,,,,,,,,,,,,,,0500000US22115,"Vernon Parish, Louisiana",,,22,47764
22117,"Washington Parish, Louisiana",LA,50,0,,,,22,117,,,,,,,,,,,,,,,,,.,.,,,,,,,,,,,,,,0500000US22117,"Washington Parish, Louisiana",,,22,45238
22119,"Webster Parish, Louisiana",LA,50,0,,,,22,119,,,,,,,,,,,,,,,,,.,.,,,,,,,,,,,,,,0500000US22119,"Webster Parish, Louisiana",,,22,36189
22121,"West Baton Rouge Parish, Louisiana",LA,50,0,,,,22,121,,,,,,,,,,,,,,,,,.,.,,,,,,,,,,,,,,0500000US22121,"West Baton Rouge Parish, Louisiana",,,22,27666
22123,"West Carroll Parish, Louisiana",LA,50,0,,,,22,123,,,,,,,,,,,,,,,,,.,.,,,,,,,,,,,,,,0500000US22123,"West Carroll Parish, Louisiana",,,22,9622
22125,"West Feliciana Parish, Louisiana",LA,50,0,,,,22,125,,,,,,,,,,,,,,,,,.,.,,,,,,,,,,,,,,0500000US22125,"West Feliciana Parish, Louisiana",,,22,15381
22127,"Winn Parish, Louisiana",LA,50,0,,,,22,127,,,,,,,,,,,,,,,,,.,.,,,,,,,,,,,,,,0500000US22127,"Winn Parish, Louisiana",,,22,13506
23001,"Androscoggin County, Maine",ME,50,0,,,,23,1,,,,,,,,,,,,,,,,,.,.,,,,,,,,,,,,,,0500000US23001,"Androscoggin County, Maine",,,23,112323
23003,"Aroostook County, Maine",ME,50,0,,,,23,3,,,,,,,,,,,,,,,,,.,.,,,,,,,,,,,,,,0500000US23003,"Aroostook County, Maine",,,23,67227
23005,"Cumberland County, Maine",ME,50,0,,,,23,5,,,,,,,,,,,,,,,,,.,.,,,,,,,,,,,,,,0500000US23005,"Cumberland County, Maine",,,23,305940
23007,"Franklin County, Maine",ME,50,0,,,,23,7,,,,,,,,,,,,,,,,,.,.,,,,,,,,,,,,,,0500000US23007,"Franklin County, Maine",,,23,30145
23009,"Hancock County, Maine",ME,50,0,,,,23,9,,,,,,,,,,,,,,,,,.,.,,,,,,,,,,,,,,0500000US23009,"Hancock County, Maine",,,23,56084
23011,"Kennebec County, Maine",ME,50,0,,,,23,11,,,,,,,,,,,,,,,,,.,.,,,,,,,,,,,,,,0500000US23011,"Kennebec County, Maine",,,23,125614
23013,"Knox County, Maine",ME,50,0,,,,23,13,,,,,,,,,,,,,,,,,.,.,,,,,,,,,,,,,,0500000US23013,"Knox County, Maine",,,23,40860
23015,"Lincoln County, Maine",ME,50,0,,,,23,15,,,,,,,,,,,,,,,,,.,.,,,,,,,,,,,,,,0500000US23015,"Lincoln County, Maine",,,23,35840
23017,"Oxford County, Maine",ME,50,0,,,,23,17,,,,,,,,,,,,,,,,,.,.,,,,,,,,,,,,,,0500000US23017,"Oxford County, Maine",,,23,58728
23019,"Penobscot County, Maine",ME,50,0,,,,23,19,,,,,,,,,,,,,,,,,.,.,,,,,,,,,,,,,,0500000US23019,"Penobscot County, Maine",,,23,153571
23021,"Piscataquis County, Maine",ME,50,0,,,,23,21,,,,,,,,,,,,,,,,,.,.,,,,,,,,,,,,,,0500000US23021,"Piscataquis County, Maine",,,23,17125
23023,"Sagadahoc County, Maine",ME,50,0,,,,23,23,,,,,,,,,,,,,,,,,.,.,,,,,,,,,,,,,,0500000US23023,"Sagadahoc County, Maine",,,23,37093
23025,"Somerset County, Maine",ME,50,0,,,,23,25,,,,,,,,,,,,,,,,,.,.,,,,,,,,,,,,,,0500000US23025,"Somerset County, Maine",,,23,50852
23027,"Waldo County, Maine",ME,50,0,,,,23,27,,,,,,,,,,,,,,,,,.,.,,,,,,,,,,,,,,0500000US23027,"Waldo County, Maine",,,23,40006
23029,"Washington County, Maine",ME,50,0,,,,23,29,,,,,,,,,,,,,,,,,.,.,,,,,,,,,,,,,,0500000US23029,"Washington County, Maine",,,23,31261
23031,"York County, Maine",ME,50,0,,,,23,31,,,,,,,,,,,,,,,,,.,.,,,,,,,,,,,,,,0500000US23031,"York County, Maine",,,23,214731
24001,"Allegany County, Maryland",MD,50,0,,,,24,1,,,,,,,,,,,,,,,,,.,.,,,,,,,,,,,,,,0500000US24001,"Allegany County, Maryland",,,24,67762
24003,"Anne Arundel County, Maryland",MD,50,0,,,,24,3,,,,,,,,,,,,,,,,,.,.,,,,,,,,,,,,,,0500000US24003,"Anne Arundel County, Maryland",,,24,590936
24005,"Baltimore County, Maryland",MD,50,0,,,,24,5,,,,,,,,,,,,,,,,,.,.,,,,,,,,,,,,,,0500000US24005,"Baltimore County, Maryland",,,24,849586
24009,"Calvert County, Maryland",MD,50,0,,,,24,9,,,,,,,,,,,,,,,,,.,.,,,,,,,,,,,,,,0500000US24009,"Calvert County, Maryland",,,24,93791
24011,"Caroline County, Maryland",MD,50,0,,,,24,11,,,,,,,,,,,,,,,,,.,.,,,,,,,,,,,,,,0500000US24011,"Caroline County, Maryland",,,24,33406
24013,"Carroll County, Maryland",MD,50,0,,,,24,13,,,,,,,,,,,,,,,,,.,.,,,,,,,,,,,,,,0500000US24013,"Carroll County, Maryland",,,24,174318
24015,"Cecil County, Maryland",MD,50,0,,,,24,15,,,,,,,,,,,,,,,,,.,.,,,,,,,,,,,,,,0500000US24015,"Cecil County, Maryland",,,24,104366
24017,"Charles County, Maryland",MD,50,0,,,,24,17,,,,,,,,,,,,,,,,,.,.,,,,,,,,,,,,,,0500000US24017,"Charles County, Maryland",,,24,168710
24019,"Dorchester County, Maryland",MD,50,0,,,,24,19,,,,,,,,,,,,,,,,,.,.,,,,,,,,,,,,,,0500000US24019,"Dorchester County, Maryland",,,24,32612
24021,"Frederick County, Maryland",MD,50,0,,,,24,21,,,,,,,,,,,,,,,,,.,.,,,,,,,,,,,,,,0500000US24021,"Frederick County, Maryland",,,24,280341
24023,"Garrett County, Maryland",MD,50,0,,,,24,23,,,,,,,,,,,,,,,,,.,.,,,,,,,,,,,,,,0500000US24023,"Garrett County, Maryland",,,24,28713
24025,"Harford County, Maryland",MD,50,0,,,,24,25,,,,,,,,,,,,,,,,,.,.,,,,,,,,,,,,,,0500000US24025,"Harford County, Maryland",,,24,262509
24027,"Howard County, Maryland",MD,50,0,,,,24,27,,,,,,,,,,,,,,,,,.,.,,,,,,,,,,,,,,0500000US24027,"Howard County, Maryland",,,24,333916
24029,"Kent County, Maryland",MD,50,0,,,,24,29,,,,,,,,,,,,,,,,,.,.,,,,,,,,,,,,,,0500000US24029,"Kent County, Maryland",,,24,19265
24031,"Montgomery County, Maryland",MD,50,0,,,,24,31,,,,,,,,,,,,,,,,,.,.,,,,,,,,,,,,,,0500000US24031,"Montgomery County, Maryland",,,24,1057586
24033,"Prince George's County, Maryland",MD,50,0,,,,24,33,,,,,,,,,,,,,,,,,.,.,,,,,,,,,,,,,,0500000US24033,"Prince George's County, Maryland",,,24,955584
24035,"Queen Anne's County, Maryland",MD,50,0,,,,24,35,,,,,,,,,,,,,,,,,.,.,,,,,,,,,,,,,,0500000US24035,"Queen Anne's County, Maryland",,,24,50951
24037,"St. Mary's County, Maryland",MD,50,0,,,,24,37,,,,,,,,,,,,,,,,,.,.,,,,,,,,,,,,,,0500000US24037,"St. Mary's County, Maryland",,,24,114372
24039,"Somerset County, Maryland",MD,50,0,,,,24,39,,,,,,,,,,,,,,,,,.,.,,,,,,,,,,,,,,0500000US24039,"Somerset County, Maryland",,,24,24685
24041,"Talbot County, Maryland",MD,50,0,,,,24,41,,,,,,,,,,,,,,,,,.,.,,,,,,,,,,,,,,0500000US24041,"Talbot County, Maryland",,,24,37707
24043,"Washington County, Maryland",MD,50,0,,,,24,43,,,,,,,,,,,,,,,,,.,.,,,,,,,,,,,,,,0500000US24043,"Washington County, Maryland",,,24,155033
24045,"Wicomico County, Maryland",MD,50,0,,,,24,45,,,,,,,,,,,,,,,,,.,.,,,,,,,,,,,,,,0500000US24045,"Wicomico County, Maryland",,,24,104117
24047,"Worcester County, Maryland",MD,50,0,,,,24,47,,,,,,,,,,,,,,,,,.,.,,,,,,,,,,,,,,0500000US24047,"Worcester County, Maryland",,,24,53279
24510,"Baltimore city, Maryland",MD,50,0,,,,24,510,,,,,,,,,,,,,,,,,.,.,,,,,,,,,,,,,,0500000US24510,"Baltimore city, Maryland",,,24,577193
25001,"Barnstable County, Massachusetts",MA,50,0,,,,25,1,,,,,,,,,,,,,,,,,.,.,,,,,,,,,,,,,,0500000US25001,"Barnstable County, Massachusetts",,,25,230073
25003,"Berkshire County, Massachusetts",MA,50,0,,,,25,3,,,,,,,,,,,,,,,,,.,.,,,,,,,,,,,,,,0500000US25003,"Berkshire County, Massachusetts",,,25,128047
25005,"Bristol County, Massachusetts",MA,50,0,,,,25,5,,,,,,,,,,,,,,,,,.,.,,,,,,,,,,,,,,0500000US25005,"Bristol County, Massachusetts",,,25,578436
25007,"Dukes County, Massachusetts",MA,50,0,,,,25,7,,,,,,,,,,,,,,,,,.,.,,,,,,,,,,,,,,0500000US25007,"Dukes County, Massachusetts",,,25,20751
25009,"Essex County, Massachusetts",MA,50,0,,,,25,9,,,,,,,,,,,,,,,,,.,.,,,,,,,,,,,,,,0500000US25009,"Essex County, Massachusetts",,,25,807258
25011,"Franklin County, Massachusetts",MA,50,0,,,,25,11,,,,,,,,,,,,,,,,,.,.,,,,,,,,,,,,,,0500000US25011,"Franklin County, Massachusetts",,,25,70922
25013,"Hampden County, Massachusetts",MA,50,0,,,,25,13,,,,,,,,,,,,,,,,,.,.,,,,,,,,,,,,,,0500000US25013,"Hampden County, Massachusetts",,,25,462853
25015,"Hampshire County, Massachusetts",MA,50,0,,,,25,15,,,,,,,,,,,,,,,,,.,.,,,,,,,,,,,,,,0500000US25015,"Hampshire County, Massachusetts",,,25,156595
25017,"Middlesex County, Massachusetts",MA,50,0,,,,25,17,,,,,,,,,,,,,,,,,.,.,,,,,,,,,,,,,,0500000US25017,"Middlesex County, Massachusetts",,,25,1622896
25019,"Nantucket County, Massachusetts",MA,50,0,,,,25,19,,,,,,,,,,,,,,,,,.,.,,,,,,,,,,,,,,0500000US25019,"Nantucket County, Massachusetts",,,25,14299
25021,"Norfolk County, Massachusetts",MA,50,0,,,,25,21,,,,,,,,,,,,,,,,,.,.,,,,,,,,,,,,,,0500000US25021,"Norfolk County, Massachusetts",,,25,724540
25023,"Plymouth County, Massachusetts",MA,50,0,,,,25,23,,,,,,,,,,,,,,,,,.,.,,,,,,,,,,,,,,0500000US25023,"Plymouth County, Massachusetts",,,25,531889
25025,"Suffolk County, Massachusetts",MA,50,0,,,,25,25,,,,,,,,,,,,,,,,,.,.,,,,,,,,,,,,,,0500000US25025,"Suffolk County, Massachusetts",,,25,782172
25027,"Worcester County, Massachusetts",MA,50,0,,,,25,27,,,,,,,,,,,,,,,,,.,.,,,,,,,,,,,,,,0500000US25027,"Worcester County, Massachusetts",,,25,861664
26001,"Alcona County, Michigan",MI,50,0,,,,26,1,,,,,,,,,,,,,,,,,.,.,,,,,,,,,,,,,,0500000US26001,"Alcona County, Michigan",,,26,10310
26003,"Alger County, Michigan",MI,50,0,,,,26,3,,,,,,,,,,,,,,,,,.,.,,,,,,,,,,,,,,0500000US26003,"Alger County, Michigan",,,26,8813
26005,"Allegan County, Michigan",MI,50,0,,,,26,5,,,,,,,,,,,,,,,,,.,.,,,,,,,,,,,,,,0500000US26005,"Allegan County, Michigan",,,26,120913
26007,"Alpena County, Michigan",MI,50,0,,,,26,7,,,,,,,,,,,,,,,,,.,.,,,,,,,,,,,,,,0500000US26007,"Alpena County, Michigan",,,26,28908
26009,"Antrim County, Michigan",MI,50,0,,,,26,9,,,,,,,,,,,,,,,,,.,.,,,,,,,,,,,,,,0500000US26009,"Antrim County, Michigan",,,26,23876
26011,"Arenac County, Michigan",MI,50,0,,,,26,11,,,,,,,,,,,,,,,,,.,.,,,,,,,,,,,,,,0500000US26011,"Arenac County, Michigan",,,26,15054
26013,"Baraga County, Michigan",MI,50,0,,,,26,13,,,,,,,,,,,,,,,,,.,.,,,,,,,,,,,,,,0500000US26013,"Baraga County, Michigan",,,26,8249
26015,"Barry County, Michigan",MI,50,0,,,,26,15,,,,,,,,,,,,,,,,,.,.,,,,,,,,,,,,,,0500000US26015,"Barry County, Michigan",,,26,62982
26017,"Bay County, Michigan",MI,50,0,,,,26,17,,,,,,,,,,,,,,,,,.,.,,,,,,,,,,,,,,0500000US26017,"Bay County, Michigan",,,26,103235
26019,"Benzie County, Michigan",MI,50,0,,,,26,19,,,,,,,,,,,,,,,,,.,.,,,,,,,,,,,,,,0500000US26019,"Benzie County, Michigan",,,26,18177
26021,"Berrien County, Michigan",MI,50,0,,,,26,21,,,,,,,,,,,,,,,,,.,.,,,,,,,,,,,,,,0500000US26021,"Berrien County, Michigan",,,26,153411
26023,"Branch County, Michigan",MI,50,0,,,,26,23,,,,,,,,,,,,,,,,,.,.,,,,,,,,,,,,,,0500000US26023,"Branch County, Michigan",,,26,44914
26025,"Calhoun County, Michigan",MI,50,0,,,,26,25,,,,,,,,,,,,,,,,,.,.,,,,,,,,,,,,,,0500000US26025,"Calhoun County, Michigan",,,26,133846
26027,"Cass County, Michigan",MI,50,0,,,,26,27,,,,,,,,,,,,,,,,,.,.,,,,,,,,,,,,,,0500000US26027,"Cass County, Michigan",,,26,51606
26029,"Charlevoix County, Michigan",MI,50,0,,,,26,29,,,,,,,,,,,,,,,,,.,.,,,,,,,,,,,,,,0500000US26029,"Charlevoix County, Michigan",,,26,26143
26031,"Cheboygan County, Michigan",MI,50,0,,,,26,31,,,,,,,,,,,,,,,,,.,.,,,,,,,,,,,,,,0500000US26031,"Cheboygan County, Michigan",,,26,25778
26033,"Chippewa County, Michigan",MI,50,0,,,,26,33,,,,,,,,,,,,,,,,,.,.,,,,,,,,,,,,,,0500000US26033,"Chippewa County, Michigan",,,26,36448
26035,"Clare County, Michigan",MI,50,0,,,,26,35,,,,,,,,,,,,,,,,,.,.,,,,,,,,,,,,,,0500000US26035,"Clare County, Michigan",,,26,31109
26037,"Clinton County, Michigan",MI,50,0,,,,26,37,,,,,,,,,,,,,,,,,.,.,,,,,,,,,,,,,,0500000US26037,"Clinton County, Michigan",,,26,79419
26039,"Crawford County, Michigan",MI,50,0,,,,26,39,,,,,,,,,,,,,,,,,.,.,,,,,,,,,,,,,,0500000US26039,"Crawford County, Michigan",,,26,13271
26041,"Delta County, Michigan",MI,50,0,,,,26,41,,,,,,,,,,,,,,,,,.,.,,,,,,,,,,,,,,0500000US26041,"Delta County, Michigan",,,26,36829
26043,"Dickinson County, Michigan",MI,50,0,,,,26,43,,,,,,,,,,,,,,,,,.,.,,,,,,,,,,,,,,0500000US26043,"Dickinson County, Michigan",,,26,25940
26045,"Eaton County, Michigan",MI,50,0,,,,26,45,,,,,,,,,,,,,,,,,.,.,,,,,,,,,,,,,,0500000US26045,"Eaton County, Michigan",,,26,109000
26047,"Emmet County, Michigan",MI,50,0,,,,26,47,,,,,,,,,,,,,,,,,.,.,,,,,,,,,,,,,,0500000US26047,"Emmet County, Michigan",,,26,34159
26049,"Genesee County, Michigan",MI,50,0,,,,26,49,,,,,,,,,,,,,,,,,.,.,,,,,,,,,,,,,,0500000US26049,"Genesee County, Michigan",,,26,404087
26051,"Gladwin County, Michigan",MI,50,0,,,,26,51,,,,,,,,,,,,,,,,,.,.,,,,,,,,,,,,,,0500000US26051,"Gladwin County, Michigan",,,26,25543
26053,"Gogebic County, Michigan",MI,50,0,,,,26,53,,,,,,,,,,,,,,,,,.,.,,,,,,,,,,,,,,0500000US26053,"Gogebic County, Michigan",,,26,14348
26055,"Grand Traverse County, Michigan",MI,50,0,,,,26,55,,,,,,,,,,,,,,,,,.,.,,,,,,,,,,,,,,0500000US26055,"Grand Traverse County, Michigan",,,26,95757
26057,"Gratiot County, Michigan",MI,50,0,,,,26,57,,,,,,,,,,,,,,,,,.,.,,,,,,,,,,,,,,0500000US26057,"Gratiot County, Michigan",,,26,41478
26059,"Hillsdale County, Michigan",MI,50,0,,,,26,59,,,,,,,,,,,,,,,,,.,.,,,,,,,,,,,,,,0500000US26059,"Hillsdale County, Michigan",,,26,45658
26061,"Houghton County, Michigan",MI,50,0,,,,26,61,,,,,,,,,,,,,,,,,.,.,,,,,,,,,,,,,,0500000US26061,"Houghton County, Michigan",,,26,37428
26063,"Huron County, Michigan",MI,50,0,,,,26,63,,,,,,,,,,,,,,,,,.,.,,,,,,,,,,,,,,0500000US26063,"Huron County, Michigan",,,26,31258
26065,"Ingham County, Michigan",MI,50,0,,,,26,65,,,,,,,,,,,,,,,,,.,.,,,,,,,,,,,,,,0500000US26065,"Ingham County, Michigan",,,26,282015
26067,"Ionia County, Michigan",MI,50,0,,,,26,67,,,,,,,,,,,,,,,,,.,.,,,,,,,,,,,,,,0500000US26067,"Ionia County, Michigan",,,26,66706
26069,"Iosco County, Michigan",MI,50,0,,,,26,69,,,,,,,,,,,,,,,,,.,.,,,,,,,,,,,,,,0500000US26069,"Iosco County, Michigan",,,26,25333
26071,"Iron County, Michigan",MI,50,0,,,,26,71,,,,,,,,,,,,,,,,,.,.,,,,,,,,,,,,,,0500000US26071,"Iron County, Michigan",,,26,11650
26073,"Isabella County, Michigan",MI,50,0,,,,26,73,,,,,,,,,,,,,,,,,.,.,,,,,,,,,,,,,,0500000US26073,"Isabella County, Michigan",,,26,64475
26075,"Jackson County, Michigan",MI,50,0,,,,26,75,,,,,,,,,,,,,,,,,.,.,,,,,,,,,,,,,,0500000US26075,"Jackson County, Michigan",,,26,160187
26077,"Kalamazoo County, Michigan",MI,50,0,,,,26,77,,,,,,,,,,,,,,,,,.,.,,,,,,,,,,,,,,0500000US26077,"Kalamazoo County, Michigan",,,26,261437
26079,"Kalkaska County, Michigan",MI,50,0,,,,26,79,,,,,,,,,,,,,,,,,.,.,,,,,,,,,,,,,,0500000US26079,"Kalkaska County, Michigan",,,26,18116
26081,"Kent County, Michigan",MI,50,0,,,,26,81,,,,,,,,,,,,,,,,,.,.,,,,,,,,,,,,,,0500000US26081,"Kent County, Michigan",,,26,658844
26083,"Keweenaw County, Michigan",MI,50,0,,,,26,83,,,,,,,,,,,,,,,,,.,.,,,,,,,,,,,,,,0500000US26083,"Keweenaw County, Michigan",,,26,2106
26085,"Lake County, Michigan",MI,50,0,,,,26,85,,,,,,,,,,,,,,,,,.,.,,,,,,,,,,,,,,0500000US26085,"Lake County, Michigan",,,26,12393
26087,"Lapeer County, Michigan",MI,50,0,,,,26,87,,,,,,,,,,,,,,,,,.,.,,,,,,,,,,,,,,0500000US26087,"Lapeer County, Michigan",,,26,88703
26089,"Leelanau County, Michigan",MI,50,0,,,,26,89,,,,,,,,,,,,,,,,,.,.,,,,,,,,,,,,,,0500000US26089,"Leelanau County, Michigan",,,26,22607
26091,"Lenawee County, Michigan",MI,50,0,,,,26,91,,,,,,,,,,,,,,,,,.,.,,,,,,,,,,,,,,0500000US26091,"Lenawee County, Michigan",,,26,98823
26093,"Livingston County, Michigan",MI,50,0,,,,26,93,,,,,,,,,,,,,,,,,.,.,,,,,,,,,,,,,,0500000US26093,"Livingston County, Michigan",,,26,195143
26095,"Luce County, Michigan",MI,50,0,,,,26,95,,,,,,,,,,,,,,,,,.,.,,,,,,,,,,,,,,0500000US26095,"Luce County, Michigan",,,26,6325
26097,"Mackinac County, Michigan",MI,50,0,,,,26,97,,,,,,,,,,,,,,,,,.,.,,,,,,,,,,,,,,0500000US26097,"Mackinac County, Michigan",,,26,10865
26099,"Macomb County, Michigan",MI,50,0,,,,26,99,,,,,,,,,,,,,,,,,.,.,,,,,,,,,,,,,,0500000US26099,"Macomb County, Michigan",,,26,877624
26101,"Manistee County, Michigan",MI,50,0,,,,26,101,,,,,,,,,,,,,,,,,.,.,,,,,,,,,,,,,,0500000US26101,"Manistee County, Michigan",,,26,25247
26103,"Marquette County, Michigan",MI,50,0,,,,26,103,,,,,,,,,,,,,,,,,.,.,,,,,,,,,,,,,,0500000US26103,"Marquette County, Michigan",,,26,66430
26105,"Mason County, Michigan",MI,50,0,,,,26,105,,,,,,,,,,,,,,,,,.,.,,,,,,,,,,,,,,0500000US26105,"Mason County, Michigan",,,26,29177
26107,"Mecosta County, Michigan",MI,50,0,,,,26,107,,,,,,,,,,,,,,,,,.,.,,,,,,,,,,,,,,0500000US26107,"Mecosta County, Michigan",,,26,40321
26109,"Menominee County, Michigan",MI,50,0,,,,26,109,,,,,,,,,,,,,,,,,.,.,,,,,,,,,,,,,,0500000US26109,"Menominee County, Michigan",,,26,23295
26111,"Midland County, Michigan",MI,50,0,,,,26,111,,,,,,,,,,,,,,,,,.,.,,,,,,,,,,,,,,0500000US26111,"Midland County, Michigan",,,26,83641
26113,"Missaukee County, Michigan",MI,50,0,,,,26,113,,,,,,,,,,,,,,,,,.,.,,,,,,,,,,,,,,0500000US26113,"Missaukee County, Michigan",,,26,15156
26115,"Monroe County, Michigan",MI,50,0,,,,26,115,,,,,,,,,,,,,,,,,.,.,,,,,,,,,,,,,,0500000US26115,"Monroe County, Michigan",,,26,155001
26117,"Montcalm County, Michigan",MI,50,0,,,,26,117,,,,,,,,,,,,,,,,,.,.,,,,,,,,,,,,,,0500000US26117,"Montcalm County, Michigan",,,26,67174
26119,"Montmorency County, Michigan",MI,50,0,,,,26,119,,,,,,,,,,,,,,,,,.,.,,,,,,,,,,,,,,0500000US26119,"Montmorency County, Michigan",,,26,9372
26121,"Muskegon County, Michigan",MI,50,0,,,,26,121,,,,,,,,,,,,,,,,,.,.,,,,,,,,,,,,,,0500000US26121,"Muskegon County, Michigan",,,26,175378
26123,"Newaygo County, Michigan",MI,50,0,,,,26,123,,,,,,,,,,,,,,,,,.,.,,,,,,,,,,,,,,0500000US26123,"Newaygo County, Michigan",,,26,50414
26125,"Oakland County, Michigan",MI,50,0,,,,26,125,,,,,,,,,,,,,,,,,.,.,,,,,,,,,,,,,,0500000US26125,"Oakland County, Michigan",,,26,1272294
26127,"Oceana County, Michigan",MI,50,0,,,,26,127,,,,,,,,,,,,,,,,,.,.,,,,,,,,,,,,,,0500000US26127,"Oceana County, Michigan",,,26,26788
26129,"Ogemaw County, Michigan",MI,50,0,,,,26,129,,,,,,,,,,,,,,,,,.,.,,,,,,,,,,,,,,0500000US26129,"Ogemaw County, Michigan",,,26,20853
26131,"Ontonagon County, Michigan",MI,50,0,,,,26,131,,,,,,,,,,,,,,,,,.,.,,,,,,,,,,,,,,0500000US26131,"Ontonagon County, Michigan",,,26,5870
26133,"Osceola County, Michigan",MI,50,0,,,,26,133,,,,,,,,,,,,,,,,,.,.,,,,,,,,,,,,,,0500000US26133,"Osceola County, Michigan",,,26,23122
26135,"Oscoda County, Michigan",MI,50,0,,,,26,135,,,,,,,,,,,,,,,,,.,.,,,,,,,,,,,,,,0500000US26135,"Oscoda County, Michigan",,,26,8338
26137,"Otsego County, Michigan",MI,50,0,,,,26,137,,,,,,,,,,,,,,,,,.,.,,,,,,,,,,,,,,0500000US26137,"Otsego County, Michigan",,,26,25352
26139,"Ottawa County, Michigan",MI,50,0,,,,26,139,,,,,,,,,,,,,,,,,.,.,,,,,,,,,,,,,,0500000US26139,"Ottawa County, Michigan",,,26,298614
26141,"Presque Isle County, Michigan",MI,50,0,,,,26,141,,,,,,,,,,,,,,,,,.,.,,,,,,,,,,,,,,0500000US26141,"Presque Isle County, Michigan",,,26,13142
26143,"Roscommon County, Michigan",MI,50,0,,,,26,143,,,,,,,,,,,,,,,,,.,.,,,,,,,,,,,,,,0500000US26143,"Roscommon County, Michigan",,,26,23639
26145,"Saginaw County, Michigan",MI,50,0,,,,26,145,,,,,,,,,,,,,,,,,.,.,,,,,,,,,,,,,,0500000US26145,"Saginaw County, Michigan",,,26,189210
26147,"St. Clair County, Michigan",MI,50,0,,,,26,147,,,,,,,,,,,,,,,,,.,.,,,,,,,,,,,,,,0500000US26147,"St. Clair County, Michigan",,,26,160089
26149,"St. Joseph County, Michigan",MI,50,0,,,,26,149,,,,,,,,,,,,,,,,,.,.,,,,,,,,,,,,,,0500000US26149,"St. Joseph County, Michigan",,,26,60870
26151,"Sanilac County, Michigan",MI,50,0,,,,26,151,,,,,,,,,,,,,,,,,.,.,,,,,,,,,,,,,,0500000US26151,"Sanilac County, Michigan",,,26,40574
26153,"Schoolcraft County, Michigan",MI,50,0,,,,26,153,,,,,,,,,,,,,,,,,.,.,,,,,,,,,,,,,,0500000US26153,"Schoolcraft County, Michigan",,,26,8093
26155,"Shiawassee County, Michigan",MI,50,0,,,,26,155,,,,,,,,,,,,,,,,,.,.,,,,,,,,,,,,,,0500000US26155,"Shiawassee County, Michigan",,,26,68061
26157,"Tuscola County, Michigan",MI,50,0,,,,26,157,,,,,,,,,,,,,,,,,.,.,,,,,,,,,,,,,,0500000US26157,"Tuscola County, Michigan",,,26,53071
26159,"Van Buren County, Michigan",MI,50,0,,,,26,159,,,,,,,,,,,,,,,,,.,.,,,,,,,,,,,,,,0500000US26159,"Van Buren County, Michigan",,,26,75681
26161,"Washtenaw County, Michigan",MI,50,0,,,,26,161,,,,,,,,,,,,,,,,,.,.,,,,,,,,,,,,,,0500000US26161,"Washtenaw County, Michigan",,,26,368394
26163,"Wayne County, Michigan",MI,50,0,,,,26,163,,,,,,,,,,,,,,,,,.,.,,,,,,,,,,,,,,0500000US26163,"Wayne County, Michigan",,,26,1773767
26165,"Wexford County, Michigan",MI,50,0,,,,26,165,,,,,,,,,,,,,,,,,.,.,,,,,,,,,,,,,,0500000US26165,"Wexford County, Michigan",,,26,33868
27001,"Aitkin County, Minnesota",MN,50,0,,,,27,1,,,,,,,,,,,,,,,,,.,.,,,,,,,,,,,,,,0500000US27001,"Aitkin County, Minnesota",,,27,15930
27003,"Anoka County, Minnesota",MN,50,0,,,,27,3,,,,,,,,,,,,,,,,,.,.,,,,,,,,,,,,,,0500000US27003,"Anoka County, Minnesota",,,27,367095
27005,"Becker County, Minnesota",MN,50,0,,,,27,5,,,,,,,,,,,,,,,,,.,.,,,,,,,,,,,,,,0500000US27005,"Becker County, Minnesota",,,27,35260
27007,"Beltrami County, Minnesota",MN,50,0,,,,27,7,,,,,,,,,,,,,,,,,.,.,,,,,,,,,,,,,,0500000US27007,"Beltrami County, Minnesota",,,27,46421
27009,"Benton County, Minnesota",MN,50,0,,,,27,9,,,,,,,,,,,,,,,,,.,.,,,,,,,,,,,,,,0500000US27009,"Benton County, Minnesota",,,27,41458
27011,"Big Stone County, Minnesota",MN,50,0,,,,27,11,,,,,,,,,,,,,,,,,.,.,,,,,,,,,,,,,,0500000US27011,"Big Stone County, Minnesota",,,27,5152
27013,"Blue Earth County, Minnesota",MN,50,0,,,,27,13,,,,,,,,,,,,,,,,,.,.,,,,,,,,,,,,,,0500000US27013,"Blue Earth County, Minnesota",,,27,69386
27015,"Brown County, Minnesota",MN,50,0,,,,27,15,,,,,,,,,,,,,,,,,.,.,,,,,,,,,,,,,,0500000US27015,"Brown County, Minnesota",,,27,25826
27017,"Carlton County, Minnesota",MN,50,0,,,,27,17,,,,,,,,,,,,,,,,,.,.,,,,,,,,,,,,,,0500000US27017,"Carlton County, Minnesota",,,27,36457
27019,"Carver County, Minnesota",MN,50,0,,,,27,19,,,,,,,,,,,,,,,,,.,.,,,,,,,,,,,,,,0500000US27019,"Carver County, Minnesota",,,27,108622
27021,"Cass County, Minnesota",MN,50,0,,,,27,21,,,,,,,,,,,,,,,,,.,.,,,,,,,,,,,,,,0500000US27021,"Cass County, Minnesota",,,27,30688
27023,"Chippewa County, Minnesota",MN,50,0,,,,27,23,,,,,,,,,,,,,,,,,.,.,,,,,,,,,,,,,,0500000US27023,"Chippewa County, Minnesota",,,27,12388
27025,"Chisago County, Minnesota",MN,50,0,,,,27,25,,,,,,,,,,,,,,,,,.,.,,,,,,,,,,,,,,0500000US27025,"Chisago County, Minnesota",,,27,57434
27027,"Clay County, Minnesota",MN,50,0,,,,27,27,,,,,,,,,,,,,,,,,.,.,,,,,,,,,,,,,,0500000US27027,"Clay County, Minnesota",,,27,65628
27029,"Clearwater County, Minnesota",MN,50,0,,,,27,29,,,,,,,,,,,,,,,,,.,.,,,,,,,,,,,,,,0500000US27029,"Clearwater County, Minnesota",,,27,8579
27031,"Cook County, Minnesota",MN,50,0,,,,27,31,,,,,,,,,,,,,,,,,.,.,,,,,,,,,,,,,,0500000US27031,"Cook County, Minnesota",,,27,5633
27033,"Cottonwood County, Minnesota",MN,50,0,,,,27,33,,,,,,,,,,,,,,,,,.,.,,,,,,,,,,,,,,0500000US27033,"Cottonwood County, Minnesota",,,27,11458
27035,"Crow Wing County, Minnesota",MN,50,0,,,,27,35,,,,,,,,,,,,,,,,,.,.,,,,,,,,,,,,,,0500000US27035,"Crow Wing County, Minnesota",,,27,67113
27037,"Dakota County, Minnesota",MN,50,0,,,,27,37,,,,,,,,,,,,,,,,,.,.,,,,,,,,,,,,,,0500000US27037,"Dakota County, Minnesota",,,27,442204
27039,"Dodge County, Minnesota",MN,50,0,,,,27,39,,,,,,,,,,,,,,,,,.,.,,,,,,,,,,,,,,0500000US27039,"Dodge County, Minnesota",,,27,20962
27041,"Douglas County, Minnesota",MN,50,0,,,,27,41,,,,,,,,,,,,,,,,,.,.,,,,,,,,,,,,,,0500000US27041,"Douglas County, Minnesota",,,27,39354
27043,"Faribault County, Minnesota",MN,50,0,,,,27,43,,,,,,,,,,,,,,,,,.,.,,,,,,,,,,,,,,0500000US27043,"Faribault County, Minnesota",,,27,13909
27045,"Fillmore County, Minnesota",MN,50,0,,,,27,45,,,,,,,,,,,,,,,,,.,.,,,,,,,,,,,,,,0500000US27045,"Fillmore County, Minnesota",,,27,21346
27047,"Freeborn County, Minnesota",MN,50,0,,,,27,47,,,,,,,,,,,,,,,,,.,.,,,,,,,,,,,,,,0500000US27047,"Freeborn County, Minnesota",,,27,30752
27049,"Goodhue County, Minnesota",MN,50,0,,,,27,49,,,,,,,,,,,,,,,,,.,.,,,,,,,,,,,,,,0500000US27049,"Goodhue County, Minnesota",,,27,47844
27051,"Grant County, Minnesota",MN,50,0,,,,27,51,,,,,,,,,,,,,,,,,.,.,,,,,,,,,,,,,,0500000US27051,"Grant County, Minnesota",,,27,6108
27053,"Hennepin County, Minnesota",MN,50,0,,,,27,53,,,,,,,,,,,,,,,,,.,.,,,,,,,,,,,,,,0500000US27053,"Hennepin County, Minnesota",,,27,1268903
27055,"Houston County, Minnesota",MN,50,0,,,,27,55,,,,,,,,,,,,,,,,,.,.,,,,,,,,,,,,,,0500000US27055,"Houston County, Minnesota",,,27,18768
27057,"Hubbard County, Minnesota",MN,50,0,,,,27,57,,,,,,,,,,,,,,,,,.,.,,,,,,,,,,,,,,0500000US27057,"Hubbard County, Minnesota",,,27,21700
27059,"Isanti County, Minnesota",MN,50,0,,,,27,59,,,,,,,,,,,,,,,,,.,.,,,,,,,,,,,,,,0500000US27059,"Isanti County, Minnesota",,,27,41934
27061,"Itasca County, Minnesota",MN,50,0,,,,27,61,,,,,,,,,,,,,,,,,.,.,,,,,,,,,,,,,,0500000US27061,"Itasca County, Minnesota",,,27,45141
27063,"Jackson County, Minnesota",MN,50,0,,,,27,63,,,,,,,,,,,,,,,,,.,.,,,,,,,,,,,,,,0500000US27063,"Jackson County, Minnesota",,,27,9964
27065,"Kanabec County, Minnesota",MN,50,0,,,,27,65,,,,,,,,,,,,,,,,,.,.,,,,,,,,,,,,,,0500000US27065,"Kanabec County, Minnesota",,,27,16261
27067,"Kandiyohi County, Minnesota",MN,50,0,,,,27,67,,,,,,,,,,,,,,,,,.,.,,,,,,,,,,,,,,0500000US27067,"Kandiyohi County, Minnesota",,,27,43757
27069,"Kittson County, Minnesota",MN,50,0,,,,27,69,,,,,,,,,,,,,,,,,.,.,,,,,,,,,,,,,,0500000US27069,"Kittson County, Minnesota",,,27,4163
27071,"Koochiching County, Minnesota",MN,50,0,,,,27,71,,,,,,,,,,,,,,,,,.,.,,,,,,,,,,,,,,0500000US27071,"Koochiching County, Minnesota",,,27,11950
27073,"Lac qui Parle County, Minnesota",MN,50,0,,,,27,73,,,,,,,,,,,,,,,,,.,.,,,,,,,,,,,,,,0500000US27073,"Lac qui Parle County, Minnesota",,,27,6694
27075,"Lake County, Minnesota",MN,50,0,,,,27,75,,,,,,,,,,,,,,,,,.,.,,,,,,,,,,,,,,0500000US27075,"Lake County, Minnesota",,,27,10911
27077,"Lake of the Woods County, Minnesota",MN,50,0,,,,27,77,,,,,,,,,,,,,,,,,.,.,,,,,,,,,,,,,,0500000US27077,"Lake of the Woods County, Minnesota",,,27,3800
27079,"Le Sueur County, Minnesota",MN,50,0,,,,27,79,,,,,,,,,,,,,,,,,.,.,,,,,,,,,,,,,,0500000US27079,"Le Sueur County, Minnesota",,,27,28936
27081,"Lincoln County, Minnesota",MN,50,0,,,,27,81,,,,,,,,,,,,,,,,,.,.,,,,,,,,,,,,,,0500000US27081,"Lincoln County, Minnesota",,,27,5594
27083,"Lyon County, Minnesota",MN,50,0,,,,27,83,,,,,,,,,,,,,,,,,.,.,,,,,,,,,,,,,,0500000US27083,"Lyon County, Minnesota",,,27,25498
27085,"McLeod County, Minnesota",MN,50,0,,,,27,85,,,,,,,,,,,,,,,,,.,.,,,,,,,,,,,,,,0500000US27085,"McLeod County, Minnesota",,,27,36771
27087,"Mahnomen County, Minnesota",MN,50,0,,,,27,87,,,,,,,,,,,,,,,,,.,.,,,,,,,,,,,,,,0500000US27087,"Mahnomen County, Minnesota",,,27,5371
27089,"Marshall County, Minnesota",MN,50,0,,,,27,89,,,,,,,,,,,,,,,,,.,.,,,,,,,,,,,,,,0500000US27089,"Marshall County, Minnesota",,,27,8961
27091,"Martin County, Minnesota",MN,50,0,,,,27,91,,,,,,,,,,,,,,,,,.,.,,,,,,,,,,,,,,0500000US27091,"Martin County, Minnesota",,,27,19864
27093,"Meeker County, Minnesota",MN,50,0,,,,27,93,,,,,,,,,,,,,,,,,.,.,,,,,,,,,,,,,,0500000US27093,"Meeker County, Minnesota",,,27,23422
27095,"Mille Lacs County, Minnesota",MN,50,0,,,,27,95,,,,,,,,,,,,,,,,,.,.,,,,,,,,,,,,,,0500000US27095,"Mille Lacs County, Minnesota",,,27,26912
27097,"Morrison County, Minnesota",MN,50,0,,,,27,97,,,,,,,,,,,,,,,,,.,.,,,,,,,,,,,,,,0500000US27097,"Morrison County, Minnesota",,,27,34131
27099,"Mower County, Minnesota",MN,50,0,,,,27,99,,,,,,,,,,,,,,,,,.,.,,,,,,,,,,,,,,0500000US27099,"Mower County, Minnesota",,,27,40069
27101,"Murray County, Minnesota",MN,50,0,,,,27,101,,,,,,,,,,,,,,,,,.,.,,,,,,,,,,,,,,0500000US27101,"Murray County, Minnesota",,,27,8119
27103,"Nicollet County, Minnesota",MN,50,0,,,,27,103,,,,,,,,,,,,,,,,,.,.,,,,,,,,,,,,,,0500000US27103,"Nicollet County, Minnesota",,,27,34350
27105,"Nobles County, Minnesota",MN,50,0,,,,27,105,,,,,,,,,,,,,,,,,.,.,,,,,,,,,,,,,,0500000US27105,"Nobles County, Minnesota",,,27,22067
27107,"Norman County, Minnesota",MN,50,0,,,,27,107,,,,,,,,,,,,,,,,,.,.,,,,,,,,,,,,,,0500000US27107,"Norman County, Minnesota",,,27,6411
27109,"Olmsted County, Minnesota",MN,50,0,,,,27,109,,,,,,,,,,,,,,,,,.,.,,,,,,,,,,,,,,0500000US27109,"Olmsted County, Minnesota",,,27,163425
27111,"Otter Tail County, Minnesota",MN,50,0,,,,27,111,,,,,,,,,,,,,,,,,.,.,,,,,,,,,,,,,,0500000US27111,"Otter Tail County, Minnesota",,,27,60281
27113,"Pennington County, Minnesota",MN,50,0,,,,27,113,,,,,,,,,,,,,,,,,.,.,,,,,,,,,,,,,,0500000US27113,"Pennington County, Minnesota",,,27,13877
27115,"Pine County, Minnesota",MN,50,0,,,,27,115,,,,,,,,,,,,,,,,,.,.,,,,,,,,,,,,,,0500000US27115,"Pine County, Minnesota",,,27,29411
27117,"Pipestone County, Minnesota",MN,50,0,,,,27,117,,,,,,,,,,,,,,,,,.,.,,,,,,,,,,,,,,0500000US27117,"Pipestone County, Minnesota",,,27,9352
27119,"Polk County, Minnesota",MN,50,0,,,,27,119,,,,,,,,,,,,,,,,,.,.,,,,,,,,,,,,,,0500000US27119,"Polk County, Minnesota",,,27,30905
27121,"Pope County, Minnesota",MN,50,0,,,,27,121,,,,,,,,,,,,,,,,,.,.,,,,,,,,,,,,,,0500000US27121,"Pope County, Minnesota",,,27,11363
27123,"Ramsey County, Minnesota",MN,50,0,,,,27,123,,,,,,,,,,,,,,,,,.,.,,,,,,,,,,,,,,0500000US27123,"Ramsey County, Minnesota",,,27,544438
27125,"Red Lake County, Minnesota",MN,50,0,,,,27,125,,,,,,,,,,,,,,,,,.,.,,,,,,,,,,,,,,0500000US27125,"Red Lake County, Minnesota",,,27,3922
27127,"Redwood County, Minnesota",MN,50,0,,,,27,127,,,,,,,,,,,,,,,,,.,.,,,,,,,,,,,,,,0500000US27127,"Redwood County, Minnesota",,,27,15383
27129,"Renville County, Minnesota",MN,50,0,,,,27,129,,,,,,,,,,,,,,,,,.,.,,,,,,,,,,,,,,0500000US27129,"Renville County, Minnesota",,,27,14587
27131,"Rice County, Minnesota",MN,50,0,,,,27,131,,,,,,,,,,,,,,,,,.,.,,,,,,,,,,,,,,0500000US27131,"Rice County, Minnesota",,,27,67389
27133,"Rock County, Minnesota",MN,50,0,,,,27,133,,,,,,,,,,,,,,,,,.,.,,,,,,,,,,,,,,0500000US27133,"Rock County, Minnesota",,,27,9628
27135,"Roseau County, Minnesota",MN,50,0,,,,27,135,,,,,,,,,,,,,,,,,.,.,,,,,,,,,,,,,,0500000US27135,"Roseau County, Minnesota",,,27,15301
27137,"St. Louis County, Minnesota",MN,50,0,,,,27,137,,,,,,,,,,,,,,,,,.,.,,,,,,,,,,,,,,0500000US27137,"St. Louis County, Minnesota",,,27,200056
27139,"Scott County, Minnesota",MN,50,0,,,,27,139,,,,,,,,,,,,,,,,,.,.,,,,,,,,,,,,,,0500000US27139,"Scott County, Minnesota",,,27,152957
27141,"Sherburne County, Minnesota",MN,50,0,,,,27,141,,,,,,,,,,,,,,,,,.,.,,,,,,,,,,,,,,0500000US27141,"Sherburne County, Minnesota",,,27,99178
27143,"Sibley County, Minnesota",MN,50,0,,,,27,143,,,,,,,,,,,,,,,,,.,.,,,,,,,,,,,,,,0500000US27143,"Sibley County, Minnesota",,,27,14933
27145,"Stearns County, Minnesota",MN,50,0,,,,27,145,,,,,,,,,,,,,,,,,.,.,,,,,,,,,,,,,,0500000US27145,"Stearns County, Minnesota",,,27,159358
27147,"Steele County, Minnesota",MN,50,0,,,,27,147,,,,,,,,,,,,,,,,,.,.,,,,,,,,,,,,,,0500000US27147,"Steele County, Minnesota",,,27,37413
27149,"Stevens County, Minnesota",MN,50,0,,,,27,149,,,,,,,,,,,,,,,,,.,.,,,,,,,,,,,,,,0500000US27149,"Stevens County, Minnesota",,,27,9686
27151,"Swift County, Minnesota",MN,50,0,,,,27,151,,,,,,,,,,,,,,,,,.,.,,,,,,,,,,,,,,0500000US27151,"Swift County, Minnesota",,,27,9787
27153,"Todd County, Minnesota",MN,50,0,,,,27,153,,,,,,,,,,,,,,,,,.,.,,,,,,,,,,,,,,0500000US27153,"Todd County, Minnesota",,,27,25402
27155,"Traverse County, Minnesota",MN,50,0,,,,27,155,,,,,,,,,,,,,,,,,.,.,,,,,,,,,,,,,,0500000US27155,"Traverse County, Minnesota",,,27,3279
27157,"Wabasha County, Minnesota",MN,50,0,,,,27,157,,,,,,,,,,,,,,,,,.,.,,,,,,,,,,,,,,0500000US27157,"Wabasha County, Minnesota",,,27,21519
27159,"Wadena County, Minnesota",MN,50,0,,,,27,159,,,,,,,,,,,,,,,,,.,.,,,,,,,,,,,,,,0500000US27159,"Wadena County, Minnesota",,,27,14135
27161,"Waseca County, Minnesota",MN,50,0,,,,27,161,,,,,,,,,,,,,,,,,.,.,,,,,,,,,,,,,,0500000US27161,"Waseca County, Minnesota",,,27,18958
27163,"Washington County, Minnesota",MN,50,0,,,,27,163,,,,,,,,,,,,,,,,,.,.,,,,,,,,,,,,,,0500000US27163,"Washington County, Minnesota",,,27,272298
27165,"Watonwan County, Minnesota",MN,50,0,,,,27,165,,,,,,,,,,,,,,,,,.,.,,,,,,,,,,,,,,0500000US27165,"Watonwan County, Minnesota",,,27,11169
27167,"Wilkin County, Minnesota",MN,50,0,,,,27,167,,,,,,,,,,,,,,,,,.,.,,,,,,,,,,,,,,0500000US27167,"Wilkin County, Minnesota",,,27,6413
27169,"Winona County, Minnesota",MN,50,0,,,,27,169,,,,,,,,,,,,,,,,,.,.,,,,,,,,,,,,,,0500000US27169,"Winona County, Minnesota",,,27,49705
27171,"Wright County, Minnesota",MN,50,0,,,,27,171,,,,,,,,,,,,,,,,,.,.,,,,,,,,,,,,,,0500000US27171,"Wright County, Minnesota",,,27,145270
27173,"Yellow Medicine County, Minnesota",MN,50,0,,,,27,173,,,,,,,,,,,,,,,,,.,.,,,,,,,,,,,,,,0500000US27173,"Yellow Medicine County, Minnesota",,,27,9509
28001,"Adams County, Mississippi",MS,50,0,,,,28,1,,,,,,,,,,,,,,,,,.,.,,,,,,,,,,,,,,0500000US28001,"Adams County, Mississippi",,,28,29098
28003,"Alcorn County, Mississippi",MS,50,0,,,,28,3,,,,,,,,,,,,,,,,,.,.,,,,,,,,,,,,,,0500000US28003,"Alcorn County, Mississippi",,,28,34500
28005,"Amite County, Mississippi",MS,50,0,,,,28,5,,,,,,,,,,,,,,,,,.,.,,,,,,,,,,,,,,0500000US28005,"Amite County, Mississippi",,,28,12611
28007,"Attala County, Mississippi",MS,50,0,,,,28,7,,,,,,,,,,,,,,,,,.,.,,,,,,,,,,,,,,0500000US28007,"Attala County, Mississippi",,,28,17685
28009,"Benton County, Mississippi",MS,50,0,,,,28,9,,,,,,,,,,,,,,,,,.,.,,,,,,,,,,,,,,0500000US28009,"Benton County, Mississippi",,,28,7592
28011,"Bolivar County, Mississippi",MS,50,0,,,,28,11,,,,,,,,,,,,,,,,,.,.,,,,,,,,,,,,,,0500000US28011,"Bolivar County, Mississippi",,,28,30163
28013,"Calhoun County, Mississippi",MS,50,0,,,,28,13,,,,,,,,,,,,,,,,,.,.,,,,,,,,,,,,,,0500000US28013,"Calhoun County, Mississippi",,,28,13029
28015,"Carroll County, Mississippi",MS,50,0,,,,28,15,,,,,,,,,,,,,,,,,.,.,,,,,,,,,,,,,,0500000US28015,"Carroll County, Mississippi",,,28,9828
28017,"Chickasaw County, Mississippi",MS,50,0,,,,28,17,,,,,,,,,,,,,,,,,.,.,,,,,,,,,,,,,,0500000US28017,"Chickasaw County, Mississippi",,,28,16994
28019,"Choctaw County, Mississippi",MS,50,0,,,,28,19,,,,,,,,,,,,,,,,,.,.,,,,,,,,,,,,,,0500000US28019,"Choctaw County, Mississippi",,,28,8172
28021,"Claiborne County, Mississippi",MS,50,0,,,,28,21,,,,,,,,,,,,,,,,,.,.,,,,,,,,,,,,,,0500000US28021,"Claiborne County, Mississippi",,,28,8908
28023,"Clarke County, Mississippi",MS,50,0,,,,28,23,,,,,,,,,,,,,,,,,.,.,,,,,,,,,,,,,,0500000US28023,"Clarke County, Mississippi",,,28,15424
28025,"Clay County, Mississippi",MS,50,0,,,,28,25,,,,,,,,,,,,,,,,,.,.,,,,,,,,,,,,,,0500000US28025,"Clay County, Mississippi",,,28,18462
28027,"Coahoma County, Mississippi",MS,50,0,,,,28,27,,,,,,,,,,,,,,,,,.,.,,,,,,,,,,,,,,0500000US28027,"Coahoma County, Mississippi",,,28,20808
28029,"Copiah County, Mississippi",MS,50,0,,,,28,29,,,,,,,,,,,,,,,,,.,.,,,,,,,,,,,,,,0500000US28029,"Copiah County, Mississippi",,,28,27994
28031,"Covington County, Mississippi",MS,50,0,,,,28,31,,,,,,,,,,,,,,,,,.,.,,,,,,,,,,,,,,0500000US28031,"Covington County, Mississippi",,,28,18226
28033,"DeSoto County, Mississippi",MS,50,0,,,,28,33,,,,,,,,,,,,,,,,,.,.,,,,,,,,,,,,,,0500000US28033,"DeSoto County, Mississippi",,,28,188598
28035,"Forrest County, Mississippi",MS,50,0,,,,28,35,,,,,,,,,,,,,,,,,.,.,,,,,,,,,,,,,,0500000US28035,"Forrest County, Mississippi",,,28,78027
28037,"Franklin County, Mississippi",MS,50,0,,,,28,37,,,,,,,,,,,,,,,,,.,.,,,,,,,,,,,,,,0500000US28037,"Franklin County, Mississippi",,,28,7655
28039,"George County, Mississippi",MS,50,0,,,,28,39,,,,,,,,,,,,,,,,,.,.,,,,,,,,,,,,,,0500000US28039,"George County, Mississippi",,,28,24870
28041,"Greene County, Mississippi",MS,50,0,,,,28,41,,,,,,,,,,,,,,,,,.,.,,,,,,,,,,,,,,0500000US28041,"Greene County, Mississippi",,,28,13595
28043,"Grenada County, Mississippi",MS,50,0,,,,28,43,,,,,,,,,,,,,,,,,.,.,,,,,,,,,,,,,,0500000US28043,"Grenada County, Mississippi",,,28,21342
28045,"Hancock County, Mississippi",MS,50,0,,,,28,45,,,,,,,,,,,,,,,,,.,.,,,,,,,,,,,,,,0500000US28045,"Hancock County, Mississippi",,,28,46057
28047,"Harrison County, Mississippi",MS,50,0,,,,28,47,,,,,,,,,,,,,,,,,.,.,,,,,,,,,,,,,,0500000US28047,"Harrison County, Mississippi",,,28,209443
28049,"Hinds County, Mississippi",MS,50,0,,,,28,49,,,,,,,,,,,,,,,,,.,.,,,,,,,,,,,,,,0500000US28049,"Hinds County, Mississippi",,,28,222494
28051,"Holmes County, Mississippi",MS,50,0,,,,28,51,,,,,,,,,,,,,,,,,.,.,,,,,,,,,,,,,,0500000US28051,"Holmes County, Mississippi",,,28,16491
28053,"Humphreys County, Mississippi",MS,50,0,,,,28,53,,,,,,,,,,,,,,,,,.,.,,,,,,,,,,,,,,0500000US28053,"Humphreys County, Mississippi",,,28,7570
28055,"Issaquena County, Mississippi",MS,50,0,,,,28,55,,,,,,,,,,,,,,,,,.,.,,,,,,,,,,,,,,0500000US28055,"Issaquena County, Mississippi",,,28,1095
28057,"Itawamba County, Mississippi",MS,50,0,,,,28,57,,,,,,,,,,,,,,,,,.,.,,,,,,,,,,,,,,0500000US28057,"Itawamba County, Mississippi",,,28,23942
28059,"Jackson County, Mississippi",MS,50,0,,,,28,59,,,,,,,,,,,,,,,,,.,.,,,,,,,,,,,,,,0500000US28059,"Jackson County, Mississippi",,,28,144437
28061,"Jasper County, Mississippi",MS,50,0,,,,28,61,,,,,,,,,,,,,,,,,.,.,,,,,,,,,,,,,,0500000US28061,"Jasper County, Mississippi",,,28,16211
28063,"Jefferson County, Mississippi",MS,50,0,,,,28,63,,,,,,,,,,,,,,,,,.,.,,,,,,,,,,,,,,0500000US28063,"Jefferson County, Mississippi",,,28,7127
28065,"Jefferson Davis County, Mississippi",MS,50,0,,,,28,65,,,,,,,,,,,,,,,,,.,.,,,,,,,,,,,,,,0500000US28065,"Jefferson Davis County, Mississippi",,,28,11183
28067,"Jones County, Mississippi",MS,50,0,,,,28,67,,,,,,,,,,,,,,,,,.,.,,,,,,,,,,,,,,0500000US28067,"Jones County, Mississippi",,,28,66839
28069,"Kemper County, Mississippi",MS,50,0,,,,28,69,,,,,,,,,,,,,,,,,.,.,,,,,,,,,,,,,,0500000US28069,"Kemper County, Mississippi",,,28,8855
28071,"Lafayette County, Mississippi",MS,50,0,,,,28,71,,,,,,,,,,,,,,,,,.,.,,,,,,,,,,,,,,0500000US28071,"Lafayette County, Mississippi",,,28,56920
28073,"Lamar County, Mississippi",MS,50,0,,,,28,73,,,,,,,,,,,,,,,,,.,.,,,,,,,,,,,,,,0500000US28073,"Lamar County, Mississippi",,,28,65081
28075,"Lauderdale County, Mississippi",MS,50,0,,,,28,75,,,,,,,,,,,,,,,,,.,.,,,,,,,,,,,,,,0500000US28075,"Lauderdale County, Mississippi",,,28,71984
28077,"Lawrence County, Mississippi",MS,50,0,,,,28,77,,,,,,,,,,,,,,,,,.,.,,,,,,,,,,,,,,0500000US28077,"Lawrence County, Mississippi",,,28,11883
28079,"Leake County, Mississippi",MS,50,0,,,,28,79,,,,,,,,,,,,,,,,,.,.,,,,,,,,,,,,,,0500000US28079,"Leake County, Mississippi",,,28,21288
28081,"Lee County, Mississippi",MS,50,0,,,,28,81,,,,,,,,,,,,,,,,,.,.,,,,,,,,,,,,,,0500000US28081,"Lee County, Mississippi",,,28,83138
28083,"Leflore County, Mississippi",MS,50,0,,,,28,83,,,,,,,,,,,,,,,,,.,.,,,,,,,,,,,,,,0500000US28083,"Leflore County, Mississippi",,,28,27432
28085,"Lincoln County, Mississippi",MS,50,0,,,,28,85,,,,,,,,,,,,,,,,,.,.,,,,,,,,,,,,,,0500000US28085,"Lincoln County, Mississippi",,,28,34830
28087,"Lowndes County, Mississippi",MS,50,0,,,,28,87,,,,,,,,,,,,,,,,,.,.,,,,,,,,,,,,,,0500000US28087,"Lowndes County, Mississippi",,,28,58187
28089,"Madison County, Mississippi",MS,50,0,,,,28,89,,,,,,,,,,,,,,,,,.,.,,,,,,,,,,,,,,0500000US28089,"Madison County, Mississippi",,,28,110303
28091,"Marion County, Mississippi",MS,50,0,,,,28,91,,,,,,,,,,,,,,,,,.,.,,,,,,,,,,,,,,0500000US28091,"Marion County, Mississippi",,,28,24303
28093,"Marshall County, Mississippi",MS,50,0,,,,28,93,,,,,,,,,,,,,,,,,.,.,,,,,,,,,,,,,,0500000US28093,"Marshall County, Mississippi",,,28,33899
28095,"Monroe County, Mississippi",MS,50,0,,,,28,95,,,,,,,,,,,,,,,,,.,.,,,,,,,,,,,,,,0500000US28095,"Monroe County, Mississippi",,,28,33928
28097,"Montgomery County, Mississippi",MS,50,0,,,,28,97,,,,,,,,,,,,,,,,,.,.,,,,,,,,,,,,,,0500000US28097,"Montgomery County, Mississippi",,,28,9708
28099,"Neshoba County, Mississippi",MS,50,0,,,,28,99,,,,,,,,,,,,,,,,,.,.,,,,,,,,,,,,,,0500000US28099,"Neshoba County, Mississippi",,,28,28927
28101,"Newton County, Mississippi",MS,50,0,,,,28,101,,,,,,,,,,,,,,,,,.,.,,,,,,,,,,,,,,0500000US28101,"Newton County, Mississippi",,,28,21151
28103,"Noxubee County, Mississippi",MS,50,0,,,,28,103,,,,,,,,,,,,,,,,,.,.,,,,,,,,,,,,,,0500000US28103,"Noxubee County, Mississippi",,,28,10136
28105,"Oktibbeha County, Mississippi",MS,50,0,,,,28,105,,,,,,,,,,,,,,,,,.,.,,,,,,,,,,,,,,0500000US28105,"Oktibbeha County, Mississippi",,,28,51473
28107,"Panola County, Mississippi",MS,50,0,,,,28,107,,,,,,,,,,,,,,,,,.,.,,,,,,,,,,,,,,0500000US28107,"Panola County, Mississippi",,,28,32965
28109,"Pearl River County, Mississippi",MS,50,0,,,,28,109,,,,,,,,,,,,,,,,,.,.,,,,,,,,,,,,,,0500000US28109,"Pearl River County, Mississippi",,,28,56781
28111,"Perry County, Mississippi",MS,50,0,,,,28,111,,,,,,,,,,,,,,,,,.,.,,,,,,,,,,,,,,0500000US28111,"Perry County, Mississippi",,,28,11459
28113,"Pike County, Mississippi",MS,50,0,,,,28,113,,,,,,,,,,,,,,,,,.,.,,,,,,,,,,,,,,0500000US28113,"Pike County, Mississippi",,,28,39930
28115,"Pontotoc County, Mississippi",MS,50,0,,,,28,115,,,,,,,,,,,,,,,,,.,.,,,,,,,,,,,,,,0500000US28115,"Pontotoc County, Mississippi",,,28,31312
28117,"Prentiss County, Mississippi",MS,50,0,,,,28,117,,,,,,,,,,,,,,,,,.,.,,,,,,,,,,,,,,0500000US28117,"Prentiss County, Mississippi",,,28,24999
28119,"Quitman County, Mississippi",MS,50,0,,,,28,119,,,,,,,,,,,,,,,,,.,.,,,,,,,,,,,,,,0500000US28119,"Quitman County, Mississippi",,,28,5908
28121,"Rankin County, Mississippi",MS,50,0,,,,28,121,,,,,,,,,,,,,,,,,.,.,,,,,,,,,,,,,,0500000US28121,"Rankin County, Mississippi",,,28,158218
28123,"Scott County, Mississippi",MS,50,0,,,,28,123,,,,,,,,,,,,,,,,,.,.,,,,,,,,,,,,,,0500000US28123,"Scott County, Mississippi",,,28,27754
28125,"Sharkey County, Mississippi",MS,50,0,,,,28,125,,,,,,,,,,,,,,,,,.,.,,,,,,,,,,,,,,0500000US28125,"Sharkey County, Mississippi",,,28,3848
28127,"Simpson County, Mississippi",MS,50,0,,,,28,127,,,,,,,,,,,,,,,,,.,.,,,,,,,,,,,,,,0500000US28127,"Simpson County, Mississippi",,,28,25817
28129,"Smith County, Mississippi",MS,50,0,,,,28,129,,,,,,,,,,,,,,,,,.,.,,,,,,,,,,,,,,0500000US28129,"Smith County, Mississippi",,,28,14193
28131,"Stone County, Mississippi",MS,50,0,,,,28,131,,,,,,,,,,,,,,,,,.,.,,,,,,,,,,,,,,0500000US28131,"Stone County, Mississippi",,,28,18515
28133,"Sunflower County, Mississippi",MS,50,0,,,,28,133,,,,,,,,,,,,,,,,,.,.,,,,,,,,,,,,,,0500000US28133,"Sunflower County, Mississippi",,,28,25328
28135,"Tallahatchie County, Mississippi",MS,50,0,,,,28,135,,,,,,,,,,,,,,,,,.,.,,,,,,,,,,,,,,0500000US28135,"Tallahatchie County, Mississippi",,,28,12363
28137,"Tate County, Mississippi",MS,50,0,,,,28,137,,,,,,,,,,,,,,,,,.,.,,,,,,,,,,,,,,0500000US28137,"Tate County, Mississippi",,,28,28135
28139,"Tippah County, Mississippi",MS,50,0,,,,28,139,,,,,,,,,,,,,,,,,.,.,,,,,,,,,,,,,,0500000US28139,"Tippah County, Mississippi",,,28,21621
28141,"Tishomingo County, Mississippi",MS,50,0,,,,28,141,,,,,,,,,,,,,,,,,.,.,,,,,,,,,,,,,,0500000US28141,"Tishomingo County, Mississippi",,,28,18738
28143,"Tunica County, Mississippi",MS,50,0,,,,28,143,,,,,,,,,,,,,,,,,.,.,,,,,,,,,,,,,,0500000US28143,"Tunica County, Mississippi",,,28,9586
28145,"Union County, Mississippi",MS,50,0,,,,28,145,,,,,,,,,,,,,,,,,.,.,,,,,,,,,,,,,,0500000US28145,"Union County, Mississippi",,,28,28009
28147,"Walthall County, Mississippi",MS,50,0,,,,28,147,,,,,,,,,,,,,,,,,.,.,,,,,,,,,,,,,,0500000US28147,"Walthall County, Mississippi",,,28,13864
28149,"Warren County, Mississippi",MS,50,0,,,,28,149,,,,,,,,,,,,,,,,,.,.,,,,,,,,,,,,,,0500000US28149,"Warren County, Mississippi",,,28,43623
28151,"Washington County, Mississippi",MS,50,0,,,,28,151,,,,,,,,,,,,,,,,,.,.,,,,,,,,,,,,,,0500000US28151,"Washington County, Mississippi",,,28,43674
28153,"Wayne County, Mississippi",MS,50,0,,,,28,153,,,,,,,,,,,,,,,,,.,.,,,,,,,,,,,,,,0500000US28153,"Wayne County, Mississippi",,,28,19699
28155,"Webster County, Mississippi",MS,50,0,,,,28,155,,,,,,,,,,,,,,,,,.,.,,,,,,,,,,,,,,0500000US28155,"Webster County, Mississippi",,,28,9942
28157,"Wilkinson County, Mississippi",MS,50,0,,,,28,157,,,,,,,,,,,,,,,,,.,.,,,,,,,,,,,,,,0500000US28157,"Wilkinson County, Mississippi",,,28,8376
28159,"Winston County, Mississippi",MS,50,0,,,,28,159,,,,,,,,,,,,,,,,,.,.,,,,,,,,,,,,,,0500000US28159,"Winston County, Mississippi",,,28,17609
28161,"Yalobusha County, Mississippi",MS,50,0,,,,28,161,,,,,,,,,,,,,,,,,.,.,,,,,,,,,,,,,,0500000US28161,"Yalobusha County, Mississippi",,,28,12439
28163,"Yazoo County, Mississippi",MS,50,0,,,,28,163,,,,,,,,,,,,,,,,,.,.,,,,,,,,,,,,,,0500000US28163,"Yazoo County, Mississippi",,,28,26837
29001,"Adair County, Missouri",MO,50,0,,,,29,1,,,,,,,,,,,,,,,,,.,.,,,,,,,,,,,,,,0500000US29001,"Adair County, Missouri",,,29,25224
29003,"Andrew County, Missouri",MO,50,0,,,,29,3,,,,,,,,,,,,,,,,,.,.,,,,,,,,,,,,,,0500000US29003,"Andrew County, Missouri",,,29,18086
29005,"Atchison County, Missouri",MO,50,0,,,,29,5,,,,,,,,,,,,,,,,,.,.,,,,,,,,,,,,,,0500000US29005,"Atchison County, Missouri",,,29,5216
29007,"Audrain County, Missouri",MO,50,0,,,,29,7,,,,,,,,,,,,,,,,,.,.,,,,,,,,,,,,,,0500000US29007,"Audrain County, Missouri",,,29,24688
29009,"Barry County, Missouri",MO,50,0,,,,29,9,,,,,,,,,,,,,,,,,.,.,,,,,,,,,,,,,,0500000US29009,"Barry County, Missouri",,,29,34831
29011,"Barton County, Missouri",MO,50,0,,,,29,11,,,,,,,,,,,,,,,,,.,.,,,,,,,,,,,,,,0500000US29011,"Barton County, Missouri",,,29,11685
29013,"Bates County, Missouri",MO,50,0,,,,29,13,,,,,,,,,,,,,,,,,.,.,,,,,,,,,,,,,,0500000US29013,"Bates County, Missouri",,,29,16121
29015,"Benton County, Missouri",MO,50,0,,,,29,15,,,,,,,,,,,,,,,,,.,.,,,,,,,,,,,,,,0500000US29015,"Benton County, Missouri",,,29,19887
29017,"Bollinger County, Missouri",MO,50,0,,,,29,17,,,,,,,,,,,,,,,,,.,.,,,,,,,,,,,,,,0500000US29017,"Bollinger County, Missouri",,,29,10591
29019,"Boone County, Missouri",MO,50,0,,,,29,19,,,,,,,,,,,,,,,,,.,.,,,,,,,,,,,,,,0500000US29019,"Boone County, Missouri",,,29,185874
29021,"Buchanan County, Missouri",MO,50,0,,,,29,21,,,,,,,,,,,,,,,,,.,.,,,,,,,,,,,,,,0500000US29021,"Buchanan County, Missouri",,,29,83855
29023,"Butler County, Missouri",MO,50,0,,,,29,23,,,,,,,,,,,,,,,,,.,.,,,,,,,,,,,,,,0500000US29023,"Butler County, Missouri",,,29,42166
29025,"Caldwell County, Missouri",MO,50,0,,,,29,25,,,,,,,,,,,,,,,,,.,.,,,,,,,,,,,,,,0500000US29025,"Caldwell County, Missouri",,,29,8890
29027,"Callaway County, Missouri",MO,50,0,,,,29,27,,,,,,,,,,,,,,,,,.,.,,,,,,,,,,,,,,0500000US29027,"Callaway County, Missouri",,,29,44541
29029,"Camden County, Missouri",MO,50,0,,,,29,29,,,,,,,,,,,,,,,,,.,.,,,,,,,,,,,,,,0500000US29029,"Camden County, Missouri",,,29,43416
29031,"Cape Girardeau County, Missouri",MO,50,0,,,,29,31,,,,,,,,,,,,,,,,,.,.,,,,,,,,,,,,,,0500000US29031,"Cape Girardeau County, Missouri",,,29,82180
29033,"Carroll County, Missouri",MO,50,0,,,,29,33,,,,,,,,,,,,,,,,,.,.,,,,,,,,,,,,,,0500000US29033,"Carroll County, Missouri",,,29,8459
29035,"Carter County, Missouri",MO,50,0,,,,29,35,,,,,,,,,,,,,,,,,.,.,,,,,,,,,,,,,,0500000US29035,"Carter County, Missouri",,,29,5269
29037,"Cass County, Missouri",MO,50,0,,,,29,37,,,,,,,,,,,,,,,,,.,.,,,,,,,,,,,,,,0500000US29037,"Cass County, Missouri",,,29,109393
29039,"Cedar County, Missouri",MO,50,0,,,,29,39,,,,,,,,,,,,,,,,,.,.,,,,,,,,,,,,,,0500000US29039,"Cedar County, Missouri",,,29,14440
29041,"Chariton County, Missouri",MO,50,0,,,,29,41,,,,,,,,,,,,,,,,,.,.,,,,,,,,,,,,,,0500000US29041,"Chariton County, Missouri",,,29,7406
29043,"Christian County, Missouri",MO,50,0,,,,29,43,,,,,,,,,,,,,,,,,.,.,,,,,,,,,,,,,,0500000US29043,"Christian County, Missouri",,,29,91229
29045,"Clark County, Missouri",MO,50,0,,,,29,45,,,,,,,,,,,,,,,,,.,.,,,,,,,,,,,,,,0500000US29045,"Clark County, Missouri",,,29,6680
29047,"Clay County, Missouri",MO,50,0,,,,29,47,,,,,,,,,,,,,,,,,.,.,,,,,,,,,,,,,,0500000US29047,"Clay County, Missouri",,,29,255566
29049,"Clinton County, Missouri",MO,50,0,,,,29,49,,,,,,,,,,,,,,,,,.,.,,,,,,,,,,,,,,0500000US29049,"Clinton County, Missouri",,,29,21259
29051,"Cole County, Missouri",MO,50,0,,,,29,51,,,,,,,,,,,,,,,,,.,.,,,,,,,,,,,,,,0500000US29051,"Cole County, Missouri",,,29,76924
29053,"Cooper County, Missouri",MO,50,0,,,,29,53,,,,,,,,,,,,,,,,,.,.,,,,,,,,,,,,,,0500000US29053,"Cooper County, Missouri",,,29,16835
29055,"Crawford County, Missouri",MO,50,0,,,,29,55,,,,,,,,,,,,,,,,,.,.,,,,,,,,,,,,,,0500000US29055,"Crawford County, Missouri",,,29,22890
29057,"Dade County, Missouri",MO,50,0,,,,29,57,,,,,,,,,,,,,,,,,.,.,,,,,,,,,,,,,,0500000US29057,"Dade County, Missouri",,,29,7627
29059,"Dallas County, Missouri",MO,50,0,,,,29,59,,,,,,,,,,,,,,,,,.,.,,,,,,,,,,,,,,0500000US29059,"Dallas County, Missouri",,,29,17344
29061,"Daviess County, Missouri",MO,50,0,,,,29,61,,,,,,,,,,,,,,,,,.,.,,,,,,,,,,,,,,0500000US29061,"Daviess County, Missouri",,,29,8449
29063,"DeKalb County, Missouri",MO,50,0,,,,29,63,,,,,,,,,,,,,,,,,.,.,,,,,,,,,,,,,,0500000US29063,"DeKalb County, Missouri",,,29,11176
29065,"Dent County, Missouri",MO,50,0,,,,29,65,,,,,,,,,,,,,,,,,.,.,,,,,,,,,,,,,,0500000US29065,"Dent County, Missouri",,,29,14506
29067,"Douglas County, Missouri",MO,50,0,,,,29,67,,,,,,,,,,,,,,,,,.,.,,,,,,,,,,,,,,0500000US29067,"Douglas County, Missouri",,,29,11850
29069,"Dunklin County, Missouri",MO,50,0,,,,29,69,,,,,,,,,,,,,,,,,.,.,,,,,,,,,,,,,,0500000US29069,"Dunklin County, Missouri",,,29,27795
29071,"Franklin County, Missouri",MO,50,0,,,,29,71,,,,,,,,,,,,,,,,,.,.,,,,,,,,,,,,,,0500000US29071,"Franklin County, Missouri",,,29,105316
29073,"Gasconade County, Missouri",MO,50,0,,,,29,73,,,,,,,,,,,,,,,,,.,.,,,,,,,,,,,,,,0500000US29073,"Gasconade County, Missouri",,,29,14774
29075,"Gentry County, Missouri",MO,50,0,,,,29,75,,,,,,,,,,,,,,,,,.,.,,,,,,,,,,,,,,0500000US29075,"Gentry County, Missouri",,,29,6224
29077,"Greene County, Missouri",MO,50,0,,,,29,77,,,,,,,,,,,,,,,,,.,.,,,,,,,,,,,,,,0500000US29077,"Greene County, Missouri",,,29,301121
29079,"Grundy County, Missouri",MO,50,0,,,,29,79,,,,,,,,,,,,,,,,,.,.,,,,,,,,,,,,,,0500000US29079,"Grundy County, Missouri",,,29,9822
29081,"Harrison County, Missouri",MO,50,0,,,,29,81,,,,,,,,,,,,,,,,,.,.,,,,,,,,,,,,,,0500000US29081,"Harrison County, Missouri",,,29,8198
29083,"Henry County, Missouri",MO,50,0,,,,29,83,,,,,,,,,,,,,,,,,.,.,,,,,,,,,,,,,,0500000US29083,"Henry County, Missouri",,,29,22194
29085,"Hickory County, Missouri",MO,50,0,,,,29,85,,,,,,,,,,,,,,,,,.,.,,,,,,,,,,,,,,0500000US29085,"Hickory County, Missouri",,,29,8501
29087,"Holt County, Missouri",MO,50,0,,,,29,87,,,,,,,,,,,,,,,,,.,.,,,,,,,,,,,,,,0500000US29087,"Holt County, Missouri",,,29,4254
29089,"Howard County, Missouri",MO,50,0,,,,29,89,,,,,,,,,,,,,,,,,.,.,,,,,,,,,,,,,,0500000US29089,"Howard County, Missouri",,,29,10141
29091,"Howell County, Missouri",MO,50,0,,,,29,91,,,,,,,,,,,,,,,,,.,.,,,,,,,,,,,,,,0500000US29091,"Howell County, Missouri",,,29,40168
29093,"Iron County, Missouri",MO,50,0,,,,29,93,,,,,,,,,,,,,,,,,.,.,,,,,,,,,,,,,,0500000US29093,"Iron County, Missouri",,,29,9482
29095,"Jackson County, Missouri",MO,50,0,,,,29,95,,,,,,,,,,,,,,,,,.,.,,,,,,,,,,,,,,0500000US29095,"Jackson County, Missouri",,,29,717021
29097,"Jasper County, Missouri",MO,50,0,,,,29,97,,,,,,,,,,,,,,,,,.,.,,,,,,,,,,,,,,0500000US29097,"Jasper County, Missouri",,,29,123532
29099,"Jefferson County, Missouri",MO,50,0,,,,29,99,,,,,,,,,,,,,,,,,.,.,,,,,,,,,,,,,,0500000US29099,"Jefferson County, Missouri",,,29,228227
29101,"Johnson County, Missouri",MO,50,0,,,,29,101,,,,,,,,,,,,,,,,,.,.,,,,,,,,,,,,,,0500000US29101,"Johnson County, Missouri",,,29,54331
29103,"Knox County, Missouri",MO,50,0,,,,29,103,,,,,,,,,,,,,,,,,.,.,,,,,,,,,,,,,,0500000US29103,"Knox County, Missouri",,,29,3760
29105,"Laclede County, Missouri",MO,50,0,,,,29,105,,,,,,,,,,,,,,,,,.,.,,,,,,,,,,,,,,0500000US29105,"Laclede County, Missouri",,,29,36245
29107,"Lafayette County, Missouri",MO,50,0,,,,29,107,,,,,,,,,,,,,,,,,.,.,,,,,,,,,,,,,,0500000US29107,"Lafayette County, Missouri",,,29,32974
29109,"Lawrence County, Missouri",MO,50,0,,,,29,109,,,,,,,,,,,,,,,,,.,.,,,,,,,,,,,,,,0500000US29109,"Lawrence County, Missouri",,,29,38392
29111,"Lewis County, Missouri",MO,50,0,,,,29,111,,,,,,,,,,,,,,,,,.,.,,,,,,,,,,,,,,0500000US29111,"Lewis County, Missouri",,,29,9945
29113,"Lincoln County, Missouri",MO,50,0,,,,29,113,,,,,,,,,,,,,,,,,.,.,,,,,,,,,,,,,,0500000US29113,"Lincoln County, Missouri",,,29,61636
29115,"Linn County, Missouri",MO,50,0,,,,29,115,,,,,,,,,,,,,,,,,.,.,,,,,,,,,,,,,,0500000US29115,"Linn County, Missouri",,,29,11850
29117,"Livingston County, Missouri",MO,50,0,,,,29,117,,,,,,,,,,,,,,,,,.,.,,,,,,,,,,,,,,0500000US29117,"Livingston County, Missouri",,,29,14330
29119,"McDonald County, Missouri",MO,50,0,,,,29,119,,,,,,,,,,,,,,,,,.,.,,,,,,,,,,,,,,0500000US29119,"McDonald County, Missouri",,,29,23492
29121,"Macon County, Missouri",MO,50,0,,,,29,121,,,,,,,,,,,,,,,,,.,.,,,,,,,,,,,,,,0500000US29121,"Macon County, Missouri",,,29,15163
29123,"Madison County, Missouri",MO,50,0,,,,29,123,,,,,,,,,,,,,,,,,.,.,,,,,,,,,,,,,,0500000US29123,"Madison County, Missouri",,,29,12665
29125,"Maries County, Missouri",MO,50,0,,,,29,125,,,,,,,,,,,,,,,,,.,.,,,,,,,,,,,,,,0500000US29125,"Maries County, Missouri",,,29,8435
29127,"Marion County, Missouri",MO,50,0,,,,29,127,,,,,,,,,,,,,,,,,.,.,,,,,,,,,,,,,,0500000US29127,"Marion County, Missouri",,,29,28493
29129,"Mercer County, Missouri",MO,50,0,,,,29,129,,,,,,,,,,,,,,,,,.,.,,,,,,,,,,,,,,0500000US29129,"Mercer County, Missouri",,,29,3501
29131,"Miller County, Missouri",MO,50,0,,,,29,131,,,,,,,,,,,,,,,,,.,.,,,,,,,,,,,,,,0500000US29131,"Miller County, Missouri",,,29,25081
29133,"Mississippi County, Missouri",MO,50,0,,,,29,133,,,,,,,,,,,,,,,,,.,.,,,,,,,,,,,,,,0500000US29133,"Mississippi County, Missouri",,,29,12079
29135,"Moniteau County, Missouri",MO,50,0,,,,29,135,,,,,,,,,,,,,,,,,.,.,,,,,,,,,,,,,,0500000US29135,"Moniteau County, Missouri",,,29,15303
29137,"Monroe County, Missouri",MO,50,0,,,,29,137,,,,,,,,,,,,,,,,,.,.,,,,,,,,,,,,,,0500000US29137,"Monroe County, Missouri",,,29,8672
29139,"Montgomery County, Missouri",MO,50,0,,,,29,139,,,,,,,,,,,,,,,,,.,.,,,,,,,,,,,,,,0500000US29139,"Montgomery County, Missouri",,,29,11422
29141,"Morgan County, Missouri",MO,50,0,,,,29,141,,,,,,,,,,,,,,,,,.,.,,,,,,,,,,,,,,0500000US29141,"Morgan County, Missouri",,,29,21430
29143,"New Madrid County, Missouri",MO,50,0,,,,29,143,,,,,,,,,,,,,,,,,.,.,,,,,,,,,,,,,,0500000US29143,"New Madrid County, Missouri",,,29,16041
29145,"Newton County, Missouri",MO,50,0,,,,29,145,,,,,,,,,,,,,,,,,.,.,,,,,,,,,,,,,,0500000US29145,"Newton County, Missouri",,,29,59490
29147,"Nodaway County, Missouri",MO,50,0,,,,29,147,,,,,,,,,,,,,,,,,.,.,,,,,,,,,,,,,,0500000US29147,"Nodaway County, Missouri",,,29,20959
29149,"Oregon County, Missouri",MO,50,0,,,,29,149,,,,,,,,,,,,,,,,,.,.,,,,,,,,,,,,,,0500000US29149,"Oregon County, Missouri",,,29,8704
29151,"Osage County, Missouri",MO,50,0,,,,29,151,,,,,,,,,,,,,,,,,.,.,,,,,,,,,,,,,,0500000US29151,"Osage County, Missouri",,,29,13379
29153,"Ozark County, Missouri",MO,50,0,,,,29,153,,,,,,,,,,,,,,,,,.,.,,,,,,,,,,,,,,0500000US29153,"Ozark County, Missouri",,,29,8773
29155,"Pemiscot County, Missouri",MO,50,0,,,,29,155,,,,,,,,,,,,,,,,,.,.,,,,,,,,,,,,,,0500000US29155,"Pemiscot County, Missouri",,,29,15232
29157,"Perry County, Missouri",MO,50,0,,,,29,157,,,,,,,,,,,,,,,,,.,.,,,,,,,,,,,,,,0500000US29157,"Perry County, Missouri",,,29,18947
29159,"Pettis County, Missouri",MO,50,0,,,,29,159,,,,,,,,,,,,,,,,,.,.,,,,,,,,,,,,,,0500000US29159,"Pettis County, Missouri",,,29,43205
29161,"Phelps County, Missouri",MO,50,0,,,,29,161,,,,,,,,,,,,,,,,,.,.,,,,,,,,,,,,,,0500000US29161,"Phelps County, Missouri",,,29,44948
29163,"Pike County, Missouri",MO,50,0,,,,29,163,,,,,,,,,,,,,,,,,.,.,,,,,,,,,,,,,,0500000US29163,"Pike County, Missouri",,,29,17623
29165,"Platte County, Missouri",MO,50,0,,,,29,165,,,,,,,,,,,,,,,,,.,.,,,,,,,,,,,,,,0500000US29165,"Platte County, Missouri",,,29,108751
29167,"Polk County, Missouri",MO,50,0,,,,29,167,,,,,,,,,,,,,,,,,.,.,,,,,,,,,,,,,,0500000US29167,"Polk County, Missouri",,,29,32109
29169,"Pulaski County, Missouri",MO,50,0,,,,29,169,,,,,,,,,,,,,,,,,.,.,,,,,,,,,,,,,,0500000US29169,"Pulaski County, Missouri",,,29,53850
29171,"Putnam County, Missouri",MO,50,0,,,,29,171,,,,,,,,,,,,,,,,,.,.,,,,,,,,,,,,,,0500000US29171,"Putnam County, Missouri",,,29,4675
29173,"Ralls County, Missouri",MO,50,0,,,,29,173,,,,,,,,,,,,,,,,,.,.,,,,,,,,,,,,,,0500000US29173,"Ralls County, Missouri",,,29,10394
29175,"Randolph County, Missouri",MO,50,0,,,,29,175,,,,,,,,,,,,,,,,,.,.,,,,,,,,,,,,,,0500000US29175,"Randolph County, Missouri",,,29,24524
29177,"Ray County, Missouri",MO,50,0,,,,29,177,,,,,,,,,,,,,,,,,.,.,,,,,,,,,,,,,,0500000US29177,"Ray County, Missouri",,,29,23149
29179,"Reynolds County, Missouri",MO,50,0,,,,29,179,,,,,,,,,,,,,,,,,.,.,,,,,,,,,,,,,,0500000US29179,"Reynolds County, Missouri",,,29,6058
29181,"Ripley County, Missouri",MO,50,0,,,,29,181,,,,,,,,,,,,,,,,,.,.,,,,,,,,,,,,,,0500000US29181,"Ripley County, Missouri",,,29,10755
29183,"St. Charles County, Missouri",MO,50,0,,,,29,183,,,,,,,,,,,,,,,,,.,.,,,,,,,,,,,,,,0500000US29183,"St. Charles County, Missouri",,,29,409830
29185,"St. Clair County, Missouri",MO,50,0,,,,29,185,,,,,,,,,,,,,,,,,.,.,,,,,,,,,,,,,,0500000US29185,"St. Clair County, Missouri",,,29,9451
29186,"Ste. Genevieve County, Missouri",MO,50,0,,,,29,186,,,,,,,,,,,,,,,,,.,.,,,,,,,,,,,,,,0500000US29186,"Ste. Genevieve County, Missouri",,,29,18551
29187,"St. Francois County, Missouri",MO,50,0,,,,29,187,,,,,,,,,,,,,,,,,.,.,,,,,,,,,,,,,,0500000US29187,"St. Francois County, Missouri",,,29,66864
29189,"St. Louis County, Missouri",MO,50,0,,,,29,189,,,,,,,,,,,,,,,,,.,.,,,,,,,,,,,,,,0500000US29189,"St. Louis County, Missouri",,,29,996618
29195,"Saline County, Missouri",MO,50,0,,,,29,195,,,,,,,,,,,,,,,,,.,.,,,,,,,,,,,,,,0500000US29195,"Saline County, Missouri",,,29,23177
29197,"Schuyler County, Missouri",MO,50,0,,,,29,197,,,,,,,,,,,,,,,,,.,.,,,,,,,,,,,,,,0500000US29197,"Schuyler County, Missouri",,,29,4044
29199,"Scotland County, Missouri",MO,50,0,,,,29,199,,,,,,,,,,,,,,,,,.,.,,,,,,,,,,,,,,0500000US29199,"Scotland County, Missouri",,,29,4698
29201,"Scott County, Missouri",MO,50,0,,,,29,201,,,,,,,,,,,,,,,,,.,.,,,,,,,,,,,,,,0500000US29201,"Scott County, Missouri",,,29,37967
29203,"Shannon County, Missouri",MO,50,0,,,,29,203,,,,,,,,,,,,,,,,,.,.,,,,,,,,,,,,,,0500000US29203,"Shannon County, Missouri",,,29,7137
29205,"Shelby County, Missouri",MO,50,0,,,,29,205,,,,,,,,,,,,,,,,,.,.,,,,,,,,,,,,,,0500000US29205,"Shelby County, Missouri",,,29,6011
29207,"Stoddard County, Missouri",MO,50,0,,,,29,207,,,,,,,,,,,,,,,,,.,.,,,,,,,,,,,,,,0500000US29207,"Stoddard County, Missouri",,,29,28547
29209,"Stone County, Missouri",MO,50,0,,,,29,209,,,,,,,,,,,,,,,,,.,.,,,,,,,,,,,,,,0500000US29209,"Stone County, Missouri",,,29,31697
29211,"Sullivan County, Missouri",MO,50,0,,,,29,211,,,,,,,,,,,,,,,,,.,.,,,,,,,,,,,,,,0500000US29211,"Sullivan County, Missouri",,,29,5903
29213,"Taney County, Missouri",MO,50,0,,,,29,213,,,,,,,,,,,,,,,,,.,.,,,,,,,,,,,,,,0500000US29213,"Taney County, Missouri",,,29,56382
29215,"Texas County, Missouri",MO,50,0,,,,29,215,,,,,,,,,,,,,,,,,.,.,,,,,,,,,,,,,,0500000US29215,"Texas County, Missouri",,,29,24956
29217,"Vernon County, Missouri",MO,50,0,,,,29,217,,,,,,,,,,,,,,,,,.,.,,,,,,,,,,,,,,0500000US29217,"Vernon County, Missouri",,,29,19713
29219,"Warren County, Missouri",MO,50,0,,,,29,219,,,,,,,,,,,,,,,,,.,.,,,,,,,,,,,,,,0500000US29219,"Warren County, Missouri",,,29,36467
29221,"Washington County, Missouri",MO,50,0,,,,29,221,,,,,,,,,,,,,,,,,.,.,,,,,,,,,,,,,,0500000US29221,"Washington County, Missouri",,,29,23483
29223,"Wayne County, Missouri",MO,50,0,,,,29,223,,,,,,,,,,,,,,,,,.,.,,,,,,,,,,,,,,0500000US29223,"Wayne County, Missouri",,,29,10942
29225,"Webster County, Missouri",MO,50,0,,,,29,225,,,,,,,,,,,,,,,,,.,.,,,,,,,,,,,,,,0500000US29225,"Webster County, Missouri",,,29,39868
29227,"Worth County, Missouri",MO,50,0,,,,29,227,,,,,,,,,,,,,,,,,.,.,,,,,,,,,,,,,,0500000US29227,"Worth County, Missouri",,,29,1956
29229,"Wright County, Missouri",MO,50,0,,,,29,229,,,,,,,,,,,,,,,,,.,.,,,,,,,,,,,,,,0500000US29229,"Wright County, Missouri",,,29,18722
29510,"St. Louis city, Missouri",MO,50,0,,,,29,510,,,,,,,,,,,,,,,,,.,.,,,,,,,,,,,,,,0500000US29510,"St. Louis city, Missouri",,,29,293109
30001,"Beaverhead County, Montana",MT,50,0,,,,30,1,,,,,,,,,,,,,,,,,.,.,,,,,,,,,,,,,,0500000US30001,"Beaverhead County, Montana",,,30,9590
30003,"Big Horn County, Montana",MT,50,0,,,,30,3,,,,,,,,,,,,,,,,,.,.,,,,,,,,,,,,,,0500000US30003,"Big Horn County, Montana",,,30,12963
30005,"Blaine County, Montana",MT,50,0,,,,30,5,,,,,,,,,,,,,,,,,.,.,,,,,,,,,,,,,,0500000US30005,"Blaine County, Montana",,,30,6997
30007,"Broadwater County, Montana",MT,50,0,,,,30,7,,,,,,,,,,,,,,,,,.,.,,,,,,,,,,,,,,0500000US30007,"Broadwater County, Montana",,,30,7310
30009,"Carbon County, Montana",MT,50,0,,,,30,9,,,,,,,,,,,,,,,,,.,.,,,,,,,,,,,,,,0500000US30009,"Carbon County, Montana",,,30,10877
30011,"Carter County, Montana",MT,50,0,,,,30,11,,,,,,,,,,,,,,,,,.,.,,,,,,,,,,,,,,0500000US30011,"Carter County, Montana",,,30,1361
30013,"Cascade County, Montana",MT,50,0,,,,30,13,,,,,,,,,,,,,,,,,.,.,,,,,,,,,,,,,,0500000US30013,"Cascade County, Montana",,,30,84601
30015,"Chouteau County, Montana",MT,50,0,,,,30,15,,,,,,,,,,,,,,,,,.,.,,,,,,,,,,,,,,0500000US30015,"Chouteau County, Montana",,,30,5888
30017,"Custer County, Montana",MT,50,0,,,,30,17,,,,,,,,,,,,,,,,,.,.,,,,,,,,,,,,,,0500000US30017,"Custer County, Montana",,,30,11938
30019,"Daniels County, Montana",MT,50,0,,,,30,19,,,,,,,,,,,,,,,,,.,.,,,,,,,,,,,,,,0500000US30019,"Daniels County, Montana",,,30,1524
30021,"Dawson County, Montana",MT,50,0,,,,30,21,,,,,,,,,,,,,,,,,.,.,,,,,,,,,,,,,,0500000US30021,"Dawson County, Montana",,,30,8874
30023,"Deer Lodge County, Montana",MT,50,0,,,,30,23,,,,,,,,,,,,,,,,,.,.,,,,,,,,,,,,,,0500000US30023,"Deer Lodge County, Montana",,,30,9512
30025,"Fallon County, Montana",MT,50,0,,,,30,25,,,,,,,,,,,,,,,,,.,.,,,,,,,,,,,,,,0500000US30025,"Fallon County, Montana",,,30,2817
30027,"Fergus County, Montana",MT,50,0,,,,30,27,,,,,,,,,,,,,,,,,.,.,,,,,,,,,,,,,,0500000US30027,"Fergus County, Montana",,,30,11581
30029,"Flathead County, Montana",MT,50,0,,,,30,29,,,,,,,,,,,,,,,,,.,.,,,,,,,,,,,,,,0500000US30029,"Flathead County, Montana",,,30,108445
30031,"Gallatin County, Montana",MT,50,0,,,,30,31,,,,,,,,,,,,,,,,,.,.,,,,,,,,,,,,,,0500000US30031,"Gallatin County, Montana",,,30,122194
30033,"Garfield County, Montana",MT,50,0,,,,30,33,,,,,,,,,,,,,,,,,.,.,,,,,,,,,,,,,,0500000US30033,"Garfield County, Montana",,,30,938
30035,"Glacier County, Montana",MT,50,0,,,,30,35,,,,,,,,,,,,,,,,,.,.,,,,,,,,,,,,,,0500000US30035,"Glacier County, Montana",,,30,13713
30037,"Golden Valley County, Montana",MT,50,0,,,,30,37,,,,,,,,,,,,,,,,,.,.,,,,,,,,,,,,,,0500000US30037,"Golden Valley County, Montana",,,30,840
30039,"Granite County, Montana",MT,50,0,,,,30,39,,,,,,,,,,,,,,,,,.,.,,,,,,,,,,,,,,0500000US30039,"Granite County, Montana",,,30,3419
30041,"Hill County, Montana",MT,50,0,,,,30,41,,,,,,,,,,,,,,,,,.,.,,,,,,,,,,,,,,0500000US30041,"Hill County, Montana",,,30,16260
30043,"Jefferson County, Montana",MT,50,0,,,,30,43,,,,,,,,,,,,,,,,,.,.,,,,,,,,,,,,,,0500000US30043,"Jefferson County, Montana",,,30,12501
30045,"Judith Basin County, Montana",MT,50,0,,,,30,45,,,,,,,,,,,,,,,,,.,.,,,,,,,,,,,,,,0500000US30045,"Judith Basin County, Montana",,,30,2053
30047,"Lake County, Montana",MT,50,0,,,,30,47,,,,,,,,,,,,,,,,,.,.,,,,,,,,,,,,,,0500000US30047,"Lake County, Montana",,,30,32073
30049,"Lewis and Clark County, Montana",MT,50,0,,,,30,49,,,,,,,,,,,,,,,,,.,.,,,,,,,,,,,,,,0500000US30049,"Lewis and Clark County, Montana",,,30,72580
30051,"Liberty County, Montana",MT,50,0,,,,30,51,,,,,,,,,,,,,,,,,.,.,,,,,,,,,,,,,,0500000US30051,"Liberty County, Montana",,,30,1968
30053,"Lincoln County, Montana",MT,50,0,,,,30,53,,,,,,,,,,,,,,,,,.,.,,,,,,,,,,,,,,0500000US30053,"Lincoln County, Montana",,,30,20656
30055,"McCone County, Montana",MT,50,0,,,,30,55,,,,,,,,,,,,,,,,,.,.,,,,,,,,,,,,,,0500000US30055,"McCone County, Montana",,,30,1818
30057,"Madison County, Montana",MT,50,0,,,,30,57,,,,,,,,,,,,,,,,,.,.,,,,,,,,,,,,,,0500000US30057,"Madison County, Montana",,,30,8975
30059,"Meagher County, Montana",MT,50,0,,,,30,59,,,,,,,,,,,,,,,,,.,.,,,,,,,,,,,,,,0500000US30059,"Meagher County, Montana",,,30,1979
30061,"Mineral County, Montana",MT,50,0,,,,30,61,,,,,,,,,,,,,,,,,.,.,,,,,,,,,,,,,,0500000US30061,"Mineral County, Montana",,,30,4796
30063,"Missoula County, Montana",MT,50,0,,,,30,63,,,,,,,,,,,,,,,,,.,.,,,,,,,,,,,,,,0500000US30063,"Missoula County, Montana",,,30,119639
30065,"Musselshell County, Montana",MT,50,0,,,,30,65,,,,,,,,,,,,,,,,,.,.,,,,,,,,,,,,,,0500000US30065,"Musselshell County, Montana",,,30,5068
30067,"Park County, Montana",MT,50,0,,,,30,67,,,,,,,,,,,,,,,,,.,.,,,,,,,,,,,,,,0500000US30067,"Park County, Montana",,,30,17484
30069,"Petroleum County, Montana",MT,50,0,,,,30,69,,,,,,,,,,,,,,,,,.,.,,,,,,,,,,,,,,0500000US30069,"Petroleum County, Montana",,,30,401
30071,"Phillips County, Montana",MT,50,0,,,,30,71,,,,,,,,,,,,,,,,,.,.,,,,,,,,,,,,,,0500000US30071,"Phillips County, Montana",,,30,4224
30073,"Pondera County, Montana",MT,50,0,,,,30,73,,,,,,,,,,,,,,,,,.,.,,,,,,,,,,,,,,0500000US30073,"Pondera County, Montana",,,30,6012
30075,"Powder River County, Montana",MT,50,0,,,,30,75,,,,,,,,,,,,,,,,,.,.,,,,,,,,,,,,,,0500000US30075,"Powder River County, Montana",,,30,1762
30077,"Powell County, Montana",MT,50,0,,,,30,77,,,,,,,,,,,,,,,,,.,.,,,,,,,,,,,,,,0500000US30077,"Powell County, Montana",,,30,7029
30079,"Prairie County, Montana",MT,50,0,,,,30,79,,,,,,,,,,,,,,,,,.,.,,,,,,,,,,,,,,0500000US30079,"Prairie County, Montana",,,30,1251
30081,"Ravalli County, Montana",MT,50,0,,,,30,81,,,,,,,,,,,,,,,,,.,.,,,,,,,,,,,,,,0500000US30081,"Ravalli County, Montana",,,30,45807
30083,"Richland County, Montana",MT,50,0,,,,30,83,,,,,,,,,,,,,,,,,.,.,,,,,,,,,,,,,,0500000US30083,"Richland County, Montana",,,30,11329
30085,"Roosevelt County, Montana",MT,50,0,,,,30,85,,,,,,,,,,,,,,,,,.,.,,,,,,,,,,,,,,0500000US30085,"Roosevelt County, Montana",,,30,10665
30087,"Rosebud County, Montana",MT,50,0,,,,30,87,,,,,,,,,,,,,,,,,.,.,,,,,,,,,,,,,,0500000US30087,"Rosebud County, Montana",,,30,8236
30089,"Sanders County, Montana",MT,50,0,,,,30,89,,,,,,,,,,,,,,,,,.,.,,,,,,,,,,,,,,0500000US30089,"Sanders County, Montana",,,30,12936
30091,"Sheridan County, Montana",MT,50,0,,,,30,91,,,,,,,,,,,,,,,,,.,.,,,,,,,,,,,,,,0500000US30091,"Sheridan County, Montana",,,30,3677
30093,"Silver Bow County, Montana",MT,50,0,,,,30,93,,,,,,,,,,,,,,,,,.,.,,,,,,,,,,,,,,0500000US30093,"Silver Bow County, Montana",,,30,35589
30095,"Stillwater County, Montana",MT,50,0,,,,30,95,,,,,,,,,,,,,,,,,.,.,,,,,,,,,,,,,,0500000US30095,"Stillwater County, Montana",,,30,9052
30097,"Sweet Grass County, Montana",MT,50,0,,,,30,97,,,,,,,,,,,,,,,,,.,.,,,,,,,,,,,,,,0500000US30097,"Sweet Grass County, Montana",,,30,3713
30099,"Teton County, Montana",MT,50,0,,,,30,99,,,,,,,,,,,,,,,,,.,.,,,,,,,,,,,,,,0500000US30099,"Teton County, Montana",,,30,6291
30101,"Toole County, Montana",MT,50,0,,,,30,101,,,,,,,,,,,,,,,,,.,.,,,,,,,,,,,,,,0500000US30101,"Toole County, Montana",,,30,5028
30103,"Treasure County, Montana",MT,50,0,,,,30,103,,,,,,,,,,,,,,,,,.,.,,,,,,,,,,,,,,0500000US30103,"Treasure County, Montana",,,30,761
30105,"Valley County, Montana",MT,50,0,,,,30,105,,,,,,,,,,,,,,,,,.,.,,,,,,,,,,,,,,0500000US30105,"Valley County, Montana",,,30,7540
30107,"Wheatland County, Montana",MT,50,0,,,,30,107,,,,,,,,,,,,,,,,,.,.,,,,,,,,,,,,,,0500000US30107,"Wheatland County, Montana",,,30,2049
30109,"Wibaux County, Montana",MT,50,0,,,,30,109,,,,,,,,,,,,,,,,,.,.,,,,,,,,,,,,,,0500000US30109,"Wibaux County, Montana",,,30,1148
30111,"Yellowstone County, Montana",MT,50,0,,,,30,111,,,,,,,,,,,,,,,,,.,.,,,,,,,,,,,,,,0500000US30111,"Yellowstone County, Montana",,,30,167340
31001,"Adams County, Nebraska",NE,50,0,,,,31,1,,,,,,,,,,,,,,,,,.,.,,,,,,,,,,,,,,0500000US31001,"Adams County, Nebraska",,,31,31034
31003,"Antelope County, Nebraska",NE,50,0,,,,31,3,,,,,,,,,,,,,,,,,.,.,,,,,,,,,,,,,,0500000US31003,"Antelope County, Nebraska",,,31,6302
31005,"Arthur County, Nebraska",NE,50,0,,,,31,5,,,,,,,,,,,,,,,,,.,.,,,,,,,,,,,,,,0500000US31005,"Arthur County, Nebraska",,,31,540
31007,"Banner County, Nebraska",NE,50,0,,,,31,7,,,,,,,,,,,,,,,,,.,.,,,,,,,,,,,,,,0500000US31007,"Banner County, Nebraska",,,31,657
31009,"Blaine County, Nebraska",NE,50,0,,,,31,9,,,,,,,,,,,,,,,,,.,.,,,,,,,,,,,,,,0500000US31009,"Blaine County, Nebraska",,,31,385
31011,"Boone County, Nebraska",NE,50,0,,,,31,11,,,,,,,,,,,,,,,,,.,.,,,,,,,,,,,,,,0500000US31011,"Boone County, Nebraska",,,31,5366
31013,"Box Butte County, Nebraska",NE,50,0,,,,31,13,,,,,,,,,,,,,,,,,.,.,,,,,,,,,,,,,,0500000US31013,"Box Butte County, Nebraska",,,31,10754
31015,"Boyd County, Nebraska",NE,50,0,,,,31,15,,,,,,,,,,,,,,,,,.,.,,,,,,,,,,,,,,0500000US31015,"Boyd County, Nebraska",,,31,1704
31017,"Brown County, Nebraska",NE,50,0,,,,31,17,,,,,,,,,,,,,,,,,.,.,,,,,,,,,,,,,,0500000US31017,"Brown County, Nebraska",,,31,2739
31019,"Buffalo County, Nebraska",NE,50,0,,,,31,19,,,,,,,,,,,,,,,,,.,.,,,,,,,,,,,,,,0500000US31019,"Buffalo County, Nebraska",,,31,50323
31021,"Burt County, Nebraska",NE,50,0,,,,31,21,,,,,,,,,,,,,,,,,.,.,,,,,,,,,,,,,,0500000US31021,"Burt County, Nebraska",,,31,6730
31023,"Butler County, Nebraska",NE,50,0,,,,31,23,,,,,,,,,,,,,,,,,.,.,,,,,,,,,,,,,,0500000US31023,"Butler County, Nebraska",,,31,8413
31025,"Cass County, Nebraska",NE,50,0,,,,31,25,,,,,,,,,,,,,,,,,.,.,,,,,,,,,,,,,,0500000US31025,"Cass County, Nebraska",,,31,26963
31027,"Cedar County, Nebraska",NE,50,0,,,,31,27,,,,,,,,,,,,,,,,,.,.,,,,,,,,,,,,,,0500000US31027,"Cedar County, Nebraska",,,31,8344
31029,"Chase County, Nebraska",NE,50,0,,,,31,29,,,,,,,,,,,,,,,,,.,.,,,,,,,,,,,,,,0500000US31029,"Chase County, Nebraska",,,31,3639
31031,"Cherry County, Nebraska",NE,50,0,,,,31,31,,,,,,,,,,,,,,,,,.,.,,,,,,,,,,,,,,0500000US31031,"Cherry County, Nebraska",,,31,5468
31033,"Cheyenne County, Nebraska",NE,50,0,,,,31,33,,,,,,,,,,,,,,,,,.,.,,,,,,,,,,,,,,0500000US31033,"Cheyenne County, Nebraska",,,31,9478
31035,"Clay County, Nebraska",NE,50,0,,,,31,35,,,,,,,,,,,,,,,,,.,.,,,,,,,,,,,,,,0500000US31035,"Clay County, Nebraska",,,31,6084
31037,"Colfax County, Nebraska",NE,50,0,,,,31,37,,,,,,,,,,,,,,,,,.,.,,,,,,,,,,,,,,0500000US31037,"Colfax County, Nebraska",,,31,10541
31039,"Cuming County, Nebraska",NE,50,0,,,,31,39,,,,,,,,,,,,,,,,,.,.,,,,,,,,,,,,,,0500000US31039,"Cuming County, Nebraska",,,31,8976
31041,"Custer County, Nebraska",NE,50,0,,,,31,41,,,,,,,,,,,,,,,,,.,.,,,,,,,,,,,,,,0500000US31041,"Custer County, Nebraska",,,31,10544
31043,"Dakota County, Nebraska",NE,50,0,,,,31,43,,,,,,,,,,,,,,,,,.,.,,,,,,,,,,,,,,0500000US31043,"Dakota County, Nebraska",,,31,21331
31045,"Dawes County, Nebraska",NE,50,0,,,,31,45,,,,,,,,,,,,,,,,,.,.,,,,,,,,,,,,,,0500000US31045,"Dawes County, Nebraska",,,31,8212
31047,"Dawson County, Nebraska",NE,50,0,,,,31,47,,,,,,,,,,,,,,,,,.,.,,,,,,,,,,,,,,0500000US31047,"Dawson County, Nebraska",,,31,24020
31049,"Deuel County, Nebraska",NE,50,0,,,,31,49,,,,,,,,,,,,,,,,,.,.,,,,,,,,,,,,,,0500000US31049,"Deuel County, Nebraska",,,31,1865
31051,"Dixon County, Nebraska",NE,50,0,,,,31,51,,,,,,,,,,,,,,,,,.,.,,,,,,,,,,,,,,0500000US31051,"Dixon County, Nebraska",,,31,5561
31053,"Dodge County, Nebraska",NE,50,0,,,,31,53,,,,,,,,,,,,,,,,,.,.,,,,,,,,,,,,,,0500000US31053,"Dodge County, Nebraska",,,31,37146
31055,"Douglas County, Nebraska",NE,50,0,,,,31,55,,,,,,,,,,,,,,,,,.,.,,,,,,,,,,,,,,0500000US31055,"Douglas County, Nebraska",,,31,585461
31057,"Dundy County, Nebraska",NE,50,0,,,,31,57,,,,,,,,,,,,,,,,,.,.,,,,,,,,,,,,,,0500000US31057,"Dundy County, Nebraska",,,31,1811
31059,"Fillmore County, Nebraska",NE,50,0,,,,31,59,,,,,,,,,,,,,,,,,.,.,,,,,,,,,,,,,,0500000US31059,"Fillmore County, Nebraska",,,31,5551
31061,"Franklin County, Nebraska",NE,50,0,,,,31,61,,,,,,,,,,,,,,,,,.,.,,,,,,,,,,,,,,0500000US31061,"Franklin County, Nebraska",,,31,2868
31063,"Frontier County, Nebraska",NE,50,0,,,,31,63,,,,,,,,,,,,,,,,,.,.,,,,,,,,,,,,,,0500000US31063,"Frontier County, Nebraska",,,31,2562
31065,"Furnas County, Nebraska",NE,50,0,,,,31,65,,,,,,,,,,,,,,,,,.,.,,,,,,,,,,,,,,0500000US31065,"Furnas County, Nebraska",,,31,4605
31067,"Gage County, Nebraska",NE,50,0,,,,31,67,,,,,,,,,,,,,,,,,.,.,,,,,,,,,,,,,,0500000US31067,"Gage County, Nebraska",,,31,21646
31069,"Garden County, Nebraska",NE,50,0,,,,31,69,,,,,,,,,,,,,,,,,.,.,,,,,,,,,,,,,,0500000US31069,"Garden County, Nebraska",,,31,1620
31071,"Garfield County, Nebraska",NE,50,0,,,,31,71,,,,,,,,,,,,,,,,,.,.,,,,,,,,,,,,,,0500000US31071,"Garfield County, Nebraska",,,31,1797
31073,"Gosper County, Nebraska",NE,50,0,,,,31,73,,,,,,,,,,,,,,,,,.,.,,,,,,,,,,,,,,0500000US31073,"Gosper County, Nebraska",,,31,1929
31075,"Grant County, Nebraska",NE,50,0,,,,31,75,,,,,,,,,,,,,,,,,.,.,,,,,,,,,,,,,,0500000US31075,"Grant County, Nebraska",,,31,695
31077,"Greeley County, Nebraska",NE,50,0,,,,31,77,,,,,,,,,,,,,,,,,.,.,,,,,,,,,,,,,,0500000US31077,"Greeley County, Nebraska",,,31,2211
31079,"Hall County, Nebraska",NE,50,0,,,,31,79,,,,,,,,,,,,,,,,,.,.,,,,,,,,,,,,,,0500000US31079,"Hall County, Nebraska",,,31,62431
31081,"Hamilton County, Nebraska",NE,50,0,,,,31,81,,,,,,,,,,,,,,,,,.,.,,,,,,,,,,,,,,0500000US31081,"Hamilton County, Nebraska",,,31,9438
31083,"Harlan County, Nebraska",NE,50,0,,,,31,83,,,,,,,,,,,,,,,,,.,.,,,,,,,,,,,,,,0500000US31083,"Harlan County, Nebraska",,,31,3006
31085,"Hayes County, Nebraska",NE,50,0,,,,31,85,,,,,,,,,,,,,,,,,.,.,,,,,,,,,,,,,,0500000US31085,"Hayes County, Nebraska",,,31,854
31087,"Hitchcock County, Nebraska",NE,50,0,,,,31,87,,,,,,,,,,,,,,,,,.,.,,,,,,,,,,,,,,0500000US31087,"Hitchcock County, Nebraska",,,31,2601
31089,"Holt County, Nebraska",NE,50,0,,,,31,89,,,,,,,,,,,,,,,,,.,.,,,,,,,,,,,,,,0500000US31089,"Holt County, Nebraska",,,31,10093
31091,"Hooker County, Nebraska",NE,50,0,,,,31,91,,,,,,,,,,,,,,,,,.,.,,,,,,,,,,,,,,0500000US31091,"Hooker County, Nebraska",,,31,613
31093,"Howard County, Nebraska",NE,50,0,,,,31,93,,,,,,,,,,,,,,,,,.,.,,,,,,,,,,,,,,0500000US31093,"Howard County, Nebraska",,,31,6492
31095,"Jefferson County, Nebraska",NE,50,0,,,,31,95,,,,,,,,,,,,,,,,,.,.,,,,,,,,,,,,,,0500000US31095,"Jefferson County, Nebraska",,,31,7155
31097,"Johnson County, Nebraska",NE,50,0,,,,31,97,,,,,,,,,,,,,,,,,.,.,,,,,,,,,,,,,,0500000US31097,"Johnson County, Nebraska",,,31,5263
31099,"Kearney County, Nebraska",NE,50,0,,,,31,99,,,,,,,,,,,,,,,,,.,.,,,,,,,,,,,,,,0500000US31099,"Kearney County, Nebraska",,,31,6697
31101,"Keith County, Nebraska",NE,50,0,,,,31,101,,,,,,,,,,,,,,,,,.,.,,,,,,,,,,,,,,0500000US31101,"Keith County, Nebraska",,,31,8239
31103,"Keya Paha County, Nebraska",NE,50,0,,,,31,103,,,,,,,,,,,,,,,,,.,.,,,,,,,,,,,,,,0500000US31103,"Keya Paha County, Nebraska",,,31,939
31105,"Kimball County, Nebraska",NE,50,0,,,,31,105,,,,,,,,,,,,,,,,,.,.,,,,,,,,,,,,,,0500000US31105,"Kimball County, Nebraska",,,31,3348
31107,"Knox County, Nebraska",NE,50,0,,,,31,107,,,,,,,,,,,,,,,,,.,.,,,,,,,,,,,,,,0500000US31107,"Knox County, Nebraska",,,31,8362
31109,"Lancaster County, Nebraska",NE,50,0,,,,31,109,,,,,,,,,,,,,,,,,.,.,,,,,,,,,,,,,,0500000US31109,"Lancaster County, Nebraska",,,31,323673
31111,"Lincoln County, Nebraska",NE,50,0,,,,31,111,,,,,,,,,,,,,,,,,.,.,,,,,,,,,,,,,,0500000US31111,"Lincoln County, Nebraska",,,31,34122
31113,"Logan County, Nebraska",NE,50,0,,,,31,113,,,,,,,,,,,,,,,,,.,.,,,,,,,,,,,,,,0500000US31113,"Logan County, Nebraska",,,31,812
31115,"Loup County, Nebraska",NE,50,0,,,,31,115,,,,,,,,,,,,,,,,,.,.,,,,,,,,,,,,,,0500000US31115,"Loup County, Nebraska",,,31,564
31117,"McPherson County, Nebraska",NE,50,0,,,,31,117,,,,,,,,,,,,,,,,,.,.,,,,,,,,,,,,,,0500000US31117,"McPherson County, Nebraska",,,31,463
31119,"Madison County, Nebraska",NE,50,0,,,,31,119,,,,,,,,,,,,,,,,,.,.,,,,,,,,,,,,,,0500000US31119,"Madison County, Nebraska",,,31,35535
31121,"Merrick County, Nebraska",NE,50,0,,,,31,121,,,,,,,,,,,,,,,,,.,.,,,,,,,,,,,,,,0500000US31121,"Merrick County, Nebraska",,,31,7696
31123,"Morrill County, Nebraska",NE,50,0,,,,31,123,,,,,,,,,,,,,,,,,.,.,,,,,,,,,,,,,,0500000US31123,"Morrill County, Nebraska",,,31,4544
31125,"Nance County, Nebraska",NE,50,0,,,,31,125,,,,,,,,,,,,,,,,,.,.,,,,,,,,,,,,,,0500000US31125,"Nance County, Nebraska",,,31,3342
31127,"Nemaha County, Nebraska",NE,50,0,,,,31,127,,,,,,,,,,,,,,,,,.,.,,,,,,,,,,,,,,0500000US31127,"Nemaha County, Nebraska",,,31,7035
31129,"Nuckolls County, Nebraska",NE,50,0,,,,31,129,,,,,,,,,,,,,,,,,.,.,,,,,,,,,,,,,,0500000US31129,"Nuckolls County, Nebraska",,,31,4089
31131,"Otoe County, Nebraska",NE,50,0,,,,31,131,,,,,,,,,,,,,,,,,.,.,,,,,,,,,,,,,,0500000US31131,"Otoe County, Nebraska",,,31,16075
31133,"Pawnee County, Nebraska",NE,50,0,,,,31,133,,,,,,,,,,,,,,,,,.,.,,,,,,,,,,,,,,0500000US31133,"Pawnee County, Nebraska",,,31,2539
31135,"Perkins County, Nebraska",NE,50,0,,,,31,135,,,,,,,,,,,,,,,,,.,.,,,,,,,,,,,,,,0500000US31135,"Perkins County, Nebraska",,,31,2835
31137,"Phelps County, Nebraska",NE,50,0,,,,31,137,,,,,,,,,,,,,,,,,.,.,,,,,,,,,,,,,,0500000US31137,"Phelps County, Nebraska",,,31,8983
31139,"Pierce County, Nebraska",NE,50,0,,,,31,139,,,,,,,,,,,,,,,,,.,.,,,,,,,,,,,,,,0500000US31139,"Pierce County, Nebraska",,,31,7312
31141,"Platte County, Nebraska",NE,50,0,,,,31,141,,,,,,,,,,,,,,,,,.,.,,,,,,,,,,,,,,0500000US31141,"Platte County, Nebraska",,,31,34358
31143,"Polk County, Nebraska",NE,50,0,,,,31,143,,,,,,,,,,,,,,,,,.,.,,,,,,,,,,,,,,0500000US31143,"Polk County, Nebraska",,,31,5209
31145,"Red Willow County, Nebraska",NE,50,0,,,,31,145,,,,,,,,,,,,,,,,,.,.,,,,,,,,,,,,,,0500000US31145,"Red Willow County, Nebraska",,,31,10611
31147,"Richardson County, Nebraska",NE,50,0,,,,31,147,,,,,,,,,,,,,,,,,.,.,,,,,,,,,,,,,,0500000US31147,"Richardson County, Nebraska",,,31,7797
31149,"Rock County, Nebraska",NE,50,0,,,,31,149,,,,,,,,,,,,,,,,,.,.,,,,,,,,,,,,,,0500000US31149,"Rock County, Nebraska",,,31,1335
31151,"Saline County, Nebraska",NE,50,0,,,,31,151,,,,,,,,,,,,,,,,,.,.,,,,,,,,,,,,,,0500000US31151,"Saline County, Nebraska",,,31,14642
31153,"Sarpy County, Nebraska",NE,50,0,,,,31,153,,,,,,,,,,,,,,,,,.,.,,,,,,,,,,,,,,0500000US31153,"Sarpy County, Nebraska",,,31,194051
31155,"Saunders County, Nebraska",NE,50,0,,,,31,155,,,,,,,,,,,,,,,,,.,.,,,,,,,,,,,,,,0500000US31155,"Saunders County, Nebraska",,,31,22761
31157,"Scotts Bluff County, Nebraska",NE,50,0,,,,31,157,,,,,,,,,,,,,,,,,.,.,,,,,,,,,,,,,,0500000US31157,"Scotts Bluff County, Nebraska",,,31,35937
31159,"Seward County, Nebraska",NE,50,0,,,,31,159,,,,,,,,,,,,,,,,,.,.,,,,,,,,,,,,,,0500000US31159,"Seward County, Nebraska",,,31,17636
31161,"Sheridan County, Nebraska",NE,50,0,,,,31,161,,,,,,,,,,,,,,,,,.,.,,,,,,,,,,,,,,0500000US31161,"Sheridan County, Nebraska",,,31,5058
31163,"Sherman County, Nebraska",NE,50,0,,,,31,163,,,,,,,,,,,,,,,,,.,.,,,,,,,,,,,,,,0500000US31163,"Sherman County, Nebraska",,,31,2974
31165,"Sioux County, Nebraska",NE,50,0,,,,31,165,,,,,,,,,,,,,,,,,.,.,,,,,,,,,,,,,,0500000US31165,"Sioux County, Nebraska",,,31,1197
31167,"Stanton County, Nebraska",NE,50,0,,,,31,167,,,,,,,,,,,,,,,,,.,.,,,,,,,,,,,,,,0500000US31167,"Stanton County, Nebraska",,,31,5835
31169,"Thayer County, Nebraska",NE,50,0,,,,31,169,,,,,,,,,,,,,,,,,.,.,,,,,,,,,,,,,,0500000US31169,"Thayer County, Nebraska",,,31,4938
31171,"Thomas County, Nebraska",NE,50,0,,,,31,171,,,,,,,,,,,,,,,,,.,.,,,,,,,,,,,,,,0500000US31171,"Thomas County, Nebraska",,,31,626
31173,"Thurston County, Nebraska",NE,50,0,,,,31,173,,,,,,,,,,,,,,,,,.,.,,,,,,,,,,,,,,0500000US31173,"Thurston County, Nebraska",,,31,6666
31175,"Valley County, Nebraska",NE,50,0,,,,31,175,,,,,,,,,,,,,,,,,.,.,,,,,,,,,,,,,,0500000US31175,"Valley County, Nebraska",,,31,4094
31177,"Washington County, Nebraska",NE,50,0,,,,31,177,,,,,,,,,,,,,,,,,.,.,,,,,,,,,,,,,,0500000US31177,"Washington County, Nebraska",,,31,20989
31179,"Wayne County, Nebraska",NE,50,0,,,,31,179,,,,,,,,,,,,,,,,,.,.,,,,,,,,,,,,,,0500000US31179,"Wayne County, Nebraska",,,31,9786
31181,"Webster County, Nebraska",NE,50,0,,,,31,181,,,,,,,,,,,,,,,,,.,.,,,,,,,,,,,,,,0500000US31181,"Webster County, Nebraska",,,31,3385
31183,"Wheeler County, Nebraska",NE,50,0,,,,31,183,,,,,,,,,,,,,,,,,.,.,,,,,,,,,,,,,,0500000US31183,"Wheeler County, Nebraska",,,31,785
31185,"York County, Nebraska",NE,50,0,,,,31,185,,,,,,,,,,,,,,,,,.,.,,,,,,,,,,,,,,0500000US31185,"York County, Nebraska",,,31,14231
32001,"Churchill County, Nevada",NV,50,0,,,,32,1,,,,,,,,,,,,,,,,,.,.,,,,,,,,,,,,,,0500000US32001,"Churchill County, Nevada",,,32,25614
32003,"Clark County, Nevada",NV,50,0,,,,32,3,,,,,,,,,,,,,,,,,.,.,,,,,,,,,,,,,,0500000US32003,"Clark County, Nevada",,,32,2293764
32005,"Douglas County, Nevada",NV,50,0,,,,32,5,,,,,,,,,,,,,,,,,.,.,,,,,,,,,,,,,,0500000US32005,"Douglas County, Nevada",,,32,49624
32007,"Elko County, Nevada",NV,50,0,,,,32,7,,,,,,,,,,,,,,,,,.,.,,,,,,,,,,,,,,0500000US32007,"Elko County, Nevada",,,32,53852
32009,"Esmeralda County, Nevada",NV,50,0,,,,32,9,,,,,,,,,,,,,,,,,.,.,,,,,,,,,,,,,,0500000US32009,"Esmeralda County, Nevada",,,32,962
32011,"Eureka County, Nevada",NV,50,0,,,,32,11,,,,,,,,,,,,,,,,,.,.,,,,,,,,,,,,,,0500000US32011,"Eureka County, Nevada",,,32,1660
32013,"Humboldt County, Nevada",NV,50,0,,,,32,13,,,,,,,,,,,,,,,,,.,.,,,,,,,,,,,,,,0500000US32013,"Humboldt County, Nevada",,,32,17299
32015,"Lander County, Nevada",NV,50,0,,,,32,15,,,,,,,,,,,,,,,,,.,.,,,,,,,,,,,,,,0500000US32015,"Lander County, Nevada",,,32,5745
32017,"Lincoln County, Nevada",NV,50,0,,,,32,17,,,,,,,,,,,,,,,,,.,.,,,,,,,,,,,,,,0500000US32017,"Lincoln County, Nevada",,,32,4452
32019,"Lyon County, Nevada",NV,50,0,,,,32,19,,,,,,,,,,,,,,,,,.,.,,,,,,,,,,,,,,0500000US32019,"Lyon County, Nevada",,,32,60630
32021,"Mineral County, Nevada",NV,50,0,,,,32,21,,,,,,,,,,,,,,,,,.,.,,,,,,,,,,,,,,0500000US32021,"Mineral County, Nevada",,,32,4557
32023,"Nye County, Nevada",NV,50,0,,,,32,23,,,,,,,,,,,,,,,,,.,.,,,,,,,,,,,,,,0500000US32023,"Nye County, Nevada",,,32,53207
32027,"Pershing County, Nevada",NV,50,0,,,,32,27,,,,,,,,,,,,,,,,,.,.,,,,,,,,,,,,,,0500000US32027,"Pershing County, Nevada",,,32,6505
32029,"Storey County, Nevada",NV,50,0,,,,32,29,,,,,,,,,,,,,,,,,.,.,,,,,,,,,,,,,,0500000US32029,"Storey County, Nevada",,,32,4139
32031,"Washoe County, Nevada",NV,50,0,,,,32,31,,,,,,,,,,,,,,,,,.,.,,,,,,,,,,,,,,0500000US32031,"Washoe County, Nevada",,,32,491770
32033,"White Pine County, Nevada",NV,50,0,,,,32,33,,,,,,,,,,,,,,,,,.,.,,,,,,,,,,,,,,0500000US32033,"White Pine County, Nevada",,,32,8856
32510,"Carson City, Nevada",NV,50,0,,,,32,510,,,,,,,,,,,,,,,,,.,.,,,,,,,,,,,,,,0500000US32510,"Carson City, Nevada",,,32,58364
33001,"Belknap County, New Hampshire",NH,50,0,,,,33,1,,,,,,,,,,,,,,,,,.,.,,,,,,,,,,,,,,0500000US33001,"Belknap County, New Hampshire",,,33,64300
33003,"Carroll County, New Hampshire",NH,50,0,,,,33,3,,,,,,,,,,,,,,,,,.,.,,,,,,,,,,,,,,0500000US33003,"Carroll County, New Hampshire",,,33,51259
33005,"Cheshire County, New Hampshire",NH,50,0,,,,33,5,,,,,,,,,,,,,,,,,.,.,,,,,,,,,,,,,,0500000US33005,"Cheshire County, New Hampshire",,,33,76945
33007,"Coos County, New Hampshire",NH,50,0,,,,33,7,,,,,,,,,,,,,,,,,.,.,,,,,,,,,,,,,,0500000US33007,"Coos County, New Hampshire",,,33,31386
33009,"Grafton County, New Hampshire",NH,50,0,,,,33,9,,,,,,,,,,,,,,,,,.,.,,,,,,,,,,,,,,0500000US33009,"Grafton County, New Hampshire",,,33,91759
33011,"Hillsborough County, New Hampshire",NH,50,0,,,,33,11,,,,,,,,,,,,,,,,,.,.,,,,,,,,,,,,,,0500000US33011,"Hillsborough County, New Hampshire",,,33,424732
33013,"Merrimack County, New Hampshire",NH,50,0,,,,33,13,,,,,,,,,,,,,,,,,.,.,,,,,,,,,,,,,,0500000US33013,"Merrimack County, New Hampshire",,,33,155018
33015,"Rockingham County, New Hampshire",NH,50,0,,,,33,15,,,,,,,,,,,,,,,,,.,.,,,,,,,,,,,,,,0500000US33015,"Rockingham County, New Hampshire",,,33,317163
33017,"Strafford County, New Hampshire",NH,50,0,,,,33,17,,,,,,,,,,,,,,,,,.,.,,,,,,,,,,,,,,0500000US33017,"Strafford County, New Hampshire",,,33,131743
33019,"Sullivan County, New Hampshire",NH,50,0,,,,33,19,,,,,,,,,,,,,,,,,.,.,,,,,,,,,,,,,,0500000US33019,"Sullivan County, New Hampshire",,,33,43529
34001,"Atlantic County, New Jersey",NJ,50,0,,,,34,1,,,,,,,,,,,,,,,,,.,.,,,,,,,,,,,,,,0500000US34001,"Atlantic County, New Jersey",,,34,274704
34003,"Bergen County, New Jersey",NJ,50,0,,,,34,3,,,,,,,,,,,,,,,,,.,.,,,,,,,,,,,,,,0500000US34003,"Bergen County, New Jersey",,,34,954717
34005,"Burlington County, New Jersey",NJ,50,0,,,,34,5,,,,,,,,,,,,,,,,,.,.,,,,,,,,,,,,,,0500000US34005,"Burlington County, New Jersey",,,34,464226
34007,"Camden County, New Jersey",NJ,50,0,,,,34,7,,,,,,,,,,,,,,,,,.,.,,,,,,,,,,,,,,0500000US34007,"Camden County, New Jersey",,,34,524042
34009,"Cape May County, New Jersey",NJ,50,0,,,,34,9,,,,,,,,,,,,,,,,,.,.,,,,,,,,,,,,,,0500000US34009,"Cape May County, New Jersey",,,34,95236
34011,"Cumberland County, New Jersey",NJ,50,0,,,,34,11,,,,,,,,,,,,,,,,,.,.,,,,,,,,,,,,,,0500000US34011,"Cumberland County, New Jersey",,,34,152915
34013,"Essex County, New Jersey",NJ,50,0,,,,34,13,,,,,,,,,,,,,,,,,.,.,,,,,,,,,,,,,,0500000US34013,"Essex County, New Jersey",,,34,854130
34015,"Gloucester County, New Jersey",NJ,50,0,,,,34,15,,,,,,,,,,,,,,,,,.,.,,,,,,,,,,,,,,0500000US34015,"Gloucester County, New Jersey",,,34,304504
34017,"Hudson County, New Jersey",NJ,50,0,,,,34,17,,,,,,,,,,,,,,,,,.,.,,,,,,,,,,,,,,0500000US34017,"Hudson County, New Jersey",,,34,710478
34019,"Hunterdon County, New Jersey",NJ,50,0,,,,34,19,,,,,,,,,,,,,,,,,.,.,,,,,,,,,,,,,,0500000US34019,"Hunterdon County, New Jersey",,,34,129448
34021,"Mercer County, New Jersey",NJ,50,0,,,,34,21,,,,,,,,,,,,,,,,,.,.,,,,,,,,,,,,,,0500000US34021,"Mercer County, New Jersey",,,34,383286
34023,"Middlesex County, New Jersey",NJ,50,0,,,,34,23,,,,,,,,,,,,,,,,,.,.,,,,,,,,,,,,,,0500000US34023,"Middlesex County, New Jersey",,,34,861535
34025,"Monmouth County, New Jersey",NJ,50,0,,,,34,25,,,,,,,,,,,,,,,,,.,.,,,,,,,,,,,,,,0500000US34025,"Monmouth County, New Jersey",,,34,643615
34027,"Morris County, New Jersey",NJ,50,0,,,,34,27,,,,,,,,,,,,,,,,,.,.,,,,,,,,,,,,,,0500000US34027,"Morris County, New Jersey",,,34,510375
34029,"Ocean County, New Jersey",NJ,50,0,,,,34,29,,,,,,,,,,,,,,,,,.,.,,,,,,,,,,,,,,0500000US34029,"Ocean County, New Jersey",,,34,646434
34031,"Passaic County, New Jersey",NJ,50,0,,,,34,31,,,,,,,,,,,,,,,,,.,.,,,,,,,,,,,,,,0500000US34031,"Passaic County, New Jersey",,,34,518289
34033,"Salem County, New Jersey",NJ,50,0,,,,34,33,,,,,,,,,,,,,,,,,.,.,,,,,,,,,,,,,,0500000US34033,"Salem County, New Jersey",,,34,64973
34035,"Somerset County, New Jersey",NJ,50,0,,,,34,35,,,,,,,,,,,,,,,,,.,.,,,,,,,,,,,,,,0500000US34035,"Somerset County, New Jersey",,,34,346203
34037,"Sussex County, New Jersey",NJ,50,0,,,,34,37,,,,,,,,,,,,,,,,,.,.,,,,,,,,,,,,,,0500000US34037,"Sussex County, New Jersey",,,34,145117
34039,"Union County, New Jersey",NJ,50,0,,,,34,39,,,,,,,,,,,,,,,,,.,.,,,,,,,,,,,,,,0500000US34039,"Union County, New Jersey",,,34,572549
34041,"Warren County, New Jersey",NJ,50,0,,,,34,41,,,,,,,,,,,,,,,,,.,.,,,,,,,,,,,,,,0500000US34041,"Warren County, New Jersey",,,34,110238
35001,"Bernalillo County, New Mexico",NM,50,0,,,,35,1,,,,,,,,,,,,,,,,,.,.,,,,,,,,,,,,,,0500000US35001,"Bernalillo County, New Mexico",,,35,674357
35003,"Catron County, New Mexico",NM,50,0,,,,35,3,,,,,,,,,,,,,,,,,.,.,,,,,,,,,,,,,,0500000US35003,"Catron County, New Mexico",,,35,3685
35005,"Chaves County, New Mexico",NM,50,0,,,,35,5,,,,,,,,,,,,,,,,,.,.,,,,,,,,,,,,,,0500000US35005,"Chaves County, New Mexico",,,35,64446
35006,"Cibola County, New Mexico",NM,50,0,,,,35,6,,,,,,,,,,,,,,,,,.,.,,,,,,,,,,,,,,0500000US35006,"Cibola County, New Mexico",,,35,27059
35007,"Colfax County, New Mexico",NM,50,0,,,,35,7,,,,,,,,,,,,,,,,,.,.,,,,,,,,,,,,,,0500000US35007,"Colfax County, New Mexico",,,35,12336
35009,"Curry County, New Mexico",NM,50,0,,,,35,9,,,,,,,,,,,,,,,,,.,.,,,,,,,,,,,,,,0500000US35009,"Curry County, New Mexico",,,35,47932
35011,"De Baca County, New Mexico",NM,50,0,,,,35,11,,,,,,,,,,,,,,,,,.,.,,,,,,,,,,,,,,0500000US35011,"De Baca County, New Mexico",,,35,1580
35013,"DoÃÂÃÂÃÂÃÂ±a Ana County, New Mexico",NM,50,0,,,,35,13,,,,,,,,,,,,,,,,,.,.,,,,,,,,,,,,,,0500000US35013,"DoÃÂÃÂÃÂÃÂ±a Ana County, New Mexico",,,35,221665
35015,"Eddy County, New Mexico",NM,50,0,,,,35,15,,,,,,,,,,,,,,,,,.,.,,,,,,,,,,,,,,0500000US35015,"Eddy County, New Mexico",,,35,61114
35017,"Grant County, New Mexico",NM,50,0,,,,35,17,,,,,,,,,,,,,,,,,.,.,,,,,,,,,,,,,,0500000US35017,"Grant County, New Mexico",,,35,27856
35019,"Guadalupe County, New Mexico",NM,50,0,,,,35,19,,,,,,,,,,,,,,,,,.,.,,,,,,,,,,,,,,0500000US35019,"Guadalupe County, New Mexico",,,35,4379
35021,"Harding County, New Mexico",NM,50,0,,,,35,21,,,,,,,,,,,,,,,,,.,.,,,,,,,,,,,,,,0500000US35021,"Harding County, New Mexico",,,35,748
35023,"Hidalgo County, New Mexico",NM,50,0,,,,35,23,,,,,,,,,,,,,,,,,.,.,,,,,,,,,,,,,,0500000US35023,"Hidalgo County, New Mexico",,,35,4097
35025,"Lea County, New Mexico",NM,50,0,,,,35,25,,,,,,,,,,,,,,,,,.,.,,,,,,,,,,,,,,0500000US35025,"Lea County, New Mexico",,,35,73154
35027,"Lincoln County, New Mexico",NM,50,0,,,,35,27,,,,,,,,,,,,,,,,,.,.,,,,,,,,,,,,,,0500000US35027,"Lincoln County, New Mexico",,,35,20227
35028,"Los Alamos County, New Mexico",NM,50,0,,,,35,28,,,,,,,,,,,,,,,,,.,.,,,,,,,,,,,,,,0500000US35028,"Los Alamos County, New Mexico",,,35,19374
35029,"Luna County, New Mexico",NM,50,0,,,,35,29,,,,,,,,,,,,,,,,,.,.,,,,,,,,,,,,,,0500000US35029,"Luna County, New Mexico",,,35,25420
35031,"McKinley County, New Mexico",NM,50,0,,,,35,31,,,,,,,,,,,,,,,,,.,.,,,,,,,,,,,,,,0500000US35031,"McKinley County, New Mexico",,,35,71172
35033,"Mora County, New Mexico",NM,50,0,,,,35,33,,,,,,,,,,,,,,,,,.,.,,,,,,,,,,,,,,0500000US35033,"Mora County, New Mexico",,,35,4176
35035,"Otero County, New Mexico",NM,50,0,,,,35,35,,,,,,,,,,,,,,,,,.,.,,,,,,,,,,,,,,0500000US35035,"Otero County, New Mexico",,,35,68235
35037,"Quay County, New Mexico",NM,50,0,,,,35,37,,,,,,,,,,,,,,,,,.,.,,,,,,,,,,,,,,0500000US35037,"Quay County, New Mexico",,,35,8616
35039,"Rio Arriba County, New Mexico",NM,50,0,,,,35,39,,,,,,,,,,,,,,,,,.,.,,,,,,,,,,,,,,0500000US35039,"Rio Arriba County, New Mexico",,,35,40165
35041,"Roosevelt County, New Mexico",NM,50,0,,,,35,41,,,,,,,,,,,,,,,,,.,.,,,,,,,,,,,,,,0500000US35041,"Roosevelt County, New Mexico",,,35,19002
35043,"Sandoval County, New Mexico",NM,50,0,,,,35,43,,,,,,,,,,,,,,,,,.,.,,,,,,,,,,,,,,0500000US35043,"Sandoval County, New Mexico",,,35,151538
35045,"San Juan County, New Mexico",NM,50,0,,,,35,45,,,,,,,,,,,,,,,,,.,.,,,,,,,,,,,,,,0500000US35045,"San Juan County, New Mexico",,,35,121178
35047,"San Miguel County, New Mexico",NM,50,0,,,,35,47,,,,,,,,,,,,,,,,,.,.,,,,,,,,,,,,,,0500000US35047,"San Miguel County, New Mexico",,,35,27036
35049,"Santa Fe County, New Mexico",NM,50,0,,,,35,49,,,,,,,,,,,,,,,,,.,.,,,,,,,,,,,,,,0500000US35049,"Santa Fe County, New Mexico",,,35,155175
35051,"Sierra County, New Mexico",NM,50,0,,,,35,51,,,,,,,,,,,,,,,,,.,.,,,,,,,,,,,,,,0500000US35051,"Sierra County, New Mexico",,,35,11511
35053,"Socorro County, New Mexico",NM,50,0,,,,35,53,,,,,,,,,,,,,,,,,.,.,,,,,,,,,,,,,,0500000US35053,"Socorro County, New Mexico",,,35,16308
35055,"Taos County, New Mexico",NM,50,0,,,,35,55,,,,,,,,,,,,,,,,,.,.,,,,,,,,,,,,,,0500000US35055,"Taos County, New Mexico",,,35,34516
35057,"Torrance County, New Mexico",NM,50,0,,,,35,57,,,,,,,,,,,,,,,,,.,.,,,,,,,,,,,,,,0500000US35057,"Torrance County, New Mexico",,,35,15290
35059,"Union County, New Mexico",NM,50,0,,,,35,59,,,,,,,,,,,,,,,,,.,.,,,,,,,,,,,,,,0500000US35059,"Union County, New Mexico",,,35,4039
35061,"Valencia County, New Mexico",NM,50,0,,,,35,61,,,,,,,,,,,,,,,,,.,.,,,,,,,,,,,,,,0500000US35061,"Valencia County, New Mexico",,,35,77382
36001,"Albany County, New York",NY,50,0,,,,36,1,,,,,,,,,,,,,,,,,.,.,,,,,,,,,,,,,,0500000US36001,"Albany County, New York",,,36,315374
36003,"Allegany County, New York",NY,50,0,,,,36,3,,,,,,,,,,,,,,,,,.,.,,,,,,,,,,,,,,0500000US36003,"Allegany County, New York",,,36,47027
36005,"Bronx County, New York",NY,50,0,,,,36,5,,,,,,,,,,,,,,,,,.,.,,,,,,,,,,,,,,0500000US36005,"Bronx County, New York",,,36,1419250
36007,"Broome County, New York",NY,50,0,,,,36,7,,,,,,,,,,,,,,,,,.,.,,,,,,,,,,,,,,0500000US36007,"Broome County, New York",,,36,197738
36009,"Cattaraugus County, New York",NY,50,0,,,,36,9,,,,,,,,,,,,,,,,,.,.,,,,,,,,,,,,,,0500000US36009,"Cattaraugus County, New York",,,36,76479
36011,"Cayuga County, New York",NY,50,0,,,,36,11,,,,,,,,,,,,,,,,,.,.,,,,,,,,,,,,,,0500000US36011,"Cayuga County, New York",,,36,75464
36013,"Chautauqua County, New York",NY,50,0,,,,36,13,,,,,,,,,,,,,,,,,.,.,,,,,,,,,,,,,,0500000US36013,"Chautauqua County, New York",,,36,126329
36015,"Chemung County, New York",NY,50,0,,,,36,15,,,,,,,,,,,,,,,,,.,.,,,,,,,,,,,,,,0500000US36015,"Chemung County, New York",,,36,82805
36017,"Chenango County, New York",NY,50,0,,,,36,17,,,,,,,,,,,,,,,,,.,.,,,,,,,,,,,,,,0500000US36017,"Chenango County, New York",,,36,46685
36019,"Clinton County, New York",NY,50,0,,,,36,19,,,,,,,,,,,,,,,,,.,.,,,,,,,,,,,,,,0500000US36019,"Clinton County, New York",,,36,78961
36021,"Columbia County, New York",NY,50,0,,,,36,21,,,,,,,,,,,,,,,,,.,.,,,,,,,,,,,,,,0500000US36021,"Columbia County, New York",,,36,61245
36023,"Cortland County, New York",NY,50,0,,,,36,23,,,,,,,,,,,,,,,,,.,.,,,,,,,,,,,,,,0500000US36023,"Cortland County, New York",,,36,46401
36025,"Delaware County, New York",NY,50,0,,,,36,25,,,,,,,,,,,,,,,,,.,.,,,,,,,,,,,,,,0500000US36025,"Delaware County, New York",,,36,44551
36027,"Dutchess County, New York",NY,50,0,,,,36,27,,,,,,,,,,,,,,,,,.,.,,,,,,,,,,,,,,0500000US36027,"Dutchess County, New York",,,36,297144
36029,"Erie County, New York",NY,50,0,,,,36,29,,,,,,,,,,,,,,,,,.,.,,,,,,,,,,,,,,0500000US36029,"Erie County, New York",,,36,950044
36031,"Essex County, New York",NY,50,0,,,,36,31,,,,,,,,,,,,,,,,,.,.,,,,,,,,,,,,,,0500000US36031,"Essex County, New York",,,36,37077
36033,"Franklin County, New York",NY,50,0,,,,36,33,,,,,,,,,,,,,,,,,.,.,,,,,,,,,,,,,,0500000US36033,"Franklin County, New York",,,36,47066
36035,"Fulton County, New York",NY,50,0,,,,36,35,,,,,,,,,,,,,,,,,.,.,,,,,,,,,,,,,,0500000US36035,"Fulton County, New York",,,36,52787
36037,"Genesee County, New York",NY,50,0,,,,36,37,,,,,,,,,,,,,,,,,.,.,,,,,,,,,,,,,,0500000US36037,"Genesee County, New York",,,36,57943
36039,"Greene County, New York",NY,50,0,,,,36,39,,,,,,,,,,,,,,,,,.,.,,,,,,,,,,,,,,0500000US36039,"Greene County, New York",,,36,47554
36041,"Hamilton County, New York",NY,50,0,,,,36,41,,,,,,,,,,,,,,,,,.,.,,,,,,,,,,,,,,0500000US36041,"Hamilton County, New York",,,36,5102
36043,"Herkimer County, New York",NY,50,0,,,,36,43,,,,,,,,,,,,,,,,,.,.,,,,,,,,,,,,,,0500000US36043,"Herkimer County, New York",,,36,59932
36045,"Jefferson County, New York",NY,50,0,,,,36,45,,,,,,,,,,,,,,,,,.,.,,,,,,,,,,,,,,0500000US36045,"Jefferson County, New York",,,36,116130
36047,"Kings County, New York",NY,50,0,,,,36,47,,,,,,,,,,,,,,,,,.,.,,,,,,,,,,,,,,0500000US36047,"Kings County, New York",,,36,2646306
36049,"Lewis County, New York",NY,50,0,,,,36,49,,,,,,,,,,,,,,,,,.,.,,,,,,,,,,,,,,0500000US36049,"Lewis County, New York",,,36,26618
36051,"Livingston County, New York",NY,50,0,,,,36,51,,,,,,,,,,,,,,,,,.,.,,,,,,,,,,,,,,0500000US36051,"Livingston County, New York",,,36,61588
36053,"Madison County, New York",NY,50,0,,,,36,53,,,,,,,,,,,,,,,,,.,.,,,,,,,,,,,,,,0500000US36053,"Madison County, New York",,,36,67572
36055,"Monroe County, New York",NY,50,0,,,,36,55,,,,,,,,,,,,,,,,,.,.,,,,,,,,,,,,,,0500000US36055,"Monroe County, New York",,,36,754068
36057,"Montgomery County, New York",NY,50,0,,,,36,57,,,,,,,,,,,,,,,,,.,.,,,,,,,,,,,,,,0500000US36057,"Montgomery County, New York",,,36,49461
36059,"Nassau County, New York",NY,50,0,,,,36,59,,,,,,,,,,,,,,,,,.,.,,,,,,,,,,,,,,0500000US36059,"Nassau County, New York",,,36,1388138
36061,"New York County, New York",NY,50,0,,,,36,61,,,,,,,,,,,,,,,,,.,.,,,,,,,,,,,,,,0500000US36061,"New York County, New York",,,36,1627788
36063,"Niagara County, New York",NY,50,0,,,,36,63,,,,,,,,,,,,,,,,,.,.,,,,,,,,,,,,,,0500000US36063,"Niagara County, New York",,,36,211341
36065,"Oneida County, New York",NY,50,0,,,,36,65,,,,,,,,,,,,,,,,,.,.,,,,,,,,,,,,,,0500000US36065,"Oneida County, New York",,,36,229645
36067,"Onondaga County, New York",NY,50,0,,,,36,67,,,,,,,,,,,,,,,,,.,.,,,,,,,,,,,,,,0500000US36067,"Onondaga County, New York",,,36,471611
36069,"Ontario County, New York",NY,50,0,,,,36,69,,,,,,,,,,,,,,,,,.,.,,,,,,,,,,,,,,0500000US36069,"Ontario County, New York",,,36,112405
36071,"Orange County, New York",NY,50,0,,,,36,71,,,,,,,,,,,,,,,,,.,.,,,,,,,,,,,,,,0500000US36071,"Orange County, New York",,,36,403840
36073,"Orleans County, New York",NY,50,0,,,,36,73,,,,,,,,,,,,,,,,,.,.,,,,,,,,,,,,,,0500000US36073,"Orleans County, New York",,,36,39686
36075,"Oswego County, New York",NY,50,0,,,,36,75,,,,,,,,,,,,,,,,,.,.,,,,,,,,,,,,,,0500000US36075,"Oswego County, New York",,,36,117945
36077,"Otsego County, New York",NY,50,0,,,,36,77,,,,,,,,,,,,,,,,,.,.,,,,,,,,,,,,,,0500000US36077,"Otsego County, New York",,,36,59738
36079,"Putnam County, New York",NY,50,0,,,,36,79,,,,,,,,,,,,,,,,,.,.,,,,,,,,,,,,,,0500000US36079,"Putnam County, New York",,,36,97988
36081,"Queens County, New York",NY,50,0,,,,36,81,,,,,,,,,,,,,,,,,.,.,,,,,,,,,,,,,,0500000US36081,"Queens County, New York",,,36,2330124
36083,"Rensselaer County, New York",NY,50,0,,,,36,83,,,,,,,,,,,,,,,,,.,.,,,,,,,,,,,,,,0500000US36083,"Rensselaer County, New York",,,36,160341
36085,"Richmond County, New York",NY,50,0,,,,36,85,,,,,,,,,,,,,,,,,.,.,,,,,,,,,,,,,,0500000US36085,"Richmond County, New York",,,36,492734
36087,"Rockland County, New York",NY,50,0,,,,36,87,,,,,,,,,,,,,,,,,.,.,,,,,,,,,,,,,,0500000US36087,"Rockland County, New York",,,36,338936
36089,"St. Lawrence County, New York",NY,50,0,,,,36,89,,,,,,,,,,,,,,,,,.,.,,,,,,,,,,,,,,0500000US36089,"St. Lawrence County, New York",,,36,107796
36091,"Saratoga County, New York",NY,50,0,,,,36,91,,,,,,,,,,,,,,,,,.,.,,,,,,,,,,,,,,0500000US36091,"Saratoga County, New York",,,36,237075
36093,"Schenectady County, New York",NY,50,0,,,,36,93,,,,,,,,,,,,,,,,,.,.,,,,,,,,,,,,,,0500000US36093,"Schenectady County, New York",,,36,159603
36095,"Schoharie County, New York",NY,50,0,,,,36,95,,,,,,,,,,,,,,,,,.,.,,,,,,,,,,,,,,0500000US36095,"Schoharie County, New York",,,36,29979
36097,"Schuyler County, New York",NY,50,0,,,,36,97,,,,,,,,,,,,,,,,,.,.,,,,,,,,,,,,,,0500000US36097,"Schuyler County, New York",,,36,17749
36099,"Seneca County, New York",NY,50,0,,,,36,99,,,,,,,,,,,,,,,,,.,.,,,,,,,,,,,,,,0500000US36099,"Seneca County, New York",,,36,33125
36101,"Steuben County, New York",NY,50,0,,,,36,101,,,,,,,,,,,,,,,,,.,.,,,,,,,,,,,,,,0500000US36101,"Steuben County, New York",,,36,93034
36103,"Suffolk County, New York",NY,50,0,,,,36,103,,,,,,,,,,,,,,,,,.,.,,,,,,,,,,,,,,0500000US36103,"Suffolk County, New York",,,36,1525680
36105,"Sullivan County, New York",NY,50,0,,,,36,105,,,,,,,,,,,,,,,,,.,.,,,,,,,,,,,,,,0500000US36105,"Sullivan County, New York",,,36,79147
36107,"Tioga County, New York",NY,50,0,,,,36,107,,,,,,,,,,,,,,,,,.,.,,,,,,,,,,,,,,0500000US36107,"Tioga County, New York",,,36,48106
36109,"Tompkins County, New York",NY,50,0,,,,36,109,,,,,,,,,,,,,,,,,.,.,,,,,,,,,,,,,,0500000US36109,"Tompkins County, New York",,,36,102879
36111,"Ulster County, New York",NY,50,0,,,,36,111,,,,,,,,,,,,,,,,,.,.,,,,,,,,,,,,,,0500000US36111,"Ulster County, New York",,,36,182109
36113,"Warren County, New York",NY,50,0,,,,36,113,,,,,,,,,,,,,,,,,.,.,,,,,,,,,,,,,,0500000US36113,"Warren County, New York",,,36,65560
36115,"Washington County, New York",NY,50,0,,,,36,115,,,,,,,,,,,,,,,,,.,.,,,,,,,,,,,,,,0500000US36115,"Washington County, New York",,,36,60883
36117,"Wayne County, New York",NY,50,0,,,,36,117,,,,,,,,,,,,,,,,,.,.,,,,,,,,,,,,,,0500000US36117,"Wayne County, New York",,,36,91128
36119,"Westchester County, New York",NY,50,0,,,,36,119,,,,,,,,,,,,,,,,,.,.,,,,,,,,,,,,,,0500000US36119,"Westchester County, New York",,,36,996888
36121,"Wyoming County, New York",NY,50,0,,,,36,121,,,,,,,,,,,,,,,,,.,.,,,,,,,,,,,,,,0500000US36121,"Wyoming County, New York",,,36,39980
36123,"Yates County, New York",NY,50,0,,,,36,123,,,,,,,,,,,,,,,,,.,.,,,,,,,,,,,,,,0500000US36123,"Yates County, New York",,,36,24637
37001,"Alamance County, North Carolina",NC,50,0,,,,37,1,,,,,,,,,,,,,,,,,.,.,,,,,,,,,,,,,,0500000US37001,"Alamance County, North Carolina",,,37,174286
37003,"Alexander County, North Carolina",NC,50,0,,,,37,3,,,,,,,,,,,,,,,,,.,.,,,,,,,,,,,,,,0500000US37003,"Alexander County, North Carolina",,,37,36440
37005,"Alleghany County, North Carolina",NC,50,0,,,,37,5,,,,,,,,,,,,,,,,,.,.,,,,,,,,,,,,,,0500000US37005,"Alleghany County, North Carolina",,,37,11075
37007,"Anson County, North Carolina",NC,50,0,,,,37,7,,,,,,,,,,,,,,,,,.,.,,,,,,,,,,,,,,0500000US37007,"Anson County, North Carolina",,,37,21903
37009,"Ashe County, North Carolina",NC,50,0,,,,37,9,,,,,,,,,,,,,,,,,.,.,,,,,,,,,,,,,,0500000US37009,"Ashe County, North Carolina",,,37,26831
37011,"Avery County, North Carolina",NC,50,0,,,,37,11,,,,,,,,,,,,,,,,,.,.,,,,,,,,,,,,,,0500000US37011,"Avery County, North Carolina",,,37,17643
37013,"Beaufort County, North Carolina",NC,50,0,,,,37,13,,,,,,,,,,,,,,,,,.,.,,,,,,,,,,,,,,0500000US37013,"Beaufort County, North Carolina",,,37,44597
37015,"Bertie County, North Carolina",NC,50,0,,,,37,15,,,,,,,,,,,,,,,,,.,.,,,,,,,,,,,,,,0500000US37015,"Bertie County, North Carolina",,,37,17482
37017,"Bladen County, North Carolina",NC,50,0,,,,37,17,,,,,,,,,,,,,,,,,.,.,,,,,,,,,,,,,,0500000US37017,"Bladen County, North Carolina",,,37,29591
37019,"Brunswick County, North Carolina",NC,50,0,,,,37,19,,,,,,,,,,,,,,,,,.,.,,,,,,,,,,,,,,0500000US37019,"Brunswick County, North Carolina",,,37,145889
37021,"Buncombe County, North Carolina",NC,50,0,,,,37,21,,,,,,,,,,,,,,,,,.,.,,,,,,,,,,,,,,0500000US37021,"Buncombe County, North Carolina",,,37,271790
37023,"Burke County, North Carolina",NC,50,0,,,,37,23,,,,,,,,,,,,,,,,,.,.,,,,,,,,,,,,,,0500000US37023,"Burke County, North Carolina",,,37,87863
37025,"Cabarrus County, North Carolina",NC,50,0,,,,37,25,,,,,,,,,,,,,,,,,.,.,,,,,,,,,,,,,,0500000US37025,"Cabarrus County, North Carolina",,,37,231262
37027,"Caldwell County, North Carolina",NC,50,0,,,,37,27,,,,,,,,,,,,,,,,,.,.,,,,,,,,,,,,,,0500000US37027,"Caldwell County, North Carolina",,,37,80618
37029,"Camden County, North Carolina",NC,50,0,,,,37,29,,,,,,,,,,,,,,,,,.,.,,,,,,,,,,,,,,0500000US37029,"Camden County, North Carolina",,,37,10743
37031,"Carteret County, North Carolina",NC,50,0,,,,37,31,,,,,,,,,,,,,,,,,.,.,,,,,,,,,,,,,,0500000US37031,"Carteret County, North Carolina",,,37,68652
37033,"Caswell County, North Carolina",NC,50,0,,,,37,33,,,,,,,,,,,,,,,,,.,.,,,,,,,,,,,,,,0500000US37033,"Caswell County, North Carolina",,,37,22689
37035,"Catawba County, North Carolina",NC,50,0,,,,37,35,,,,,,,,,,,,,,,,,.,.,,,,,,,,,,,,,,0500000US37035,"Catawba County, North Carolina",,,37,162051
37037,"Chatham County, North Carolina",NC,50,0,,,,37,37,,,,,,,,,,,,,,,,,.,.,,,,,,,,,,,,,,0500000US37037,"Chatham County, North Carolina",,,37,78319
37039,"Cherokee County, North Carolina",NC,50,0,,,,37,39,,,,,,,,,,,,,,,,,.,.,,,,,,,,,,,,,,0500000US37039,"Cherokee County, North Carolina",,,37,29197
37041,"Chowan County, North Carolina",NC,50,0,,,,37,41,,,,,,,,,,,,,,,,,.,.,,,,,,,,,,,,,,0500000US37041,"Chowan County, North Carolina",,,37,13814
37043,"Clay County, North Carolina",NC,50,0,,,,37,43,,,,,,,,,,,,,,,,,.,.,,,,,,,,,,,,,,0500000US37043,"Clay County, North Carolina",,,37,11391
37045,"Cleveland County, North Carolina",NC,50,0,,,,37,45,,,,,,,,,,,,,,,,,.,.,,,,,,,,,,,,,,0500000US37045,"Cleveland County, North Carolina",,,37,100170
37047,"Columbus County, North Carolina",NC,50,0,,,,37,47,,,,,,,,,,,,,,,,,.,.,,,,,,,,,,,,,,0500000US37047,"Columbus County, North Carolina",,,37,50453
37049,"Craven County, North Carolina",NC,50,0,,,,37,49,,,,,,,,,,,,,,,,,.,.,,,,,,,,,,,,,,0500000US37049,"Craven County, North Carolina",,,37,101074
37051,"Cumberland County, North Carolina",NC,50,0,,,,37,51,,,,,,,,,,,,,,,,,.,.,,,,,,,,,,,,,,0500000US37051,"Cumberland County, North Carolina",,,37,336749
37053,"Currituck County, North Carolina",NC,50,0,,,,37,53,,,,,,,,,,,,,,,,,.,.,,,,,,,,,,,,,,0500000US37053,"Currituck County, North Carolina",,,37,29612
37055,"Dare County, North Carolina",NC,50,0,,,,37,55,,,,,,,,,,,,,,,,,.,.,,,,,,,,,,,,,,0500000US37055,"Dare County, North Carolina",,,37,37534
37057,"Davidson County, North Carolina",NC,50,0,,,,37,57,,,,,,,,,,,,,,,,,.,.,,,,,,,,,,,,,,0500000US37057,"Davidson County, North Carolina",,,37,171063
37059,"Davie County, North Carolina",NC,50,0,,,,37,59,,,,,,,,,,,,,,,,,.,.,,,,,,,,,,,,,,0500000US37059,"Davie County, North Carolina",,,37,43526
37061,"Duplin County, North Carolina",NC,50,0,,,,37,61,,,,,,,,,,,,,,,,,.,.,,,,,,,,,,,,,,0500000US37061,"Duplin County, North Carolina",,,37,49053
37063,"Durham County, North Carolina",NC,50,0,,,,37,63,,,,,,,,,,,,,,,,,.,.,,,,,,,,,,,,,,0500000US37063,"Durham County, North Carolina",,,37,329405
37065,"Edgecombe County, North Carolina",NC,50,0,,,,37,65,,,,,,,,,,,,,,,,,.,.,,,,,,,,,,,,,,0500000US37065,"Edgecombe County, North Carolina",,,37,48777
37067,"Forsyth County, North Carolina",NC,50,0,,,,37,67,,,,,,,,,,,,,,,,,.,.,,,,,,,,,,,,,,0500000US37067,"Forsyth County, North Carolina",,,37,386740
37069,"Franklin County, North Carolina",NC,50,0,,,,37,69,,,,,,,,,,,,,,,,,.,.,,,,,,,,,,,,,,0500000US37069,"Franklin County, North Carolina",,,37,71962
37071,"Gaston County, North Carolina",NC,50,0,,,,37,71,,,,,,,,,,,,,,,,,.,.,,,,,,,,,,,,,,0500000US37071,"Gaston County, North Carolina",,,37,231485
37073,"Gates County, North Carolina",NC,50,0,,,,37,73,,,,,,,,,,,,,,,,,.,.,,,,,,,,,,,,,,0500000US37073,"Gates County, North Carolina",,,37,10437
37075,"Graham County, North Carolina",NC,50,0,,,,37,75,,,,,,,,,,,,,,,,,.,.,,,,,,,,,,,,,,0500000US37075,"Graham County, North Carolina",,,37,8041
37077,"Granville County, North Carolina",NC,50,0,,,,37,77,,,,,,,,,,,,,,,,,.,.,,,,,,,,,,,,,,0500000US37077,"Granville County, North Carolina",,,37,61439
37079,"Greene County, North Carolina",NC,50,0,,,,37,79,,,,,,,,,,,,,,,,,.,.,,,,,,,,,,,,,,0500000US37079,"Greene County, North Carolina",,,37,20421
37081,"Guilford County, North Carolina",NC,50,0,,,,37,81,,,,,,,,,,,,,,,,,.,.,,,,,,,,,,,,,,0500000US37081,"Guilford County, North Carolina",,,37,542987
37083,"Halifax County, North Carolina",NC,50,0,,,,37,83,,,,,,,,,,,,,,,,,.,.,,,,,,,,,,,,,,0500000US37083,"Halifax County, North Carolina",,,37,48219
37085,"Harnett County, North Carolina",NC,50,0,,,,37,85,,,,,,,,,,,,,,,,,.,.,,,,,,,,,,,,,,0500000US37085,"Harnett County, North Carolina",,,37,136503
37087,"Haywood County, North Carolina",NC,50,0,,,,37,87,,,,,,,,,,,,,,,,,.,.,,,,,,,,,,,,,,0500000US37087,"Haywood County, North Carolina",,,37,62432
37089,"Henderson County, North Carolina",NC,50,0,,,,37,89,,,,,,,,,,,,,,,,,.,.,,,,,,,,,,,,,,0500000US37089,"Henderson County, North Carolina",,,37,117387
37091,"Hertford County, North Carolina",NC,50,0,,,,37,91,,,,,,,,,,,,,,,,,.,.,,,,,,,,,,,,,,0500000US37091,"Hertford County, North Carolina",,,37,20492
37093,"Hoke County, North Carolina",NC,50,0,,,,37,93,,,,,,,,,,,,,,,,,.,.,,,,,,,,,,,,,,0500000US37093,"Hoke County, North Carolina",,,37,53102
37095,"Hyde County, North Carolina",NC,50,0,,,,37,95,,,,,,,,,,,,,,,,,.,.,,,,,,,,,,,,,,0500000US37095,"Hyde County, North Carolina",,,37,4625
37097,"Iredell County, North Carolina",NC,50,0,,,,37,97,,,,,,,,,,,,,,,,,.,.,,,,,,,,,,,,,,0500000US37097,"Iredell County, North Carolina",,,37,191800
37099,"Jackson County, North Carolina",NC,50,0,,,,37,99,,,,,,,,,,,,,,,,,.,.,,,,,,,,,,,,,,0500000US37099,"Jackson County, North Carolina",,,37,43089
37101,"Johnston County, North Carolina",NC,50,0,,,,37,101,,,,,,,,,,,,,,,,,.,.,,,,,,,,,,,,,,0500000US37101,"Johnston County, North Carolina",,,37,226623
37103,"Jones County, North Carolina",NC,50,0,,,,37,103,,,,,,,,,,,,,,,,,.,.,,,,,,,,,,,,,,0500000US37103,"Jones County, North Carolina",,,37,9245
37105,"Lee County, North Carolina",NC,50,0,,,,37,105,,,,,,,,,,,,,,,,,.,.,,,,,,,,,,,,,,0500000US37105,"Lee County, North Carolina",,,37,64565
37107,"Lenoir County, North Carolina",NC,50,0,,,,37,107,,,,,,,,,,,,,,,,,.,.,,,,,,,,,,,,,,0500000US37107,"Lenoir County, North Carolina",,,37,54917
37109,"Lincoln County, North Carolina",NC,50,0,,,,37,109,,,,,,,,,,,,,,,,,.,.,,,,,,,,,,,,,,0500000US37109,"Lincoln County, North Carolina",,,37,90359
37111,"McDowell County, North Carolina",NC,50,0,,,,37,111,,,,,,,,,,,,,,,,,.,.,,,,,,,,,,,,,,0500000US37111,"McDowell County, North Carolina",,,37,44679
37113,"Macon County, North Carolina",NC,50,0,,,,37,113,,,,,,,,,,,,,,,,,.,.,,,,,,,,,,,,,,0500000US37113,"Macon County, North Carolina",,,37,37533
37115,"Madison County, North Carolina",NC,50,0,,,,37,115,,,,,,,,,,,,,,,,,.,.,,,,,,,,,,,,,,0500000US37115,"Madison County, North Carolina",,,37,21640
37117,"Martin County, North Carolina",NC,50,0,,,,37,117,,,,,,,,,,,,,,,,,.,.,,,,,,,,,,,,,,0500000US37117,"Martin County, North Carolina",,,37,21773
37119,"Mecklenburg County, North Carolina",NC,50,0,,,,37,119,,,,,,,,,,,,,,,,,.,.,,,,,,,,,,,,,,0500000US37119,"Mecklenburg County, North Carolina",,,37,1130906
37121,"Mitchell County, North Carolina",NC,50,0,,,,37,121,,,,,,,,,,,,,,,,,.,.,,,,,,,,,,,,,,0500000US37121,"Mitchell County, North Carolina",,,37,14973
37123,"Montgomery County, North Carolina",NC,50,0,,,,37,123,,,,,,,,,,,,,,,,,.,.,,,,,,,,,,,,,,0500000US37123,"Montgomery County, North Carolina",,,37,25874
37125,"Moore County, North Carolina",NC,50,0,,,,37,125,,,,,,,,,,,,,,,,,.,.,,,,,,,,,,,,,,0500000US37125,"Moore County, North Carolina",,,37,102840
37127,"Nash County, North Carolina",NC,50,0,,,,37,127,,,,,,,,,,,,,,,,,.,.,,,,,,,,,,,,,,0500000US37127,"Nash County, North Carolina",,,37,95451
37129,"New Hanover County, North Carolina",NC,50,0,,,,37,129,,,,,,,,,,,,,,,,,.,.,,,,,,,,,,,,,,0500000US37129,"New Hanover County, North Carolina",,,37,231214
37131,"Northampton County, North Carolina",NC,50,0,,,,37,131,,,,,,,,,,,,,,,,,.,.,,,,,,,,,,,,,,0500000US37131,"Northampton County, North Carolina",,,37,17212
37133,"Onslow County, North Carolina",NC,50,0,,,,37,133,,,,,,,,,,,,,,,,,.,.,,,,,,,,,,,,,,0500000US37133,"Onslow County, North Carolina",,,37,208537
37135,"Orange County, North Carolina",NC,50,0,,,,37,135,,,,,,,,,,,,,,,,,.,.,,,,,,,,,,,,,,0500000US37135,"Orange County, North Carolina",,,37,147292
37137,"Pamlico County, North Carolina",NC,50,0,,,,37,137,,,,,,,,,,,,,,,,,.,.,,,,,,,,,,,,,,0500000US37137,"Pamlico County, North Carolina",,,37,12315
37139,"Pasquotank County, North Carolina",NC,50,0,,,,37,139,,,,,,,,,,,,,,,,,.,.,,,,,,,,,,,,,,0500000US37139,"Pasquotank County, North Carolina",,,37,40830
37141,"Pender County, North Carolina",NC,50,0,,,,37,141,,,,,,,,,,,,,,,,,.,.,,,,,,,,,,,,,,0500000US37141,"Pender County, North Carolina",,,37,63475
37143,"Perquimans County, North Carolina",NC,50,0,,,,37,143,,,,,,,,,,,,,,,,,.,.,,,,,,,,,,,,,,0500000US37143,"Perquimans County, North Carolina",,,37,13146
37145,"Person County, North Carolina",NC,50,0,,,,37,145,,,,,,,,,,,,,,,,,.,.,,,,,,,,,,,,,,0500000US37145,"Person County, North Carolina",,,37,39275
37147,"Pitt County, North Carolina",NC,50,0,,,,37,147,,,,,,,,,,,,,,,,,.,.,,,,,,,,,,,,,,0500000US37147,"Pitt County, North Carolina",,,37,172279
37149,"Polk County, North Carolina",NC,50,0,,,,37,149,,,,,,,,,,,,,,,,,.,.,,,,,,,,,,,,,,0500000US37149,"Polk County, North Carolina",,,37,19689
37151,"Randolph County, North Carolina",NC,50,0,,,,37,151,,,,,,,,,,,,,,,,,.,.,,,,,,,,,,,,,,0500000US37151,"Randolph County, North Carolina",,,37,145322
37153,"Richmond County, North Carolina",NC,50,0,,,,37,153,,,,,,,,,,,,,,,,,.,.,,,,,,,,,,,,,,0500000US37153,"Richmond County, North Carolina",,,37,42818
37155,"Robeson County, North Carolina",NC,50,0,,,,37,155,,,,,,,,,,,,,,,,,.,.,,,,,,,,,,,,,,0500000US37155,"Robeson County, North Carolina",,,37,116858
37157,"Rockingham County, North Carolina",NC,50,0,,,,37,157,,,,,,,,,,,,,,,,,.,.,,,,,,,,,,,,,,0500000US37157,"Rockingham County, North Carolina",,,37,91585
37159,"Rowan County, North Carolina",NC,50,0,,,,37,159,,,,,,,,,,,,,,,,,.,.,,,,,,,,,,,,,,0500000US37159,"Rowan County, North Carolina",,,37,148487
37161,"Rutherford County, North Carolina",NC,50,0,,,,37,161,,,,,,,,,,,,,,,,,.,.,,,,,,,,,,,,,,0500000US37161,"Rutherford County, North Carolina",,,37,64850
37163,"Sampson County, North Carolina",NC,50,0,,,,37,163,,,,,,,,,,,,,,,,,.,.,,,,,,,,,,,,,,0500000US37163,"Sampson County, North Carolina",,,37,59245
37165,"Scotland County, North Carolina",NC,50,0,,,,37,165,,,,,,,,,,,,,,,,,.,.,,,,,,,,,,,,,,0500000US37165,"Scotland County, North Carolina",,,37,34353
37167,"Stanly County, North Carolina",NC,50,0,,,,37,167,,,,,,,,,,,,,,,,,.,.,,,,,,,,,,,,,,0500000US37167,"Stanly County, North Carolina",,,37,63557
37169,"Stokes County, North Carolina",NC,50,0,,,,37,169,,,,,,,,,,,,,,,,,.,.,,,,,,,,,,,,,,0500000US37169,"Stokes County, North Carolina",,,37,44889
37171,"Surry County, North Carolina",NC,50,0,,,,37,171,,,,,,,,,,,,,,,,,.,.,,,,,,,,,,,,,,0500000US37171,"Surry County, North Carolina",,,37,71407
37173,"Swain County, North Carolina",NC,50,0,,,,37,173,,,,,,,,,,,,,,,,,.,.,,,,,,,,,,,,,,0500000US37173,"Swain County, North Carolina",,,37,14065
37175,"Transylvania County, North Carolina",NC,50,0,,,,37,175,,,,,,,,,,,,,,,,,.,.,,,,,,,,,,,,,,0500000US37175,"Transylvania County, North Carolina",,,37,33243
37177,"Tyrrell County, North Carolina",NC,50,0,,,,37,177,,,,,,,,,,,,,,,,,.,.,,,,,,,,,,,,,,0500000US37177,"Tyrrell County, North Carolina",,,37,3376
37179,"Union County, North Carolina",NC,50,0,,,,37,179,,,,,,,,,,,,,,,,,.,.,,,,,,,,,,,,,,0500000US37179,"Union County, North Carolina",,,37,244975
37181,"Vance County, North Carolina",NC,50,0,,,,37,181,,,,,,,,,,,,,,,,,.,.,,,,,,,,,,,,,,0500000US37181,"Vance County, North Carolina",,,37,42361
37183,"Wake County, North Carolina",NC,50,0,,,,37,183,,,,,,,,,,,,,,,,,.,.,,,,,,,,,,,,,,0500000US37183,"Wake County, North Carolina",,,37,1151009
37185,"Warren County, North Carolina",NC,50,0,,,,37,185,,,,,,,,,,,,,,,,,.,.,,,,,,,,,,,,,,0500000US37185,"Warren County, North Carolina",,,37,18751
37187,"Washington County, North Carolina",NC,50,0,,,,37,187,,,,,,,,,,,,,,,,,.,.,,,,,,,,,,,,,,0500000US37187,"Washington County, North Carolina",,,37,10905
37189,"Watauga County, North Carolina",NC,50,0,,,,37,189,,,,,,,,,,,,,,,,,.,.,,,,,,,,,,,,,,0500000US37189,"Watauga County, North Carolina",,,37,54607
37191,"Wayne County, North Carolina",NC,50,0,,,,37,191,,,,,,,,,,,,,,,,,.,.,,,,,,,,,,,,,,0500000US37191,"Wayne County, North Carolina",,,37,117606
37193,"Wilkes County, North Carolina",NC,50,0,,,,37,193,,,,,,,,,,,,,,,,,.,.,,,,,,,,,,,,,,0500000US37193,"Wilkes County, North Carolina",,,37,65983
37195,"Wilson County, North Carolina",NC,50,0,,,,37,195,,,,,,,,,,,,,,,,,.,.,,,,,,,,,,,,,,0500000US37195,"Wilson County, North Carolina",,,37,78648
37197,"Yadkin County, North Carolina",NC,50,0,,,,37,197,,,,,,,,,,,,,,,,,.,.,,,,,,,,,,,,,,0500000US37197,"Yadkin County, North Carolina",,,37,37419
37199,"Yancey County, North Carolina",NC,50,0,,,,37,199,,,,,,,,,,,,,,,,,.,.,,,,,,,,,,,,,,0500000US37199,"Yancey County, North Carolina",,,37,18676
38001,"Adams County, North Dakota",ND,50,0,,,,38,1,,,,,,,,,,,,,,,,,.,.,,,,,,,,,,,,,,0500000US38001,"Adams County, North Dakota",,,38,2179
38003,"Barnes County, North Dakota",ND,50,0,,,,38,3,,,,,,,,,,,,,,,,,.,.,,,,,,,,,,,,,,0500000US38003,"Barnes County, North Dakota",,,38,10794
38005,"Benson County, North Dakota",ND,50,0,,,,38,5,,,,,,,,,,,,,,,,,.,.,,,,,,,,,,,,,,0500000US38005,"Benson County, North Dakota",,,38,5861
38007,"Billings County, North Dakota",ND,50,0,,,,38,7,,,,,,,,,,,,,,,,,.,.,,,,,,,,,,,,,,0500000US38007,"Billings County, North Dakota",,,38,948
38009,"Bottineau County, North Dakota",ND,50,0,,,,38,9,,,,,,,,,,,,,,,,,.,.,,,,,,,,,,,,,,0500000US38009,"Bottineau County, North Dakota",,,38,6390
38011,"Bowman County, North Dakota",ND,50,0,,,,38,11,,,,,,,,,,,,,,,,,.,.,,,,,,,,,,,,,,0500000US38011,"Bowman County, North Dakota",,,38,2935
38013,"Burke County, North Dakota",ND,50,0,,,,38,13,,,,,,,,,,,,,,,,,.,.,,,,,,,,,,,,,,0500000US38013,"Burke County, North Dakota",,,38,2163
38015,"Burleigh County, North Dakota",ND,50,0,,,,38,15,,,,,,,,,,,,,,,,,.,.,,,,,,,,,,,,,,0500000US38015,"Burleigh County, North Dakota",,,38,98986
38017,"Cass County, North Dakota",ND,50,0,,,,38,17,,,,,,,,,,,,,,,,,.,.,,,,,,,,,,,,,,0500000US38017,"Cass County, North Dakota",,,38,189286
38019,"Cavalier County, North Dakota",ND,50,0,,,,38,19,,,,,,,,,,,,,,,,,.,.,,,,,,,,,,,,,,0500000US38019,"Cavalier County, North Dakota",,,38,3663
38021,"Dickey County, North Dakota",ND,50,0,,,,38,21,,,,,,,,,,,,,,,,,.,.,,,,,,,,,,,,,,0500000US38021,"Dickey County, North Dakota",,,38,4959
38023,"Divide County, North Dakota",ND,50,0,,,,38,23,,,,,,,,,,,,,,,,,.,.,,,,,,,,,,,,,,0500000US38023,"Divide County, North Dakota",,,38,2174
38025,"Dunn County, North Dakota",ND,50,0,,,,38,25,,,,,,,,,,,,,,,,,.,.,,,,,,,,,,,,,,0500000US38025,"Dunn County, North Dakota",,,38,4043
38027,"Eddy County, North Dakota",ND,50,0,,,,38,27,,,,,,,,,,,,,,,,,.,.,,,,,,,,,,,,,,0500000US38027,"Eddy County, North Dakota",,,38,2319
38029,"Emmons County, North Dakota",ND,50,0,,,,38,29,,,,,,,,,,,,,,,,,.,.,,,,,,,,,,,,,,0500000US38029,"Emmons County, North Dakota",,,38,3269
38031,"Foster County, North Dakota",ND,50,0,,,,38,31,,,,,,,,,,,,,,,,,.,.,,,,,,,,,,,,,,0500000US38031,"Foster County, North Dakota",,,38,3372
38033,"Golden Valley County, North Dakota",ND,50,0,,,,38,33,,,,,,,,,,,,,,,,,.,.,,,,,,,,,,,,,,0500000US38033,"Golden Valley County, North Dakota",,,38,1679
38035,"Grand Forks County, North Dakota",ND,50,0,,,,38,35,,,,,,,,,,,,,,,,,.,.,,,,,,,,,,,,,,0500000US38035,"Grand Forks County, North Dakota",,,38,72764
38037,"Grant County, North Dakota",ND,50,0,,,,38,37,,,,,,,,,,,,,,,,,.,.,,,,,,,,,,,,,,0500000US38037,"Grant County, North Dakota",,,38,2276
38039,"Griggs County, North Dakota",ND,50,0,,,,38,39,,,,,,,,,,,,,,,,,.,.,,,,,,,,,,,,,,0500000US38039,"Griggs County, North Dakota",,,38,2340
38041,"Hettinger County, North Dakota",ND,50,0,,,,38,41,,,,,,,,,,,,,,,,,.,.,,,,,,,,,,,,,,0500000US38041,"Hettinger County, North Dakota",,,38,2453
38043,"Kidder County, North Dakota",ND,50,0,,,,38,43,,,,,,,,,,,,,,,,,.,.,,,,,,,,,,,,,,0500000US38043,"Kidder County, North Dakota",,,38,2374
38045,"LaMoure County, North Dakota",ND,50,0,,,,38,45,,,,,,,,,,,,,,,,,.,.,,,,,,,,,,,,,,0500000US38045,"LaMoure County, North Dakota",,,38,4107
38047,"Logan County, North Dakota",ND,50,0,,,,38,47,,,,,,,,,,,,,,,,,.,.,,,,,,,,,,,,,,0500000US38047,"Logan County, North Dakota",,,38,1848
38049,"McHenry County, North Dakota",ND,50,0,,,,38,49,,,,,,,,,,,,,,,,,.,.,,,,,,,,,,,,,,0500000US38049,"McHenry County, North Dakota",,,38,5264
38051,"McIntosh County, North Dakota",ND,50,0,,,,38,51,,,,,,,,,,,,,,,,,.,.,,,,,,,,,,,,,,0500000US38051,"McIntosh County, North Dakota",,,38,2512
38053,"McKenzie County, North Dakota",ND,50,0,,,,38,53,,,,,,,,,,,,,,,,,.,.,,,,,,,,,,,,,,0500000US38053,"McKenzie County, North Dakota",,,38,14280
38055,"McLean County, North Dakota",ND,50,0,,,,38,55,,,,,,,,,,,,,,,,,.,.,,,,,,,,,,,,,,0500000US38055,"McLean County, North Dakota",,,38,9807
38057,"Mercer County, North Dakota",ND,50,0,,,,38,57,,,,,,,,,,,,,,,,,.,.,,,,,,,,,,,,,,0500000US38057,"Mercer County, North Dakota",,,38,8341
38059,"Morton County, North Dakota",ND,50,0,,,,38,59,,,,,,,,,,,,,,,,,.,.,,,,,,,,,,,,,,0500000US38059,"Morton County, North Dakota",,,38,33479
38061,"Mountrail County, North Dakota",ND,50,0,,,,38,61,,,,,,,,,,,,,,,,,.,.,,,,,,,,,,,,,,0500000US38061,"Mountrail County, North Dakota",,,38,9567
38063,"Nelson County, North Dakota",ND,50,0,,,,38,63,,,,,,,,,,,,,,,,,.,.,,,,,,,,,,,,,,0500000US38063,"Nelson County, North Dakota",,,38,3015
38065,"Oliver County, North Dakota",ND,50,0,,,,38,65,,,,,,,,,,,,,,,,,.,.,,,,,,,,,,,,,,0500000US38065,"Oliver County, North Dakota",,,38,1821
38067,"Pembina County, North Dakota",ND,50,0,,,,38,67,,,,,,,,,,,,,,,,,.,.,,,,,,,,,,,,,,0500000US38067,"Pembina County, North Dakota",,,38,6787
38069,"Pierce County, North Dakota",ND,50,0,,,,38,69,,,,,,,,,,,,,,,,,.,.,,,,,,,,,,,,,,0500000US38069,"Pierce County, North Dakota",,,38,3961
38071,"Ramsey County, North Dakota",ND,50,0,,,,38,71,,,,,,,,,,,,,,,,,.,.,,,,,,,,,,,,,,0500000US38071,"Ramsey County, North Dakota",,,38,11563
38073,"Ransom County, North Dakota",ND,50,0,,,,38,73,,,,,,,,,,,,,,,,,.,.,,,,,,,,,,,,,,0500000US38073,"Ransom County, North Dakota",,,38,5662
38075,"Renville County, North Dakota",ND,50,0,,,,38,75,,,,,,,,,,,,,,,,,.,.,,,,,,,,,,,,,,0500000US38075,"Renville County, North Dakota",,,38,2277
38077,"Richland County, North Dakota",ND,50,0,,,,38,77,,,,,,,,,,,,,,,,,.,.,,,,,,,,,,,,,,0500000US38077,"Richland County, North Dakota",,,38,16550
38079,"Rolette County, North Dakota",ND,50,0,,,,38,79,,,,,,,,,,,,,,,,,.,.,,,,,,,,,,,,,,0500000US38079,"Rolette County, North Dakota",,,38,12065
38081,"Sargent County, North Dakota",ND,50,0,,,,38,81,,,,,,,,,,,,,,,,,.,.,,,,,,,,,,,,,,0500000US38081,"Sargent County, North Dakota",,,38,3822
38083,"Sheridan County, North Dakota",ND,50,0,,,,38,83,,,,,,,,,,,,,,,,,.,.,,,,,,,,,,,,,,0500000US38083,"Sheridan County, North Dakota",,,38,1327
38085,"Sioux County, North Dakota",ND,50,0,,,,38,85,,,,,,,,,,,,,,,,,.,.,,,,,,,,,,,,,,0500000US38085,"Sioux County, North Dakota",,,38,3789
38087,"Slope County, North Dakota",ND,50,0,,,,38,87,,,,,,,,,,,,,,,,,.,.,,,,,,,,,,,,,,0500000US38087,"Slope County, North Dakota",,,38,795
38089,"Stark County, North Dakota",ND,50,0,,,,38,89,,,,,,,,,,,,,,,,,.,.,,,,,,,,,,,,,,0500000US38089,"Stark County, North Dakota",,,38,33116
38091,"Steele County, North Dakota",ND,50,0,,,,38,91,,,,,,,,,,,,,,,,,.,.,,,,,,,,,,,,,,0500000US38091,"Steele County, North Dakota",,,38,1731
38093,"Stutsman County, North Dakota",ND,50,0,,,,38,93,,,,,,,,,,,,,,,,,.,.,,,,,,,,,,,,,,0500000US38093,"Stutsman County, North Dakota",,,38,21525
38095,"Towner County, North Dakota",ND,50,0,,,,38,95,,,,,,,,,,,,,,,,,.,.,,,,,,,,,,,,,,0500000US38095,"Towner County, North Dakota",,,38,2113
38097,"Traill County, North Dakota",ND,50,0,,,,38,97,,,,,,,,,,,,,,,,,.,.,,,,,,,,,,,,,,0500000US38097,"Traill County, North Dakota",,,38,7980
38099,"Walsh County, North Dakota",ND,50,0,,,,38,99,,,,,,,,,,,,,,,,,.,.,,,,,,,,,,,,,,0500000US38099,"Walsh County, North Dakota",,,38,10488
38101,"Ward County, North Dakota",ND,50,0,,,,38,101,,,,,,,,,,,,,,,,,.,.,,,,,,,,,,,,,,0500000US38101,"Ward County, North Dakota",,,38,69232
38103,"Wells County, North Dakota",ND,50,0,,,,38,103,,,,,,,,,,,,,,,,,.,.,,,,,,,,,,,,,,0500000US38103,"Wells County, North Dakota",,,38,3942
38105,"Williams County, North Dakota",ND,50,0,,,,38,105,,,,,,,,,,,,,,,,,.,.,,,,,,,,,,,,,,0500000US38105,"Williams County, North Dakota",,,38,39368
39001,"Adams County, Ohio",OH,50,0,,,,39,1,,,,,,,,,,,,,,,,,.,.,,,,,,,,,,,,,,0500000US39001,"Adams County, Ohio",,,39,27510
39003,"Allen County, Ohio",OH,50,0,,,,39,3,,,,,,,,,,,,,,,,,.,.,,,,,,,,,,,,,,0500000US39003,"Allen County, Ohio",,,39,101685
39005,"Ashland County, Ohio",OH,50,0,,,,39,5,,,,,,,,,,,,,,,,,.,.,,,,,,,,,,,,,,0500000US39005,"Ashland County, Ohio",,,39,52296
39007,"Ashtabula County, Ohio",OH,50,0,,,,39,7,,,,,,,,,,,,,,,,,.,.,,,,,,,,,,,,,,0500000US39007,"Ashtabula County, Ohio",,,39,97343
39009,"Athens County, Ohio",OH,50,0,,,,39,9,,,,,,,,,,,,,,,,,.,.,,,,,,,,,,,,,,0500000US39009,"Athens County, Ohio",,,39,61573
39011,"Auglaize County, Ohio",OH,50,0,,,,39,11,,,,,,,,,,,,,,,,,.,.,,,,,,,,,,,,,,0500000US39011,"Auglaize County, Ohio",,,39,46209
39013,"Belmont County, Ohio",OH,50,0,,,,39,13,,,,,,,,,,,,,,,,,.,.,,,,,,,,,,,,,,0500000US39013,"Belmont County, Ohio",,,39,65982
39015,"Brown County, Ohio",OH,50,0,,,,39,15,,,,,,,,,,,,,,,,,.,.,,,,,,,,,,,,,,0500000US39015,"Brown County, Ohio",,,39,43710
39017,"Butler County, Ohio",OH,50,0,,,,39,17,,,,,,,,,,,,,,,,,.,.,,,,,,,,,,,,,,0500000US39017,"Butler County, Ohio",,,39,389910
39019,"Carroll County, Ohio",OH,50,0,,,,39,19,,,,,,,,,,,,,,,,,.,.,,,,,,,,,,,,,,0500000US39019,"Carroll County, Ohio",,,39,26731
39021,"Champaign County, Ohio",OH,50,0,,,,39,21,,,,,,,,,,,,,,,,,.,.,,,,,,,,,,,,,,0500000US39021,"Champaign County, Ohio",,,39,38772
39023,"Clark County, Ohio",OH,50,0,,,,39,23,,,,,,,,,,,,,,,,,.,.,,,,,,,,,,,,,,0500000US39023,"Clark County, Ohio",,,39,135445
39025,"Clermont County, Ohio",OH,50,0,,,,39,25,,,,,,,,,,,,,,,,,.,.,,,,,,,,,,,,,,0500000US39025,"Clermont County, Ohio",,,39,209862
39027,"Clinton County, Ohio",OH,50,0,,,,39,27,,,,,,,,,,,,,,,,,.,.,,,,,,,,,,,,,,0500000US39027,"Clinton County, Ohio",,,39,42014
39029,"Columbiana County, Ohio",OH,50,0,,,,39,29,,,,,,,,,,,,,,,,,.,.,,,,,,,,,,,,,,0500000US39029,"Columbiana County, Ohio",,,39,101203
39031,"Coshocton County, Ohio",OH,50,0,,,,39,31,,,,,,,,,,,,,,,,,.,.,,,,,,,,,,,,,,0500000US39031,"Coshocton County, Ohio",,,39,36679
39033,"Crawford County, Ohio",OH,50,0,,,,39,33,,,,,,,,,,,,,,,,,.,.,,,,,,,,,,,,,,0500000US39033,"Crawford County, Ohio",,,39,41767
39035,"Cuyahoga County, Ohio",OH,50,0,,,,39,35,,,,,,,,,,,,,,,,,.,.,,,,,,,,,,,,,,0500000US39035,"Cuyahoga County, Ohio",,,39,1249418
39037,"Darke County, Ohio",OH,50,0,,,,39,37,,,,,,,,,,,,,,,,,.,.,,,,,,,,,,,,,,0500000US39037,"Darke County, Ohio",,,39,51655
39039,"Defiance County, Ohio",OH,50,0,,,,39,39,,,,,,,,,,,,,,,,,.,.,,,,,,,,,,,,,,0500000US39039,"Defiance County, Ohio",,,39,38258
39041,"Delaware County, Ohio",OH,50,0,,,,39,41,,,,,,,,,,,,,,,,,.,.,,,,,,,,,,,,,,0500000US39041,"Delaware County, Ohio",,,39,221160
39043,"Erie County, Ohio",OH,50,0,,,,39,43,,,,,,,,,,,,,,,,,.,.,,,,,,,,,,,,,,0500000US39043,"Erie County, Ohio",,,39,74938
39045,"Fairfield County, Ohio",OH,50,0,,,,39,45,,,,,,,,,,,,,,,,,.,.,,,,,,,,,,,,,,0500000US39045,"Fairfield County, Ohio",,,39,161289
39047,"Fayette County, Ohio",OH,50,0,,,,39,47,,,,,,,,,,,,,,,,,.,.,,,,,,,,,,,,,,0500000US39047,"Fayette County, Ohio",,,39,28880
39049,"Franklin County, Ohio",OH,50,0,,,,39,49,,,,,,,,,,,,,,,,,.,.,,,,,,,,,,,,,,0500000US39049,"Franklin County, Ohio",,,39,1321635
39051,"Fulton County, Ohio",OH,50,0,,,,39,51,,,,,,,,,,,,,,,,,.,.,,,,,,,,,,,,,,0500000US39051,"Fulton County, Ohio",,,39,42434
39053,"Gallia County, Ohio",OH,50,0,,,,39,53,,,,,,,,,,,,,,,,,.,.,,,,,,,,,,,,,,0500000US39053,"Gallia County, Ohio",,,39,29162
39055,"Geauga County, Ohio",OH,50,0,,,,39,55,,,,,,,,,,,,,,,,,.,.,,,,,,,,,,,,,,0500000US39055,"Geauga County, Ohio",,,39,95479
39057,"Greene County, Ohio",OH,50,0,,,,39,57,,,,,,,,,,,,,,,,,.,.,,,,,,,,,,,,,,0500000US39057,"Greene County, Ohio",,,39,168531
39059,"Guernsey County, Ohio",OH,50,0,,,,39,59,,,,,,,,,,,,,,,,,.,.,,,,,,,,,,,,,,0500000US39059,"Guernsey County, Ohio",,,39,38283
39061,"Hamilton County, Ohio",OH,50,0,,,,39,61,,,,,,,,,,,,,,,,,.,.,,,,,,,,,,,,,,0500000US39061,"Hamilton County, Ohio",,,39,827878
39063,"Hancock County, Ohio",OH,50,0,,,,39,63,,,,,,,,,,,,,,,,,.,.,,,,,,,,,,,,,,0500000US39063,"Hancock County, Ohio",,,39,74885
39065,"Hardin County, Ohio",OH,50,0,,,,39,65,,,,,,,,,,,,,,,,,.,.,,,,,,,,,,,,,,0500000US39065,"Hardin County, Ohio",,,39,30527
39067,"Harrison County, Ohio",OH,50,0,,,,39,67,,,,,,,,,,,,,,,,,.,.,,,,,,,,,,,,,,0500000US39067,"Harrison County, Ohio",,,39,14408
39069,"Henry County, Ohio",OH,50,0,,,,39,69,,,,,,,,,,,,,,,,,.,.,,,,,,,,,,,,,,0500000US39069,"Henry County, Ohio",,,39,27581
39071,"Highland County, Ohio",OH,50,0,,,,39,71,,,,,,,,,,,,,,,,,.,.,,,,,,,,,,,,,,0500000US39071,"Highland County, Ohio",,,39,43403
39073,"Hocking County, Ohio",OH,50,0,,,,39,73,,,,,,,,,,,,,,,,,.,.,,,,,,,,,,,,,,0500000US39073,"Hocking County, Ohio",,,39,27938
39075,"Holmes County, Ohio",OH,50,0,,,,39,75,,,,,,,,,,,,,,,,,.,.,,,,,,,,,,,,,,0500000US39075,"Holmes County, Ohio",,,39,44312
39077,"Huron County, Ohio",OH,50,0,,,,39,77,,,,,,,,,,,,,,,,,.,.,,,,,,,,,,,,,,0500000US39077,"Huron County, Ohio",,,39,58412
39079,"Jackson County, Ohio",OH,50,0,,,,39,79,,,,,,,,,,,,,,,,,.,.,,,,,,,,,,,,,,0500000US39079,"Jackson County, Ohio",,,39,32588
39081,"Jefferson County, Ohio",OH,50,0,,,,39,81,,,,,,,,,,,,,,,,,.,.,,,,,,,,,,,,,,0500000US39081,"Jefferson County, Ohio",,,39,64855
39083,"Knox County, Ohio",OH,50,0,,,,39,83,,,,,,,,,,,,,,,,,.,.,,,,,,,,,,,,,,0500000US39083,"Knox County, Ohio",,,39,62888
39085,"Lake County, Ohio",OH,50,0,,,,39,85,,,,,,,,,,,,,,,,,.,.,,,,,,,,,,,,,,0500000US39085,"Lake County, Ohio",,,39,232101
39087,"Lawrence County, Ohio",OH,50,0,,,,39,87,,,,,,,,,,,,,,,,,.,.,,,,,,,,,,,,,,0500000US39087,"Lawrence County, Ohio",,,39,57385
39089,"Licking County, Ohio",OH,50,0,,,,39,89,,,,,,,,,,,,,,,,,.,.,,,,,,,,,,,,,,0500000US39089,"Licking County, Ohio",,,39,180311
39091,"Logan County, Ohio",OH,50,0,,,,39,91,,,,,,,,,,,,,,,,,.,.,,,,,,,,,,,,,,0500000US39091,"Logan County, Ohio",,,39,46140
39093,"Lorain County, Ohio",OH,50,0,,,,39,93,,,,,,,,,,,,,,,,,.,.,,,,,,,,,,,,,,0500000US39093,"Lorain County, Ohio",,,39,314588
39095,"Lucas County, Ohio",OH,50,0,,,,39,95,,,,,,,,,,,,,,,,,.,.,,,,,,,,,,,,,,0500000US39095,"Lucas County, Ohio",,,39,428748
39097,"Madison County, Ohio",OH,50,0,,,,39,97,,,,,,,,,,,,,,,,,.,.,,,,,,,,,,,,,,0500000US39097,"Madison County, Ohio",,,39,44126
39099,"Mahoning County, Ohio",OH,50,0,,,,39,99,,,,,,,,,,,,,,,,,.,.,,,,,,,,,,,,,,0500000US39099,"Mahoning County, Ohio",,,39,227063
39101,"Marion County, Ohio",OH,50,0,,,,39,101,,,,,,,,,,,,,,,,,.,.,,,,,,,,,,,,,,0500000US39101,"Marion County, Ohio",,,39,65145
39103,"Medina County, Ohio",OH,50,0,,,,39,103,,,,,,,,,,,,,,,,,.,.,,,,,,,,,,,,,,0500000US39103,"Medina County, Ohio",,,39,183049
39105,"Meigs County, Ohio",OH,50,0,,,,39,105,,,,,,,,,,,,,,,,,.,.,,,,,,,,,,,,,,0500000US39105,"Meigs County, Ohio",,,39,22072
39107,"Mercer County, Ohio",OH,50,0,,,,39,107,,,,,,,,,,,,,,,,,.,.,,,,,,,,,,,,,,0500000US39107,"Mercer County, Ohio",,,39,42438
39109,"Miami County, Ohio",OH,50,0,,,,39,109,,,,,,,,,,,,,,,,,.,.,,,,,,,,,,,,,,0500000US39109,"Miami County, Ohio",,,39,109549
39111,"Monroe County, Ohio",OH,50,0,,,,39,111,,,,,,,,,,,,,,,,,.,.,,,,,,,,,,,,,,0500000US39111,"Monroe County, Ohio",,,39,13308
39113,"Montgomery County, Ohio",OH,50,0,,,,39,113,,,,,,,,,,,,,,,,,.,.,,,,,,,,,,,,,,0500000US39113,"Montgomery County, Ohio",,,39,535528
39115,"Morgan County, Ohio",OH,50,0,,,,39,115,,,,,,,,,,,,,,,,,.,.,,,,,,,,,,,,,,0500000US39115,"Morgan County, Ohio",,,39,13758
39117,"Morrow County, Ohio",OH,50,0,,,,39,117,,,,,,,,,,,,,,,,,.,.,,,,,,,,,,,,,,0500000US39117,"Morrow County, Ohio",,,39,35214
39119,"Muskingum County, Ohio",OH,50,0,,,,39,119,,,,,,,,,,,,,,,,,.,.,,,,,,,,,,,,,,0500000US39119,"Muskingum County, Ohio",,,39,86382
39121,"Noble County, Ohio",OH,50,0,,,,39,121,,,,,,,,,,,,,,,,,.,.,,,,,,,,,,,,,,0500000US39121,"Noble County, Ohio",,,39,14252
39123,"Ottawa County, Ohio",OH,50,0,,,,39,123,,,,,,,,,,,,,,,,,.,.,,,,,,,,,,,,,,0500000US39123,"Ottawa County, Ohio",,,39,40161
39125,"Paulding County, Ohio",OH,50,0,,,,39,125,,,,,,,,,,,,,,,,,.,.,,,,,,,,,,,,,,0500000US39125,"Paulding County, Ohio",,,39,18800
39127,"Perry County, Ohio",OH,50,0,,,,39,127,,,,,,,,,,,,,,,,,.,.,,,,,,,,,,,,,,0500000US39127,"Perry County, Ohio",,,39,35474
39129,"Pickaway County, Ohio",OH,50,0,,,,39,129,,,,,,,,,,,,,,,,,.,.,,,,,,,,,,,,,,0500000US39129,"Pickaway County, Ohio",,,39,59407
39131,"Pike County, Ohio",OH,50,0,,,,39,131,,,,,,,,,,,,,,,,,.,.,,,,,,,,,,,,,,0500000US39131,"Pike County, Ohio",,,39,27080
39133,"Portage County, Ohio",OH,50,0,,,,39,133,,,,,,,,,,,,,,,,,.,.,,,,,,,,,,,,,,0500000US39133,"Portage County, Ohio",,,39,161421
39135,"Preble County, Ohio",OH,50,0,,,,39,135,,,,,,,,,,,,,,,,,.,.,,,,,,,,,,,,,,0500000US39135,"Preble County, Ohio",,,39,40802
39137,"Putnam County, Ohio",OH,50,0,,,,39,137,,,,,,,,,,,,,,,,,.,.,,,,,,,,,,,,,,0500000US39137,"Putnam County, Ohio",,,39,34352
39139,"Richland County, Ohio",OH,50,0,,,,39,139,,,,,,,,,,,,,,,,,.,.,,,,,,,,,,,,,,0500000US39139,"Richland County, Ohio",,,39,125138
39141,"Ross County, Ohio",OH,50,0,,,,39,141,,,,,,,,,,,,,,,,,.,.,,,,,,,,,,,,,,0500000US39141,"Ross County, Ohio",,,39,76748
39143,"Sandusky County, Ohio",OH,50,0,,,,39,143,,,,,,,,,,,,,,,,,.,.,,,,,,,,,,,,,,0500000US39143,"Sandusky County, Ohio",,,39,58770
39145,"Scioto County, Ohio",OH,50,0,,,,39,145,,,,,,,,,,,,,,,,,.,.,,,,,,,,,,,,,,0500000US39145,"Scioto County, Ohio",,,39,73118
39147,"Seneca County, Ohio",OH,50,0,,,,39,147,,,,,,,,,,,,,,,,,.,.,,,,,,,,,,,,,,0500000US39147,"Seneca County, Ohio",,,39,54861
39149,"Shelby County, Ohio",OH,50,0,,,,39,149,,,,,,,,,,,,,,,,,.,.,,,,,,,,,,,,,,0500000US39149,"Shelby County, Ohio",,,39,48007
39151,"Stark County, Ohio",OH,50,0,,,,39,151,,,,,,,,,,,,,,,,,.,.,,,,,,,,,,,,,,0500000US39151,"Stark County, Ohio",,,39,373764
39153,"Summit County, Ohio",OH,50,0,,,,39,153,,,,,,,,,,,,,,,,,.,.,,,,,,,,,,,,,,0500000US39153,"Summit County, Ohio",,,39,538087
39155,"Trumbull County, Ohio",OH,50,0,,,,39,155,,,,,,,,,,,,,,,,,.,.,,,,,,,,,,,,,,0500000US39155,"Trumbull County, Ohio",,,39,201367
39157,"Tuscarawas County, Ohio",OH,50,0,,,,39,157,,,,,,,,,,,,,,,,,.,.,,,,,,,,,,,,,,0500000US39157,"Tuscarawas County, Ohio",,,39,92585
39159,"Union County, Ohio",OH,50,0,,,,39,159,,,,,,,,,,,,,,,,,.,.,,,,,,,,,,,,,,0500000US39159,"Union County, Ohio",,,39,65293
39161,"Van Wert County, Ohio",OH,50,0,,,,39,161,,,,,,,,,,,,,,,,,.,.,,,,,,,,,,,,,,0500000US39161,"Van Wert County, Ohio",,,39,28824
39163,"Vinton County, Ohio",OH,50,0,,,,39,163,,,,,,,,,,,,,,,,,.,.,,,,,,,,,,,,,,0500000US39163,"Vinton County, Ohio",,,39,12686
39165,"Warren County, Ohio",OH,50,0,,,,39,165,,,,,,,,,,,,,,,,,.,.,,,,,,,,,,,,,,0500000US39165,"Warren County, Ohio",,,39,246364
39167,"Washington County, Ohio",OH,50,0,,,,39,167,,,,,,,,,,,,,,,,,.,.,,,,,,,,,,,,,,0500000US39167,"Washington County, Ohio",,,39,59318
39169,"Wayne County, Ohio",OH,50,0,,,,39,169,,,,,,,,,,,,,,,,,.,.,,,,,,,,,,,,,,0500000US39169,"Wayne County, Ohio",,,39,116618
39171,"Williams County, Ohio",OH,50,0,,,,39,171,,,,,,,,,,,,,,,,,.,.,,,,,,,,,,,,,,0500000US39171,"Williams County, Ohio",,,39,36862
39173,"Wood County, Ohio",OH,50,0,,,,39,173,,,,,,,,,,,,,,,,,.,.,,,,,,,,,,,,,,0500000US39173,"Wood County, Ohio",,,39,131795
39175,"Wyandot County, Ohio",OH,50,0,,,,39,175,,,,,,,,,,,,,,,,,.,.,,,,,,,,,,,,,,0500000US39175,"Wyandot County, Ohio",,,39,21699
40001,"Adair County, Oklahoma",OK,50,0,,,,40,1,,,,,,,,,,,,,,,,,.,.,,,,,,,,,,,,,,0500000US40001,"Adair County, Oklahoma",,,40,19595
40003,"Alfalfa County, Oklahoma",OK,50,0,,,,40,3,,,,,,,,,,,,,,,,,.,.,,,,,,,,,,,,,,0500000US40003,"Alfalfa County, Oklahoma",,,40,5685
40005,"Atoka County, Oklahoma",OK,50,0,,,,40,5,,,,,,,,,,,,,,,,,.,.,,,,,,,,,,,,,,0500000US40005,"Atoka County, Oklahoma",,,40,14255
40007,"Beaver County, Oklahoma",OK,50,0,,,,40,7,,,,,,,,,,,,,,,,,.,.,,,,,,,,,,,,,,0500000US40007,"Beaver County, Oklahoma",,,40,5041
40009,"Beckham County, Oklahoma",OK,50,0,,,,40,9,,,,,,,,,,,,,,,,,.,.,,,,,,,,,,,,,,0500000US40009,"Beckham County, Oklahoma",,,40,22202
40011,"Blaine County, Oklahoma",OK,50,0,,,,40,11,,,,,,,,,,,,,,,,,.,.,,,,,,,,,,,,,,0500000US40011,"Blaine County, Oklahoma",,,40,8603
40013,"Bryan County, Oklahoma",OK,50,0,,,,40,13,,,,,,,,,,,,,,,,,.,.,,,,,,,,,,,,,,0500000US40013,"Bryan County, Oklahoma",,,40,47237
40015,"Caddo County, Oklahoma",OK,50,0,,,,40,15,,,,,,,,,,,,,,,,,.,.,,,,,,,,,,,,,,0500000US40015,"Caddo County, Oklahoma",,,40,26626
40017,"Canadian County, Oklahoma",OK,50,0,,,,40,17,,,,,,,,,,,,,,,,,.,.,,,,,,,,,,,,,,0500000US40017,"Canadian County, Oklahoma",,,40,162621
40019,"Carter County, Oklahoma",OK,50,0,,,,40,19,,,,,,,,,,,,,,,,,.,.,,,,,,,,,,,,,,0500000US40019,"Carter County, Oklahoma",,,40,48255
40021,"Cherokee County, Oklahoma",OK,50,0,,,,40,21,,,,,,,,,,,,,,,,,.,.,,,,,,,,,,,,,,0500000US40021,"Cherokee County, Oklahoma",,,40,47621
40023,"Choctaw County, Oklahoma",OK,50,0,,,,40,23,,,,,,,,,,,,,,,,,.,.,,,,,,,,,,,,,,0500000US40023,"Choctaw County, Oklahoma",,,40,14299
40025,"Cimarron County, Oklahoma",OK,50,0,,,,40,25,,,,,,,,,,,,,,,,,.,.,,,,,,,,,,,,,,0500000US40025,"Cimarron County, Oklahoma",,,40,2247
40027,"Cleveland County, Oklahoma",OK,50,0,,,,40,27,,,,,,,,,,,,,,,,,.,.,,,,,,,,,,,,,,0500000US40027,"Cleveland County, Oklahoma",,,40,297545
40029,"Coal County, Oklahoma",OK,50,0,,,,40,29,,,,,,,,,,,,,,,,,.,.,,,,,,,,,,,,,,0500000US40029,"Coal County, Oklahoma",,,40,5275
40031,"Comanche County, Oklahoma",OK,50,0,,,,40,31,,,,,,,,,,,,,,,,,.,.,,,,,,,,,,,,,,0500000US40031,"Comanche County, Oklahoma",,,40,121699
40033,"Cotton County, Oklahoma",OK,50,0,,,,40,33,,,,,,,,,,,,,,,,,.,.,,,,,,,,,,,,,,0500000US40033,"Cotton County, Oklahoma",,,40,5475
40035,"Craig County, Oklahoma",OK,50,0,,,,40,35,,,,,,,,,,,,,,,,,.,.,,,,,,,,,,,,,,0500000US40035,"Craig County, Oklahoma",,,40,14215
40037,"Creek County, Oklahoma",OK,50,0,,,,40,37,,,,,,,,,,,,,,,,,.,.,,,,,,,,,,,,,,0500000US40037,"Creek County, Oklahoma",,,40,72353
40039,"Custer County, Oklahoma",OK,50,0,,,,40,39,,,,,,,,,,,,,,,,,.,.,,,,,,,,,,,,,,0500000US40039,"Custer County, Oklahoma",,,40,28332
40041,"Delaware County, Oklahoma",OK,50,0,,,,40,41,,,,,,,,,,,,,,,,,.,.,,,,,,,,,,,,,,0500000US40041,"Delaware County, Oklahoma",,,40,41017
40043,"Dewey County, Oklahoma",OK,50,0,,,,40,43,,,,,,,,,,,,,,,,,.,.,,,,,,,,,,,,,,0500000US40043,"Dewey County, Oklahoma",,,40,4433
40045,"Ellis County, Oklahoma",OK,50,0,,,,40,45,,,,,,,,,,,,,,,,,.,.,,,,,,,,,,,,,,0500000US40045,"Ellis County, Oklahoma",,,40,3717
40047,"Garfield County, Oklahoma",OK,50,0,,,,40,47,,,,,,,,,,,,,,,,,.,.,,,,,,,,,,,,,,0500000US40047,"Garfield County, Oklahoma",,,40,62322
40049,"Garvin County, Oklahoma",OK,50,0,,,,40,49,,,,,,,,,,,,,,,,,.,.,,,,,,,,,,,,,,0500000US40049,"Garvin County, Oklahoma",,,40,25779
40051,"Grady County, Oklahoma",OK,50,0,,,,40,51,,,,,,,,,,,,,,,,,.,.,,,,,,,,,,,,,,0500000US40051,"Grady County, Oklahoma",,,40,55868
40053,"Grant County, Oklahoma",OK,50,0,,,,40,53,,,,,,,,,,,,,,,,,.,.,,,,,,,,,,,,,,0500000US40053,"Grant County, Oklahoma",,,40,4137
40055,"Greer County, Oklahoma",OK,50,0,,,,40,55,,,,,,,,,,,,,,,,,.,.,,,,,,,,,,,,,,0500000US40055,"Greer County, Oklahoma",,,40,5498
40057,"Harmon County, Oklahoma",OK,50,0,,,,40,57,,,,,,,,,,,,,,,,,.,.,,,,,,,,,,,,,,0500000US40057,"Harmon County, Oklahoma",,,40,2452
40059,"Harper County, Oklahoma",OK,50,0,,,,40,59,,,,,,,,,,,,,,,,,.,.,,,,,,,,,,,,,,0500000US40059,"Harper County, Oklahoma",,,40,3231
40061,"Haskell County, Oklahoma",OK,50,0,,,,40,61,,,,,,,,,,,,,,,,,.,.,,,,,,,,,,,,,,0500000US40061,"Haskell County, Oklahoma",,,40,11667
40063,"Hughes County, Oklahoma",OK,50,0,,,,40,63,,,,,,,,,,,,,,,,,.,.,,,,,,,,,,,,,,0500000US40063,"Hughes County, Oklahoma",,,40,13411
40065,"Jackson County, Oklahoma",OK,50,0,,,,40,65,,,,,,,,,,,,,,,,,.,.,,,,,,,,,,,,,,0500000US40065,"Jackson County, Oklahoma",,,40,24730
40067,"Jefferson County, Oklahoma",OK,50,0,,,,40,67,,,,,,,,,,,,,,,,,.,.,,,,,,,,,,,,,,0500000US40067,"Jefferson County, Oklahoma",,,40,5377
40069,"Johnston County, Oklahoma",OK,50,0,,,,40,69,,,,,,,,,,,,,,,,,.,.,,,,,,,,,,,,,,0500000US40069,"Johnston County, Oklahoma",,,40,10334
40071,"Kay County, Oklahoma",OK,50,0,,,,40,71,,,,,,,,,,,,,,,,,.,.,,,,,,,,,,,,,,0500000US40071,"Kay County, Oklahoma",,,40,43731
40073,"Kingfisher County, Oklahoma",OK,50,0,,,,40,73,,,,,,,,,,,,,,,,,.,.,,,,,,,,,,,,,,0500000US40073,"Kingfisher County, Oklahoma",,,40,15288
40075,"Kiowa County, Oklahoma",OK,50,0,,,,40,75,,,,,,,,,,,,,,,,,.,.,,,,,,,,,,,,,,0500000US40075,"Kiowa County, Oklahoma",,,40,8458
40077,"Latimer County, Oklahoma",OK,50,0,,,,40,77,,,,,,,,,,,,,,,,,.,.,,,,,,,,,,,,,,0500000US40077,"Latimer County, Oklahoma",,,40,9495
40079,"Le Flore County, Oklahoma",OK,50,0,,,,40,79,,,,,,,,,,,,,,,,,.,.,,,,,,,,,,,,,,0500000US40079,"Le Flore County, Oklahoma",,,40,48728
40081,"Lincoln County, Oklahoma",OK,50,0,,,,40,81,,,,,,,,,,,,,,,,,.,.,,,,,,,,,,,,,,0500000US40081,"Lincoln County, Oklahoma",,,40,33917
40083,"Logan County, Oklahoma",OK,50,0,,,,40,83,,,,,,,,,,,,,,,,,.,.,,,,,,,,,,,,,,0500000US40083,"Logan County, Oklahoma",,,40,50905
40085,"Love County, Oklahoma",OK,50,0,,,,40,85,,,,,,,,,,,,,,,,,.,.,,,,,,,,,,,,,,0500000US40085,"Love County, Oklahoma",,,40,10196
40087,"McClain County, Oklahoma",OK,50,0,,,,40,87,,,,,,,,,,,,,,,,,.,.,,,,,,,,,,,,,,0500000US40087,"McClain County, Oklahoma",,,40,43779
40089,"McCurtain County, Oklahoma",OK,50,0,,,,40,89,,,,,,,,,,,,,,,,,.,.,,,,,,,,,,,,,,0500000US40089,"McCurtain County, Oklahoma",,,40,30825
40091,"McIntosh County, Oklahoma",OK,50,0,,,,40,91,,,,,,,,,,,,,,,,,.,.,,,,,,,,,,,,,,0500000US40091,"McIntosh County, Oklahoma",,,40,19237
40093,"Major County, Oklahoma",OK,50,0,,,,40,93,,,,,,,,,,,,,,,,,.,.,,,,,,,,,,,,,,0500000US40093,"Major County, Oklahoma",,,40,7656
40095,"Marshall County, Oklahoma",OK,50,0,,,,40,95,,,,,,,,,,,,,,,,,.,.,,,,,,,,,,,,,,0500000US40095,"Marshall County, Oklahoma",,,40,15628
40097,"Mayes County, Oklahoma",OK,50,0,,,,40,97,,,,,,,,,,,,,,,,,.,.,,,,,,,,,,,,,,0500000US40097,"Mayes County, Oklahoma",,,40,39406
40099,"Murray County, Oklahoma",OK,50,0,,,,40,99,,,,,,,,,,,,,,,,,.,.,,,,,,,,,,,,,,0500000US40099,"Murray County, Oklahoma",,,40,13807
40101,"Muskogee County, Oklahoma",OK,50,0,,,,40,101,,,,,,,,,,,,,,,,,.,.,,,,,,,,,,,,,,0500000US40101,"Muskogee County, Oklahoma",,,40,66471
40103,"Noble County, Oklahoma",OK,50,0,,,,40,103,,,,,,,,,,,,,,,,,.,.,,,,,,,,,,,,,,0500000US40103,"Noble County, Oklahoma",,,40,10909
40105,"Nowata County, Oklahoma",OK,50,0,,,,40,105,,,,,,,,,,,,,,,,,.,.,,,,,,,,,,,,,,0500000US40105,"Nowata County, Oklahoma",,,40,9392
40107,"Okfuskee County, Oklahoma",OK,50,0,,,,40,107,,,,,,,,,,,,,,,,,.,.,,,,,,,,,,,,,,0500000US40107,"Okfuskee County, Oklahoma",,,40,11304
40109,"Oklahoma County, Oklahoma",OK,50,0,,,,40,109,,,,,,,,,,,,,,,,,.,.,,,,,,,,,,,,,,0500000US40109,"Oklahoma County, Oklahoma",,,40,800487
40111,"Okmulgee County, Oklahoma",OK,50,0,,,,40,111,,,,,,,,,,,,,,,,,.,.,,,,,,,,,,,,,,0500000US40111,"Okmulgee County, Oklahoma",,,40,36922
40113,"Osage County, Oklahoma",OK,50,0,,,,40,113,,,,,,,,,,,,,,,,,.,.,,,,,,,,,,,,,,0500000US40113,"Osage County, Oklahoma",,,40,45963
40115,"Ottawa County, Oklahoma",OK,50,0,,,,40,115,,,,,,,,,,,,,,,,,.,.,,,,,,,,,,,,,,0500000US40115,"Ottawa County, Oklahoma",,,40,30360
40117,"Pawnee County, Oklahoma",OK,50,0,,,,40,117,,,,,,,,,,,,,,,,,.,.,,,,,,,,,,,,,,0500000US40117,"Pawnee County, Oklahoma",,,40,15689
40119,"Payne County, Oklahoma",OK,50,0,,,,40,119,,,,,,,,,,,,,,,,,.,.,,,,,,,,,,,,,,0500000US40119,"Payne County, Oklahoma",,,40,82290
40121,"Pittsburg County, Oklahoma",OK,50,0,,,,40,121,,,,,,,,,,,,,,,,,.,.,,,,,,,,,,,,,,0500000US40121,"Pittsburg County, Oklahoma",,,40,43629
40123,"Pontotoc County, Oklahoma",OK,50,0,,,,40,123,,,,,,,,,,,,,,,,,.,.,,,,,,,,,,,,,,0500000US40123,"Pontotoc County, Oklahoma",,,40,38158
40125,"Pottawatomie County, Oklahoma",OK,50,0,,,,40,125,,,,,,,,,,,,,,,,,.,.,,,,,,,,,,,,,,0500000US40125,"Pottawatomie County, Oklahoma",,,40,73011
40127,"Pushmataha County, Oklahoma",OK,50,0,,,,40,127,,,,,,,,,,,,,,,,,.,.,,,,,,,,,,,,,,0500000US40127,"Pushmataha County, Oklahoma",,,40,10787
40129,"Roger Mills County, Oklahoma",OK,50,0,,,,40,129,,,,,,,,,,,,,,,,,.,.,,,,,,,,,,,,,,0500000US40129,"Roger Mills County, Oklahoma",,,40,3378
40131,"Rogers County, Oklahoma",OK,50,0,,,,40,131,,,,,,,,,,,,,,,,,.,.,,,,,,,,,,,,,,0500000US40131,"Rogers County, Oklahoma",,,40,97235
40133,"Seminole County, Oklahoma",OK,50,0,,,,40,133,,,,,,,,,,,,,,,,,.,.,,,,,,,,,,,,,,0500000US40133,"Seminole County, Oklahoma",,,40,23550
40135,"Sequoyah County, Oklahoma",OK,50,0,,,,40,135,,,,,,,,,,,,,,,,,.,.,,,,,,,,,,,,,,0500000US40135,"Sequoyah County, Oklahoma",,,40,39676
40137,"Stephens County, Oklahoma",OK,50,0,,,,40,137,,,,,,,,,,,,,,,,,.,.,,,,,,,,,,,,,,0500000US40137,"Stephens County, Oklahoma",,,40,43314
40139,"Texas County, Oklahoma",OK,50,0,,,,40,139,,,,,,,,,,,,,,,,,.,.,,,,,,,,,,,,,,0500000US40139,"Texas County, Oklahoma",,,40,20880
40141,"Tillman County, Oklahoma",OK,50,0,,,,40,141,,,,,,,,,,,,,,,,,.,.,,,,,,,,,,,,,,0500000US40141,"Tillman County, Oklahoma",,,40,6967
40143,"Tulsa County, Oklahoma",OK,50,0,,,,40,143,,,,,,,,,,,,,,,,,.,.,,,,,,,,,,,,,,0500000US40143,"Tulsa County, Oklahoma",,,40,673708
40145,"Wagoner County, Oklahoma",OK,50,0,,,,40,145,,,,,,,,,,,,,,,,,.,.,,,,,,,,,,,,,,0500000US40145,"Wagoner County, Oklahoma",,,40,84339
40147,"Washington County, Oklahoma",OK,50,0,,,,40,147,,,,,,,,,,,,,,,,,.,.,,,,,,,,,,,,,,0500000US40147,"Washington County, Oklahoma",,,40,52895
40149,"Washita County, Oklahoma",OK,50,0,,,,40,149,,,,,,,,,,,,,,,,,.,.,,,,,,,,,,,,,,0500000US40149,"Washita County, Oklahoma",,,40,10857
40151,"Woods County, Oklahoma",OK,50,0,,,,40,151,,,,,,,,,,,,,,,,,.,.,,,,,,,,,,,,,,0500000US40151,"Woods County, Oklahoma",,,40,8619
40153,"Woodward County, Oklahoma",OK,50,0,,,,40,153,,,,,,,,,,,,,,,,,.,.,,,,,,,,,,,,,,0500000US40153,"Woodward County, Oklahoma",,,40,20260
41001,"Baker County, Oregon",OR,50,0,,,,41,1,,,,,,,,,,,,,,,,,.,.,,,,,,,,,,,,,,0500000US41001,"Baker County, Oregon",,,41,16796
41003,"Benton County, Oregon",OR,50,0,,,,41,3,,,,,,,,,,,,,,,,,.,.,,,,,,,,,,,,,,0500000US41003,"Benton County, Oregon",,,41,96359
41005,"Clackamas County, Oregon",OR,50,0,,,,41,5,,,,,,,,,,,,,,,,,.,.,,,,,,,,,,,,,,0500000US41005,"Clackamas County, Oregon",,,41,422308
41007,"Clatsop County, Oregon",OR,50,0,,,,41,7,,,,,,,,,,,,,,,,,.,.,,,,,,,,,,,,,,0500000US41007,"Clatsop County, Oregon",,,41,41343
41009,"Columbia County, Oregon",OR,50,0,,,,41,9,,,,,,,,,,,,,,,,,.,.,,,,,,,,,,,,,,0500000US41009,"Columbia County, Oregon",,,41,53178
41011,"Coos County, Oregon",OR,50,0,,,,41,11,,,,,,,,,,,,,,,,,.,.,,,,,,,,,,,,,,0500000US41011,"Coos County, Oregon",,,41,64832
41013,"Crook County, Oregon",OR,50,0,,,,41,13,,,,,,,,,,,,,,,,,.,.,,,,,,,,,,,,,,0500000US41013,"Crook County, Oregon",,,41,25651
41015,"Curry County, Oregon",OR,50,0,,,,41,15,,,,,,,,,,,,,,,,,.,.,,,,,,,,,,,,,,0500000US41015,"Curry County, Oregon",,,41,23463
41017,"Deschutes County, Oregon",OR,50,0,,,,41,17,,,,,,,,,,,,,,,,,.,.,,,,,,,,,,,,,,0500000US41017,"Deschutes County, Oregon",,,41,203026
41019,"Douglas County, Oregon",OR,50,0,,,,41,19,,,,,,,,,,,,,,,,,.,.,,,,,,,,,,,,,,0500000US41019,"Douglas County, Oregon",,,41,111807
41021,"Gilliam County, Oregon",OR,50,0,,,,41,21,,,,,,,,,,,,,,,,,.,.,,,,,,,,,,,,,,0500000US41021,"Gilliam County, Oregon",,,41,2002
41023,"Grant County, Oregon",OR,50,0,,,,41,23,,,,,,,,,,,,,,,,,.,.,,,,,,,,,,,,,,0500000US41023,"Grant County, Oregon",,,41,7238
41025,"Harney County, Oregon",OR,50,0,,,,41,25,,,,,,,,,,,,,,,,,.,.,,,,,,,,,,,,,,0500000US41025,"Harney County, Oregon",,,41,7515
41027,"Hood River County, Oregon",OR,50,0,,,,41,27,,,,,,,,,,,,,,,,,.,.,,,,,,,,,,,,,,0500000US41027,"Hood River County, Oregon",,,41,23958
41029,"Jackson County, Oregon",OR,50,0,,,,41,29,,,,,,,,,,,,,,,,,.,.,,,,,,,,,,,,,,0500000US41029,"Jackson County, Oregon",,,41,222563
41031,"Jefferson County, Oregon",OR,50,0,,,,41,31,,,,,,,,,,,,,,,,,.,.,,,,,,,,,,,,,,0500000US41031,"Jefferson County, Oregon",,,41,24973
41033,"Josephine County, Oregon",OR,50,0,,,,41,33,,,,,,,,,,,,,,,,,.,.,,,,,,,,,,,,,,0500000US41033,"Josephine County, Oregon",,,41,88069
41035,"Klamath County, Oregon",OR,50,0,,,,41,35,,,,,,,,,,,,,,,,,.,.,,,,,,,,,,,,,,0500000US41035,"Klamath County, Oregon",,,41,69812
41037,"Lake County, Oregon",OR,50,0,,,,41,37,,,,,,,,,,,,,,,,,.,.,,,,,,,,,,,,,,0500000US41037,"Lake County, Oregon",,,41,8254
41039,"Lane County, Oregon",OR,50,0,,,,41,39,,,,,,,,,,,,,,,,,.,.,,,,,,,,,,,,,,0500000US41039,"Lane County, Oregon",,,41,382628
41041,"Lincoln County, Oregon",OR,50,0,,,,41,41,,,,,,,,,,,,,,,,,.,.,,,,,,,,,,,,,,0500000US41041,"Lincoln County, Oregon",,,41,50632
41043,"Linn County, Oregon",OR,50,0,,,,41,43,,,,,,,,,,,,,,,,,.,.,,,,,,,,,,,,,,0500000US41043,"Linn County, Oregon",,,41,129794
41045,"Malheur County, Oregon",OR,50,0,,,,41,45,,,,,,,,,,,,,,,,,.,.,,,,,,,,,,,,,,0500000US41045,"Malheur County, Oregon",,,41,31701
41047,"Marion County, Oregon",OR,50,0,,,,41,47,,,,,,,,,,,,,,,,,.,.,,,,,,,,,,,,,,0500000US41047,"Marion County, Oregon",,,41,346532
41049,"Morrow County, Oregon",OR,50,0,,,,41,49,,,,,,,,,,,,,,,,,.,.,,,,,,,,,,,,,,0500000US41049,"Morrow County, Oregon",,,41,12249
41051,"Multnomah County, Oregon",OR,50,0,,,,41,51,,,,,,,,,,,,,,,,,.,.,,,,,,,,,,,,,,0500000US41051,"Multnomah County, Oregon",,,41,803863
41053,"Polk County, Oregon",OR,50,0,,,,41,53,,,,,,,,,,,,,,,,,.,.,,,,,,,,,,,,,,0500000US41053,"Polk County, Oregon",,,41,88553
41055,"Sherman County, Oregon",OR,50,0,,,,41,55,,,,,,,,,,,,,,,,,.,.,,,,,,,,,,,,,,0500000US41055,"Sherman County, Oregon",,,41,1908
41057,"Tillamook County, Oregon",OR,50,0,,,,41,57,,,,,,,,,,,,,,,,,.,.,,,,,,,,,,,,,,0500000US41057,"Tillamook County, Oregon",,,41,27471
41059,"Umatilla County, Oregon",OR,50,0,,,,41,59,,,,,,,,,,,,,,,,,.,.,,,,,,,,,,,,,,0500000US41059,"Umatilla County, Oregon",,,41,80087
41061,"Union County, Oregon",OR,50,0,,,,41,61,,,,,,,,,,,,,,,,,.,.,,,,,,,,,,,,,,0500000US41061,"Union County, Oregon",,,41,26192
41063,"Wallowa County, Oregon",OR,50,0,,,,41,63,,,,,,,,,,,,,,,,,.,.,,,,,,,,,,,,,,0500000US41063,"Wallowa County, Oregon",,,41,7532
41065,"Wasco County, Oregon",OR,50,0,,,,41,65,,,,,,,,,,,,,,,,,.,.,,,,,,,,,,,,,,0500000US41065,"Wasco County, Oregon",,,41,26603
41067,"Washington County, Oregon",OR,50,0,,,,41,67,,,,,,,,,,,,,,,,,.,.,,,,,,,,,,,,,,0500000US41067,"Washington County, Oregon",,,41,600266
41069,"Wheeler County, Oregon",OR,50,0,,,,41,69,,,,,,,,,,,,,,,,,.,.,,,,,,,,,,,,,,0500000US41069,"Wheeler County, Oregon",,,41,1434
41071,"Yamhill County, Oregon",OR,50,0,,,,41,71,,,,,,,,,,,,,,,,,.,.,,,,,,,,,,,,,,0500000US41071,"Yamhill County, Oregon",,,41,108122
42001,"Adams County, Pennsylvania",PA,50,0,,,,42,1,,,,,,,,,,,,,,,,,.,.,,,,,,,,,,,,,,0500000US42001,"Adams County, Pennsylvania",,,42,105183
42003,"Allegheny County, Pennsylvania",PA,50,0,,,,42,3,,,,,,,,,,,,,,,,,.,.,,,,,,,,,,,,,,0500000US42003,"Allegheny County, Pennsylvania",,,42,1240476
42005,"Armstrong County, Pennsylvania",PA,50,0,,,,42,5,,,,,,,,,,,,,,,,,.,.,,,,,,,,,,,,,,0500000US42005,"Armstrong County, Pennsylvania",,,42,65069
42007,"Beaver County, Pennsylvania",PA,50,0,,,,42,7,,,,,,,,,,,,,,,,,.,.,,,,,,,,,,,,,,0500000US42007,"Beaver County, Pennsylvania",,,42,166993
42009,"Bedford County, Pennsylvania",PA,50,0,,,,42,9,,,,,,,,,,,,,,,,,.,.,,,,,,,,,,,,,,0500000US42009,"Bedford County, Pennsylvania",,,42,47503
42011,"Berks County, Pennsylvania",PA,50,0,,,,42,11,,,,,,,,,,,,,,,,,.,.,,,,,,,,,,,,,,0500000US42011,"Berks County, Pennsylvania",,,42,429989
42013,"Blair County, Pennsylvania",PA,50,0,,,,42,13,,,,,,,,,,,,,,,,,.,.,,,,,,,,,,,,,,0500000US42013,"Blair County, Pennsylvania",,,42,121854
42015,"Bradford County, Pennsylvania",PA,50,0,,,,42,15,,,,,,,,,,,,,,,,,.,.,,,,,,,,,,,,,,0500000US42015,"Bradford County, Pennsylvania",,,42,59971
42017,"Bucks County, Pennsylvania",PA,50,0,,,,42,17,,,,,,,,,,,,,,,,,.,.,,,,,,,,,,,,,,0500000US42017,"Bucks County, Pennsylvania",,,42,645993
42019,"Butler County, Pennsylvania",PA,50,0,,,,42,19,,,,,,,,,,,,,,,,,.,.,,,,,,,,,,,,,,0500000US42019,"Butler County, Pennsylvania",,,42,195870
42021,"Cambria County, Pennsylvania",PA,50,0,,,,42,21,,,,,,,,,,,,,,,,,.,.,,,,,,,,,,,,,,0500000US42021,"Cambria County, Pennsylvania",,,42,132355
42023,"Cameron County, Pennsylvania",PA,50,0,,,,42,23,,,,,,,,,,,,,,,,,.,.,,,,,,,,,,,,,,0500000US42023,"Cameron County, Pennsylvania",,,42,4475
42025,"Carbon County, Pennsylvania",PA,50,0,,,,42,25,,,,,,,,,,,,,,,,,.,.,,,,,,,,,,,,,,0500000US42025,"Carbon County, Pennsylvania",,,42,65191
42027,"Centre County, Pennsylvania",PA,50,0,,,,42,27,,,,,,,,,,,,,,,,,.,.,,,,,,,,,,,,,,0500000US42027,"Centre County, Pennsylvania",,,42,158041
42029,"Chester County, Pennsylvania",PA,50,0,,,,42,29,,,,,,,,,,,,,,,,,.,.,,,,,,,,,,,,,,0500000US42029,"Chester County, Pennsylvania",,,42,540896
42031,"Clarion County, Pennsylvania",PA,50,0,,,,42,31,,,,,,,,,,,,,,,,,.,.,,,,,,,,,,,,,,0500000US42031,"Clarion County, Pennsylvania",,,42,37297
42033,"Clearfield County, Pennsylvania",PA,50,0,,,,42,33,,,,,,,,,,,,,,,,,.,.,,,,,,,,,,,,,,0500000US42033,"Clearfield County, Pennsylvania",,,42,78902
42035,"Clinton County, Pennsylvania",PA,50,0,,,,42,35,,,,,,,,,,,,,,,,,.,.,,,,,,,,,,,,,,0500000US42035,"Clinton County, Pennsylvania",,,42,37707
42037,"Columbia County, Pennsylvania",PA,50,0,,,,42,37,,,,,,,,,,,,,,,,,.,.,,,,,,,,,,,,,,0500000US42037,"Columbia County, Pennsylvania",,,42,65055
42039,"Crawford County, Pennsylvania",PA,50,0,,,,42,39,,,,,,,,,,,,,,,,,.,.,,,,,,,,,,,,,,0500000US42039,"Crawford County, Pennsylvania",,,42,83189
42041,"Cumberland County, Pennsylvania",PA,50,0,,,,42,41,,,,,,,,,,,,,,,,,.,.,,,,,,,,,,,,,,0500000US42041,"Cumberland County, Pennsylvania",,,42,264422
42043,"Dauphin County, Pennsylvania",PA,50,0,,,,42,43,,,,,,,,,,,,,,,,,.,.,,,,,,,,,,,,,,0500000US42043,"Dauphin County, Pennsylvania",,,42,287484
42045,"Delaware County, Pennsylvania",PA,50,0,,,,42,45,,,,,,,,,,,,,,,,,.,.,,,,,,,,,,,,,,0500000US42045,"Delaware County, Pennsylvania",,,42,576195
42047,"Elk County, Pennsylvania",PA,50,0,,,,42,47,,,,,,,,,,,,,,,,,.,.,,,,,,,,,,,,,,0500000US42047,"Elk County, Pennsylvania",,,42,30703
42049,"Erie County, Pennsylvania",PA,50,0,,,,42,49,,,,,,,,,,,,,,,,,.,.,,,,,,,,,,,,,,0500000US42049,"Erie County, Pennsylvania",,,42,269544
42051,"Fayette County, Pennsylvania",PA,50,0,,,,42,51,,,,,,,,,,,,,,,,,.,.,,,,,,,,,,,,,,0500000US42051,"Fayette County, Pennsylvania",,,42,126967
42053,"Forest County, Pennsylvania",PA,50,0,,,,42,53,,,,,,,,,,,,,,,,,.,.,,,,,,,,,,,,,,0500000US42053,"Forest County, Pennsylvania",,,42,6785
42055,"Franklin County, Pennsylvania",PA,50,0,,,,42,55,,,,,,,,,,,,,,,,,.,.,,,,,,,,,,,,,,0500000US42055,"Franklin County, Pennsylvania",,,42,156626
42057,"Fulton County, Pennsylvania",PA,50,0,,,,42,57,,,,,,,,,,,,,,,,,.,.,,,,,,,,,,,,,,0500000US42057,"Fulton County, Pennsylvania",,,42,14545
42059,"Greene County, Pennsylvania",PA,50,0,,,,42,59,,,,,,,,,,,,,,,,,.,.,,,,,,,,,,,,,,0500000US42059,"Greene County, Pennsylvania",,,42,35265
42061,"Huntingdon County, Pennsylvania",PA,50,0,,,,42,61,,,,,,,,,,,,,,,,,.,.,,,,,,,,,,,,,,0500000US42061,"Huntingdon County, Pennsylvania",,,42,43844
42063,"Indiana County, Pennsylvania",PA,50,0,,,,42,63,,,,,,,,,,,,,,,,,.,.,,,,,,,,,,,,,,0500000US42063,"Indiana County, Pennsylvania",,,42,83213
42065,"Jefferson County, Pennsylvania",PA,50,0,,,,42,65,,,,,,,,,,,,,,,,,.,.,,,,,,,,,,,,,,0500000US42065,"Jefferson County, Pennsylvania",,,42,44099
42067,"Juniata County, Pennsylvania",PA,50,0,,,,42,67,,,,,,,,,,,,,,,,,.,.,,,,,,,,,,,,,,0500000US42067,"Juniata County, Pennsylvania",,,42,23419
42069,"Lackawanna County, Pennsylvania",PA,50,0,,,,42,69,,,,,,,,,,,,,,,,,.,.,,,,,,,,,,,,,,0500000US42069,"Lackawanna County, Pennsylvania",,,42,215834
42071,"Lancaster County, Pennsylvania",PA,50,0,,,,42,71,,,,,,,,,,,,,,,,,.,.,,,,,,,,,,,,,,0500000US42071,"Lancaster County, Pennsylvania",,,42,555151
42073,"Lawrence County, Pennsylvania",PA,50,0,,,,42,73,,,,,,,,,,,,,,,,,.,.,,,,,,,,,,,,,,0500000US42073,"Lawrence County, Pennsylvania",,,42,85423
42075,"Lebanon County, Pennsylvania",PA,50,0,,,,42,75,,,,,,,,,,,,,,,,,.,.,,,,,,,,,,,,,,0500000US42075,"Lebanon County, Pennsylvania",,,42,143592
42077,"Lehigh County, Pennsylvania",PA,50,0,,,,42,77,,,,,,,,,,,,,,,,,.,.,,,,,,,,,,,,,,0500000US42077,"Lehigh County, Pennsylvania",,,42,375408
42079,"Luzerne County, Pennsylvania",PA,50,0,,,,42,79,,,,,,,,,,,,,,,,,.,.,,,,,,,,,,,,,,0500000US42079,"Luzerne County, Pennsylvania",,,42,325978
42081,"Lycoming County, Pennsylvania",PA,50,0,,,,42,81,,,,,,,,,,,,,,,,,.,.,,,,,,,,,,,,,,0500000US42081,"Lycoming County, Pennsylvania",,,42,113570
42083,"McKean County, Pennsylvania",PA,50,0,,,,42,83,,,,,,,,,,,,,,,,,.,.,,,,,,,,,,,,,,0500000US42083,"McKean County, Pennsylvania",,,42,40149
42085,"Mercer County, Pennsylvania",PA,50,0,,,,42,85,,,,,,,,,,,,,,,,,.,.,,,,,,,,,,,,,,0500000US42085,"Mercer County, Pennsylvania",,,42,109852
42087,"Mifflin County, Pennsylvania",PA,50,0,,,,42,87,,,,,,,,,,,,,,,,,.,.,,,,,,,,,,,,,,0500000US42087,"Mifflin County, Pennsylvania",,,42,46074
42089,"Monroe County, Pennsylvania",PA,50,0,,,,42,89,,,,,,,,,,,,,,,,,.,.,,,,,,,,,,,,,,0500000US42089,"Monroe County, Pennsylvania",,,42,167784
42091,"Montgomery County, Pennsylvania",PA,50,0,,,,42,91,,,,,,,,,,,,,,,,,.,.,,,,,,,,,,,,,,0500000US42091,"Montgomery County, Pennsylvania",,,42,861225
42093,"Montour County, Pennsylvania",PA,50,0,,,,42,93,,,,,,,,,,,,,,,,,.,.,,,,,,,,,,,,,,0500000US42093,"Montour County, Pennsylvania",,,42,18079
42095,"Northampton County, Pennsylvania",PA,50,0,,,,42,95,,,,,,,,,,,,,,,,,.,.,,,,,,,,,,,,,,0500000US42095,"Northampton County, Pennsylvania",,,42,315927
42097,"Northumberland County, Pennsylvania",PA,50,0,,,,42,97,,,,,,,,,,,,,,,,,.,.,,,,,,,,,,,,,,0500000US42097,"Northumberland County, Pennsylvania",,,42,90925
42099,"Perry County, Pennsylvania",PA,50,0,,,,42,99,,,,,,,,,,,,,,,,,.,.,,,,,,,,,,,,,,0500000US42099,"Perry County, Pennsylvania",,,42,45988
42101,"Philadelphia County, Pennsylvania",PA,50,0,,,,42,101,,,,,,,,,,,,,,,,,.,.,,,,,,,,,,,,,,0500000US42101,"Philadelphia County, Pennsylvania",,,42,1582432
42103,"Pike County, Pennsylvania",PA,50,0,,,,42,103,,,,,,,,,,,,,,,,,.,.,,,,,,,,,,,,,,0500000US42103,"Pike County, Pennsylvania",,,42,59691
42105,"Potter County, Pennsylvania",PA,50,0,,,,42,105,,,,,,,,,,,,,,,,,.,.,,,,,,,,,,,,,,0500000US42105,"Potter County, Pennsylvania",,,42,16276
42107,"Schuylkill County, Pennsylvania",PA,50,0,,,,42,107,,,,,,,,,,,,,,,,,.,.,,,,,,,,,,,,,,0500000US42107,"Schuylkill County, Pennsylvania",,,42,143259
42109,"Snyder County, Pennsylvania",PA,50,0,,,,42,109,,,,,,,,,,,,,,,,,.,.,,,,,,,,,,,,,,0500000US42109,"Snyder County, Pennsylvania",,,42,39711
42111,"Somerset County, Pennsylvania",PA,50,0,,,,42,111,,,,,,,,,,,,,,,,,.,.,,,,,,,,,,,,,,0500000US42111,"Somerset County, Pennsylvania",,,42,73255
42113,"Sullivan County, Pennsylvania",PA,50,0,,,,42,113,,,,,,,,,,,,,,,,,.,.,,,,,,,,,,,,,,0500000US42113,"Sullivan County, Pennsylvania",,,42,5849
42115,"Susquehanna County, Pennsylvania",PA,50,0,,,,42,115,,,,,,,,,,,,,,,,,.,.,,,,,,,,,,,,,,0500000US42115,"Susquehanna County, Pennsylvania",,,42,38349
42117,"Tioga County, Pennsylvania",PA,50,0,,,,42,117,,,,,,,,,,,,,,,,,.,.,,,,,,,,,,,,,,0500000US42117,"Tioga County, Pennsylvania",,,42,41078
42119,"Union County, Pennsylvania",PA,50,0,,,,42,119,,,,,,,,,,,,,,,,,.,.,,,,,,,,,,,,,,0500000US42119,"Union County, Pennsylvania",,,42,42570
42121,"Venango County, Pennsylvania",PA,50,0,,,,42,121,,,,,,,,,,,,,,,,,.,.,,,,,,,,,,,,,,0500000US42121,"Venango County, Pennsylvania",,,42,50096
42123,"Warren County, Pennsylvania",PA,50,0,,,,42,123,,,,,,,,,,,,,,,,,.,.,,,,,,,,,,,,,,0500000US42123,"Warren County, Pennsylvania",,,42,38174
42125,"Washington County, Pennsylvania",PA,50,0,,,,42,125,,,,,,,,,,,,,,,,,.,.,,,,,,,,,,,,,,0500000US42125,"Washington County, Pennsylvania",,,42,209778
42127,"Wayne County, Pennsylvania",PA,50,0,,,,42,127,,,,,,,,,,,,,,,,,.,.,,,,,,,,,,,,,,0500000US42127,"Wayne County, Pennsylvania",,,42,51189
42129,"Westmoreland County, Pennsylvania",PA,50,0,,,,42,129,,,,,,,,,,,,,,,,,.,.,,,,,,,,,,,,,,0500000US42129,"Westmoreland County, Pennsylvania",,,42,353345
42131,"Wyoming County, Pennsylvania",PA,50,0,,,,42,131,,,,,,,,,,,,,,,,,.,.,,,,,,,,,,,,,,0500000US42131,"Wyoming County, Pennsylvania",,,42,26075
42133,"York County, Pennsylvania",PA,50,0,,,,42,133,,,,,,,,,,,,,,,,,.,.,,,,,,,,,,,,,,0500000US42133,"York County, Pennsylvania",,,42,459312
44001,"Bristol County, Rhode Island",RI,50,0,,,,44,1,,,,,,,,,,,,,,,,,.,.,,,,,,,,,,,,,,0500000US44001,"Bristol County, Rhode Island",,,44,50568
44003,"Kent County, Rhode Island",RI,50,0,,,,44,3,,,,,,,,,,,,,,,,,.,.,,,,,,,,,,,,,,0500000US44003,"Kent County, Rhode Island",,,44,170658
44005,"Newport County, Rhode Island",RI,50,0,,,,44,5,,,,,,,,,,,,,,,,,.,.,,,,,,,,,,,,,,0500000US44005,"Newport County, Rhode Island",,,44,85095
44007,"Providence County, Rhode Island",RI,50,0,,,,44,7,,,,,,,,,,,,,,,,,.,.,,,,,,,,,,,,,,0500000US44007,"Providence County, Rhode Island",,,44,658977
44009,"Washington County, Rhode Island",RI,50,0,,,,44,9,,,,,,,,,,,,,,,,,.,.,,,,,,,,,,,,,,0500000US44009,"Washington County, Rhode Island",,,44,130073
45001,"Abbeville County, South Carolina",SC,50,0,,,,45,1,,,,,,,,,,,,,,,,,.,.,,,,,,,,,,,,,,0500000US45001,"Abbeville County, South Carolina",,,45,24352
45003,"Aiken County, South Carolina",SC,50,0,,,,45,3,,,,,,,,,,,,,,,,,.,.,,,,,,,,,,,,,,0500000US45003,"Aiken County, South Carolina",,,45,171949
45005,"Allendale County, South Carolina",SC,50,0,,,,45,5,,,,,,,,,,,,,,,,,.,.,,,,,,,,,,,,,,0500000US45005,"Allendale County, South Carolina",,,45,7738
45007,"Anderson County, South Carolina",SC,50,0,,,,45,7,,,,,,,,,,,,,,,,,.,.,,,,,,,,,,,,,,0500000US45007,"Anderson County, South Carolina",,,45,207218
45009,"Bamberg County, South Carolina",SC,50,0,,,,45,9,,,,,,,,,,,,,,,,,.,.,,,,,,,,,,,,,,0500000US45009,"Bamberg County, South Carolina",,,45,13164
45011,"Barnwell County, South Carolina",SC,50,0,,,,45,11,,,,,,,,,,,,,,,,,.,.,,,,,,,,,,,,,,0500000US45011,"Barnwell County, South Carolina",,,45,20565
45013,"Beaufort County, South Carolina",SC,50,0,,,,45,13,,,,,,,,,,,,,,,,,.,.,,,,,,,,,,,,,,0500000US45013,"Beaufort County, South Carolina",,,45,192123
45015,"Berkeley County, South Carolina",SC,50,0,,,,45,15,,,,,,,,,,,,,,,,,.,.,,,,,,,,,,,,,,0500000US45015,"Berkeley County, South Carolina",,,45,238723
45017,"Calhoun County, South Carolina",SC,50,0,,,,45,17,,,,,,,,,,,,,,,,,.,.,,,,,,,,,,,,,,0500000US45017,"Calhoun County, South Carolina",,,45,14150
45019,"Charleston County, South Carolina",SC,50,0,,,,45,19,,,,,,,,,,,,,,,,,.,.,,,,,,,,,,,,,,0500000US45019,"Charleston County, South Carolina",,,45,414711
45021,"Cherokee County, South Carolina",SC,50,0,,,,45,21,,,,,,,,,,,,,,,,,.,.,,,,,,,,,,,,,,0500000US45021,"Cherokee County, South Carolina",,,45,56299
45023,"Chester County, South Carolina",SC,50,0,,,,45,23,,,,,,,,,,,,,,,,,.,.,,,,,,,,,,,,,,0500000US45023,"Chester County, South Carolina",,,45,32177
45025,"Chesterfield County, South Carolina",SC,50,0,,,,45,25,,,,,,,,,,,,,,,,,.,.,,,,,,,,,,,,,,0500000US45025,"Chesterfield County, South Carolina",,,45,43575
45027,"Clarendon County, South Carolina",SC,50,0,,,,45,27,,,,,,,,,,,,,,,,,.,.,,,,,,,,,,,,,,0500000US45027,"Clarendon County, South Carolina",,,45,31037
45029,"Colleton County, South Carolina",SC,50,0,,,,45,29,,,,,,,,,,,,,,,,,.,.,,,,,,,,,,,,,,0500000US45029,"Colleton County, South Carolina",,,45,38623
45031,"Darlington County, South Carolina",SC,50,0,,,,45,31,,,,,,,,,,,,,,,,,.,.,,,,,,,,,,,,,,0500000US45031,"Darlington County, South Carolina",,,45,62754
45033,"Dillon County, South Carolina",SC,50,0,,,,45,33,,,,,,,,,,,,,,,,,.,.,,,,,,,,,,,,,,0500000US45033,"Dillon County, South Carolina",,,45,28031
45035,"Dorchester County, South Carolina",SC,50,0,,,,45,35,,,,,,,,,,,,,,,,,.,.,,,,,,,,,,,,,,0500000US45035,"Dorchester County, South Carolina",,,45,164322
45037,"Edgefield County, South Carolina",SC,50,0,,,,45,37,,,,,,,,,,,,,,,,,.,.,,,,,,,,,,,,,,0500000US45037,"Edgefield County, South Carolina",,,45,26508
45039,"Fairfield County, South Carolina",SC,50,0,,,,45,39,,,,,,,,,,,,,,,,,.,.,,,,,,,,,,,,,,0500000US45039,"Fairfield County, South Carolina",,,45,20741
45041,"Florence County, South Carolina",SC,50,0,,,,45,41,,,,,,,,,,,,,,,,,.,.,,,,,,,,,,,,,,0500000US45041,"Florence County, South Carolina",,,45,136921
45043,"Georgetown County, South Carolina",SC,50,0,,,,45,43,,,,,,,,,,,,,,,,,.,.,,,,,,,,,,,,,,0500000US45043,"Georgetown County, South Carolina",,,45,64200
45045,"Greenville County, South Carolina",SC,50,0,,,,45,45,,,,,,,,,,,,,,,,,.,.,,,,,,,,,,,,,,0500000US45045,"Greenville County, South Carolina",,,45,537575
45047,"Greenwood County, South Carolina",SC,50,0,,,,45,47,,,,,,,,,,,,,,,,,.,.,,,,,,,,,,,,,,0500000US45047,"Greenwood County, South Carolina",,,45,69329
45049,"Hampton County, South Carolina",SC,50,0,,,,45,49,,,,,,,,,,,,,,,,,.,.,,,,,,,,,,,,,,0500000US45049,"Hampton County, South Carolina",,,45,18555
45051,"Horry County, South Carolina",SC,50,0,,,,45,51,,,,,,,,,,,,,,,,,.,.,,,,,,,,,,,,,,0500000US45051,"Horry County, South Carolina",,,45,368937
45053,"Jasper County, South Carolina",SC,50,0,,,,45,53,,,,,,,,,,,,,,,,,.,.,,,,,,,,,,,,,,0500000US45053,"Jasper County, South Carolina",,,45,30658
45055,"Kershaw County, South Carolina",SC,50,0,,,,45,55,,,,,,,,,,,,,,,,,.,.,,,,,,,,,,,,,,0500000US45055,"Kershaw County, South Carolina",,,45,66924
45057,"Lancaster County, South Carolina",SC,50,0,,,,45,57,,,,,,,,,,,,,,,,,.,.,,,,,,,,,,,,,,0500000US45057,"Lancaster County, South Carolina",,,45,100905
45059,"Laurens County, South Carolina",SC,50,0,,,,45,59,,,,,,,,,,,,,,,,,.,.,,,,,,,,,,,,,,0500000US45059,"Laurens County, South Carolina",,,45,67904
45061,"Lee County, South Carolina",SC,50,0,,,,45,61,,,,,,,,,,,,,,,,,.,.,,,,,,,,,,,,,,0500000US45061,"Lee County, South Carolina",,,45,16330
45063,"Lexington County, South Carolina",SC,50,0,,,,45,63,,,,,,,,,,,,,,,,,.,.,,,,,,,,,,,,,,0500000US45063,"Lexington County, South Carolina",,,45,300370
45065,"McCormick County, South Carolina",SC,50,0,,,,45,65,,,,,,,,,,,,,,,,,.,.,,,,,,,,,,,,,,0500000US45065,"McCormick County, South Carolina",,,45,9701
45067,"Marion County, South Carolina",SC,50,0,,,,45,67,,,,,,,,,,,,,,,,,.,.,,,,,,,,,,,,,,0500000US45067,"Marion County, South Carolina",,,45,28900
45069,"Marlboro County, South Carolina",SC,50,0,,,,45,69,,,,,,,,,,,,,,,,,.,.,,,,,,,,,,,,,,0500000US45069,"Marlboro County, South Carolina",,,45,26285
45071,"Newberry County, South Carolina",SC,50,0,,,,45,71,,,,,,,,,,,,,,,,,.,.,,,,,,,,,,,,,,0500000US45071,"Newberry County, South Carolina",,,45,38121
45073,"Oconee County, South Carolina",SC,50,0,,,,45,73,,,,,,,,,,,,,,,,,.,.,,,,,,,,,,,,,,0500000US45073,"Oconee County, South Carolina",,,45,79566
45075,"Orangeburg County, South Carolina",SC,50,0,,,,45,75,,,,,,,,,,,,,,,,,.,.,,,,,,,,,,,,,,0500000US45075,"Orangeburg County, South Carolina",,,45,83531
45077,"Pickens County, South Carolina",SC,50,0,,,,45,77,,,,,,,,,,,,,,,,,.,.,,,,,,,,,,,,,,0500000US45077,"Pickens County, South Carolina",,,45,132604
45079,"Richland County, South Carolina",SC,50,0,,,,45,79,,,,,,,,,,,,,,,,,.,.,,,,,,,,,,,,,,0500000US45079,"Richland County, South Carolina",,,45,418725
45081,"Saluda County, South Carolina",SC,50,0,,,,45,81,,,,,,,,,,,,,,,,,.,.,,,,,,,,,,,,,,0500000US45081,"Saluda County, South Carolina",,,45,18958
45083,"Spartanburg County, South Carolina",SC,50,0,,,,45,83,,,,,,,,,,,,,,,,,.,.,,,,,,,,,,,,,,0500000US45083,"Spartanburg County, South Carolina",,,45,338096
45085,"Sumter County, South Carolina",SC,50,0,,,,45,85,,,,,,,,,,,,,,,,,.,.,,,,,,,,,,,,,,0500000US45085,"Sumter County, South Carolina",,,45,104853
45087,"Union County, South Carolina",SC,50,0,,,,45,87,,,,,,,,,,,,,,,,,.,.,,,,,,,,,,,,,,0500000US45087,"Union County, South Carolina",,,45,26990
45089,"Williamsburg County, South Carolina",SC,50,0,,,,45,89,,,,,,,,,,,,,,,,,.,.,,,,,,,,,,,,,,0500000US45089,"Williamsburg County, South Carolina",,,45,30517
45091,"York County, South Carolina",SC,50,0,,,,45,91,,,,,,,,,,,,,,,,,.,.,,,,,,,,,,,,,,0500000US45091,"York County, South Carolina",,,45,288559
46003,"Aurora County, South Dakota",SD,50,0,,,,46,3,,,,,,,,,,,,,,,,,.,.,,,,,,,,,,,,,,0500000US46003,"Aurora County, South Dakota",,,46,2573
46005,"Beadle County, South Dakota",SD,50,0,,,,46,5,,,,,,,,,,,,,,,,,.,.,,,,,,,,,,,,,,0500000US46005,"Beadle County, South Dakota",,,46,19279
46007,"Bennett County, South Dakota",SD,50,0,,,,46,7,,,,,,,,,,,,,,,,,.,.,,,,,,,,,,,,,,0500000US46007,"Bennett County, South Dakota",,,46,3354
46009,"Bon Homme County, South Dakota",SD,50,0,,,,46,9,,,,,,,,,,,,,,,,,.,.,,,,,,,,,,,,,,0500000US46009,"Bon Homme County, South Dakota",,,46,7024
46011,"Brookings County, South Dakota",SD,50,0,,,,46,11,,,,,,,,,,,,,,,,,.,.,,,,,,,,,,,,,,0500000US46011,"Brookings County, South Dakota",,,46,34968
46013,"Brown County, South Dakota",SD,50,0,,,,46,13,,,,,,,,,,,,,,,,,.,.,,,,,,,,,,,,,,0500000US46013,"Brown County, South Dakota",,,46,38079
46015,"Brule County, South Dakota",SD,50,0,,,,46,15,,,,,,,,,,,,,,,,,.,.,,,,,,,,,,,,,,0500000US46015,"Brule County, South Dakota",,,46,5261
46017,"Buffalo County, South Dakota",SD,50,0,,,,46,17,,,,,,,,,,,,,,,,,.,.,,,,,,,,,,,,,,0500000US46017,"Buffalo County, South Dakota",,,46,1757
46019,"Butte County, South Dakota",SD,50,0,,,,46,19,,,,,,,,,,,,,,,,,.,.,,,,,,,,,,,,,,0500000US46019,"Butte County, South Dakota",,,46,10538
46021,"Campbell County, South Dakota",SD,50,0,,,,46,21,,,,,,,,,,,,,,,,,.,.,,,,,,,,,,,,,,0500000US46021,"Campbell County, South Dakota",,,46,1481
46023,"Charles Mix County, South Dakota",SD,50,0,,,,46,23,,,,,,,,,,,,,,,,,.,.,,,,,,,,,,,,,,0500000US46023,"Charles Mix County, South Dakota",,,46,9281
46025,"Clark County, South Dakota",SD,50,0,,,,46,25,,,,,,,,,,,,,,,,,.,.,,,,,,,,,,,,,,0500000US46025,"Clark County, South Dakota",,,46,3876
46027,"Clay County, South Dakota",SD,50,0,,,,46,27,,,,,,,,,,,,,,,,,.,.,,,,,,,,,,,,,,0500000US46027,"Clay County, South Dakota",,,46,15133
46029,"Codington County, South Dakota",SD,50,0,,,,46,29,,,,,,,,,,,,,,,,,.,.,,,,,,,,,,,,,,0500000US46029,"Codington County, South Dakota",,,46,28556
46031,"Corson County, South Dakota",SD,50,0,,,,46,31,,,,,,,,,,,,,,,,,.,.,,,,,,,,,,,,,,0500000US46031,"Corson County, South Dakota",,,46,3859
46033,"Custer County, South Dakota",SD,50,0,,,,46,33,,,,,,,,,,,,,,,,,.,.,,,,,,,,,,,,,,0500000US46033,"Custer County, South Dakota",,,46,8686
46035,"Davison County, South Dakota",SD,50,0,,,,46,35,,,,,,,,,,,,,,,,,.,.,,,,,,,,,,,,,,0500000US46035,"Davison County, South Dakota",,,46,19936
46037,"Day County, South Dakota",SD,50,0,,,,46,37,,,,,,,,,,,,,,,,,.,.,,,,,,,,,,,,,,0500000US46037,"Day County, South Dakota",,,46,5460
46039,"Deuel County, South Dakota",SD,50,0,,,,46,39,,,,,,,,,,,,,,,,,.,.,,,,,,,,,,,,,,0500000US46039,"Deuel County, South Dakota",,,46,4318
46041,"Dewey County, South Dakota",SD,50,0,,,,46,41,,,,,,,,,,,,,,,,,.,.,,,,,,,,,,,,,,0500000US46041,"Dewey County, South Dakota",,,46,5230
46043,"Douglas County, South Dakota",SD,50,0,,,,46,43,,,,,,,,,,,,,,,,,.,.,,,,,,,,,,,,,,0500000US46043,"Douglas County, South Dakota",,,46,2823
46045,"Edmunds County, South Dakota",SD,50,0,,,,46,45,,,,,,,,,,,,,,,,,.,.,,,,,,,,,,,,,,0500000US46045,"Edmunds County, South Dakota",,,46,4033
46047,"Fall River County, South Dakota",SD,50,0,,,,46,47,,,,,,,,,,,,,,,,,.,.,,,,,,,,,,,,,,0500000US46047,"Fall River County, South Dakota",,,46,7179
46049,"Faulk County, South Dakota",SD,50,0,,,,46,49,,,,,,,,,,,,,,,,,.,.,,,,,,,,,,,,,,0500000US46049,"Faulk County, South Dakota",,,46,2137
46051,"Grant County, South Dakota",SD,50,0,,,,46,51,,,,,,,,,,,,,,,,,.,.,,,,,,,,,,,,,,0500000US46051,"Grant County, South Dakota",,,46,7544
46053,"Gregory County, South Dakota",SD,50,0,,,,46,53,,,,,,,,,,,,,,,,,.,.,,,,,,,,,,,,,,0500000US46053,"Gregory County, South Dakota",,,46,3993
46055,"Haakon County, South Dakota",SD,50,0,,,,46,55,,,,,,,,,,,,,,,,,.,.,,,,,,,,,,,,,,0500000US46055,"Haakon County, South Dakota",,,46,1708
46057,"Hamlin County, South Dakota",SD,50,0,,,,46,57,,,,,,,,,,,,,,,,,.,.,,,,,,,,,,,,,,0500000US46057,"Hamlin County, South Dakota",,,46,6288
46059,"Hand County, South Dakota",SD,50,0,,,,46,59,,,,,,,,,,,,,,,,,.,.,,,,,,,,,,,,,,0500000US46059,"Hand County, South Dakota",,,46,3045
46061,"Hanson County, South Dakota",SD,50,0,,,,46,61,,,,,,,,,,,,,,,,,.,.,,,,,,,,,,,,,,0500000US46061,"Hanson County, South Dakota",,,46,3473
46063,"Harding County, South Dakota",SD,50,0,,,,46,63,,,,,,,,,,,,,,,,,.,.,,,,,,,,,,,,,,0500000US46063,"Harding County, South Dakota",,,46,1092
46065,"Hughes County, South Dakota",SD,50,0,,,,46,65,,,,,,,,,,,,,,,,,.,.,,,,,,,,,,,,,,0500000US46065,"Hughes County, South Dakota",,,46,17732
46067,"Hutchinson County, South Dakota",SD,50,0,,,,46,67,,,,,,,,,,,,,,,,,.,.,,,,,,,,,,,,,,0500000US46067,"Hutchinson County, South Dakota",,,46,7393
46069,"Hyde County, South Dakota",SD,50,0,,,,46,69,,,,,,,,,,,,,,,,,.,.,,,,,,,,,,,,,,0500000US46069,"Hyde County, South Dakota",,,46,1305
46071,"Jackson County, South Dakota",SD,50,0,,,,46,71,,,,,,,,,,,,,,,,,.,.,,,,,,,,,,,,,,0500000US46071,"Jackson County, South Dakota",,,46,2826
46073,"Jerauld County, South Dakota",SD,50,0,,,,46,73,,,,,,,,,,,,,,,,,.,.,,,,,,,,,,,,,,0500000US46073,"Jerauld County, South Dakota",,,46,1845
46075,"Jones County, South Dakota",SD,50,0,,,,46,75,,,,,,,,,,,,,,,,,.,.,,,,,,,,,,,,,,0500000US46075,"Jones County, South Dakota",,,46,1030
46077,"Kingsbury County, South Dakota",SD,50,0,,,,46,77,,,,,,,,,,,,,,,,,.,.,,,,,,,,,,,,,,0500000US46077,"Kingsbury County, South Dakota",,,46,5210
46079,"Lake County, South Dakota",SD,50,0,,,,46,79,,,,,,,,,,,,,,,,,.,.,,,,,,,,,,,,,,0500000US46079,"Lake County, South Dakota",,,46,11052
46081,"Lawrence County, South Dakota",SD,50,0,,,,46,81,,,,,,,,,,,,,,,,,.,.,,,,,,,,,,,,,,0500000US46081,"Lawrence County, South Dakota",,,46,26574
46083,"Lincoln County, South Dakota",SD,50,0,,,,46,83,,,,,,,,,,,,,,,,,.,.,,,,,,,,,,,,,,0500000US46083,"Lincoln County, South Dakota",,,46,68286
46085,"Lyman County, South Dakota",SD,50,0,,,,46,85,,,,,,,,,,,,,,,,,.,.,,,,,,,,,,,,,,0500000US46085,"Lyman County, South Dakota",,,46,3717
46087,"McCook County, South Dakota",SD,50,0,,,,46,87,,,,,,,,,,,,,,,,,.,.,,,,,,,,,,,,,,0500000US46087,"McCook County, South Dakota",,,46,5732
46089,"McPherson County, South Dakota",SD,50,0,,,,46,89,,,,,,,,,,,,,,,,,.,.,,,,,,,,,,,,,,0500000US46089,"McPherson County, South Dakota",,,46,2278
46091,"Marshall County, South Dakota",SD,50,0,,,,46,91,,,,,,,,,,,,,,,,,.,.,,,,,,,,,,,,,,0500000US46091,"Marshall County, South Dakota",,,46,4355
46093,"Meade County, South Dakota",SD,50,0,,,,46,93,,,,,,,,,,,,,,,,,.,.,,,,,,,,,,,,,,0500000US46093,"Meade County, South Dakota",,,46,30297
46095,"Mellette County, South Dakota",SD,50,0,,,,46,95,,,,,,,,,,,,,,,,,.,.,,,,,,,,,,,,,,0500000US46095,"Mellette County, South Dakota",,,46,2043
46097,"Miner County, South Dakota",SD,50,0,,,,46,97,,,,,,,,,,,,,,,,,.,.,,,,,,,,,,,,,,0500000US46097,"Miner County, South Dakota",,,46,2299
46099,"Minnehaha County, South Dakota",SD,50,0,,,,46,99,,,,,,,,,,,,,,,,,.,.,,,,,,,,,,,,,,0500000US46099,"Minnehaha County, South Dakota",,,46,200689
46101,"Moody County, South Dakota",SD,50,0,,,,46,101,,,,,,,,,,,,,,,,,.,.,,,,,,,,,,,,,,0500000US46101,"Moody County, South Dakota",,,46,6371
46102,"Oglala Lakota County, South Dakota",SD,50,0,,,,46,102,,,,,,,,,,,,,,,,,.,.,,,,,,,,,,,,,,0500000US46102,"Oglala Lakota County, South Dakota",,,46,13587
46103,"Pennington County, South Dakota",SD,50,0,,,,46,103,,,,,,,,,,,,,,,,,.,.,,,,,,,,,,,,,,0500000US46103,"Pennington County, South Dakota",,,46,112081
46105,"Perkins County, South Dakota",SD,50,0,,,,46,105,,,,,,,,,,,,,,,,,.,.,,,,,,,,,,,,,,0500000US46105,"Perkins County, South Dakota",,,46,3058
46107,"Potter County, South Dakota",SD,50,0,,,,46,107,,,,,,,,,,,,,,,,,.,.,,,,,,,,,,,,,,0500000US46107,"Potter County, South Dakota",,,46,2430
46109,"Roberts County, South Dakota",SD,50,0,,,,46,109,,,,,,,,,,,,,,,,,.,.,,,,,,,,,,,,,,0500000US46109,"Roberts County, South Dakota",,,46,10219
46111,"Sanborn County, South Dakota",SD,50,0,,,,46,111,,,,,,,,,,,,,,,,,.,.,,,,,,,,,,,,,,0500000US46111,"Sanborn County, South Dakota",,,46,2370
46115,"Spink County, South Dakota",SD,50,0,,,,46,115,,,,,,,,,,,,,,,,,.,.,,,,,,,,,,,,,,0500000US46115,"Spink County, South Dakota",,,46,6283
46117,"Stanley County, South Dakota",SD,50,0,,,,46,117,,,,,,,,,,,,,,,,,.,.,,,,,,,,,,,,,,0500000US46117,"Stanley County, South Dakota",,,46,3012
46119,"Sully County, South Dakota",SD,50,0,,,,46,119,,,,,,,,,,,,,,,,,.,.,,,,,,,,,,,,,,0500000US46119,"Sully County, South Dakota",,,46,1481
46121,"Todd County, South Dakota",SD,50,0,,,,46,121,,,,,,,,,,,,,,,,,.,.,,,,,,,,,,,,,,0500000US46121,"Todd County, South Dakota",,,46,9293
46123,"Tripp County, South Dakota",SD,50,0,,,,46,123,,,,,,,,,,,,,,,,,.,.,,,,,,,,,,,,,,0500000US46123,"Tripp County, South Dakota",,,46,5607
46125,"Turner County, South Dakota",SD,50,0,,,,46,125,,,,,,,,,,,,,,,,,.,.,,,,,,,,,,,,,,0500000US46125,"Turner County, South Dakota",,,46,8772
46127,"Union County, South Dakota",SD,50,0,,,,46,127,,,,,,,,,,,,,,,,,.,.,,,,,,,,,,,,,,0500000US46127,"Union County, South Dakota",,,46,16916
46129,"Walworth County, South Dakota",SD,50,0,,,,46,129,,,,,,,,,,,,,,,,,.,.,,,,,,,,,,,,,,0500000US46129,"Walworth County, South Dakota",,,46,5298
46135,"Yankton County, South Dakota",SD,50,0,,,,46,135,,,,,,,,,,,,,,,,,.,.,,,,,,,,,,,,,,0500000US46135,"Yankton County, South Dakota",,,46,23379
46137,"Ziebach County, South Dakota",SD,50,0,,,,46,137,,,,,,,,,,,,,,,,,.,.,,,,,,,,,,,,,,0500000US46137,"Ziebach County, South Dakota",,,46,2410
47001,"Anderson County, Tennessee",TN,50,0,,,,47,1,,,,,,,,,,,,,,,,,.,.,,,,,,,,,,,,,,0500000US47001,"Anderson County, Tennessee",,,47,78175
47003,"Bedford County, Tennessee",TN,50,0,,,,47,3,,,,,,,,,,,,,,,,,.,.,,,,,,,,,,,,,,0500000US47003,"Bedford County, Tennessee",,,47,51291
47005,"Benton County, Tennessee",TN,50,0,,,,47,5,,,,,,,,,,,,,,,,,.,.,,,,,,,,,,,,,,0500000US47005,"Benton County, Tennessee",,,47,15948
47007,"Bledsoe County, Tennessee",TN,50,0,,,,47,7,,,,,,,,,,,,,,,,,.,.,,,,,,,,,,,,,,0500000US47007,"Bledsoe County, Tennessee",,,47,14905
47009,"Blount County, Tennessee",TN,50,0,,,,47,9,,,,,,,,,,,,,,,,,.,.,,,,,,,,,,,,,,0500000US47009,"Blount County, Tennessee",,,47,137747
47011,"Bradley County, Tennessee",TN,50,0,,,,47,11,,,,,,,,,,,,,,,,,.,.,,,,,,,,,,,,,,0500000US47011,"Bradley County, Tennessee",,,47,109743
47013,"Campbell County, Tennessee",TN,50,0,,,,47,13,,,,,,,,,,,,,,,,,.,.,,,,,,,,,,,,,,0500000US47013,"Campbell County, Tennessee",,,47,39568
47015,"Cannon County, Tennessee",TN,50,0,,,,47,15,,,,,,,,,,,,,,,,,.,.,,,,,,,,,,,,,,0500000US47015,"Cannon County, Tennessee",,,47,14661
47017,"Carroll County, Tennessee",TN,50,0,,,,47,17,,,,,,,,,,,,,,,,,.,.,,,,,,,,,,,,,,0500000US47017,"Carroll County, Tennessee",,,47,28461
47019,"Carter County, Tennessee",TN,50,0,,,,47,19,,,,,,,,,,,,,,,,,.,.,,,,,,,,,,,,,,0500000US47019,"Carter County, Tennessee",,,47,56462
47021,"Cheatham County, Tennessee",TN,50,0,,,,47,21,,,,,,,,,,,,,,,,,.,.,,,,,,,,,,,,,,0500000US47021,"Cheatham County, Tennessee",,,47,41500
47023,"Chester County, Tennessee",TN,50,0,,,,47,23,,,,,,,,,,,,,,,,,.,.,,,,,,,,,,,,,,0500000US47023,"Chester County, Tennessee",,,47,17452
47025,"Claiborne County, Tennessee",TN,50,0,,,,47,25,,,,,,,,,,,,,,,,,.,.,,,,,,,,,,,,,,0500000US47025,"Claiborne County, Tennessee",,,47,32221
47027,"Clay County, Tennessee",TN,50,0,,,,47,27,,,,,,,,,,,,,,,,,.,.,,,,,,,,,,,,,,0500000US47027,"Clay County, Tennessee",,,47,7621
47029,"Cocke County, Tennessee",TN,50,0,,,,47,29,,,,,,,,,,,,,,,,,.,.,,,,,,,,,,,,,,0500000US47029,"Cocke County, Tennessee",,,47,36503
47031,"Coffee County, Tennessee",TN,50,0,,,,47,31,,,,,,,,,,,,,,,,,.,.,,,,,,,,,,,,,,0500000US47031,"Coffee County, Tennessee",,,47,58940
47033,"Crockett County, Tennessee",TN,50,0,,,,47,33,,,,,,,,,,,,,,,,,.,.,,,,,,,,,,,,,,0500000US47033,"Crockett County, Tennessee",,,47,13937
47035,"Cumberland County, Tennessee",TN,50,0,,,,47,35,,,,,,,,,,,,,,,,,.,.,,,,,,,,,,,,,,0500000US47035,"Cumberland County, Tennessee",,,47,62529
47037,"Davidson County, Tennessee",TN,50,0,,,,47,37,,,,,,,,,,,,,,,,,.,.,,,,,,,,,,,,,,0500000US47037,"Davidson County, Tennessee",,,47,709846
47039,"Decatur County, Tennessee",TN,50,0,,,,47,39,,,,,,,,,,,,,,,,,.,.,,,,,,,,,,,,,,0500000US47039,"Decatur County, Tennessee",,,47,11499
47041,"DeKalb County, Tennessee",TN,50,0,,,,47,41,,,,,,,,,,,,,,,,,.,.,,,,,,,,,,,,,,0500000US47041,"DeKalb County, Tennessee",,,47,20551
47043,"Dickson County, Tennessee",TN,50,0,,,,47,43,,,,,,,,,,,,,,,,,.,.,,,,,,,,,,,,,,0500000US47043,"Dickson County, Tennessee",,,47,55197
47045,"Dyer County, Tennessee",TN,50,0,,,,47,45,,,,,,,,,,,,,,,,,.,.,,,,,,,,,,,,,,0500000US47045,"Dyer County, Tennessee",,,47,36681
47047,"Fayette County, Tennessee",TN,50,0,,,,47,47,,,,,,,,,,,,,,,,,.,.,,,,,,,,,,,,,,0500000US47047,"Fayette County, Tennessee",,,47,42653
47049,"Fentress County, Tennessee",TN,50,0,,,,47,49,,,,,,,,,,,,,,,,,.,.,,,,,,,,,,,,,,0500000US47049,"Fentress County, Tennessee",,,47,18948
47051,"Franklin County, Tennessee",TN,50,0,,,,47,51,,,,,,,,,,,,,,,,,.,.,,,,,,,,,,,,,,0500000US47051,"Franklin County, Tennessee",,,47,43478
47053,"Gibson County, Tennessee",TN,50,0,,,,47,53,,,,,,,,,,,,,,,,,.,.,,,,,,,,,,,,,,0500000US47053,"Gibson County, Tennessee",,,47,50610
47055,"Giles County, Tennessee",TN,50,0,,,,47,55,,,,,,,,,,,,,,,,,.,.,,,,,,,,,,,,,,0500000US47055,"Giles County, Tennessee",,,47,30442
47057,"Grainger County, Tennessee",TN,50,0,,,,47,57,,,,,,,,,,,,,,,,,.,.,,,,,,,,,,,,,,0500000US47057,"Grainger County, Tennessee",,,47,23929
47059,"Greene County, Tennessee",TN,50,0,,,,47,59,,,,,,,,,,,,,,,,,.,.,,,,,,,,,,,,,,0500000US47059,"Greene County, Tennessee",,,47,70919
47061,"Grundy County, Tennessee",TN,50,0,,,,47,61,,,,,,,,,,,,,,,,,.,.,,,,,,,,,,,,,,0500000US47061,"Grundy County, Tennessee",,,47,13665
47063,"Hamblen County, Tennessee",TN,50,0,,,,47,63,,,,,,,,,,,,,,,,,.,.,,,,,,,,,,,,,,0500000US47063,"Hamblen County, Tennessee",,,47,64930
47065,"Hamilton County, Tennessee",TN,50,0,,,,47,65,,,,,,,,,,,,,,,,,.,.,,,,,,,,,,,,,,0500000US47065,"Hamilton County, Tennessee",,,47,370913
47067,"Hancock County, Tennessee",TN,50,0,,,,47,67,,,,,,,,,,,,,,,,,.,.,,,,,,,,,,,,,,0500000US47067,"Hancock County, Tennessee",,,47,6790
47069,"Hardeman County, Tennessee",TN,50,0,,,,47,69,,,,,,,,,,,,,,,,,.,.,,,,,,,,,,,,,,0500000US47069,"Hardeman County, Tennessee",,,47,25477
47071,"Hardin County, Tennessee",TN,50,0,,,,47,71,,,,,,,,,,,,,,,,,.,.,,,,,,,,,,,,,,0500000US47071,"Hardin County, Tennessee",,,47,26939
47073,"Hawkins County, Tennessee",TN,50,0,,,,47,73,,,,,,,,,,,,,,,,,.,.,,,,,,,,,,,,,,0500000US47073,"Hawkins County, Tennessee",,,47,57446
47075,"Haywood County, Tennessee",TN,50,0,,,,47,75,,,,,,,,,,,,,,,,,.,.,,,,,,,,,,,,,,0500000US47075,"Haywood County, Tennessee",,,47,17672
47077,"Henderson County, Tennessee",TN,50,0,,,,47,77,,,,,,,,,,,,,,,,,.,.,,,,,,,,,,,,,,0500000US47077,"Henderson County, Tennessee",,,47,27906
47079,"Henry County, Tennessee",TN,50,0,,,,47,79,,,,,,,,,,,,,,,,,.,.,,,,,,,,,,,,,,0500000US47079,"Henry County, Tennessee",,,47,32345
47081,"Hickman County, Tennessee",TN,50,0,,,,47,81,,,,,,,,,,,,,,,,,.,.,,,,,,,,,,,,,,0500000US47081,"Hickman County, Tennessee",,,47,25229
47083,"Houston County, Tennessee",TN,50,0,,,,47,83,,,,,,,,,,,,,,,,,.,.,,,,,,,,,,,,,,0500000US47083,"Houston County, Tennessee",,,47,8293
47085,"Humphreys County, Tennessee",TN,50,0,,,,47,85,,,,,,,,,,,,,,,,,.,.,,,,,,,,,,,,,,0500000US47085,"Humphreys County, Tennessee",,,47,19074
47087,"Jackson County, Tennessee",TN,50,0,,,,47,87,,,,,,,,,,,,,,,,,.,.,,,,,,,,,,,,,,0500000US47087,"Jackson County, Tennessee",,,47,11882
47089,"Jefferson County, Tennessee",TN,50,0,,,,47,89,,,,,,,,,,,,,,,,,.,.,,,,,,,,,,,,,,0500000US47089,"Jefferson County, Tennessee",,,47,55835
47091,"Johnson County, Tennessee",TN,50,0,,,,47,91,,,,,,,,,,,,,,,,,.,.,,,,,,,,,,,,,,0500000US47091,"Johnson County, Tennessee",,,47,18073
47093,"Knox County, Tennessee",TN,50,0,,,,47,93,,,,,,,,,,,,,,,,,.,.,,,,,,,,,,,,,,0500000US47093,"Knox County, Tennessee",,,47,487401
47095,"Lake County, Tennessee",TN,50,0,,,,47,95,,,,,,,,,,,,,,,,,.,.,,,,,,,,,,,,,,0500000US47095,"Lake County, Tennessee",,,47,6691
47097,"Lauderdale County, Tennessee",TN,50,0,,,,47,97,,,,,,,,,,,,,,,,,.,.,,,,,,,,,,,,,,0500000US47097,"Lauderdale County, Tennessee",,,47,24933
47099,"Lawrence County, Tennessee",TN,50,0,,,,47,99,,,,,,,,,,,,,,,,,.,.,,,,,,,,,,,,,,0500000US47099,"Lawrence County, Tennessee",,,47,44901
47101,"Lewis County, Tennessee",TN,50,0,,,,47,101,,,,,,,,,,,,,,,,,.,.,,,,,,,,,,,,,,0500000US47101,"Lewis County, Tennessee",,,47,12784
47103,"Lincoln County, Tennessee",TN,50,0,,,,47,103,,,,,,,,,,,,,,,,,.,.,,,,,,,,,,,,,,0500000US47103,"Lincoln County, Tennessee",,,47,35617
47105,"Loudon County, Tennessee",TN,50,0,,,,47,105,,,,,,,,,,,,,,,,,.,.,,,,,,,,,,,,,,0500000US47105,"Loudon County, Tennessee",,,47,56996
47107,"McMinn County, Tennessee",TN,50,0,,,,47,107,,,,,,,,,,,,,,,,,.,.,,,,,,,,,,,,,,0500000US47107,"McMinn County, Tennessee",,,47,54135
47109,"McNairy County, Tennessee",TN,50,0,,,,47,109,,,,,,,,,,,,,,,,,.,.,,,,,,,,,,,,,,0500000US47109,"McNairy County, Tennessee",,,47,25933
47111,"Macon County, Tennessee",TN,50,0,,,,47,111,,,,,,,,,,,,,,,,,.,.,,,,,,,,,,,,,,0500000US47111,"Macon County, Tennessee",,,47,25793
47113,"Madison County, Tennessee",TN,50,0,,,,47,113,,,,,,,,,,,,,,,,,.,.,,,,,,,,,,,,,,0500000US47113,"Madison County, Tennessee",,,47,98845
47115,"Marion County, Tennessee",TN,50,0,,,,47,115,,,,,,,,,,,,,,,,,.,.,,,,,,,,,,,,,,0500000US47115,"Marion County, Tennessee",,,47,29010
47117,"Marshall County, Tennessee",TN,50,0,,,,47,117,,,,,,,,,,,,,,,,,.,.,,,,,,,,,,,,,,0500000US47117,"Marshall County, Tennessee",,,47,35276
47119,"Maury County, Tennessee",TN,50,0,,,,47,119,,,,,,,,,,,,,,,,,.,.,,,,,,,,,,,,,,0500000US47119,"Maury County, Tennessee",,,47,104855
47121,"Meigs County, Tennessee",TN,50,0,,,,47,121,,,,,,,,,,,,,,,,,.,.,,,,,,,,,,,,,,0500000US47121,"Meigs County, Tennessee",,,47,13076
47123,"Monroe County, Tennessee",TN,50,0,,,,47,123,,,,,,,,,,,,,,,,,.,.,,,,,,,,,,,,,,0500000US47123,"Monroe County, Tennessee",,,47,47054
47125,"Montgomery County, Tennessee",TN,50,0,,,,47,125,,,,,,,,,,,,,,,,,.,.,,,,,,,,,,,,,,0500000US47125,"Montgomery County, Tennessee",,,47,227957
47127,"Moore County, Tennessee",TN,50,0,,,,47,127,,,,,,,,,,,,,,,,,.,.,,,,,,,,,,,,,,0500000US47127,"Moore County, Tennessee",,,47,6611
47129,"Morgan County, Tennessee",TN,50,0,,,,47,129,,,,,,,,,,,,,,,,,.,.,,,,,,,,,,,,,,0500000US47129,"Morgan County, Tennessee",,,47,21193
47131,"Obion County, Tennessee",TN,50,0,,,,47,131,,,,,,,,,,,,,,,,,.,.,,,,,,,,,,,,,,0500000US47131,"Obion County, Tennessee",,,47,30570
47133,"Overton County, Tennessee",TN,50,0,,,,47,133,,,,,,,,,,,,,,,,,.,.,,,,,,,,,,,,,,0500000US47133,"Overton County, Tennessee",,,47,22807
47135,"Perry County, Tennessee",TN,50,0,,,,47,135,,,,,,,,,,,,,,,,,.,.,,,,,,,,,,,,,,0500000US47135,"Perry County, Tennessee",,,47,8561
47137,"Pickett County, Tennessee",TN,50,0,,,,47,137,,,,,,,,,,,,,,,,,.,.,,,,,,,,,,,,,,0500000US47137,"Pickett County, Tennessee",,,47,5062
47139,"Polk County, Tennessee",TN,50,0,,,,47,139,,,,,,,,,,,,,,,,,.,.,,,,,,,,,,,,,,0500000US47139,"Polk County, Tennessee",,,47,17702
47141,"Putnam County, Tennessee",TN,50,0,,,,47,141,,,,,,,,,,,,,,,,,.,.,,,,,,,,,,,,,,0500000US47141,"Putnam County, Tennessee",,,47,81366
47143,"Rhea County, Tennessee",TN,50,0,,,,47,143,,,,,,,,,,,,,,,,,.,.,,,,,,,,,,,,,,0500000US47143,"Rhea County, Tennessee",,,47,33299
47145,"Roane County, Tennessee",TN,50,0,,,,47,145,,,,,,,,,,,,,,,,,.,.,,,,,,,,,,,,,,0500000US47145,"Roane County, Tennessee",,,47,54403
47147,"Robertson County, Tennessee",TN,50,0,,,,47,147,,,,,,,,,,,,,,,,,.,.,,,,,,,,,,,,,,0500000US47147,"Robertson County, Tennessee",,,47,74291
47149,"Rutherford County, Tennessee",TN,50,0,,,,47,149,,,,,,,,,,,,,,,,,.,.,,,,,,,,,,,,,,0500000US47149,"Rutherford County, Tennessee",,,47,351591
47151,"Scott County, Tennessee",TN,50,0,,,,47,151,,,,,,,,,,,,,,,,,.,.,,,,,,,,,,,,,,0500000US47151,"Scott County, Tennessee",,,47,21969
47153,"Sequatchie County, Tennessee",TN,50,0,,,,47,153,,,,,,,,,,,,,,,,,.,.,,,,,,,,,,,,,,0500000US47153,"Sequatchie County, Tennessee",,,47,16409
47155,"Sevier County, Tennessee",TN,50,0,,,,47,155,,,,,,,,,,,,,,,,,.,.,,,,,,,,,,,,,,0500000US47155,"Sevier County, Tennessee",,,47,98802
47157,"Shelby County, Tennessee",TN,50,0,,,,47,157,,,,,,,,,,,,,,,,,.,.,,,,,,,,,,,,,,0500000US47157,"Shelby County, Tennessee",,,47,922195
47159,"Smith County, Tennessee",TN,50,0,,,,47,159,,,,,,,,,,,,,,,,,.,.,,,,,,,,,,,,,,0500000US47159,"Smith County, Tennessee",,,47,20196
47161,"Stewart County, Tennessee",TN,50,0,,,,47,161,,,,,,,,,,,,,,,,,.,.,,,,,,,,,,,,,,0500000US47161,"Stewart County, Tennessee",,,47,13859
47163,"Sullivan County, Tennessee",TN,50,0,,,,47,163,,,,,,,,,,,,,,,,,.,.,,,,,,,,,,,,,,0500000US47163,"Sullivan County, Tennessee",,,47,159693
47165,"Sumner County, Tennessee",TN,50,0,,,,47,165,,,,,,,,,,,,,,,,,.,.,,,,,,,,,,,,,,0500000US47165,"Sumner County, Tennessee",,,47,200553
47167,"Tipton County, Tennessee",TN,50,0,,,,47,167,,,,,,,,,,,,,,,,,.,.,,,,,,,,,,,,,,0500000US47167,"Tipton County, Tennessee",,,47,61339
47169,"Trousdale County, Tennessee",TN,50,0,,,,47,169,,,,,,,,,,,,,,,,,.,.,,,,,,,,,,,,,,0500000US47169,"Trousdale County, Tennessee",,,47,11805
47171,"Unicoi County, Tennessee",TN,50,0,,,,47,171,,,,,,,,,,,,,,,,,.,.,,,,,,,,,,,,,,0500000US47171,"Unicoi County, Tennessee",,,47,17779
47173,"Union County, Tennessee",TN,50,0,,,,47,173,,,,,,,,,,,,,,,,,.,.,,,,,,,,,,,,,,0500000US47173,"Union County, Tennessee",,,47,20141
47175,"Van Buren County, Tennessee",TN,50,0,,,,47,175,,,,,,,,,,,,,,,,,.,.,,,,,,,,,,,,,,0500000US47175,"Van Buren County, Tennessee",,,47,6293
47177,"Warren County, Tennessee",TN,50,0,,,,47,177,,,,,,,,,,,,,,,,,.,.,,,,,,,,,,,,,,0500000US47177,"Warren County, Tennessee",,,47,41587
47179,"Washington County, Tennessee",TN,50,0,,,,47,179,,,,,,,,,,,,,,,,,.,.,,,,,,,,,,,,,,0500000US47179,"Washington County, Tennessee",,,47,134693
47181,"Wayne County, Tennessee",TN,50,0,,,,47,181,,,,,,,,,,,,,,,,,.,.,,,,,,,,,,,,,,0500000US47181,"Wayne County, Tennessee",,,47,16251
47183,"Weakley County, Tennessee",TN,50,0,,,,47,183,,,,,,,,,,,,,,,,,.,.,,,,,,,,,,,,,,0500000US47183,"Weakley County, Tennessee",,,47,32959
47185,"White County, Tennessee",TN,50,0,,,,47,185,,,,,,,,,,,,,,,,,.,.,,,,,,,,,,,,,,0500000US47185,"White County, Tennessee",,,47,27764
47187,"Williamson County, Tennessee",TN,50,0,,,,47,187,,,,,,,,,,,,,,,,,.,.,,,,,,,,,,,,,,0500000US47187,"Williamson County, Tennessee",,,47,254609
47189,"Wilson County, Tennessee",TN,50,0,,,,47,189,,,,,,,,,,,,,,,,,.,.,,,,,,,,,,,,,,0500000US47189,"Wilson County, Tennessee",,,47,153587
48001,"Anderson County, Texas",TX,50,0,,,,48,1,,,,,,,,,,,,,,,,,.,.,,,,,,,,,,,,,,0500000US48001,"Anderson County, Texas",,,48,57825
48003,"Andrews County, Texas",TX,50,0,,,,48,3,,,,,,,,,,,,,,,,,.,.,,,,,,,,,,,,,,0500000US48003,"Andrews County, Texas",,,48,18518
48005,"Angelina County, Texas",TX,50,0,,,,48,5,,,,,,,,,,,,,,,,,.,.,,,,,,,,,,,,,,0500000US48005,"Angelina County, Texas",,,48,86791
48007,"Aransas County, Texas",TX,50,0,,,,48,7,,,,,,,,,,,,,,,,,.,.,,,,,,,,,,,,,,0500000US48007,"Aransas County, Texas",,,48,24449
48009,"Archer County, Texas",TX,50,0,,,,48,9,,,,,,,,,,,,,,,,,.,.,,,,,,,,,,,,,,0500000US48009,"Archer County, Texas",,,48,8734
48011,"Armstrong County, Texas",TX,50,0,,,,48,11,,,,,,,,,,,,,,,,,.,.,,,,,,,,,,,,,,0500000US48011,"Armstrong County, Texas",,,48,1883
48013,"Atascosa County, Texas",TX,50,0,,,,48,13,,,,,,,,,,,,,,,,,.,.,,,,,,,,,,,,,,0500000US48013,"Atascosa County, Texas",,,48,50058
48015,"Austin County, Texas",TX,50,0,,,,48,15,,,,,,,,,,,,,,,,,.,.,,,,,,,,,,,,,,0500000US48015,"Austin County, Texas",,,48,30712
48017,"Bailey County, Texas",TX,50,0,,,,48,17,,,,,,,,,,,,,,,,,.,.,,,,,,,,,,,,,,0500000US48017,"Bailey County, Texas",,,48,7044
48019,"Bandera County, Texas",TX,50,0,,,,48,19,,,,,,,,,,,,,,,,,.,.,,,,,,,,,,,,,,0500000US48019,"Bandera County, Texas",,,48,21589
48021,"Bastrop County, Texas",TX,50,0,,,,48,21,,,,,,,,,,,,,,,,,.,.,,,,,,,,,,,,,,0500000US48021,"Bastrop County, Texas",,,48,102370
48023,"Baylor County, Texas",TX,50,0,,,,48,23,,,,,,,,,,,,,,,,,.,.,,,,,,,,,,,,,,0500000US48023,"Baylor County, Texas",,,48,3464
48025,"Bee County, Texas",TX,50,0,,,,48,25,,,,,,,,,,,,,,,,,.,.,,,,,,,,,,,,,,0500000US48025,"Bee County, Texas",,,48,31000
48027,"Bell County, Texas",TX,50,0,,,,48,27,,,,,,,,,,,,,,,,,.,.,,,,,,,,,,,,,,0500000US48027,"Bell County, Texas",,,48,379811
48029,"Bexar County, Texas",TX,50,0,,,,48,29,,,,,,,,,,,,,,,,,.,.,,,,,,,,,,,,,,0500000US48029,"Bexar County, Texas",,,48,2037344
48031,"Blanco County, Texas",TX,50,0,,,,48,31,,,,,,,,,,,,,,,,,.,.,,,,,,,,,,,,,,0500000US48031,"Blanco County, Texas",,,48,12008
48033,"Borden County, Texas",TX,50,0,,,,48,33,,,,,,,,,,,,,,,,,.,.,,,,,,,,,,,,,,0500000US48033,"Borden County, Texas",,,48,723
48035,"Bosque County, Texas",TX,50,0,,,,48,35,,,,,,,,,,,,,,,,,.,.,,,,,,,,,,,,,,0500000US48035,"Bosque County, Texas",,,48,18546
48037,"Bowie County, Texas",TX,50,0,,,,48,37,,,,,,,,,,,,,,,,,.,.,,,,,,,,,,,,,,0500000US48037,"Bowie County, Texas",,,48,92321
48039,"Brazoria County, Texas",TX,50,0,,,,48,39,,,,,,,,,,,,,,,,,.,.,,,,,,,,,,,,,,0500000US48039,"Brazoria County, Texas",,,48,381650
48041,"Brazos County, Texas",TX,50,0,,,,48,41,,,,,,,,,,,,,,,,,.,.,,,,,,,,,,,,,,0500000US48041,"Brazos County, Texas",,,48,237980
48043,"Brewster County, Texas",TX,50,0,,,,48,43,,,,,,,,,,,,,,,,,.,.,,,,,,,,,,,,,,0500000US48043,"Brewster County, Texas",,,48,9464
48045,"Briscoe County, Texas",TX,50,0,,,,48,45,,,,,,,,,,,,,,,,,.,.,,,,,,,,,,,,,,0500000US48045,"Briscoe County, Texas",,,48,1223
48047,"Brooks County, Texas",TX,50,0,,,,48,47,,,,,,,,,,,,,,,,,.,.,,,,,,,,,,,,,,0500000US48047,"Brooks County, Texas",,,48,6987
48049,"Brown County, Texas",TX,50,0,,,,48,49,,,,,,,,,,,,,,,,,.,.,,,,,,,,,,,,,,0500000US48049,"Brown County, Texas",,,48,38294
48051,"Burleson County, Texas",TX,50,0,,,,48,51,,,,,,,,,,,,,,,,,.,.,,,,,,,,,,,,,,0500000US48051,"Burleson County, Texas",,,48,18327
48053,"Burnet County, Texas",TX,50,0,,,,48,53,,,,,,,,,,,,,,,,,.,.,,,,,,,,,,,,,,0500000US48053,"Burnet County, Texas",,,48,51064
48055,"Caldwell County, Texas",TX,50,0,,,,48,55,,,,,,,,,,,,,,,,,.,.,,,,,,,,,,,,,,0500000US48055,"Caldwell County, Texas",,,48,47184
48057,"Calhoun County, Texas",TX,50,0,,,,48,57,,,,,,,,,,,,,,,,,.,.,,,,,,,,,,,,,,0500000US48057,"Calhoun County, Texas",,,48,19921
48059,"Callahan County, Texas",TX,50,0,,,,48,59,,,,,,,,,,,,,,,,,.,.,,,,,,,,,,,,,,0500000US48059,"Callahan County, Texas",,,48,14017
48061,"Cameron County, Texas",TX,50,0,,,,48,61,,,,,,,,,,,,,,,,,.,.,,,,,,,,,,,,,,0500000US48061,"Cameron County, Texas",,,48,423192
48063,"Camp County, Texas",TX,50,0,,,,48,63,,,,,,,,,,,,,,,,,.,.,,,,,,,,,,,,,,0500000US48063,"Camp County, Texas",,,48,12652
48065,"Carson County, Texas",TX,50,0,,,,48,65,,,,,,,,,,,,,,,,,.,.,,,,,,,,,,,,,,0500000US48065,"Carson County, Texas",,,48,5802
48067,"Cass County, Texas",TX,50,0,,,,48,67,,,,,,,,,,,,,,,,,.,.,,,,,,,,,,,,,,0500000US48067,"Cass County, Texas",,,48,28582
48069,"Castro County, Texas",TX,50,0,,,,48,69,,,,,,,,,,,,,,,,,.,.,,,,,,,,,,,,,,0500000US48069,"Castro County, Texas",,,48,7328
48071,"Chambers County, Texas",TX,50,0,,,,48,71,,,,,,,,,,,,,,,,,.,.,,,,,,,,,,,,,,0500000US48071,"Chambers County, Texas",,,48,49178
48073,"Cherokee County, Texas",TX,50,0,,,,48,73,,,,,,,,,,,,,,,,,.,.,,,,,,,,,,,,,,0500000US48073,"Cherokee County, Texas",,,48,51143
48075,"Childress County, Texas",TX,50,0,,,,48,75,,,,,,,,,,,,,,,,,.,.,,,,,,,,,,,,,,0500000US48075,"Childress County, Texas",,,48,6772
48077,"Clay County, Texas",TX,50,0,,,,48,77,,,,,,,,,,,,,,,,,.,.,,,,,,,,,,,,,,0500000US48077,"Clay County, Texas",,,48,10402
48079,"Cochran County, Texas",TX,50,0,,,,48,79,,,,,,,,,,,,,,,,,.,.,,,,,,,,,,,,,,0500000US48079,"Cochran County, Texas",,,48,2520
48081,"Coke County, Texas",TX,50,0,,,,48,81,,,,,,,,,,,,,,,,,.,.,,,,,,,,,,,,,,0500000US48081,"Coke County, Texas",,,48,3315
48083,"Coleman County, Texas",TX,50,0,,,,48,83,,,,,,,,,,,,,,,,,.,.,,,,,,,,,,,,,,0500000US48083,"Coleman County, Texas",,,48,7765
48085,"Collin County, Texas",TX,50,0,,,,48,85,,,,,,,,,,,,,,,,,.,.,,,,,,,,,,,,,,0500000US48085,"Collin County, Texas",,,48,1116601
48087,"Collingsworth County, Texas",TX,50,0,,,,48,87,,,,,,,,,,,,,,,,,.,.,,,,,,,,,,,,,,0500000US48087,"Collingsworth County, Texas",,,48,2733
48089,"Colorado County, Texas",TX,50,0,,,,48,89,,,,,,,,,,,,,,,,,.,.,,,,,,,,,,,,,,0500000US48089,"Colorado County, Texas",,,48,20736
48091,"Comal County, Texas",TX,50,0,,,,48,91,,,,,,,,,,,,,,,,,.,.,,,,,,,,,,,,,,0500000US48091,"Comal County, Texas",,,48,174552
48093,"Comanche County, Texas",TX,50,0,,,,48,93,,,,,,,,,,,,,,,,,.,.,,,,,,,,,,,,,,0500000US48093,"Comanche County, Texas",,,48,13786
48095,"Concho County, Texas",TX,50,0,,,,48,95,,,,,,,,,,,,,,,,,.,.,,,,,,,,,,,,,,0500000US48095,"Concho County, Texas",,,48,3301
48097,"Cooke County, Texas",TX,50,0,,,,48,97,,,,,,,,,,,,,,,,,.,.,,,,,,,,,,,,,,0500000US48097,"Cooke County, Texas",,,48,42473
48099,"Coryell County, Texas",TX,50,0,,,,48,99,,,,,,,,,,,,,,,,,.,.,,,,,,,,,,,,,,0500000US48099,"Coryell County, Texas",,,48,83772
48101,"Cottle County, Texas",TX,50,0,,,,48,101,,,,,,,,,,,,,,,,,.,.,,,,,,,,,,,,,,0500000US48101,"Cottle County, Texas",,,48,1302
48103,"Crane County, Texas",TX,50,0,,,,48,103,,,,,,,,,,,,,,,,,.,.,,,,,,,,,,,,,,0500000US48103,"Crane County, Texas",,,48,4623
48105,"Crockett County, Texas",TX,50,0,,,,48,105,,,,,,,,,,,,,,,,,.,.,,,,,,,,,,,,,,0500000US48105,"Crockett County, Texas",,,48,2881
48107,"Crosby County, Texas",TX,50,0,,,,48,107,,,,,,,,,,,,,,,,,.,.,,,,,,,,,,,,,,0500000US48107,"Crosby County, Texas",,,48,5072
48109,"Culberson County, Texas",TX,50,0,,,,48,109,,,,,,,,,,,,,,,,,.,.,,,,,,,,,,,,,,0500000US48109,"Culberson County, Texas",,,48,2181
48111,"Dallam County, Texas",TX,50,0,,,,48,111,,,,,,,,,,,,,,,,,.,.,,,,,,,,,,,,,,0500000US48111,"Dallam County, Texas",,,48,7180
48113,"Dallas County, Texas",TX,50,0,,,,48,113,,,,,,,,,,,,,,,,,.,.,,,,,,,,,,,,,,0500000US48113,"Dallas County, Texas",,,48,2603816
48115,"Dawson County, Texas",TX,50,0,,,,48,115,,,,,,,,,,,,,,,,,.,.,,,,,,,,,,,,,,0500000US48115,"Dawson County, Texas",,,48,12311
48117,"Deaf Smith County, Texas",TX,50,0,,,,48,117,,,,,,,,,,,,,,,,,.,.,,,,,,,,,,,,,,0500000US48117,"Deaf Smith County, Texas",,,48,18487
48119,"Delta County, Texas",TX,50,0,,,,48,119,,,,,,,,,,,,,,,,,.,.,,,,,,,,,,,,,,0500000US48119,"Delta County, Texas",,,48,5345
48121,"Denton County, Texas",TX,50,0,,,,48,121,,,,,,,,,,,,,,,,,.,.,,,,,,,,,,,,,,0500000US48121,"Denton County, Texas",,,48,945644
48123,"DeWitt County, Texas",TX,50,0,,,,48,123,,,,,,,,,,,,,,,,,.,.,,,,,,,,,,,,,,0500000US48123,"DeWitt County, Texas",,,48,19853
48125,"Dickens County, Texas",TX,50,0,,,,48,125,,,,,,,,,,,,,,,,,.,.,,,,,,,,,,,,,,0500000US48125,"Dickens County, Texas",,,48,1641
48127,"Dimmit County, Texas",TX,50,0,,,,48,127,,,,,,,,,,,,,,,,,.,.,,,,,,,,,,,,,,0500000US48127,"Dimmit County, Texas",,,48,8507
48129,"Donley County, Texas",TX,50,0,,,,48,129,,,,,,,,,,,,,,,,,.,.,,,,,,,,,,,,,,0500000US48129,"Donley County, Texas",,,48,3276
48131,"Duval County, Texas",TX,50,0,,,,48,131,,,,,,,,,,,,,,,,,.,.,,,,,,,,,,,,,,0500000US48131,"Duval County, Texas",,,48,9824
48133,"Eastland County, Texas",TX,50,0,,,,48,133,,,,,,,,,,,,,,,,,.,.,,,,,,,,,,,,,,0500000US48133,"Eastland County, Texas",,,48,17846
48135,"Ector County, Texas",TX,50,0,,,,48,135,,,,,,,,,,,,,,,,,.,.,,,,,,,,,,,,,,0500000US48135,"Ector County, Texas",,,48,163206
48137,"Edwards County, Texas",TX,50,0,,,,48,137,,,,,,,,,,,,,,,,,.,.,,,,,,,,,,,,,,0500000US48137,"Edwards County, Texas",,,48,1392
48139,"Ellis County, Texas",TX,50,0,,,,48,139,,,,,,,,,,,,,,,,,.,.,,,,,,,,,,,,,,0500000US48139,"Ellis County, Texas",,,48,203927
48141,"El Paso County, Texas",TX,50,0,,,,48,141,,,,,,,,,,,,,,,,,.,.,,,,,,,,,,,,,,0500000US48141,"El Paso County, Texas",,,48,866275
48143,"Erath County, Texas",TX,50,0,,,,48,143,,,,,,,,,,,,,,,,,.,.,,,,,,,,,,,,,,0500000US48143,"Erath County, Texas",,,48,43244
48145,"Falls County, Texas",TX,50,0,,,,48,145,,,,,,,,,,,,,,,,,.,.,,,,,,,,,,,,,,0500000US48145,"Falls County, Texas",,,48,17063
48147,"Fannin County, Texas",TX,50,0,,,,48,147,,,,,,,,,,,,,,,,,.,.,,,,,,,,,,,,,,0500000US48147,"Fannin County, Texas",,,48,36525
48149,"Fayette County, Texas",TX,50,0,,,,48,149,,,,,,,,,,,,,,,,,.,.,,,,,,,,,,,,,,0500000US48149,"Fayette County, Texas",,,48,24783
48151,"Fisher County, Texas",TX,50,0,,,,48,151,,,,,,,,,,,,,,,,,.,.,,,,,,,,,,,,,,0500000US48151,"Fisher County, Texas",,,48,3661
48153,"Floyd County, Texas",TX,50,0,,,,48,153,,,,,,,,,,,,,,,,,.,.,,,,,,,,,,,,,,0500000US48153,"Floyd County, Texas",,,48,5294
48155,"Foard County, Texas",TX,50,0,,,,48,155,,,,,,,,,,,,,,,,,.,.,,,,,,,,,,,,,,0500000US48155,"Foard County, Texas",,,48,1079
48157,"Fort Bend County, Texas",TX,50,0,,,,48,157,,,,,,,,,,,,,,,,,.,.,,,,,,,,,,,,,,0500000US48157,"Fort Bend County, Texas",,,48,859721
48159,"Franklin County, Texas",TX,50,0,,,,48,159,,,,,,,,,,,,,,,,,.,.,,,,,,,,,,,,,,0500000US48159,"Franklin County, Texas",,,48,10522
48161,"Freestone County, Texas",TX,50,0,,,,48,161,,,,,,,,,,,,,,,,,.,.,,,,,,,,,,,,,,0500000US48161,"Freestone County, Texas",,,48,19813
48163,"Frio County, Texas",TX,50,0,,,,48,163,,,,,,,,,,,,,,,,,.,.,,,,,,,,,,,,,,0500000US48163,"Frio County, Texas",,,48,18019
48165,"Gaines County, Texas",TX,50,0,,,,48,165,,,,,,,,,,,,,,,,,.,.,,,,,,,,,,,,,,0500000US48165,"Gaines County, Texas",,,48,21904
48167,"Galveston County, Texas",TX,50,0,,,,48,167,,,,,,,,,,,,,,,,,.,.,,,,,,,,,,,,,,0500000US48167,"Galveston County, Texas",,,48,354721
48169,"Garza County, Texas",TX,50,0,,,,48,169,,,,,,,,,,,,,,,,,.,.,,,,,,,,,,,,,,0500000US48169,"Garza County, Texas",,,48,5435
48171,"Gillespie County, Texas",TX,50,0,,,,48,171,,,,,,,,,,,,,,,,,.,.,,,,,,,,,,,,,,0500000US48171,"Gillespie County, Texas",,,48,27202
48173,"Glasscock County, Texas",TX,50,0,,,,48,173,,,,,,,,,,,,,,,,,.,.,,,,,,,,,,,,,,0500000US48173,"Glasscock County, Texas",,,48,1070
48175,"Goliad County, Texas",TX,50,0,,,,48,175,,,,,,,,,,,,,,,,,.,.,,,,,,,,,,,,,,0500000US48175,"Goliad County, Texas",,,48,7096
48177,"Gonzales County, Texas",TX,50,0,,,,48,177,,,,,,,,,,,,,,,,,.,.,,,,,,,,,,,,,,0500000US48177,"Gonzales County, Texas",,,48,19764
48179,"Gray County, Texas",TX,50,0,,,,48,179,,,,,,,,,,,,,,,,,.,.,,,,,,,,,,,,,,0500000US48179,"Gray County, Texas",,,48,21131
48181,"Grayson County, Texas",TX,50,0,,,,48,181,,,,,,,,,,,,,,,,,.,.,,,,,,,,,,,,,,0500000US48181,"Grayson County, Texas",,,48,139988
48183,"Gregg County, Texas",TX,50,0,,,,48,183,,,,,,,,,,,,,,,,,.,.,,,,,,,,,,,,,,0500000US48183,"Gregg County, Texas",,,48,124860
48185,"Grimes County, Texas",TX,50,0,,,,48,185,,,,,,,,,,,,,,,,,.,.,,,,,,,,,,,,,,0500000US48185,"Grimes County, Texas",,,48,30385
48187,"Guadalupe County, Texas",TX,50,0,,,,48,187,,,,,,,,,,,,,,,,,.,.,,,,,,,,,,,,,,0500000US48187,"Guadalupe County, Texas",,,48,178368
48189,"Hale County, Texas",TX,50,0,,,,48,189,,,,,,,,,,,,,,,,,.,.,,,,,,,,,,,,,,0500000US48189,"Hale County, Texas",,,48,32247
48191,"Hall County, Texas",TX,50,0,,,,48,191,,,,,,,,,,,,,,,,,.,.,,,,,,,,,,,,,,0500000US48191,"Hall County, Texas",,,48,2827
48193,"Hamilton County, Texas",TX,50,0,,,,48,193,,,,,,,,,,,,,,,,,.,.,,,,,,,,,,,,,,0500000US48193,"Hamilton County, Texas",,,48,8320
48195,"Hansford County, Texas",TX,50,0,,,,48,195,,,,,,,,,,,,,,,,,.,.,,,,,,,,,,,,,,0500000US48195,"Hansford County, Texas",,,48,5182
48197,"Hardeman County, Texas",TX,50,0,,,,48,197,,,,,,,,,,,,,,,,,.,.,,,,,,,,,,,,,,0500000US48197,"Hardeman County, Texas",,,48,3529
48199,"Hardin County, Texas",TX,50,0,,,,48,199,,,,,,,,,,,,,,,,,.,.,,,,,,,,,,,,,,0500000US48199,"Hardin County, Texas",,,48,57126
48201,"Harris County, Texas",TX,50,0,,,,48,201,,,,,,,,,,,,,,,,,.,.,,,,,,,,,,,,,,0500000US48201,"Harris County, Texas",,,48,4758579
48203,"Harrison County, Texas",TX,50,0,,,,48,203,,,,,,,,,,,,,,,,,.,.,,,,,,,,,,,,,,0500000US48203,"Harrison County, Texas",,,48,69584
48205,"Hartley County, Texas",TX,50,0,,,,48,205,,,,,,,,,,,,,,,,,.,.,,,,,,,,,,,,,,0500000US48205,"Hartley County, Texas",,,48,5307
48207,"Haskell County, Texas",TX,50,0,,,,48,207,,,,,,,,,,,,,,,,,.,.,,,,,,,,,,,,,,0500000US48207,"Haskell County, Texas",,,48,5390
48209,"Hays County, Texas",TX,50,0,,,,48,209,,,,,,,,,,,,,,,,,.,.,,,,,,,,,,,,,,0500000US48209,"Hays County, Texas",,,48,256429
48211,"Hemphill County, Texas",TX,50,0,,,,48,211,,,,,,,,,,,,,,,,,.,.,,,,,,,,,,,,,,0500000US48211,"Hemphill County, Texas",,,48,3311
48213,"Henderson County, Texas",TX,50,0,,,,48,213,,,,,,,,,,,,,,,,,.,.,,,,,,,,,,,,,,0500000US48213,"Henderson County, Texas",,,48,83658
48215,"Hidalgo County, Texas",TX,50,0,,,,48,215,,,,,,,,,,,,,,,,,.,.,,,,,,,,,,,,,,0500000US48215,"Hidalgo County, Texas",,,48,880921
48217,"Hill County, Texas",TX,50,0,,,,48,217,,,,,,,,,,,,,,,,,.,.,,,,,,,,,,,,,,0500000US48217,"Hill County, Texas",,,48,36664
48219,"Hockley County, Texas",TX,50,0,,,,48,219,,,,,,,,,,,,,,,,,.,.,,,,,,,,,,,,,,0500000US48219,"Hockley County, Texas",,,48,21455
48221,"Hood County, Texas",TX,50,0,,,,48,221,,,,,,,,,,,,,,,,,.,.,,,,,,,,,,,,,,0500000US48221,"Hood County, Texas",,,48,64198
48223,"Hopkins County, Texas",TX,50,0,,,,48,223,,,,,,,,,,,,,,,,,.,.,,,,,,,,,,,,,,0500000US48223,"Hopkins County, Texas",,,48,37351
48225,"Houston County, Texas",TX,50,0,,,,48,225,,,,,,,,,,,,,,,,,.,.,,,,,,,,,,,,,,0500000US48225,"Houston County, Texas",,,48,22042
48227,"Howard County, Texas",TX,50,0,,,,48,227,,,,,,,,,,,,,,,,,.,.,,,,,,,,,,,,,,0500000US48227,"Howard County, Texas",,,48,33127
48229,"Hudspeth County, Texas",TX,50,0,,,,48,229,,,,,,,,,,,,,,,,,.,.,,,,,,,,,,,,,,0500000US48229,"Hudspeth County, Texas",,,48,3331
48231,"Hunt County, Texas",TX,50,0,,,,48,231,,,,,,,,,,,,,,,,,.,.,,,,,,,,,,,,,,0500000US48231,"Hunt County, Texas",,,48,104917
48233,"Hutchinson County, Texas",TX,50,0,,,,48,233,,,,,,,,,,,,,,,,,.,.,,,,,,,,,,,,,,0500000US48233,"Hutchinson County, Texas",,,48,20413
48235,"Irion County, Texas",TX,50,0,,,,48,235,,,,,,,,,,,,,,,,,.,.,,,,,,,,,,,,,,0500000US48235,"Irion County, Texas",,,48,1432
48237,"Jack County, Texas",TX,50,0,,,,48,237,,,,,,,,,,,,,,,,,.,.,,,,,,,,,,,,,,0500000US48237,"Jack County, Texas",,,48,8623
48239,"Jackson County, Texas",TX,50,0,,,,48,239,,,,,,,,,,,,,,,,,.,.,,,,,,,,,,,,,,0500000US48239,"Jackson County, Texas",,,48,15081
48241,"Jasper County, Texas",TX,50,0,,,,48,241,,,,,,,,,,,,,,,,,.,.,,,,,,,,,,,,,,0500000US48241,"Jasper County, Texas",,,48,32807
48243,"Jeff Davis County, Texas",TX,50,0,,,,48,243,,,,,,,,,,,,,,,,,.,.,,,,,,,,,,,,,,0500000US48243,"Jeff Davis County, Texas",,,48,1740
48245,"Jefferson County, Texas",TX,50,0,,,,48,245,,,,,,,,,,,,,,,,,.,.,,,,,,,,,,,,,,0500000US48245,"Jefferson County, Texas",,,48,253939
48247,"Jim Hogg County, Texas",TX,50,0,,,,48,247,,,,,,,,,,,,,,,,,.,.,,,,,,,,,,,,,,0500000US48247,"Jim Hogg County, Texas",,,48,4797
48249,"Jim Wells County, Texas",TX,50,0,,,,48,249,,,,,,,,,,,,,,,,,.,.,,,,,,,,,,,,,,0500000US48249,"Jim Wells County, Texas",,,48,38863
48251,"Johnson County, Texas",TX,50,0,,,,48,251,,,,,,,,,,,,,,,,,.,.,,,,,,,,,,,,,,0500000US48251,"Johnson County, Texas",,,48,188820
48253,"Jones County, Texas",TX,50,0,,,,48,253,,,,,,,,,,,,,,,,,.,.,,,,,,,,,,,,,,0500000US48253,"Jones County, Texas",,,48,19968
48255,"Karnes County, Texas",TX,50,0,,,,48,255,,,,,,,,,,,,,,,,,.,.,,,,,,,,,,,,,,0500000US48255,"Karnes County, Texas",,,48,14819
48257,"Kaufman County, Texas",TX,50,0,,,,48,257,,,,,,,,,,,,,,,,,.,.,,,,,,,,,,,,,,0500000US48257,"Kaufman County, Texas",,,48,160718
48259,"Kendall County, Texas",TX,50,0,,,,48,259,,,,,,,,,,,,,,,,,.,.,,,,,,,,,,,,,,0500000US48259,"Kendall County, Texas",,,48,46971
48261,"Kenedy County, Texas",TX,50,0,,,,48,261,,,,,,,,,,,,,,,,,.,.,,,,,,,,,,,,,,0500000US48261,"Kenedy County, Texas",,,48,52
48263,"Kent County, Texas",TX,50,0,,,,48,263,,,,,,,,,,,,,,,,,.,.,,,,,,,,,,,,,,0500000US48263,"Kent County, Texas",,,48,727
48265,"Kerr County, Texas",TX,50,0,,,,48,265,,,,,,,,,,,,,,,,,.,.,,,,,,,,,,,,,,0500000US48265,"Kerr County, Texas",,,48,53166
48267,"Kimble County, Texas",TX,50,0,,,,48,267,,,,,,,,,,,,,,,,,.,.,,,,,,,,,,,,,,0500000US48267,"Kimble County, Texas",,,48,4355
48269,"King County, Texas",TX,50,0,,,,48,269,,,,,,,,,,,,,,,,,.,.,,,,,,,,,,,,,,0500000US48269,"King County, Texas",,,48,189
48271,"Kinney County, Texas",TX,50,0,,,,48,271,,,,,,,,,,,,,,,,,.,.,,,,,,,,,,,,,,0500000US48271,"Kinney County, Texas",,,48,3140
48273,"Kleberg County, Texas",TX,50,0,,,,48,273,,,,,,,,,,,,,,,,,.,.,,,,,,,,,,,,,,0500000US48273,"Kleberg County, Texas",,,48,30629
48275,"Knox County, Texas",TX,50,0,,,,48,275,,,,,,,,,,,,,,,,,.,.,,,,,,,,,,,,,,0500000US48275,"Knox County, Texas",,,48,3322
48277,"Lamar County, Texas",TX,50,0,,,,48,277,,,,,,,,,,,,,,,,,.,.,,,,,,,,,,,,,,0500000US48277,"Lamar County, Texas",,,48,50421
48279,"Lamb County, Texas",TX,50,0,,,,48,279,,,,,,,,,,,,,,,,,.,.,,,,,,,,,,,,,,0500000US48279,"Lamb County, Texas",,,48,12919
48281,"Lampasas County, Texas",TX,50,0,,,,48,281,,,,,,,,,,,,,,,,,.,.,,,,,,,,,,,,,,0500000US48281,"Lampasas County, Texas",,,48,22267
48283,"La Salle County, Texas",TX,50,0,,,,48,283,,,,,,,,,,,,,,,,,.,.,,,,,,,,,,,,,,0500000US48283,"La Salle County, Texas",,,48,6946
48285,"Lavaca County, Texas",TX,50,0,,,,48,285,,,,,,,,,,,,,,,,,.,.,,,,,,,,,,,,,,0500000US48285,"Lavaca County, Texas",,,48,20479
48287,"Lee County, Texas",TX,50,0,,,,48,287,,,,,,,,,,,,,,,,,.,.,,,,,,,,,,,,,,0500000US48287,"Lee County, Texas",,,48,17758
48289,"Leon County, Texas",TX,50,0,,,,48,289,,,,,,,,,,,,,,,,,.,.,,,,,,,,,,,,,,0500000US48289,"Leon County, Texas",,,48,16067
48291,"Liberty County, Texas",TX,50,0,,,,48,291,,,,,,,,,,,,,,,,,.,.,,,,,,,,,,,,,,0500000US48291,"Liberty County, Texas",,,48,97993
48293,"Limestone County, Texas",TX,50,0,,,,48,293,,,,,,,,,,,,,,,,,.,.,,,,,,,,,,,,,,0500000US48293,"Limestone County, Texas",,,48,22185
48295,"Lipscomb County, Texas",TX,50,0,,,,48,295,,,,,,,,,,,,,,,,,.,.,,,,,,,,,,,,,,0500000US48295,"Lipscomb County, Texas",,,48,2964
48297,"Live Oak County, Texas",TX,50,0,,,,48,297,,,,,,,,,,,,,,,,,.,.,,,,,,,,,,,,,,0500000US48297,"Live Oak County, Texas",,,48,11444
48299,"Llano County, Texas",TX,50,0,,,,48,299,,,,,,,,,,,,,,,,,.,.,,,,,,,,,,,,,,0500000US48299,"Llano County, Texas",,,48,22011
48301,"Loving County, Texas",TX,50,0,,,,48,301,,,,,,,,,,,,,,,,,.,.,,,,,,,,,,,,,,0500000US48301,"Loving County, Texas",,,48,54
48303,"Lubbock County, Texas",TX,50,0,,,,48,303,,,,,,,,,,,,,,,,,.,.,,,,,,,,,,,,,,0500000US48303,"Lubbock County, Texas",,,48,314633
48305,"Lynn County, Texas",TX,50,0,,,,48,305,,,,,,,,,,,,,,,,,.,.,,,,,,,,,,,,,,0500000US48305,"Lynn County, Texas",,,48,5667
48307,"McCulloch County, Texas",TX,50,0,,,,48,307,,,,,,,,,,,,,,,,,.,.,,,,,,,,,,,,,,0500000US48307,"McCulloch County, Texas",,,48,7565
48309,"McLennan County, Texas",TX,50,0,,,,48,309,,,,,,,,,,,,,,,,,.,.,,,,,,,,,,,,,,0500000US48309,"McLennan County, Texas",,,48,263608
48311,"McMullen County, Texas",TX,50,0,,,,48,311,,,,,,,,,,,,,,,,,.,.,,,,,,,,,,,,,,0500000US48311,"McMullen County, Texas",,,48,623
48313,"Madison County, Texas",TX,50,0,,,,48,313,,,,,,,,,,,,,,,,,.,.,,,,,,,,,,,,,,0500000US48313,"Madison County, Texas",,,48,13574
48315,"Marion County, Texas",TX,50,0,,,,48,315,,,,,,,,,,,,,,,,,.,.,,,,,,,,,,,,,,0500000US48315,"Marion County, Texas",,,48,9631
48317,"Martin County, Texas",TX,50,0,,,,48,317,,,,,,,,,,,,,,,,,.,.,,,,,,,,,,,,,,0500000US48317,"Martin County, Texas",,,48,5230
48319,"Mason County, Texas",TX,50,0,,,,48,319,,,,,,,,,,,,,,,,,.,.,,,,,,,,,,,,,,0500000US48319,"Mason County, Texas",,,48,3951
48321,"Matagorda County, Texas",TX,50,0,,,,48,321,,,,,,,,,,,,,,,,,.,.,,,,,,,,,,,,,,0500000US48321,"Matagorda County, Texas",,,48,36274
48323,"Maverick County, Texas",TX,50,0,,,,48,323,,,,,,,,,,,,,,,,,.,.,,,,,,,,,,,,,,0500000US48323,"Maverick County, Texas",,,48,57770
48325,"Medina County, Texas",TX,50,0,,,,48,325,,,,,,,,,,,,,,,,,.,.,,,,,,,,,,,,,,0500000US48325,"Medina County, Texas",,,48,52419
48327,"Menard County, Texas",TX,50,0,,,,48,327,,,,,,,,,,,,,,,,,.,.,,,,,,,,,,,,,,0500000US48327,"Menard County, Texas",,,48,1964
48329,"Midland County, Texas",TX,50,0,,,,48,329,,,,,,,,,,,,,,,,,.,.,,,,,,,,,,,,,,0500000US48329,"Midland County, Texas",,,48,171496
48331,"Milam County, Texas",TX,50,0,,,,48,331,,,,,,,,,,,,,,,,,.,.,,,,,,,,,,,,,,0500000US48331,"Milam County, Texas",,,48,25268
48333,"Mills County, Texas",TX,50,0,,,,48,333,,,,,,,,,,,,,,,,,.,.,,,,,,,,,,,,,,0500000US48333,"Mills County, Texas",,,48,4499
48335,"Mitchell County, Texas",TX,50,0,,,,48,335,,,,,,,,,,,,,,,,,.,.,,,,,,,,,,,,,,0500000US48335,"Mitchell County, Texas",,,48,8989
48337,"Montague County, Texas",TX,50,0,,,,48,337,,,,,,,,,,,,,,,,,.,.,,,,,,,,,,,,,,0500000US48337,"Montague County, Texas",,,48,20599
48339,"Montgomery County, Texas",TX,50,0,,,,48,339,,,,,,,,,,,,,,,,,.,.,,,,,,,,,,,,,,0500000US48339,"Montgomery County, Texas",,,48,654722
48341,"Moore County, Texas",TX,50,0,,,,48,341,,,,,,,,,,,,,,,,,.,.,,,,,,,,,,,,,,0500000US48341,"Moore County, Texas",,,48,21234
48343,"Morris County, Texas",TX,50,0,,,,48,343,,,,,,,,,,,,,,,,,.,.,,,,,,,,,,,,,,0500000US48343,"Morris County, Texas",,,48,12014
48345,"Motley County, Texas",TX,50,0,,,,48,345,,,,,,,,,,,,,,,,,.,.,,,,,,,,,,,,,,0500000US48345,"Motley County, Texas",,,48,1267
48347,"Nacogdoches County, Texas",TX,50,0,,,,48,347,,,,,,,,,,,,,,,,,.,.,,,,,,,,,,,,,,0500000US48347,"Nacogdoches County, Texas",,,48,64897
48349,"Navarro County, Texas",TX,50,0,,,,48,349,,,,,,,,,,,,,,,,,.,.,,,,,,,,,,,,,,0500000US48349,"Navarro County, Texas",,,48,53735
48351,"Newton County, Texas",TX,50,0,,,,48,351,,,,,,,,,,,,,,,,,.,.,,,,,,,,,,,,,,0500000US48351,"Newton County, Texas",,,48,12193
48353,"Nolan County, Texas",TX,50,0,,,,48,353,,,,,,,,,,,,,,,,,.,.,,,,,,,,,,,,,,0500000US48353,"Nolan County, Texas",,,48,14565
48355,"Nueces County, Texas",TX,50,0,,,,48,355,,,,,,,,,,,,,,,,,.,.,,,,,,,,,,,,,,0500000US48355,"Nueces County, Texas",,,48,352829
48357,"Ochiltree County, Texas",TX,50,0,,,,48,357,,,,,,,,,,,,,,,,,.,.,,,,,,,,,,,,,,0500000US48357,"Ochiltree County, Texas",,,48,9852
48359,"Oldham County, Texas",TX,50,0,,,,48,359,,,,,,,,,,,,,,,,,.,.,,,,,,,,,,,,,,0500000US48359,"Oldham County, Texas",,,48,2097
48361,"Orange County, Texas",TX,50,0,,,,48,361,,,,,,,,,,,,,,,,,.,.,,,,,,,,,,,,,,0500000US48361,"Orange County, Texas",,,48,84993
48363,"Palo Pinto County, Texas",TX,50,0,,,,48,363,,,,,,,,,,,,,,,,,.,.,,,,,,,,,,,,,,0500000US48363,"Palo Pinto County, Texas",,,48,28920
48365,"Panola County, Texas",TX,50,0,,,,48,365,,,,,,,,,,,,,,,,,.,.,,,,,,,,,,,,,,0500000US48365,"Panola County, Texas",,,48,22624
48367,"Parker County, Texas",TX,50,0,,,,48,367,,,,,,,,,,,,,,,,,.,.,,,,,,,,,,,,,,0500000US48367,"Parker County, Texas",,,48,158079
48369,"Parmer County, Texas",TX,50,0,,,,48,369,,,,,,,,,,,,,,,,,.,.,,,,,,,,,,,,,,0500000US48369,"Parmer County, Texas",,,48,9752
48371,"Pecos County, Texas",TX,50,0,,,,48,371,,,,,,,,,,,,,,,,,.,.,,,,,,,,,,,,,,0500000US48371,"Pecos County, Texas",,,48,14983
48373,"Polk County, Texas",TX,50,0,,,,48,373,,,,,,,,,,,,,,,,,.,.,,,,,,,,,,,,,,0500000US48373,"Polk County, Texas",,,48,51780
48375,"Potter County, Texas",TX,50,0,,,,48,375,,,,,,,,,,,,,,,,,.,.,,,,,,,,,,,,,,0500000US48375,"Potter County, Texas",,,48,116634
48377,"Presidio County, Texas",TX,50,0,,,,48,377,,,,,,,,,,,,,,,,,.,.,,,,,,,,,,,,,,0500000US48377,"Presidio County, Texas",,,48,6043
48379,"Rains County, Texas",TX,50,0,,,,48,379,,,,,,,,,,,,,,,,,.,.,,,,,,,,,,,,,,0500000US48379,"Rains County, Texas",,,48,12505
48381,"Randall County, Texas",TX,50,0,,,,48,381,,,,,,,,,,,,,,,,,.,.,,,,,,,,,,,,,,0500000US48381,"Randall County, Texas",,,48,143791
48383,"Reagan County, Texas",TX,50,0,,,,48,383,,,,,,,,,,,,,,,,,.,.,,,,,,,,,,,,,,0500000US48383,"Reagan County, Texas",,,48,3259
48385,"Real County, Texas",TX,50,0,,,,48,385,,,,,,,,,,,,,,,,,.,.,,,,,,,,,,,,,,0500000US48385,"Real County, Texas",,,48,2821
48387,"Red River County, Texas",TX,50,0,,,,48,387,,,,,,,,,,,,,,,,,.,.,,,,,,,,,,,,,,0500000US48387,"Red River County, Texas",,,48,11621
48389,"Reeves County, Texas",TX,50,0,,,,48,389,,,,,,,,,,,,,,,,,.,.,,,,,,,,,,,,,,0500000US48389,"Reeves County, Texas",,,48,13219
48391,"Refugio County, Texas",TX,50,0,,,,48,391,,,,,,,,,,,,,,,,,.,.,,,,,,,,,,,,,,0500000US48391,"Refugio County, Texas",,,48,6693
48393,"Roberts County, Texas",TX,50,0,,,,48,393,,,,,,,,,,,,,,,,,.,.,,,,,,,,,,,,,,0500000US48393,"Roberts County, Texas",,,48,785
48395,"Robertson County, Texas",TX,50,0,,,,48,395,,,,,,,,,,,,,,,,,.,.,,,,,,,,,,,,,,0500000US48395,"Robertson County, Texas",,,48,16973
48397,"Rockwall County, Texas",TX,50,0,,,,48,397,,,,,,,,,,,,,,,,,.,.,,,,,,,,,,,,,,0500000US48397,"Rockwall County, Texas",,,48,116931
48399,"Runnels County, Texas",TX,50,0,,,,48,399,,,,,,,,,,,,,,,,,.,.,,,,,,,,,,,,,,0500000US48399,"Runnels County, Texas",,,48,9880
48401,"Rusk County, Texas",TX,50,0,,,,48,401,,,,,,,,,,,,,,,,,.,.,,,,,,,,,,,,,,0500000US48401,"Rusk County, Texas",,,48,52613
48403,"Sabine County, Texas",TX,50,0,,,,48,403,,,,,,,,,,,,,,,,,.,.,,,,,,,,,,,,,,0500000US48403,"Sabine County, Texas",,,48,9998
48405,"San Augustine County, Texas",TX,50,0,,,,48,405,,,,,,,,,,,,,,,,,.,.,,,,,,,,,,,,,,0500000US48405,"San Augustine County, Texas",,,48,7889
48407,"San Jacinto County, Texas",TX,50,0,,,,48,407,,,,,,,,,,,,,,,,,.,.,,,,,,,,,,,,,,0500000US48407,"San Jacinto County, Texas",,,48,27983
48409,"San Patricio County, Texas",TX,50,0,,,,48,409,,,,,,,,,,,,,,,,,.,.,,,,,,,,,,,,,,0500000US48409,"San Patricio County, Texas",,,48,69519
48411,"San Saba County, Texas",TX,50,0,,,,48,411,,,,,,,,,,,,,,,,,.,.,,,,,,,,,,,,,,0500000US48411,"San Saba County, Texas",,,48,5802
48413,"Schleicher County, Texas",TX,50,0,,,,48,413,,,,,,,,,,,,,,,,,.,.,,,,,,,,,,,,,,0500000US48413,"Schleicher County, Texas",,,48,2426
48415,"Scurry County, Texas",TX,50,0,,,,48,415,,,,,,,,,,,,,,,,,.,.,,,,,,,,,,,,,,0500000US48415,"Scurry County, Texas",,,48,16633
48417,"Shackelford County, Texas",TX,50,0,,,,48,417,,,,,,,,,,,,,,,,,.,.,,,,,,,,,,,,,,0500000US48417,"Shackelford County, Texas",,,48,3169
48419,"Shelby County, Texas",TX,50,0,,,,48,419,,,,,,,,,,,,,,,,,.,.,,,,,,,,,,,,,,0500000US48419,"Shelby County, Texas",,,48,24108
48421,"Sherman County, Texas",TX,50,0,,,,48,421,,,,,,,,,,,,,,,,,.,.,,,,,,,,,,,,,,0500000US48421,"Sherman County, Texas",,,48,2434
48423,"Smith County, Texas",TX,50,0,,,,48,423,,,,,,,,,,,,,,,,,.,.,,,,,,,,,,,,,,0500000US48423,"Smith County, Texas",,,48,238014
48425,"Somervell County, Texas",TX,50,0,,,,48,425,,,,,,,,,,,,,,,,,.,.,,,,,,,,,,,,,,0500000US48425,"Somervell County, Texas",,,48,9510
48427,"Starr County, Texas",TX,50,0,,,,48,427,,,,,,,,,,,,,,,,,.,.,,,,,,,,,,,,,,0500000US48427,"Starr County, Texas",,,48,65809
48429,"Stephens County, Texas",TX,50,0,,,,48,429,,,,,,,,,,,,,,,,,.,.,,,,,,,,,,,,,,0500000US48429,"Stephens County, Texas",,,48,9278
48431,"Sterling County, Texas",TX,50,0,,,,48,431,,,,,,,,,,,,,,,,,.,.,,,,,,,,,,,,,,0500000US48431,"Sterling County, Texas",,,48,1389
48433,"Stonewall County, Texas",TX,50,0,,,,48,433,,,,,,,,,,,,,,,,,.,.,,,,,,,,,,,,,,0500000US48433,"Stonewall County, Texas",,,48,1244
48435,"Sutton County, Texas",TX,50,0,,,,48,435,,,,,,,,,,,,,,,,,.,.,,,,,,,,,,,,,,0500000US48435,"Sutton County, Texas",,,48,3306
48437,"Swisher County, Texas",TX,50,0,,,,48,437,,,,,,,,,,,,,,,,,.,.,,,,,,,,,,,,,,0500000US48437,"Swisher County, Texas",,,48,6981
48439,"Tarrant County, Texas",TX,50,0,,,,48,439,,,,,,,,,,,,,,,,,.,.,,,,,,,,,,,,,,0500000US48439,"Tarrant County, Texas",,,48,2135743
48441,"Taylor County, Texas",TX,50,0,,,,48,441,,,,,,,,,,,,,,,,,.,.,,,,,,,,,,,,,,0500000US48441,"Taylor County, Texas",,,48,144259
48443,"Terrell County, Texas",TX,50,0,,,,48,443,,,,,,,,,,,,,,,,,.,.,,,,,,,,,,,,,,0500000US48443,"Terrell County, Texas",,,48,851
48445,"Terry County, Texas",TX,50,0,,,,48,445,,,,,,,,,,,,,,,,,.,.,,,,,,,,,,,,,,0500000US48445,"Terry County, Texas",,,48,11699
48447,"Throckmorton County, Texas",TX,50,0,,,,48,447,,,,,,,,,,,,,,,,,.,.,,,,,,,,,,,,,,0500000US48447,"Throckmorton County, Texas",,,48,1589
48449,"Titus County, Texas",TX,50,0,,,,48,449,,,,,,,,,,,,,,,,,.,.,,,,,,,,,,,,,,0500000US48449,"Titus County, Texas",,,48,31284
48451,"Tom Green County, Texas",TX,50,0,,,,48,451,,,,,,,,,,,,,,,,,.,.,,,,,,,,,,,,,,0500000US48451,"Tom Green County, Texas",,,48,119398
48453,"Travis County, Texas",TX,50,0,,,,48,453,,,,,,,,,,,,,,,,,.,.,,,,,,,,,,,,,,0500000US48453,"Travis County, Texas",,,48,1307625
48455,"Trinity County, Texas",TX,50,0,,,,48,455,,,,,,,,,,,,,,,,,.,.,,,,,,,,,,,,,,0500000US48455,"Trinity County, Texas",,,48,13850
48457,"Tyler County, Texas",TX,50,0,,,,48,457,,,,,,,,,,,,,,,,,.,.,,,,,,,,,,,,,,0500000US48457,"Tyler County, Texas",,,48,20084
48459,"Upshur County, Texas",TX,50,0,,,,48,459,,,,,,,,,,,,,,,,,.,.,,,,,,,,,,,,,,0500000US48459,"Upshur County, Texas",,,48,41864
48461,"Upton County, Texas",TX,50,0,,,,48,461,,,,,,,,,,,,,,,,,.,.,,,,,,,,,,,,,,0500000US48461,"Upton County, Texas",,,48,3227
48463,"Uvalde County, Texas",TX,50,0,,,,48,463,,,,,,,,,,,,,,,,,.,.,,,,,,,,,,,,,,0500000US48463,"Uvalde County, Texas",,,48,24810
48465,"Val Verde County, Texas",TX,50,0,,,,48,465,,,,,,,,,,,,,,,,,.,.,,,,,,,,,,,,,,0500000US48465,"Val Verde County, Texas",,,48,47647
48467,"Van Zandt County, Texas",TX,50,0,,,,48,467,,,,,,,,,,,,,,,,,.,.,,,,,,,,,,,,,,0500000US48467,"Van Zandt County, Texas",,,48,61323
48469,"Victoria County, Texas",TX,50,0,,,,48,469,,,,,,,,,,,,,,,,,.,.,,,,,,,,,,,,,,0500000US48469,"Victoria County, Texas",,,48,91281
48471,"Walker County, Texas",TX,50,0,,,,48,471,,,,,,,,,,,,,,,,,.,.,,,,,,,,,,,,,,0500000US48471,"Walker County, Texas",,,48,78292
48473,"Waller County, Texas",TX,50,0,,,,48,473,,,,,,,,,,,,,,,,,.,.,,,,,,,,,,,,,,0500000US48473,"Waller County, Texas",,,48,59455
48475,"Ward County, Texas",TX,50,0,,,,48,475,,,,,,,,,,,,,,,,,.,.,,,,,,,,,,,,,,0500000US48475,"Ward County, Texas",,,48,11255
48477,"Washington County, Texas",TX,50,0,,,,48,477,,,,,,,,,,,,,,,,,.,.,,,,,,,,,,,,,,0500000US48477,"Washington County, Texas",,,48,36156
48479,"Webb County, Texas",TX,50,0,,,,48,479,,,,,,,,,,,,,,,,,.,.,,,,,,,,,,,,,,0500000US48479,"Webb County, Texas",,,48,267731
48481,"Wharton County, Texas",TX,50,0,,,,48,481,,,,,,,,,,,,,,,,,.,.,,,,,,,,,,,,,,0500000US48481,"Wharton County, Texas",,,48,41651
48483,"Wheeler County, Texas",TX,50,0,,,,48,483,,,,,,,,,,,,,,,,,.,.,,,,,,,,,,,,,,0500000US48483,"Wheeler County, Texas",,,48,4902
48485,"Wichita County, Texas",TX,50,0,,,,48,485,,,,,,,,,,,,,,,,,.,.,,,,,,,,,,,,,,0500000US48485,"Wichita County, Texas",,,48,129842
48487,"Wilbarger County, Texas",TX,50,0,,,,48,487,,,,,,,,,,,,,,,,,.,.,,,,,,,,,,,,,,0500000US48487,"Wilbarger County, Texas",,,48,12712
48489,"Willacy County, Texas",TX,50,0,,,,48,489,,,,,,,,,,,,,,,,,.,.,,,,,,,,,,,,,,0500000US48489,"Willacy County, Texas",,,48,20218
48491,"Williamson County, Texas",TX,50,0,,,,48,491,,,,,,,,,,,,,,,,,.,.,,,,,,,,,,,,,,0500000US48491,"Williamson County, Texas",,,48,643889
48493,"Wilson County, Texas",TX,50,0,,,,48,493,,,,,,,,,,,,,,,,,.,.,,,,,,,,,,,,,,0500000US48493,"Wilson County, Texas",,,48,51501
48495,"Winkler County, Texas",TX,50,0,,,,48,495,,,,,,,,,,,,,,,,,.,.,,,,,,,,,,,,,,0500000US48495,"Winkler County, Texas",,,48,7540
48497,"Wise County, Texas",TX,50,0,,,,48,497,,,,,,,,,,,,,,,,,.,.,,,,,,,,,,,,,,0500000US48497,"Wise County, Texas",,,48,72359
48499,"Wood County, Texas",TX,50,0,,,,48,499,,,,,,,,,,,,,,,,,.,.,,,,,,,,,,,,,,0500000US48499,"Wood County, Texas",,,48,46094
48501,"Yoakum County, Texas",TX,50,0,,,,48,501,,,,,,,,,,,,,,,,,.,.,,,,,,,,,,,,,,0500000US48501,"Yoakum County, Texas",,,48,7589
48503,"Young County, Texas",TX,50,0,,,,48,503,,,,,,,,,,,,,,,,,.,.,,,,,,,,,,,,,,0500000US48503,"Young County, Texas",,,48,17963
48505,"Zapata County, Texas",TX,50,0,,,,48,505,,,,,,,,,,,,,,,,,.,.,,,,,,,,,,,,,,0500000US48505,"Zapata County, Texas",,,48,13855
48507,"Zavala County, Texas",TX,50,0,,,,48,507,,,,,,,,,,,,,,,,,.,.,,,,,,,,,,,,,,0500000US48507,"Zavala County, Texas",,,48,9532
49001,"Beaver County, Utah",UT,50,0,,,,49,1,,,,,,,,,,,,,,,,,.,.,,,,,,,,,,,,,,0500000US49001,"Beaver County, Utah",,,49,7172
49003,"Box Elder County, Utah",UT,50,0,,,,49,3,,,,,,,,,,,,,,,,,.,.,,,,,,,,,,,,,,0500000US49003,"Box Elder County, Utah",,,49,59725
49005,"Cache County, Utah",UT,50,0,,,,49,5,,,,,,,,,,,,,,,,,.,.,,,,,,,,,,,,,,0500000US49005,"Cache County, Utah",,,49,137031
49007,"Carbon County, Utah",UT,50,0,,,,49,7,,,,,,,,,,,,,,,,,.,.,,,,,,,,,,,,,,0500000US49007,"Carbon County, Utah",,,49,20446
49009,"Daggett County, Utah",UT,50,0,,,,49,9,,,,,,,,,,,,,,,,,.,.,,,,,,,,,,,,,,0500000US49009,"Daggett County, Utah",,,49,747
49011,"Davis County, Utah",UT,50,0,,,,49,11,,,,,,,,,,,,,,,,,.,.,,,,,,,,,,,,,,0500000US49011,"Davis County, Utah",,,49,366742
49013,"Duchesne County, Utah",UT,50,0,,,,49,13,,,,,,,,,,,,,,,,,.,.,,,,,,,,,,,,,,0500000US49013,"Duchesne County, Utah",,,49,19932
49015,"Emery County, Utah",UT,50,0,,,,49,15,,,,,,,,,,,,,,,,,.,.,,,,,,,,,,,,,,0500000US49015,"Emery County, Utah",,,49,9968
49017,"Garfield County, Utah",UT,50,0,,,,49,17,,,,,,,,,,,,,,,,,.,.,,,,,,,,,,,,,,0500000US49017,"Garfield County, Utah",,,49,5170
49019,"Grand County, Utah",UT,50,0,,,,49,19,,,,,,,,,,,,,,,,,.,.,,,,,,,,,,,,,,0500000US49019,"Grand County, Utah",,,49,9697
49021,"Iron County, Utah",UT,50,0,,,,49,21,,,,,,,,,,,,,,,,,.,.,,,,,,,,,,,,,,0500000US49021,"Iron County, Utah",,,49,60201
49023,"Juab County, Utah",UT,50,0,,,,49,23,,,,,,,,,,,,,,,,,.,.,,,,,,,,,,,,,,0500000US49023,"Juab County, Utah",,,49,12273
49025,"Kane County, Utah",UT,50,0,,,,49,25,,,,,,,,,,,,,,,,,.,.,,,,,,,,,,,,,,0500000US49025,"Kane County, Utah",,,49,7996
49027,"Millard County, Utah",UT,50,0,,,,49,27,,,,,,,,,,,,,,,,,.,.,,,,,,,,,,,,,,0500000US49027,"Millard County, Utah",,,49,13179
49029,"Morgan County, Utah",UT,50,0,,,,49,29,,,,,,,,,,,,,,,,,.,.,,,,,,,,,,,,,,0500000US49029,"Morgan County, Utah",,,49,12585
49031,"Piute County, Utah",UT,50,0,,,,49,31,,,,,,,,,,,,,,,,,.,.,,,,,,,,,,,,,,0500000US49031,"Piute County, Utah",,,49,1705
49033,"Rich County, Utah",UT,50,0,,,,49,33,,,,,,,,,,,,,,,,,.,.,,,,,,,,,,,,,,0500000US49033,"Rich County, Utah",,,49,2588
49035,"Salt Lake County, Utah",UT,50,0,,,,49,35,,,,,,,,,,,,,,,,,.,.,,,,,,,,,,,,,,0500000US49035,"Salt Lake County, Utah",,,49,1184689
49037,"San Juan County, Utah",UT,50,0,,,,49,37,,,,,,,,,,,,,,,,,.,.,,,,,,,,,,,,,,0500000US49037,"San Juan County, Utah",,,49,14466
49039,"Sanpete County, Utah",UT,50,0,,,,49,39,,,,,,,,,,,,,,,,,.,.,,,,,,,,,,,,,,0500000US49039,"Sanpete County, Utah",,,49,29209
49041,"Sevier County, Utah",UT,50,0,,,,49,41,,,,,,,,,,,,,,,,,.,.,,,,,,,,,,,,,,0500000US49041,"Sevier County, Utah",,,49,21854
49043,"Summit County, Utah",UT,50,0,,,,49,43,,,,,,,,,,,,,,,,,.,.,,,,,,,,,,,,,,0500000US49043,"Summit County, Utah",,,49,42709
49045,"Tooele County, Utah",UT,50,0,,,,49,45,,,,,,,,,,,,,,,,,.,.,,,,,,,,,,,,,,0500000US49045,"Tooele County, Utah",,,49,76648
49047,"Uintah County, Utah",UT,50,0,,,,49,47,,,,,,,,,,,,,,,,,.,.,,,,,,,,,,,,,,0500000US49047,"Uintah County, Utah",,,49,36458
49049,"Utah County, Utah",UT,50,0,,,,49,49,,,,,,,,,,,,,,,,,.,.,,,,,,,,,,,,,,0500000US49049,"Utah County, Utah",,,49,683622
49051,"Wasatch County, Utah",UT,50,0,,,,49,51,,,,,,,,,,,,,,,,,.,.,,,,,,,,,,,,,,0500000US49051,"Wasatch County, Utah",,,49,35808
49053,"Washington County, Utah",UT,50,0,,,,49,53,,,,,,,,,,,,,,,,,.,.,,,,,,,,,,,,,,0500000US49053,"Washington County, Utah",,,49,189827
49055,"Wayne County, Utah",UT,50,0,,,,49,55,,,,,,,,,,,,,,,,,.,.,,,,,,,,,,,,,,0500000US49055,"Wayne County, Utah",,,49,2557
49057,"Weber County, Utah",UT,50,0,,,,49,57,,,,,,,,,,,,,,,,,.,.,,,,,,,,,,,,,,0500000US49057,"Weber County, Utah",,,49,266183
50001,"Addison County, Vermont",VT,50,0,,,,50,1,,,,,,,,,,,,,,,,,.,.,,,,,,,,,,,,,,0500000US50001,"Addison County, Vermont",,,50,37497
50003,"Bennington County, Vermont",VT,50,0,,,,50,3,,,,,,,,,,,,,,,,,.,.,,,,,,,,,,,,,,0500000US50003,"Bennington County, Vermont",,,50,37312
50005,"Caledonia County, Vermont",VT,50,0,,,,50,5,,,,,,,,,,,,,,,,,.,.,,,,,,,,,,,,,,0500000US50005,"Caledonia County, Vermont",,,50,30425
50007,"Chittenden County, Vermont",VT,50,0,,,,50,7,,,,,,,,,,,,,,,,,.,.,,,,,,,,,,,,,,0500000US50007,"Chittenden County, Vermont",,,50,168831
50009,"Essex County, Vermont",VT,50,0,,,,50,9,,,,,,,,,,,,,,,,,.,.,,,,,,,,,,,,,,0500000US50009,"Essex County, Vermont",,,50,5972
50011,"Franklin County, Vermont",VT,50,0,,,,50,11,,,,,,,,,,,,,,,,,.,.,,,,,,,,,,,,,,0500000US50011,"Franklin County, Vermont",,,50,50379
50013,"Grand Isle County, Vermont",VT,50,0,,,,50,13,,,,,,,,,,,,,,,,,.,.,,,,,,,,,,,,,,0500000US50013,"Grand Isle County, Vermont",,,50,7393
50015,"Lamoille County, Vermont",VT,50,0,,,,50,15,,,,,,,,,,,,,,,,,.,.,,,,,,,,,,,,,,0500000US50015,"Lamoille County, Vermont",,,50,26036
50017,"Orange County, Vermont",VT,50,0,,,,50,17,,,,,,,,,,,,,,,,,.,.,,,,,,,,,,,,,,0500000US50017,"Orange County, Vermont",,,50,29594
50019,"Orleans County, Vermont",VT,50,0,,,,50,19,,,,,,,,,,,,,,,,,.,.,,,,,,,,,,,,,,0500000US50019,"Orleans County, Vermont",,,50,27492
50021,"Rutland County, Vermont",VT,50,0,,,,50,21,,,,,,,,,,,,,,,,,.,.,,,,,,,,,,,,,,0500000US50021,"Rutland County, Vermont",,,50,60484
50023,"Washington County, Vermont",VT,50,0,,,,50,23,,,,,,,,,,,,,,,,,.,.,,,,,,,,,,,,,,0500000US50023,"Washington County, Vermont",,,50,59958
50025,"Windham County, Vermont",VT,50,0,,,,50,25,,,,,,,,,,,,,,,,,.,.,,,,,,,,,,,,,,0500000US50025,"Windham County, Vermont",,,50,45913
50027,"Windsor County, Vermont",VT,50,0,,,,50,27,,,,,,,,,,,,,,,,,.,.,,,,,,,,,,,,,,0500000US50027,"Windsor County, Vermont",,,50,57968
51001,"Accomack County, Virginia",VA,50,0,,,,51,1,,,,,,,,,,,,,,,,,.,.,,,,,,,,,,,,,,0500000US51001,"Accomack County, Virginia",,,51,33326
51003,"Albemarle County, Virginia",VA,50,0,,,,51,3,,,,,,,,,,,,,,,,,.,.,,,,,,,,,,,,,,0500000US51003,"Albemarle County, Virginia",,,51,113683
51005,"Alleghany County, Virginia",VA,50,0,,,,51,5,,,,,,,,,,,,,,,,,.,.,,,,,,,,,,,,,,0500000US51005,"Alleghany County, Virginia",,,51,14962
51007,"Amelia County, Virginia",VA,50,0,,,,51,7,,,,,,,,,,,,,,,,,.,.,,,,,,,,,,,,,,0500000US51007,"Amelia County, Virginia",,,51,13342
51009,"Amherst County, Virginia",VA,50,0,,,,51,9,,,,,,,,,,,,,,,,,.,.,,,,,,,,,,,,,,0500000US51009,"Amherst County, Virginia",,,51,31385
51011,"Appomattox County, Virginia",VA,50,0,,,,51,11,,,,,,,,,,,,,,,,,.,.,,,,,,,,,,,,,,0500000US51011,"Appomattox County, Virginia",,,51,16424
51013,"Arlington County, Virginia",VA,50,0,,,,51,13,,,,,,,,,,,,,,,,,.,.,,,,,,,,,,,,,,0500000US51013,"Arlington County, Virginia",,,51,235463
51015,"Augusta County, Virginia",VA,50,0,,,,51,15,,,,,,,,,,,,,,,,,.,.,,,,,,,,,,,,,,0500000US51015,"Augusta County, Virginia",,,51,77713
51017,"Bath County, Virginia",VA,50,0,,,,51,17,,,,,,,,,,,,,,,,,.,.,,,,,,,,,,,,,,0500000US51017,"Bath County, Virginia",,,51,4123
51019,"Bedford County, Virginia",VA,50,0,,,,51,19,,,,,,,,,,,,,,,,,.,.,,,,,,,,,,,,,,0500000US51019,"Bedford County, Virginia",,,51,80254
51021,"Bland County, Virginia",VA,50,0,,,,51,21,,,,,,,,,,,,,,,,,.,.,,,,,,,,,,,,,,0500000US51021,"Bland County, Virginia",,,51,6211
51023,"Botetourt County, Virginia",VA,50,0,,,,51,23,,,,,,,,,,,,,,,,,.,.,,,,,,,,,,,,,,0500000US51023,"Botetourt County, Virginia",,,51,33875
51025,"Brunswick County, Virginia",VA,50,0,,,,51,25,,,,,,,,,,,,,,,,,.,.,,,,,,,,,,,,,,0500000US51025,"Brunswick County, Virginia",,,51,15868
51027,"Buchanan County, Virginia",VA,50,0,,,,51,27,,,,,,,,,,,,,,,,,.,.,,,,,,,,,,,,,,0500000US51027,"Buchanan County, Virginia",,,51,19857
51029,"Buckingham County, Virginia",VA,50,0,,,,51,29,,,,,,,,,,,,,,,,,.,.,,,,,,,,,,,,,,0500000US51029,"Buckingham County, Virginia",,,51,16914
51031,"Campbell County, Virginia",VA,50,0,,,,51,31,,,,,,,,,,,,,,,,,.,.,,,,,,,,,,,,,,0500000US51031,"Campbell County, Virginia",,,51,55398
51033,"Caroline County, Virginia",VA,50,0,,,,51,33,,,,,,,,,,,,,,,,,.,.,,,,,,,,,,,,,,0500000US51033,"Caroline County, Virginia",,,51,31541
51035,"Carroll County, Virginia",VA,50,0,,,,51,35,,,,,,,,,,,,,,,,,.,.,,,,,,,,,,,,,,0500000US51035,"Carroll County, Virginia",,,51,29158
51036,"Charles City County, Virginia",VA,50,0,,,,51,36,,,,,,,,,,,,,,,,,.,.,,,,,,,,,,,,,,0500000US51036,"Charles City County, Virginia",,,51,6686
51037,"Charlotte County, Virginia",VA,50,0,,,,51,37,,,,,,,,,,,,,,,,,.,.,,,,,,,,,,,,,,0500000US51037,"Charlotte County, Virginia",,,51,11475
51041,"Chesterfield County, Virginia",VA,50,0,,,,51,41,,,,,,,,,,,,,,,,,.,.,,,,,,,,,,,,,,0500000US51041,"Chesterfield County, Virginia",,,51,371610
51043,"Clarke County, Virginia",VA,50,0,,,,51,43,,,,,,,,,,,,,,,,,.,.,,,,,,,,,,,,,,0500000US51043,"Clarke County, Virginia",,,51,15060
51045,"Craig County, Virginia",VA,50,0,,,,51,45,,,,,,,,,,,,,,,,,.,.,,,,,,,,,,,,,,0500000US51045,"Craig County, Virginia",,,51,4881
51047,"Culpeper County, Virginia",VA,50,0,,,,51,47,,,,,,,,,,,,,,,,,.,.,,,,,,,,,,,,,,0500000US51047,"Culpeper County, Virginia",,,51,53563
51049,"Cumberland County, Virginia",VA,50,0,,,,51,49,,,,,,,,,,,,,,,,,.,.,,,,,,,,,,,,,,0500000US51049,"Cumberland County, Virginia",,,51,9745
51051,"Dickenson County, Virginia",VA,50,0,,,,51,51,,,,,,,,,,,,,,,,,.,.,,,,,,,,,,,,,,0500000US51051,"Dickenson County, Virginia",,,51,13920
51053,"Dinwiddie County, Virginia",VA,50,0,,,,51,53,,,,,,,,,,,,,,,,,.,.,,,,,,,,,,,,,,0500000US51053,"Dinwiddie County, Virginia",,,51,28083
51057,"Essex County, Virginia",VA,50,0,,,,51,57,,,,,,,,,,,,,,,,,.,.,,,,,,,,,,,,,,0500000US51057,"Essex County, Virginia",,,51,10604
51059,"Fairfax County, Virginia",VA,50,0,,,,51,59,,,,,,,,,,,,,,,,,.,.,,,,,,,,,,,,,,0500000US51059,"Fairfax County, Virginia",,,51,1144474
51061,"Fauquier County, Virginia",VA,50,0,,,,51,61,,,,,,,,,,,,,,,,,.,.,,,,,,,,,,,,,,0500000US51061,"Fauquier County, Virginia",,,51,73935
51063,"Floyd County, Virginia",VA,50,0,,,,51,63,,,,,,,,,,,,,,,,,.,.,,,,,,,,,,,,,,0500000US51063,"Floyd County, Virginia",,,51,15560
51065,"Fluvanna County, Virginia",VA,50,0,,,,51,65,,,,,,,,,,,,,,,,,.,.,,,,,,,,,,,,,,0500000US51065,"Fluvanna County, Virginia",,,51,27764
51067,"Franklin County, Virginia",VA,50,0,,,,51,67,,,,,,,,,,,,,,,,,.,.,,,,,,,,,,,,,,0500000US51067,"Franklin County, Virginia",,,51,54958
51069,"Frederick County, Virginia",VA,50,0,,,,51,69,,,,,,,,,,,,,,,,,.,.,,,,,,,,,,,,,,0500000US51069,"Frederick County, Virginia",,,51,93355
51071,"Giles County, Virginia",VA,50,0,,,,51,71,,,,,,,,,,,,,,,,,.,.,,,,,,,,,,,,,,0500000US51071,"Giles County, Virginia",,,51,16610
51073,"Gloucester County, Virginia",VA,50,0,,,,51,73,,,,,,,,,,,,,,,,,.,.,,,,,,,,,,,,,,0500000US51073,"Gloucester County, Virginia",,,51,39228
51075,"Goochland County, Virginia",VA,50,0,,,,51,75,,,,,,,,,,,,,,,,,.,.,,,,,,,,,,,,,,0500000US51075,"Goochland County, Virginia",,,51,25613
51077,"Grayson County, Virginia",VA,50,0,,,,51,77,,,,,,,,,,,,,,,,,.,.,,,,,,,,,,,,,,0500000US51077,"Grayson County, Virginia",,,51,15323
51079,"Greene County, Virginia",VA,50,0,,,,51,79,,,,,,,,,,,,,,,,,.,.,,,,,,,,,,,,,,0500000US51079,"Greene County, Virginia",,,51,20850
51081,"Greensville County, Virginia",VA,50,0,,,,51,81,,,,,,,,,,,,,,,,,.,.,,,,,,,,,,,,,,0500000US51081,"Greensville County, Virginia",,,51,11304
51083,"Halifax County, Virginia",VA,50,0,,,,51,83,,,,,,,,,,,,,,,,,.,.,,,,,,,,,,,,,,0500000US51083,"Halifax County, Virginia",,,51,33811
51085,"Hanover County, Virginia",VA,50,0,,,,51,85,,,,,,,,,,,,,,,,,.,.,,,,,,,,,,,,,,0500000US51085,"Hanover County, Virginia",,,51,111652
51087,"Henrico County, Virginia",VA,50,0,,,,51,87,,,,,,,,,,,,,,,,,.,.,,,,,,,,,,,,,,0500000US51087,"Henrico County, Virginia",,,51,334434
51089,"Henry County, Virginia",VA,50,0,,,,51,89,,,,,,,,,,,,,,,,,.,.,,,,,,,,,,,,,,0500000US51089,"Henry County, Virginia",,,51,50365
51091,"Highland County, Virginia",VA,50,0,,,,51,91,,,,,,,,,,,,,,,,,.,.,,,,,,,,,,,,,,0500000US51091,"Highland County, Virginia",,,51,2265
51093,"Isle of Wight County, Virginia",VA,50,0,,,,51,93,,,,,,,,,,,,,,,,,.,.,,,,,,,,,,,,,,0500000US51093,"Isle of Wight County, Virginia",,,51,39444
51095,"James City County, Virginia",VA,50,0,,,,51,95,,,,,,,,,,,,,,,,,.,.,,,,,,,,,,,,,,0500000US51095,"James City County, Virginia",,,51,80046
51097,"King and Queen County, Virginia",VA,50,0,,,,51,97,,,,,,,,,,,,,,,,,.,.,,,,,,,,,,,,,,0500000US51097,"King and Queen County, Virginia",,,51,6676
51099,"King George County, Virginia",VA,50,0,,,,51,99,,,,,,,,,,,,,,,,,.,.,,,,,,,,,,,,,,0500000US51099,"King George County, Virginia",,,51,27468
51101,"King William County, Virginia",VA,50,0,,,,51,101,,,,,,,,,,,,,,,,,.,.,,,,,,,,,,,,,,0500000US51101,"King William County, Virginia",,,51,18232
51103,"Lancaster County, Virginia",VA,50,0,,,,51,103,,,,,,,,,,,,,,,,,.,.,,,,,,,,,,,,,,0500000US51103,"Lancaster County, Virginia",,,51,10876
51105,"Lee County, Virginia",VA,50,0,,,,51,105,,,,,,,,,,,,,,,,,.,.,,,,,,,,,,,,,,0500000US51105,"Lee County, Virginia",,,51,22042
51107,"Loudoun County, Virginia",VA,50,0,,,,51,107,,,,,,,,,,,,,,,,,.,.,,,,,,,,,,,,,,0500000US51107,"Loudoun County, Virginia",,,51,427082
51109,"Louisa County, Virginia",VA,50,0,,,,51,109,,,,,,,,,,,,,,,,,.,.,,,,,,,,,,,,,,0500000US51109,"Louisa County, Virginia",,,51,39012
51111,"Lunenburg County, Virginia",VA,50,0,,,,51,111,,,,,,,,,,,,,,,,,.,.,,,,,,,,,,,,,,0500000US51111,"Lunenburg County, Virginia",,,51,11990
51113,"Madison County, Virginia",VA,50,0,,,,51,113,,,,,,,,,,,,,,,,,.,.,,,,,,,,,,,,,,0500000US51113,"Madison County, Virginia",,,51,13931
51115,"Mathews County, Virginia",VA,50,0,,,,51,115,,,,,,,,,,,,,,,,,.,.,,,,,,,,,,,,,,0500000US51115,"Mathews County, Virginia",,,51,8517
51117,"Mecklenburg County, Virginia",VA,50,0,,,,51,117,,,,,,,,,,,,,,,,,.,.,,,,,,,,,,,,,,0500000US51117,"Mecklenburg County, Virginia",,,51,30431
51119,"Middlesex County, Virginia",VA,50,0,,,,51,119,,,,,,,,,,,,,,,,,.,.,,,,,,,,,,,,,,0500000US51119,"Middlesex County, Virginia",,,51,10774
51121,"Montgomery County, Virginia",VA,50,0,,,,51,121,,,,,,,,,,,,,,,,,.,.,,,,,,,,,,,,,,0500000US51121,"Montgomery County, Virginia",,,51,99159
51125,"Nelson County, Virginia",VA,50,0,,,,51,125,,,,,,,,,,,,,,,,,.,.,,,,,,,,,,,,,,0500000US51125,"Nelson County, Virginia",,,51,14777
51127,"New Kent County, Virginia",VA,50,0,,,,51,127,,,,,,,,,,,,,,,,,.,.,,,,,,,,,,,,,,0500000US51127,"New Kent County, Virginia",,,51,24139
51131,"Northampton County, Virginia",VA,50,0,,,,51,131,,,,,,,,,,,,,,,,,.,.,,,,,,,,,,,,,,0500000US51131,"Northampton County, Virginia",,,51,12115
51133,"Northumberland County, Virginia",VA,50,0,,,,51,133,,,,,,,,,,,,,,,,,.,.,,,,,,,,,,,,,,0500000US51133,"Northumberland County, Virginia",,,51,12085
51135,"Nottoway County, Virginia",VA,50,0,,,,51,135,,,,,,,,,,,,,,,,,.,.,,,,,,,,,,,,,,0500000US51135,"Nottoway County, Virginia",,,51,15597
51137,"Orange County, Virginia",VA,50,0,,,,51,137,,,,,,,,,,,,,,,,,.,.,,,,,,,,,,,,,,0500000US51137,"Orange County, Virginia",,,51,37208
51139,"Page County, Virginia",VA,50,0,,,,51,139,,,,,,,,,,,,,,,,,.,.,,,,,,,,,,,,,,0500000US51139,"Page County, Virginia",,,51,23750
51141,"Patrick County, Virginia",VA,50,0,,,,51,141,,,,,,,,,,,,,,,,,.,.,,,,,,,,,,,,,,0500000US51141,"Patrick County, Virginia",,,51,17606
51143,"Pittsylvania County, Virginia",VA,50,0,,,,51,143,,,,,,,,,,,,,,,,,.,.,,,,,,,,,,,,,,0500000US51143,"Pittsylvania County, Virginia",,,51,60148
51145,"Powhatan County, Virginia",VA,50,0,,,,51,145,,,,,,,,,,,,,,,,,.,.,,,,,,,,,,,,,,0500000US51145,"Powhatan County, Virginia",,,51,31074
51147,"Prince Edward County, Virginia",VA,50,0,,,,51,147,,,,,,,,,,,,,,,,,.,.,,,,,,,,,,,,,,0500000US51147,"Prince Edward County, Virginia",,,51,21932
51149,"Prince George County, Virginia",VA,50,0,,,,51,149,,,,,,,,,,,,,,,,,.,.,,,,,,,,,,,,,,0500000US51149,"Prince George County, Virginia",,,51,42873
51153,"Prince William County, Virginia",VA,50,0,,,,51,153,,,,,,,,,,,,,,,,,.,.,,,,,,,,,,,,,,0500000US51153,"Prince William County, Virginia",,,51,484625
51155,"Pulaski County, Virginia",VA,50,0,,,,51,155,,,,,,,,,,,,,,,,,.,.,,,,,,,,,,,,,,0500000US51155,"Pulaski County, Virginia",,,51,33771
51157,"Rappahannock County, Virginia",VA,50,0,,,,51,157,,,,,,,,,,,,,,,,,.,.,,,,,,,,,,,,,,0500000US51157,"Rappahannock County, Virginia",,,51,7409
51159,"Richmond County, Virginia",VA,50,0,,,,51,159,,,,,,,,,,,,,,,,,.,.,,,,,,,,,,,,,,0500000US51159,"Richmond County, Virginia",,,51,9047
51161,"Roanoke County, Virginia",VA,50,0,,,,51,161,,,,,,,,,,,,,,,,,.,.,,,,,,,,,,,,,,0500000US51161,"Roanoke County, Virginia",,,51,96793
51163,"Rockbridge County, Virginia",VA,50,0,,,,51,163,,,,,,,,,,,,,,,,,.,.,,,,,,,,,,,,,,0500000US51163,"Rockbridge County, Virginia",,,51,22578
51165,"Rockingham County, Virginia",VA,50,0,,,,51,165,,,,,,,,,,,,,,,,,.,.,,,,,,,,,,,,,,0500000US51165,"Rockingham County, Virginia",,,51,84739
51167,"Russell County, Virginia",VA,50,0,,,,51,167,,,,,,,,,,,,,,,,,.,.,,,,,,,,,,,,,,0500000US51167,"Russell County, Virginia",,,51,25635
51169,"Scott County, Virginia",VA,50,0,,,,51,169,,,,,,,,,,,,,,,,,.,.,,,,,,,,,,,,,,0500000US51169,"Scott County, Virginia",,,51,21504
51171,"Shenandoah County, Virginia",VA,50,0,,,,51,171,,,,,,,,,,,,,,,,,.,.,,,,,,,,,,,,,,0500000US51171,"Shenandoah County, Virginia",,,51,44630
51173,"Smyth County, Virginia",VA,50,0,,,,51,173,,,,,,,,,,,,,,,,,.,.,,,,,,,,,,,,,,0500000US51173,"Smyth County, Virginia",,,51,29585
51175,"Southampton County, Virginia",VA,50,0,,,,51,175,,,,,,,,,,,,,,,,,.,.,,,,,,,,,,,,,,0500000US51175,"Southampton County, Virginia",,,51,17988
51177,"Spotsylvania County, Virginia",VA,50,0,,,,51,177,,,,,,,,,,,,,,,,,.,.,,,,,,,,,,,,,,0500000US51177,"Spotsylvania County, Virginia",,,51,143876
51179,"Stafford County, Virginia",VA,50,0,,,,51,179,,,,,,,,,,,,,,,,,.,.,,,,,,,,,,,,,,0500000US51179,"Stafford County, Virginia",,,51,160520
51181,"Surry County, Virginia",VA,50,0,,,,51,181,,,,,,,,,,,,,,,,,.,.,,,,,,,,,,,,,,0500000US51181,"Surry County, Virginia",,,51,6552
51183,"Sussex County, Virginia",VA,50,0,,,,51,183,,,,,,,,,,,,,,,,,.,.,,,,,,,,,,,,,,0500000US51183,"Sussex County, Virginia",,,51,10793
51185,"Tazewell County, Virginia",VA,50,0,,,,51,185,,,,,,,,,,,,,,,,,.,.,,,,,,,,,,,,,,0500000US51185,"Tazewell County, Virginia",,,51,39933
51187,"Warren County, Virginia",VA,50,0,,,,51,187,,,,,,,,,,,,,,,,,.,.,,,,,,,,,,,,,,0500000US51187,"Warren County, Virginia",,,51,41104
51191,"Washington County, Virginia",VA,50,0,,,,51,191,,,,,,,,,,,,,,,,,.,.,,,,,,,,,,,,,,0500000US51191,"Washington County, Virginia",,,51,53913
51193,"Westmoreland County, Virginia",VA,50,0,,,,51,193,,,,,,,,,,,,,,,,,.,.,,,,,,,,,,,,,,0500000US51193,"Westmoreland County, Virginia",,,51,18683
51195,"Wise County, Virginia",VA,50,0,,,,51,195,,,,,,,,,,,,,,,,,.,.,,,,,,,,,,,,,,0500000US51195,"Wise County, Virginia",,,51,35727
51197,"Wythe County, Virginia",VA,50,0,,,,51,197,,,,,,,,,,,,,,,,,.,.,,,,,,,,,,,,,,0500000US51197,"Wythe County, Virginia",,,51,28219
51199,"York County, Virginia",VA,50,0,,,,51,199,,,,,,,,,,,,,,,,,.,.,,,,,,,,,,,,,,0500000US51199,"York County, Virginia",,,51,70590
51510,"Alexandria city, Virginia",VA,50,0,,,,51,510,,,,,,,,,,,,,,,,,.,.,,,,,,,,,,,,,,0500000US51510,"Alexandria city, Virginia",,,51,156788
51520,"Bristol city, Virginia",VA,50,0,,,,51,520,,,,,,,,,,,,,,,,,.,.,,,,,,,,,,,,,,0500000US51520,"Bristol city, Virginia",,,51,17024
51530,"Buena Vista city, Virginia",VA,50,0,,,,51,530,,,,,,,,,,,,,,,,,.,.,,,,,,,,,,,,,,0500000US51530,"Buena Vista city, Virginia",,,51,6612
51540,"Charlottesville city, Virginia",VA,50,0,,,,51,540,,,,,,,,,,,,,,,,,.,.,,,,,,,,,,,,,,0500000US51540,"Charlottesville city, Virginia",,,51,45863
51550,"Chesapeake city, Virginia",VA,50,0,,,,51,550,,,,,,,,,,,,,,,,,.,.,,,,,,,,,,,,,,0500000US51550,"Chesapeake city, Virginia",,,51,251153
51570,"Colonial Heights city, Virginia",VA,50,0,,,,51,570,,,,,,,,,,,,,,,,,.,.,,,,,,,,,,,,,,0500000US51570,"Colonial Heights city, Virginia",,,51,18210
51580,"Covington city, Virginia",VA,50,0,,,,51,580,,,,,,,,,,,,,,,,,.,.,,,,,,,,,,,,,,0500000US51580,"Covington city, Virginia",,,51,5671
51590,"Danville city, Virginia",VA,50,0,,,,51,590,,,,,,,,,,,,,,,,,.,.,,,,,,,,,,,,,,0500000US51590,"Danville city, Virginia",,,51,42239
51595,"Emporia city, Virginia",VA,50,0,,,,51,595,,,,,,,,,,,,,,,,,.,.,,,,,,,,,,,,,,0500000US51595,"Emporia city, Virginia",,,51,5633
51600,"Fairfax city, Virginia",VA,50,0,,,,51,600,,,,,,,,,,,,,,,,,.,.,,,,,,,,,,,,,,0500000US51600,"Fairfax city, Virginia",,,51,24478
51610,"Falls Church city, Virginia",VA,50,0,,,,51,610,,,,,,,,,,,,,,,,,.,.,,,,,,,,,,,,,,0500000US51610,"Falls Church city, Virginia",,,51,14593
51620,"Franklin city, Virginia",VA,50,0,,,,51,620,,,,,,,,,,,,,,,,,.,.,,,,,,,,,,,,,,0500000US51620,"Franklin city, Virginia",,,51,8212
51630,"Fredericksburg city, Virginia",VA,50,0,,,,51,630,,,,,,,,,,,,,,,,,.,.,,,,,,,,,,,,,,0500000US51630,"Fredericksburg city, Virginia",,,51,28383
51640,"Galax city, Virginia",VA,50,0,,,,51,640,,,,,,,,,,,,,,,,,.,.,,,,,,,,,,,,,,0500000US51640,"Galax city, Virginia",,,51,6698
51650,"Hampton city, Virginia",VA,50,0,,,,51,650,,,,,,,,,,,,,,,,,.,.,,,,,,,,,,,,,,0500000US51650,"Hampton city, Virginia",,,51,137334
51660,"Harrisonburg city, Virginia",VA,50,0,,,,51,660,,,,,,,,,,,,,,,,,.,.,,,,,,,,,,,,,,0500000US51660,"Harrisonburg city, Virginia",,,51,51492
51670,"Hopewell city, Virginia",VA,50,0,,,,51,670,,,,,,,,,,,,,,,,,.,.,,,,,,,,,,,,,,0500000US51670,"Hopewell city, Virginia",,,51,22944
51678,"Lexington city, Virginia",VA,50,0,,,,51,678,,,,,,,,,,,,,,,,,.,.,,,,,,,,,,,,,,0500000US51678,"Lexington city, Virginia",,,51,7420
51680,"Lynchburg city, Virginia",VA,50,0,,,,51,680,,,,,,,,,,,,,,,,,.,.,,,,,,,,,,,,,,0500000US51680,"Lynchburg city, Virginia",,,51,79255
51683,"Manassas city, Virginia",VA,50,0,,,,51,683,,,,,,,,,,,,,,,,,.,.,,,,,,,,,,,,,,0500000US51683,"Manassas city, Virginia",,,51,42674
51685,"Manassas Park city, Virginia",VA,50,0,,,,51,685,,,,,,,,,,,,,,,,,.,.,,,,,,,,,,,,,,0500000US51685,"Manassas Park city, Virginia",,,51,16923
51690,"Martinsville city, Virginia",VA,50,0,,,,51,690,,,,,,,,,,,,,,,,,.,.,,,,,,,,,,,,,,0500000US51690,"Martinsville city, Virginia",,,51,13584
51700,"Newport News city, Virginia",VA,50,0,,,,51,700,,,,,,,,,,,,,,,,,.,.,,,,,,,,,,,,,,0500000US51700,"Newport News city, Virginia",,,51,184774
51710,"Norfolk city, Virginia",VA,50,0,,,,51,710,,,,,,,,,,,,,,,,,.,.,,,,,,,,,,,,,,0500000US51710,"Norfolk city, Virginia",,,51,235037
51720,"Norton city, Virginia",VA,50,0,,,,51,720,,,,,,,,,,,,,,,,,.,.,,,,,,,,,,,,,,0500000US51720,"Norton city, Virginia",,,51,3620
51730,"Petersburg city, Virginia",VA,50,0,,,,51,730,,,,,,,,,,,,,,,,,.,.,,,,,,,,,,,,,,0500000US51730,"Petersburg city, Virginia",,,51,33365
51735,"Poquoson city, Virginia",VA,50,0,,,,51,735,,,,,,,,,,,,,,,,,.,.,,,,,,,,,,,,,,0500000US51735,"Poquoson city, Virginia",,,51,12556
51740,"Portsmouth city, Virginia",VA,50,0,,,,51,740,,,,,,,,,,,,,,,,,.,.,,,,,,,,,,,,,,0500000US51740,"Portsmouth city, Virginia",,,51,97299
51750,"Radford city, Virginia",VA,50,0,,,,51,750,,,,,,,,,,,,,,,,,.,.,,,,,,,,,,,,,,0500000US51750,"Radford city, Virginia",,,51,16505
51760,"Richmond city, Virginia",VA,50,0,,,,51,760,,,,,,,,,,,,,,,,,.,.,,,,,,,,,,,,,,0500000US51760,"Richmond city, Virginia",,,51,227595
51770,"Roanoke city, Virginia",VA,50,0,,,,51,770,,,,,,,,,,,,,,,,,.,.,,,,,,,,,,,,,,0500000US51770,"Roanoke city, Virginia",,,51,98677
51775,"Salem city, Virginia",VA,50,0,,,,51,775,,,,,,,,,,,,,,,,,.,.,,,,,,,,,,,,,,0500000US51775,"Salem city, Virginia",,,51,25477
51790,"Staunton city, Virginia",VA,50,0,,,,51,790,,,,,,,,,,,,,,,,,.,.,,,,,,,,,,,,,,0500000US51790,"Staunton city, Virginia",,,51,25765
51800,"Suffolk city, Virginia",VA,50,0,,,,51,800,,,,,,,,,,,,,,,,,.,.,,,,,,,,,,,,,,0500000US51800,"Suffolk city, Virginia",,,51,96638
51810,"Virginia Beach city, Virginia",VA,50,0,,,,51,810,,,,,,,,,,,,,,,,,.,.,,,,,,,,,,,,,,0500000US51810,"Virginia Beach city, Virginia",,,51,457066
51820,"Waynesboro city, Virginia",VA,50,0,,,,51,820,,,,,,,,,,,,,,,,,.,.,,,,,,,,,,,,,,0500000US51820,"Waynesboro city, Virginia",,,51,22574
51830,"Williamsburg city, Virginia",VA,50,0,,,,51,830,,,,,,,,,,,,,,,,,.,.,,,,,,,,,,,,,,0500000US51830,"Williamsburg city, Virginia",,,51,15564
51840,"Winchester city, Virginia",VA,50,0,,,,51,840,,,,,,,,,,,,,,,,,.,.,,,,,,,,,,,,,,0500000US51840,"Winchester city, Virginia",,,51,27981
53001,"Adams County, Washington",WA,50,0,,,,53,1,,,,,,,,,,,,,,,,,.,.,,,,,,,,,,,,,,0500000US53001,"Adams County, Washington",,,53,20690
53003,"Asotin County, Washington",WA,50,0,,,,53,3,,,,,,,,,,,,,,,,,.,.,,,,,,,,,,,,,,0500000US53003,"Asotin County, Washington",,,53,22424
53005,"Benton County, Washington",WA,50,0,,,,53,5,,,,,,,,,,,,,,,,,.,.,,,,,,,,,,,,,,0500000US53005,"Benton County, Washington",,,53,210224
53007,"Chelan County, Washington",WA,50,0,,,,53,7,,,,,,,,,,,,,,,,,.,.,,,,,,,,,,,,,,0500000US53007,"Chelan County, Washington",,,53,79518
53009,"Clallam County, Washington",WA,50,0,,,,53,9,,,,,,,,,,,,,,,,,.,.,,,,,,,,,,,,,,0500000US53009,"Clallam County, Washington",,,53,77593
53011,"Clark County, Washington",WA,50,0,,,,53,11,,,,,,,,,,,,,,,,,.,.,,,,,,,,,,,,,,0500000US53011,"Clark County, Washington",,,53,510516
53013,"Columbia County, Washington",WA,50,0,,,,53,13,,,,,,,,,,,,,,,,,.,.,,,,,,,,,,,,,,0500000US53013,"Columbia County, Washington",,,53,3996
53015,"Cowlitz County, Washington",WA,50,0,,,,53,15,,,,,,,,,,,,,,,,,.,.,,,,,,,,,,,,,,0500000US53015,"Cowlitz County, Washington",,,53,111539
53017,"Douglas County, Washington",WA,50,0,,,,53,17,,,,,,,,,,,,,,,,,.,.,,,,,,,,,,,,,,0500000US53017,"Douglas County, Washington",,,53,43733
53019,"Ferry County, Washington",WA,50,0,,,,53,19,,,,,,,,,,,,,,,,,.,.,,,,,,,,,,,,,,0500000US53019,"Ferry County, Washington",,,53,7326
53021,"Franklin County, Washington",WA,50,0,,,,53,21,,,,,,,,,,,,,,,,,.,.,,,,,,,,,,,,,,0500000US53021,"Franklin County, Washington",,,53,97676
53023,"Garfield County, Washington",WA,50,0,,,,53,23,,,,,,,,,,,,,,,,,.,.,,,,,,,,,,,,,,0500000US53023,"Garfield County, Washington",,,53,2326
53025,"Grant County, Washington",WA,50,0,,,,53,25,,,,,,,,,,,,,,,,,.,.,,,,,,,,,,,,,,0500000US53025,"Grant County, Washington",,,53,100428
53027,"Grays Harbor County, Washington",WA,50,0,,,,53,27,,,,,,,,,,,,,,,,,.,.,,,,,,,,,,,,,,0500000US53027,"Grays Harbor County, Washington",,,53,76397
53029,"Island County, Washington",WA,50,0,,,,53,29,,,,,,,,,,,,,,,,,.,.,,,,,,,,,,,,,,0500000US53029,"Island County, Washington",,,53,86747
53031,"Jefferson County, Washington",WA,50,0,,,,53,31,,,,,,,,,,,,,,,,,.,.,,,,,,,,,,,,,,0500000US53031,"Jefferson County, Washington",,,53,33313
53033,"King County, Washington",WA,50,0,,,,53,33,,,,,,,,,,,,,,,,,.,.,,,,,,,,,,,,,,0500000US53033,"King County, Washington",,,53,2262713
53035,"Kitsap County, Washington",WA,50,0,,,,53,35,,,,,,,,,,,,,,,,,.,.,,,,,,,,,,,,,,0500000US53035,"Kitsap County, Washington",,,53,276581
53037,"Kittitas County, Washington",WA,50,0,,,,53,37,,,,,,,,,,,,,,,,,.,.,,,,,,,,,,,,,,0500000US53037,"Kittitas County, Washington",,,53,44736
53039,"Klickitat County, Washington",WA,50,0,,,,53,39,,,,,,,,,,,,,,,,,.,.,,,,,,,,,,,,,,0500000US53039,"Klickitat County, Washington",,,53,23082
53041,"Lewis County, Washington",WA,50,0,,,,53,41,,,,,,,,,,,,,,,,,.,.,,,,,,,,,,,,,,0500000US53041,"Lewis County, Washington",,,53,83925
53043,"Lincoln County, Washington",WA,50,0,,,,53,43,,,,,,,,,,,,,,,,,.,.,,,,,,,,,,,,,,0500000US53043,"Lincoln County, Washington",,,53,11271
53045,"Mason County, Washington",WA,50,0,,,,53,45,,,,,,,,,,,,,,,,,.,.,,,,,,,,,,,,,,0500000US53045,"Mason County, Washington",,,53,66968
53047,"Okanogan County, Washington",WA,50,0,,,,53,47,,,,,,,,,,,,,,,,,.,.,,,,,,,,,,,,,,0500000US53047,"Okanogan County, Washington",,,53,42811
53049,"Pacific County, Washington",WA,50,0,,,,53,49,,,,,,,,,,,,,,,,,.,.,,,,,,,,,,,,,,0500000US53049,"Pacific County, Washington",,,53,23750
53051,"Pend Oreille County, Washington",WA,50,0,,,,53,51,,,,,,,,,,,,,,,,,.,.,,,,,,,,,,,,,,0500000US53051,"Pend Oreille County, Washington",,,53,13811
53053,"Pierce County, Washington",WA,50,0,,,,53,53,,,,,,,,,,,,,,,,,.,.,,,,,,,,,,,,,,0500000US53053,"Pierce County, Washington",,,53,924106
53055,"San Juan County, Washington",WA,50,0,,,,53,55,,,,,,,,,,,,,,,,,.,.,,,,,,,,,,,,,,0500000US53055,"San Juan County, Washington",,,53,18266
53057,"Skagit County, Washington",WA,50,0,,,,53,57,,,,,,,,,,,,,,,,,.,.,,,,,,,,,,,,,,0500000US53057,"Skagit County, Washington",,,53,130407
53059,"Skamania County, Washington",WA,50,0,,,,53,59,,,,,,,,,,,,,,,,,.,.,,,,,,,,,,,,,,0500000US53059,"Skamania County, Washington",,,53,12276
53061,"Snohomish County, Washington",WA,50,0,,,,53,61,,,,,,,,,,,,,,,,,.,.,,,,,,,,,,,,,,0500000US53061,"Snohomish County, Washington",,,53,834648
53063,"Spokane County, Washington",WA,50,0,,,,53,63,,,,,,,,,,,,,,,,,.,.,,,,,,,,,,,,,,0500000US53063,"Spokane County, Washington",,,53,544323
53065,"Stevens County, Washington",WA,50,0,,,,53,65,,,,,,,,,,,,,,,,,.,.,,,,,,,,,,,,,,0500000US53065,"Stevens County, Washington",,,53,47470
53067,"Thurston County, Washington",WA,50,0,,,,53,67,,,,,,,,,,,,,,,,,.,.,,,,,,,,,,,,,,0500000US53067,"Thurston County, Washington",,,53,296640
53069,"Wahkiakum County, Washington",WA,50,0,,,,53,69,,,,,,,,,,,,,,,,,.,.,,,,,,,,,,,,,,0500000US53069,"Wahkiakum County, Washington",,,53,4573
53071,"Walla Walla County, Washington",WA,50,0,,,,53,71,,,,,,,,,,,,,,,,,.,.,,,,,,,,,,,,,,0500000US53071,"Walla Walla County, Washington",,,53,62102
53073,"Whatcom County, Washington",WA,50,0,,,,53,73,,,,,,,,,,,,,,,,,.,.,,,,,,,,,,,,,,0500000US53073,"Whatcom County, Washington",,,53,228432
53075,"Whitman County, Washington",WA,50,0,,,,53,75,,,,,,,,,,,,,,,,,.,.,,,,,,,,,,,,,,0500000US53075,"Whitman County, Washington",,,53,47042
53077,"Yakima County, Washington",WA,50,0,,,,53,77,,,,,,,,,,,,,,,,,.,.,,,,,,,,,,,,,,0500000US53077,"Yakima County, Washington",,,53,256605
54001,"Barbour County, West Virginia",WV,50,0,,,,54,1,,,,,,,,,,,,,,,,,.,.,,,,,,,,,,,,,,0500000US54001,"Barbour County, West Virginia",,,54,15454
54003,"Berkeley County, West Virginia",WV,50,0,,,,54,3,,,,,,,,,,,,,,,,,.,.,,,,,,,,,,,,,,0500000US54003,"Berkeley County, West Virginia",,,54,126165
54005,"Boone County, West Virginia",WV,50,0,,,,54,5,,,,,,,,,,,,,,,,,.,.,,,,,,,,,,,,,,0500000US54005,"Boone County, West Virginia",,,54,21312
54007,"Braxton County, West Virginia",WV,50,0,,,,54,7,,,,,,,,,,,,,,,,,.,.,,,,,,,,,,,,,,0500000US54007,"Braxton County, West Virginia",,,54,12345
54009,"Brooke County, West Virginia",WV,50,0,,,,54,9,,,,,,,,,,,,,,,,,.,.,,,,,,,,,,,,,,0500000US54009,"Brooke County, West Virginia",,,54,22053
54011,"Cabell County, West Virginia",WV,50,0,,,,54,11,,,,,,,,,,,,,,,,,.,.,,,,,,,,,,,,,,0500000US54011,"Cabell County, West Virginia",,,54,93300
54013,"Calhoun County, West Virginia",WV,50,0,,,,54,13,,,,,,,,,,,,,,,,,.,.,,,,,,,,,,,,,,0500000US54013,"Calhoun County, West Virginia",,,54,6158
54015,"Clay County, West Virginia",WV,50,0,,,,54,15,,,,,,,,,,,,,,,,,.,.,,,,,,,,,,,,,,0500000US54015,"Clay County, West Virginia",,,54,7946
54017,"Doddridge County, West Virginia",WV,50,0,,,,54,17,,,,,,,,,,,,,,,,,.,.,,,,,,,,,,,,,,0500000US54017,"Doddridge County, West Virginia",,,54,7767
54019,"Fayette County, West Virginia",WV,50,0,,,,54,19,,,,,,,,,,,,,,,,,.,.,,,,,,,,,,,,,,0500000US54019,"Fayette County, West Virginia",,,54,39987
54021,"Gilmer County, West Virginia",WV,50,0,,,,54,21,,,,,,,,,,,,,,,,,.,.,,,,,,,,,,,,,,0500000US54021,"Gilmer County, West Virginia",,,54,7376
54023,"Grant County, West Virginia",WV,50,0,,,,54,23,,,,,,,,,,,,,,,,,.,.,,,,,,,,,,,,,,0500000US54023,"Grant County, West Virginia",,,54,10972
54025,"Greenbrier County, West Virginia",WV,50,0,,,,54,25,,,,,,,,,,,,,,,,,.,.,,,,,,,,,,,,,,0500000US54025,"Greenbrier County, West Virginia",,,54,32688
54027,"Hampshire County, West Virginia",WV,50,0,,,,54,27,,,,,,,,,,,,,,,,,.,.,,,,,,,,,,,,,,0500000US54027,"Hampshire County, West Virginia",,,54,23340
54029,"Hancock County, West Virginia",WV,50,0,,,,54,29,,,,,,,,,,,,,,,,,.,.,,,,,,,,,,,,,,0500000US54029,"Hancock County, West Virginia",,,54,28658
54031,"Hardy County, West Virginia",WV,50,0,,,,54,31,,,,,,,,,,,,,,,,,.,.,,,,,,,,,,,,,,0500000US54031,"Hardy County, West Virginia",,,54,14236
54033,"Harrison County, West Virginia",WV,50,0,,,,54,33,,,,,,,,,,,,,,,,,.,.,,,,,,,,,,,,,,0500000US54033,"Harrison County, West Virginia",,,54,65407
54035,"Jackson County, West Virginia",WV,50,0,,,,54,35,,,,,,,,,,,,,,,,,.,.,,,,,,,,,,,,,,0500000US54035,"Jackson County, West Virginia",,,54,27753
54037,"Jefferson County, West Virginia",WV,50,0,,,,54,37,,,,,,,,,,,,,,,,,.,.,,,,,,,,,,,,,,0500000US54037,"Jefferson County, West Virginia",,,54,58546
54039,"Kanawha County, West Virginia",WV,50,0,,,,54,39,,,,,,,,,,,,,,,,,.,.,,,,,,,,,,,,,,0500000US54039,"Kanawha County, West Virginia",,,54,178198
54041,"Lewis County, West Virginia",WV,50,0,,,,54,41,,,,,,,,,,,,,,,,,.,.,,,,,,,,,,,,,,0500000US54041,"Lewis County, West Virginia",,,54,16808
54043,"Lincoln County, West Virginia",WV,50,0,,,,54,43,,,,,,,,,,,,,,,,,.,.,,,,,,,,,,,,,,0500000US54043,"Lincoln County, West Virginia",,,54,20170
54045,"Logan County, West Virginia",WV,50,0,,,,54,45,,,,,,,,,,,,,,,,,.,.,,,,,,,,,,,,,,0500000US54045,"Logan County, West Virginia",,,54,31826
54047,"McDowell County, West Virginia",WV,50,0,,,,54,47,,,,,,,,,,,,,,,,,.,.,,,,,,,,,,,,,,0500000US54047,"McDowell County, West Virginia",,,54,18413
54049,"Marion County, West Virginia",WV,50,0,,,,54,49,,,,,,,,,,,,,,,,,.,.,,,,,,,,,,,,,,0500000US54049,"Marion County, West Virginia",,,54,56042
54051,"Marshall County, West Virginia",WV,50,0,,,,54,51,,,,,,,,,,,,,,,,,.,.,,,,,,,,,,,,,,0500000US54051,"Marshall County, West Virginia",,,54,30129
54053,"Mason County, West Virginia",WV,50,0,,,,54,53,,,,,,,,,,,,,,,,,.,.,,,,,,,,,,,,,,0500000US54053,"Mason County, West Virginia",,,54,25214
54055,"Mercer County, West Virginia",WV,50,0,,,,54,55,,,,,,,,,,,,,,,,,.,.,,,,,,,,,,,,,,0500000US54055,"Mercer County, West Virginia",,,54,59062
54057,"Mineral County, West Virginia",WV,50,0,,,,54,57,,,,,,,,,,,,,,,,,.,.,,,,,,,,,,,,,,0500000US54057,"Mineral County, West Virginia",,,54,26922
54059,"Mingo County, West Virginia",WV,50,0,,,,54,59,,,,,,,,,,,,,,,,,.,.,,,,,,,,,,,,,,0500000US54059,"Mingo County, West Virginia",,,54,22979
54061,"Monongalia County, West Virginia",WV,50,0,,,,54,61,,,,,,,,,,,,,,,,,.,.,,,,,,,,,,,,,,0500000US54061,"Monongalia County, West Virginia",,,54,106520
54063,"Monroe County, West Virginia",WV,50,0,,,,54,63,,,,,,,,,,,,,,,,,.,.,,,,,,,,,,,,,,0500000US54063,"Monroe County, West Virginia",,,54,12401
54065,"Morgan County, West Virginia",WV,50,0,,,,54,65,,,,,,,,,,,,,,,,,.,.,,,,,,,,,,,,,,0500000US54065,"Morgan County, West Virginia",,,54,17327
54067,"Nicholas County, West Virginia",WV,50,0,,,,54,67,,,,,,,,,,,,,,,,,.,.,,,,,,,,,,,,,,0500000US54067,"Nicholas County, West Virginia",,,54,24446
54069,"Ohio County, West Virginia",WV,50,0,,,,54,69,,,,,,,,,,,,,,,,,.,.,,,,,,,,,,,,,,0500000US54069,"Ohio County, West Virginia",,,54,41904
54071,"Pendleton County, West Virginia",WV,50,0,,,,54,71,,,,,,,,,,,,,,,,,.,.,,,,,,,,,,,,,,0500000US54071,"Pendleton County, West Virginia",,,54,6111
54073,"Pleasants County, West Virginia",WV,50,0,,,,54,73,,,,,,,,,,,,,,,,,.,.,,,,,,,,,,,,,,0500000US54073,"Pleasants County, West Virginia",,,54,7572
54075,"Pocahontas County, West Virginia",WV,50,0,,,,54,75,,,,,,,,,,,,,,,,,.,.,,,,,,,,,,,,,,0500000US54075,"Pocahontas County, West Virginia",,,54,7855
54077,"Preston County, West Virginia",WV,50,0,,,,54,77,,,,,,,,,,,,,,,,,.,.,,,,,,,,,,,,,,0500000US54077,"Preston County, West Virginia",,,54,34204
54079,"Putnam County, West Virginia",WV,50,0,,,,54,79,,,,,,,,,,,,,,,,,.,.,,,,,,,,,,,,,,0500000US54079,"Putnam County, West Virginia",,,54,57250
54081,"Raleigh County, West Virginia",WV,50,0,,,,54,81,,,,,,,,,,,,,,,,,.,.,,,,,,,,,,,,,,0500000US54081,"Raleigh County, West Virginia",,,54,73666
54083,"Randolph County, West Virginia",WV,50,0,,,,54,83,,,,,,,,,,,,,,,,,.,.,,,,,,,,,,,,,,0500000US54083,"Randolph County, West Virginia",,,54,27782
54085,"Ritchie County, West Virginia",WV,50,0,,,,54,85,,,,,,,,,,,,,,,,,.,.,,,,,,,,,,,,,,0500000US54085,"Ritchie County, West Virginia",,,54,8372
54087,"Roane County, West Virginia",WV,50,0,,,,54,87,,,,,,,,,,,,,,,,,.,.,,,,,,,,,,,,,,0500000US54087,"Roane County, West Virginia",,,54,13921
54089,"Summers County, West Virginia",WV,50,0,,,,54,89,,,,,,,,,,,,,,,,,.,.,,,,,,,,,,,,,,0500000US54089,"Summers County, West Virginia",,,54,11833
54091,"Taylor County, West Virginia",WV,50,0,,,,54,91,,,,,,,,,,,,,,,,,.,.,,,,,,,,,,,,,,0500000US54091,"Taylor County, West Virginia",,,54,16543
54093,"Tucker County, West Virginia",WV,50,0,,,,54,93,,,,,,,,,,,,,,,,,.,.,,,,,,,,,,,,,,0500000US54093,"Tucker County, West Virginia",,,54,6698
54095,"Tyler County, West Virginia",WV,50,0,,,,54,95,,,,,,,,,,,,,,,,,.,.,,,,,,,,,,,,,,0500000US54095,"Tyler County, West Virginia",,,54,8181
54097,"Upshur County, West Virginia",WV,50,0,,,,54,97,,,,,,,,,,,,,,,,,.,.,,,,,,,,,,,,,,0500000US54097,"Upshur County, West Virginia",,,54,23758
54099,"Wayne County, West Virginia",WV,50,0,,,,54,99,,,,,,,,,,,,,,,,,.,.,,,,,,,,,,,,,,0500000US54099,"Wayne County, West Virginia",,,54,38498
54101,"Webster County, West Virginia",WV,50,0,,,,54,101,,,,,,,,,,,,,,,,,.,.,,,,,,,,,,,,,,0500000US54101,"Webster County, West Virginia",,,54,8253
54103,"Wetzel County, West Virginia",WV,50,0,,,,54,103,,,,,,,,,,,,,,,,,.,.,,,,,,,,,,,,,,0500000US54103,"Wetzel County, West Virginia",,,54,14233
54105,"Wirt County, West Virginia",WV,50,0,,,,54,105,,,,,,,,,,,,,,,,,.,.,,,,,,,,,,,,,,0500000US54105,"Wirt County, West Virginia",,,54,5131
54107,"Wood County, West Virginia",WV,50,0,,,,54,107,,,,,,,,,,,,,,,,,.,.,,,,,,,,,,,,,,0500000US54107,"Wood County, West Virginia",,,54,83829
54109,"Wyoming County, West Virginia",WV,50,0,,,,54,109,,,,,,,,,,,,,,,,,.,.,,,,,,,,,,,,,,0500000US54109,"Wyoming County, West Virginia",,,54,20948
55001,"Adams County, Wisconsin",WI,50,0,,,,55,1,,,,,,,,,,,,,,,,,.,.,,,,,,,,,,,,,,0500000US55001,"Adams County, Wisconsin",,,55,20928
55003,"Ashland County, Wisconsin",WI,50,0,,,,55,3,,,,,,,,,,,,,,,,,.,.,,,,,,,,,,,,,,0500000US55003,"Ashland County, Wisconsin",,,55,16050
55005,"Barron County, Wisconsin",WI,50,0,,,,55,5,,,,,,,,,,,,,,,,,.,.,,,,,,,,,,,,,,0500000US55005,"Barron County, Wisconsin",,,55,46741
55007,"Bayfield County, Wisconsin",WI,50,0,,,,55,7,,,,,,,,,,,,,,,,,.,.,,,,,,,,,,,,,,0500000US55007,"Bayfield County, Wisconsin",,,55,16410
55009,"Brown County, Wisconsin",WI,50,0,,,,55,9,,,,,,,,,,,,,,,,,.,.,,,,,,,,,,,,,,0500000US55009,"Brown County, Wisconsin",,,55,269425
55011,"Buffalo County, Wisconsin",WI,50,0,,,,55,11,,,,,,,,,,,,,,,,,.,.,,,,,,,,,,,,,,0500000US55011,"Buffalo County, Wisconsin",,,55,13341
55013,"Burnett County, Wisconsin",WI,50,0,,,,55,13,,,,,,,,,,,,,,,,,.,.,,,,,,,,,,,,,,0500000US55013,"Burnett County, Wisconsin",,,55,16741
55015,"Calumet County, Wisconsin",WI,50,0,,,,55,15,,,,,,,,,,,,,,,,,.,.,,,,,,,,,,,,,,0500000US55015,"Calumet County, Wisconsin",,,55,52626
55017,"Chippewa County, Wisconsin",WI,50,0,,,,55,17,,,,,,,,,,,,,,,,,.,.,,,,,,,,,,,,,,0500000US55017,"Chippewa County, Wisconsin",,,55,66558
55019,"Clark County, Wisconsin",WI,50,0,,,,55,19,,,,,,,,,,,,,,,,,.,.,,,,,,,,,,,,,,0500000US55019,"Clark County, Wisconsin",,,55,34736
55021,"Columbia County, Wisconsin",WI,50,0,,,,55,21,,,,,,,,,,,,,,,,,.,.,,,,,,,,,,,,,,0500000US55021,"Columbia County, Wisconsin",,,55,58322
55023,"Crawford County, Wisconsin",WI,50,0,,,,55,23,,,,,,,,,,,,,,,,,.,.,,,,,,,,,,,,,,0500000US55023,"Crawford County, Wisconsin",,,55,16064
55025,"Dane County, Wisconsin",WI,50,0,,,,55,25,,,,,,,,,,,,,,,,,.,.,,,,,,,,,,,,,,0500000US55025,"Dane County, Wisconsin",,,55,564777
55027,"Dodge County, Wisconsin",WI,50,0,,,,55,27,,,,,,,,,,,,,,,,,.,.,,,,,,,,,,,,,,0500000US55027,"Dodge County, Wisconsin",,,55,88818
55029,"Door County, Wisconsin",WI,50,0,,,,55,29,,,,,,,,,,,,,,,,,.,.,,,,,,,,,,,,,,0500000US55029,"Door County, Wisconsin",,,55,30279
55031,"Douglas County, Wisconsin",WI,50,0,,,,55,31,,,,,,,,,,,,,,,,,.,.,,,,,,,,,,,,,,0500000US55031,"Douglas County, Wisconsin",,,55,44197
55033,"Dunn County, Wisconsin",WI,50,0,,,,55,33,,,,,,,,,,,,,,,,,.,.,,,,,,,,,,,,,,0500000US55033,"Dunn County, Wisconsin",,,55,45349
55035,"Eau Claire County, Wisconsin",WI,50,0,,,,55,35,,,,,,,,,,,,,,,,,.,.,,,,,,,,,,,,,,0500000US55035,"Eau Claire County, Wisconsin",,,55,106328
55037,"Florence County, Wisconsin",WI,50,0,,,,55,37,,,,,,,,,,,,,,,,,.,.,,,,,,,,,,,,,,0500000US55037,"Florence County, Wisconsin",,,55,4617
55039,"Fond du Lac County, Wisconsin",WI,50,0,,,,55,39,,,,,,,,,,,,,,,,,.,.,,,,,,,,,,,,,,0500000US55039,"Fond du Lac County, Wisconsin",,,55,104053
55041,"Forest County, Wisconsin",WI,50,0,,,,55,41,,,,,,,,,,,,,,,,,.,.,,,,,,,,,,,,,,0500000US55041,"Forest County, Wisconsin",,,55,9261
55043,"Grant County, Wisconsin",WI,50,0,,,,55,43,,,,,,,,,,,,,,,,,.,.,,,,,,,,,,,,,,0500000US55043,"Grant County, Wisconsin",,,55,51678
55045,"Green County, Wisconsin",WI,50,0,,,,55,45,,,,,,,,,,,,,,,,,.,.,,,,,,,,,,,,,,0500000US55045,"Green County, Wisconsin",,,55,37036
55047,"Green Lake County, Wisconsin",WI,50,0,,,,55,47,,,,,,,,,,,,,,,,,.,.,,,,,,,,,,,,,,0500000US55047,"Green Lake County, Wisconsin",,,55,19165
55049,"Iowa County, Wisconsin",WI,50,0,,,,55,49,,,,,,,,,,,,,,,,,.,.,,,,,,,,,,,,,,0500000US55049,"Iowa County, Wisconsin",,,55,23832
55051,"Iron County, Wisconsin",WI,50,0,,,,55,51,,,,,,,,,,,,,,,,,.,.,,,,,,,,,,,,,,0500000US55051,"Iron County, Wisconsin",,,55,6164
55053,"Jackson County, Wisconsin",WI,50,0,,,,55,53,,,,,,,,,,,,,,,,,.,.,,,,,,,,,,,,,,0500000US55053,"Jackson County, Wisconsin",,,55,20971
55055,"Jefferson County, Wisconsin",WI,50,0,,,,55,55,,,,,,,,,,,,,,,,,.,.,,,,,,,,,,,,,,0500000US55055,"Jefferson County, Wisconsin",,,55,85867
55057,"Juneau County, Wisconsin",WI,50,0,,,,55,57,,,,,,,,,,,,,,,,,.,.,,,,,,,,,,,,,,0500000US55057,"Juneau County, Wisconsin",,,55,26695
55059,"Kenosha County, Wisconsin",WI,50,0,,,,55,59,,,,,,,,,,,,,,,,,.,.,,,,,,,,,,,,,,0500000US55059,"Kenosha County, Wisconsin",,,55,168413
55061,"Kewaunee County, Wisconsin",WI,50,0,,,,55,61,,,,,,,,,,,,,,,,,.,.,,,,,,,,,,,,,,0500000US55061,"Kewaunee County, Wisconsin",,,55,20621
55063,"La Crosse County, Wisconsin",WI,50,0,,,,55,63,,,,,,,,,,,,,,,,,.,.,,,,,,,,,,,,,,0500000US55063,"La Crosse County, Wisconsin",,,55,120262
55065,"Lafayette County, Wisconsin",WI,50,0,,,,55,65,,,,,,,,,,,,,,,,,.,.,,,,,,,,,,,,,,0500000US55065,"Lafayette County, Wisconsin",,,55,16788
55067,"Langlade County, Wisconsin",WI,50,0,,,,55,67,,,,,,,,,,,,,,,,,.,.,,,,,,,,,,,,,,0500000US55067,"Langlade County, Wisconsin",,,55,19473
55069,"Lincoln County, Wisconsin",WI,50,0,,,,55,69,,,,,,,,,,,,,,,,,.,.,,,,,,,,,,,,,,0500000US55069,"Lincoln County, Wisconsin",,,55,28403
55071,"Manitowoc County, Wisconsin",WI,50,0,,,,55,71,,,,,,,,,,,,,,,,,.,.,,,,,,,,,,,,,,0500000US55071,"Manitowoc County, Wisconsin",,,55,81314
55073,"Marathon County, Wisconsin",WI,50,0,,,,55,73,,,,,,,,,,,,,,,,,.,.,,,,,,,,,,,,,,0500000US55073,"Marathon County, Wisconsin",,,55,138067
55075,"Marinette County, Wisconsin",WI,50,0,,,,55,75,,,,,,,,,,,,,,,,,.,.,,,,,,,,,,,,,,0500000US55075,"Marinette County, Wisconsin",,,55,41907
55077,"Marquette County, Wisconsin",WI,50,0,,,,55,77,,,,,,,,,,,,,,,,,.,.,,,,,,,,,,,,,,0500000US55077,"Marquette County, Wisconsin",,,55,15706
55078,"Menominee County, Wisconsin",WI,50,0,,,,55,78,,,,,,,,,,,,,,,,,.,.,,,,,,,,,,,,,,0500000US55078,"Menominee County, Wisconsin",,,55,4256
55079,"Milwaukee County, Wisconsin",WI,50,0,,,,55,79,,,,,,,,,,,,,,,,,.,.,,,,,,,,,,,,,,0500000US55079,"Milwaukee County, Wisconsin",,,55,927656
55081,"Monroe County, Wisconsin",WI,50,0,,,,55,81,,,,,,,,,,,,,,,,,.,.,,,,,,,,,,,,,,0500000US55081,"Monroe County, Wisconsin",,,55,46169
55083,"Oconto County, Wisconsin",WI,50,0,,,,55,83,,,,,,,,,,,,,,,,,.,.,,,,,,,,,,,,,,0500000US55083,"Oconto County, Wisconsin",,,55,39329
55085,"Oneida County, Wisconsin",WI,50,0,,,,55,85,,,,,,,,,,,,,,,,,.,.,,,,,,,,,,,,,,0500000US55085,"Oneida County, Wisconsin",,,55,38007
55087,"Outagamie County, Wisconsin",WI,50,0,,,,55,87,,,,,,,,,,,,,,,,,.,.,,,,,,,,,,,,,,0500000US55087,"Outagamie County, Wisconsin",,,55,191537
55089,"Ozaukee County, Wisconsin",WI,50,0,,,,55,89,,,,,,,,,,,,,,,,,.,.,,,,,,,,,,,,,,0500000US55089,"Ozaukee County, Wisconsin",,,55,92345
55091,"Pepin County, Wisconsin",WI,50,0,,,,55,91,,,,,,,,,,,,,,,,,.,.,,,,,,,,,,,,,,0500000US55091,"Pepin County, Wisconsin",,,55,7372
55093,"Pierce County, Wisconsin",WI,50,0,,,,55,93,,,,,,,,,,,,,,,,,.,.,,,,,,,,,,,,,,0500000US55093,"Pierce County, Wisconsin",,,55,42351
55095,"Polk County, Wisconsin",WI,50,0,,,,55,95,,,,,,,,,,,,,,,,,.,.,,,,,,,,,,,,,,0500000US55095,"Polk County, Wisconsin",,,55,45327
55097,"Portage County, Wisconsin",WI,50,0,,,,55,97,,,,,,,,,,,,,,,,,.,.,,,,,,,,,,,,,,0500000US55097,"Portage County, Wisconsin",,,55,70375
55099,"Price County, Wisconsin",WI,50,0,,,,55,99,,,,,,,,,,,,,,,,,.,.,,,,,,,,,,,,,,0500000US55099,"Price County, Wisconsin",,,55,14077
55101,"Racine County, Wisconsin",WI,50,0,,,,55,101,,,,,,,,,,,,,,,,,.,.,,,,,,,,,,,,,,0500000US55101,"Racine County, Wisconsin",,,55,196888
55103,"Richland County, Wisconsin",WI,50,0,,,,55,103,,,,,,,,,,,,,,,,,.,.,,,,,,,,,,,,,,0500000US55103,"Richland County, Wisconsin",,,55,17229
55105,"Rock County, Wisconsin",WI,50,0,,,,55,105,,,,,,,,,,,,,,,,,.,.,,,,,,,,,,,,,,0500000US55105,"Rock County, Wisconsin",,,55,163944
55107,"Rusk County, Wisconsin",WI,50,0,,,,55,107,,,,,,,,,,,,,,,,,.,.,,,,,,,,,,,,,,0500000US55107,"Rusk County, Wisconsin",,,55,14146
55109,"St. Croix County, Wisconsin",WI,50,0,,,,55,109,,,,,,,,,,,,,,,,,.,.,,,,,,,,,,,,,,0500000US55109,"St. Croix County, Wisconsin",,,55,94819
55111,"Sauk County, Wisconsin",WI,50,0,,,,55,111,,,,,,,,,,,,,,,,,.,.,,,,,,,,,,,,,,0500000US55111,"Sauk County, Wisconsin",,,55,65759
55113,"Sawyer County, Wisconsin",WI,50,0,,,,55,113,,,,,,,,,,,,,,,,,.,.,,,,,,,,,,,,,,0500000US55113,"Sawyer County, Wisconsin",,,55,18243
55115,"Shawano County, Wisconsin",WI,50,0,,,,55,115,,,,,,,,,,,,,,,,,.,.,,,,,,,,,,,,,,0500000US55115,"Shawano County, Wisconsin",,,55,40927
55117,"Sheboygan County, Wisconsin",WI,50,0,,,,55,117,,,,,,,,,,,,,,,,,.,.,,,,,,,,,,,,,,0500000US55117,"Sheboygan County, Wisconsin",,,55,117783
55119,"Taylor County, Wisconsin",WI,50,0,,,,55,119,,,,,,,,,,,,,,,,,.,.,,,,,,,,,,,,,,0500000US55119,"Taylor County, Wisconsin",,,55,19972
55121,"Trempealeau County, Wisconsin",WI,50,0,,,,55,121,,,,,,,,,,,,,,,,,.,.,,,,,,,,,,,,,,0500000US55121,"Trempealeau County, Wisconsin",,,55,30786
55123,"Vernon County, Wisconsin",WI,50,0,,,,55,123,,,,,,,,,,,,,,,,,.,.,,,,,,,,,,,,,,0500000US55123,"Vernon County, Wisconsin",,,55,30915
55125,"Vilas County, Wisconsin",WI,50,0,,,,55,125,,,,,,,,,,,,,,,,,.,.,,,,,,,,,,,,,,0500000US55125,"Vilas County, Wisconsin",,,55,23410
55127,"Walworth County, Wisconsin",WI,50,0,,,,55,127,,,,,,,,,,,,,,,,,.,.,,,,,,,,,,,,,,0500000US55127,"Walworth County, Wisconsin",,,55,105447
55129,"Washburn County, Wisconsin",WI,50,0,,,,55,129,,,,,,,,,,,,,,,,,.,.,,,,,,,,,,,,,,0500000US55129,"Washburn County, Wisconsin",,,55,16749
55131,"Washington County, Wisconsin",WI,50,0,,,,55,131,,,,,,,,,,,,,,,,,.,.,,,,,,,,,,,,,,0500000US55131,"Washington County, Wisconsin",,,55,137320
55133,"Waukesha County, Wisconsin",WI,50,0,,,,55,133,,,,,,,,,,,,,,,,,.,.,,,,,,,,,,,,,,0500000US55133,"Waukesha County, Wisconsin",,,55,409040
55135,"Waupaca County, Wisconsin",WI,50,0,,,,55,135,,,,,,,,,,,,,,,,,.,.,,,,,,,,,,,,,,0500000US55135,"Waupaca County, Wisconsin",,,55,51714
55137,"Waushara County, Wisconsin",WI,50,0,,,,55,137,,,,,,,,,,,,,,,,,.,.,,,,,,,,,,,,,,0500000US55137,"Waushara County, Wisconsin",,,55,24752
55139,"Winnebago County, Wisconsin",WI,50,0,,,,55,139,,,,,,,,,,,,,,,,,.,.,,,,,,,,,,,,,,0500000US55139,"Winnebago County, Wisconsin",,,55,171357
55141,"Wood County, Wisconsin",WI,50,0,,,,55,141,,,,,,,,,,,,,,,,,.,.,,,,,,,,,,,,,,0500000US55141,"Wood County, Wisconsin",,,55,74039
56001,"Albany County, Wyoming",WY,50,0,,,,56,1,,,,,,,,,,,,,,,,,.,.,,,,,,,,,,,,,,0500000US56001,"Albany County, Wyoming",,,56,37713
56003,"Big Horn County, Wyoming",WY,50,0,,,,56,3,,,,,,,,,,,,,,,,,.,.,,,,,,,,,,,,,,0500000US56003,"Big Horn County, Wyoming",,,56,11737
56005,"Campbell County, Wyoming",WY,50,0,,,,56,5,,,,,,,,,,,,,,,,,.,.,,,,,,,,,,,,,,0500000US56005,"Campbell County, Wyoming",,,56,47018
56007,"Carbon County, Wyoming",WY,50,0,,,,56,7,,,,,,,,,,,,,,,,,.,.,,,,,,,,,,,,,,0500000US56007,"Carbon County, Wyoming",,,56,14549
56009,"Converse County, Wyoming",WY,50,0,,,,56,9,,,,,,,,,,,,,,,,,.,.,,,,,,,,,,,,,,0500000US56009,"Converse County, Wyoming",,,56,13759
56011,"Crook County, Wyoming",WY,50,0,,,,56,11,,,,,,,,,,,,,,,,,.,.,,,,,,,,,,,,,,0500000US56011,"Crook County, Wyoming",,,56,7339
56013,"Fremont County, Wyoming",WY,50,0,,,,56,13,,,,,,,,,,,,,,,,,.,.,,,,,,,,,,,,,,0500000US56013,"Fremont County, Wyoming",,,56,39472
56015,"Goshen County, Wyoming",WY,50,0,,,,56,15,,,,,,,,,,,,,,,,,.,.,,,,,,,,,,,,,,0500000US56015,"Goshen County, Wyoming",,,56,12587
56017,"Hot Springs County, Wyoming",WY,50,0,,,,56,17,,,,,,,,,,,,,,,,,.,.,,,,,,,,,,,,,,0500000US56017,"Hot Springs County, Wyoming",,,56,4618
56019,"Johnson County, Wyoming",WY,50,0,,,,56,19,,,,,,,,,,,,,,,,,.,.,,,,,,,,,,,,,,0500000US56019,"Johnson County, Wyoming",,,56,8602
56021,"Laramie County, Wyoming",WY,50,0,,,,56,21,,,,,,,,,,,,,,,,,.,.,,,,,,,,,,,,,,0500000US56021,"Laramie County, Wyoming",,,56,100661
56023,"Lincoln County, Wyoming",WY,50,0,,,,56,23,,,,,,,,,,,,,,,,,.,.,,,,,,,,,,,,,,0500000US56023,"Lincoln County, Wyoming",,,56,20158
56025,"Natrona County, Wyoming",WY,50,0,,,,56,25,,,,,,,,,,,,,,,,,.,.,,,,,,,,,,,,,,0500000US56025,"Natrona County, Wyoming",,,56,79735
56027,"Niobrara County, Wyoming",WY,50,0,,,,56,27,,,,,,,,,,,,,,,,,.,.,,,,,,,,,,,,,,0500000US56027,"Niobrara County, Wyoming",,,56,2415
56029,"Park County, Wyoming",WY,50,0,,,,56,29,,,,,,,,,,,,,,,,,.,.,,,,,,,,,,,,,,0500000US56029,"Park County, Wyoming",,,56,30109
56031,"Platte County, Wyoming",WY,50,0,,,,56,31,,,,,,,,,,,,,,,,,.,.,,,,,,,,,,,,,,0500000US56031,"Platte County, Wyoming",,,56,8606
56033,"Sheridan County, Wyoming",WY,50,0,,,,56,33,,,,,,,,,,,,,,,,,.,.,,,,,,,,,,,,,,0500000US56033,"Sheridan County, Wyoming",,,56,31585
56035,"Sublette County, Wyoming",WY,50,0,,,,56,35,,,,,,,,,,,,,,,,,.,.,,,,,,,,,,,,,,0500000US56035,"Sublette County, Wyoming",,,56,8806
56037,"Sweetwater County, Wyoming",WY,50,0,,,,56,37,,,,,,,,,,,,,,,,,.,.,,,,,,,,,,,,,,0500000US56037,"Sweetwater County, Wyoming",,,56,41786
56039,"Teton County, Wyoming",WY,50,0,,,,56,39,,,,,,,,,,,,,,,,,.,.,,,,,,,,,,,,,,0500000US56039,"Teton County, Wyoming",,,56,23358
56041,"Uinta County, Wyoming",WY,50,0,,,,56,41,,,,,,,,,,,,,,,,,.,.,,,,,,,,,,,,,,0500000US56041,"Uinta County, Wyoming",,,56,20605
56043,"Washakie County, Wyoming",WY,50,0,,,,56,43,,,,,,,,,,,,,,,,,.,.,,,,,,,,,,,,,,0500000US56043,"Washakie County, Wyoming",,,56,7708
56045,"Weston County, Wyoming",WY,50,0,,,,56,45,,,,,,,,,,,,,,,,,.,.,,,,,,,,,,,,,,0500000US56045,"Weston County, Wyoming",,,56,6835
72001,"Adjuntas Municipio, Puerto Rico",PR,50,0,,,,72,1,,,,,,,,,,,,,,,,,.,.,,,,,,,,,,,,,,0500000US72001,"Adjuntas Municipio, Puerto Rico",,,72,17975
72003,"Aguada Municipio, Puerto Rico",PR,50,0,,,,72,3,,,,,,,,,,,,,,,,,.,.,,,,,,,,,,,,,,0500000US72003,"Aguada Municipio, Puerto Rico",,,72,37904
72005,"Aguadilla Municipio, Puerto Rico",PR,50,0,,,,72,5,,,,,,,,,,,,,,,,,.,.,,,,,,,,,,,,,,0500000US72005,"Aguadilla Municipio, Puerto Rico",,,72,54486
72007,"Aguas Buenas Municipio, Puerto Rico",PR,50,0,,,,72,7,,,,,,,,,,,,,,,,,.,.,,,,,,,,,,,,,,0500000US72007,"Aguas Buenas Municipio, Puerto Rico",,,72,23888
72009,"Aibonito Municipio, Puerto Rico",PR,50,0,,,,72,9,,,,,,,,,,,,,,,,,.,.,,,,,,,,,,,,,,0500000US72009,"Aibonito Municipio, Puerto Rico",,,72,24610
72011,"Añasco Municipio, Puerto Rico",PR,50,0,,,,72,11,,,,,,,,,,,,,,,,,.,.,,,,,,,,,,,,,,0500000US72011,"Añasco Municipio, Puerto Rico",,,72,25316
72013,"Arecibo Municipio, Puerto Rico",PR,50,0,,,,72,13,,,,,,,,,,,,,,,,,.,.,,,,,,,,,,,,,,0500000US72013,"Arecibo Municipio, Puerto Rico",,,72,86875
72015,"Arroyo Municipio, Puerto Rico",PR,50,0,,,,72,15,,,,,,,,,,,,,,,,,.,.,,,,,,,,,,,,,,0500000US72015,"Arroyo Municipio, Puerto Rico",,,72,15573
72017,"Barceloneta Municipio, Puerto Rico",PR,50,0,,,,72,17,,,,,,,,,,,,,,,,,.,.,,,,,,,,,,,,,,0500000US72017,"Barceloneta Municipio, Puerto Rico",,,72,22565
72019,"Barranquitas Municipio, Puerto Rico",PR,50,0,,,,72,19,,,,,,,,,,,,,,,,,.,.,,,,,,,,,,,,,,0500000US72019,"Barranquitas Municipio, Puerto Rico",,,72,28984
72021,"Bayamón Municipio, Puerto Rico",PR,50,0,,,,72,21,,,,,,,,,,,,,,,,,.,.,,,,,,,,,,,,,,0500000US72021,"Bayamón Municipio, Puerto Rico",,,72,183456
72023,"Cabo Rojo Municipio, Puerto Rico",PR,50,0,,,,72,23,,,,,,,,,,,,,,,,,.,.,,,,,,,,,,,,,,0500000US72023,"Cabo Rojo Municipio, Puerto Rico",,,72,46955
72025,"Caguas Municipio, Puerto Rico",PR,50,0,,,,72,25,,,,,,,,,,,,,,,,,.,.,,,,,,,,,,,,,,0500000US72025,"Caguas Municipio, Puerto Rico",,,72,126239
72027,"Camuy Municipio, Puerto Rico",PR,50,0,,,,72,27,,,,,,,,,,,,,,,,,.,.,,,,,,,,,,,,,,0500000US72027,"Camuy Municipio, Puerto Rico",,,72,32753
72029,"Canóvanas Municipio, Puerto Rico",PR,50,0,,,,72,29,,,,,,,,,,,,,,,,,.,.,,,,,,,,,,,,,,0500000US72029,"Canóvanas Municipio, Puerto Rico",,,72,42037
72031,"Carolina Municipio, Puerto Rico",PR,50,0,,,,72,31,,,,,,,,,,,,,,,,,.,.,,,,,,,,,,,,,,0500000US72031,"Carolina Municipio, Puerto Rico",,,72,153226
72033,"Cataño Municipio, Puerto Rico",PR,50,0,,,,72,33,,,,,,,,,,,,,,,,,.,.,,,,,,,,,,,,,,0500000US72033,"Cataño Municipio, Puerto Rico",,,72,22768
72035,"Cayey Municipio, Puerto Rico",PR,50,0,,,,72,35,,,,,,,,,,,,,,,,,.,.,,,,,,,,,,,,,,0500000US72035,"Cayey Municipio, Puerto Rico",,,72,41231
72037,"Ceiba Municipio, Puerto Rico",PR,50,0,,,,72,37,,,,,,,,,,,,,,,,,.,.,,,,,,,,,,,,,,0500000US72037,"Ceiba Municipio, Puerto Rico",,,72,11128
72039,"Ciales Municipio, Puerto Rico",PR,50,0,,,,72,39,,,,,,,,,,,,,,,,,.,.,,,,,,,,,,,,,,0500000US72039,"Ciales Municipio, Puerto Rico",,,72,16874
72041,"Cidra Municipio, Puerto Rico",PR,50,0,,,,72,41,,,,,,,,,,,,,,,,,.,.,,,,,,,,,,,,,,0500000US72041,"Cidra Municipio, Puerto Rico",,,72,39765
72043,"Coamo Municipio, Puerto Rico",PR,50,0,,,,72,43,,,,,,,,,,,,,,,,,.,.,,,,,,,,,,,,,,0500000US72043,"Coamo Municipio, Puerto Rico",,,72,34294
72045,"Comerío Municipio, Puerto Rico",PR,50,0,,,,72,45,,,,,,,,,,,,,,,,,.,.,,,,,,,,,,,,,,0500000US72045,"Comerío Municipio, Puerto Rico",,,72,18775
72047,"Corozal Municipio, Puerto Rico",PR,50,0,,,,72,47,,,,,,,,,,,,,,,,,.,.,,,,,,,,,,,,,,0500000US72047,"Corozal Municipio, Puerto Rico",,,72,34474
72049,"Culebra Municipio, Puerto Rico",PR,50,0,,,,72,49,,,,,,,,,,,,,,,,,.,.,,,,,,,,,,,,,,0500000US72049,"Culebra Municipio, Puerto Rico",,,72,1281
72051,"Dorado Municipio, Puerto Rico",PR,50,0,,,,72,51,,,,,,,,,,,,,,,,,.,.,,,,,,,,,,,,,,0500000US72051,"Dorado Municipio, Puerto Rico",,,72,35816
72053,"Fajardo Municipio, Puerto Rico",PR,50,0,,,,72,53,,,,,,,,,,,,,,,,,.,.,,,,,,,,,,,,,,0500000US72053,"Fajardo Municipio, Puerto Rico",,,72,31756
72054,"Florida Municipio, Puerto Rico",PR,50,0,,,,72,54,,,,,,,,,,,,,,,,,.,.,,,,,,,,,,,,,,0500000US72054,"Florida Municipio, Puerto Rico",,,72,11624
72055,"Guánica Municipio, Puerto Rico",PR,50,0,,,,72,55,,,,,,,,,,,,,,,,,.,.,,,,,,,,,,,,,,0500000US72055,"Guánica Municipio, Puerto Rico",,,72,13266
72057,"Guayama Municipio, Puerto Rico",PR,50,0,,,,72,57,,,,,,,,,,,,,,,,,.,.,,,,,,,,,,,,,,0500000US72057,"Guayama Municipio, Puerto Rico",,,72,35845
72059,"Guayanilla Municipio, Puerto Rico",PR,50,0,,,,72,59,,,,,,,,,,,,,,,,,.,.,,,,,,,,,,,,,,0500000US72059,"Guayanilla Municipio, Puerto Rico",,,72,17418
72061,"Guaynabo Municipio, Puerto Rico",PR,50,0,,,,72,61,,,,,,,,,,,,,,,,,.,.,,,,,,,,,,,,,,0500000US72061,"Guaynabo Municipio, Puerto Rico",,,72,89503
72063,"Gurabo Municipio, Puerto Rico",PR,50,0,,,,72,63,,,,,,,,,,,,,,,,,.,.,,,,,,,,,,,,,,0500000US72063,"Gurabo Municipio, Puerto Rico",,,72,40383
72065,"Hatillo Municipio, Puerto Rico",PR,50,0,,,,72,65,,,,,,,,,,,,,,,,,.,.,,,,,,,,,,,,,,0500000US72065,"Hatillo Municipio, Puerto Rico",,,72,38266
72067,"Hormigueros Municipio, Puerto Rico",PR,50,0,,,,72,67,,,,,,,,,,,,,,,,,.,.,,,,,,,,,,,,,,0500000US72067,"Hormigueros Municipio, Puerto Rico",,,72,15520
72069,"Humacao Municipio, Puerto Rico",PR,50,0,,,,72,69,,,,,,,,,,,,,,,,,.,.,,,,,,,,,,,,,,0500000US72069,"Humacao Municipio, Puerto Rico",,,72,50441
72071,"Isabela Municipio, Puerto Rico",PR,50,0,,,,72,71,,,,,,,,,,,,,,,,,.,.,,,,,,,,,,,,,,0500000US72071,"Isabela Municipio, Puerto Rico",,,72,42878
72073,"Jayuya Municipio, Puerto Rico",PR,50,0,,,,72,73,,,,,,,,,,,,,,,,,.,.,,,,,,,,,,,,,,0500000US72073,"Jayuya Municipio, Puerto Rico",,,72,14653
72075,"Juana Díaz Municipio, Puerto Rico",PR,50,0,,,,72,75,,,,,,,,,,,,,,,,,.,.,,,,,,,,,,,,,,0500000US72075,"Juana Díaz Municipio, Puerto Rico",,,72,46276
72077,"Juncos Municipio, Puerto Rico",PR,50,0,,,,72,77,,,,,,,,,,,,,,,,,.,.,,,,,,,,,,,,,,0500000US72077,"Juncos Municipio, Puerto Rico",,,72,36895
72079,"Lajas Municipio, Puerto Rico",PR,50,0,,,,72,79,,,,,,,,,,,,,,,,,.,.,,,,,,,,,,,,,,0500000US72079,"Lajas Municipio, Puerto Rico",,,72,23133
72081,"Lares Municipio, Puerto Rico",PR,50,0,,,,72,81,,,,,,,,,,,,,,,,,.,.,,,,,,,,,,,,,,0500000US72081,"Lares Municipio, Puerto Rico",,,72,27944
72083,"Las Marías Municipio, Puerto Rico",PR,50,0,,,,72,83,,,,,,,,,,,,,,,,,.,.,,,,,,,,,,,,,,0500000US72083,"Las Marías Municipio, Puerto Rico",,,72,8790
72085,"Las Piedras Municipio, Puerto Rico",PR,50,0,,,,72,85,,,,,,,,,,,,,,,,,.,.,,,,,,,,,,,,,,0500000US72085,"Las Piedras Municipio, Puerto Rico",,,72,35034
72087,"Loíza Municipio, Puerto Rico",PR,50,0,,,,72,87,,,,,,,,,,,,,,,,,.,.,,,,,,,,,,,,,,0500000US72087,"Loíza Municipio, Puerto Rico",,,72,23176
72089,"Luquillo Municipio, Puerto Rico",PR,50,0,,,,72,89,,,,,,,,,,,,,,,,,.,.,,,,,,,,,,,,,,0500000US72089,"Luquillo Municipio, Puerto Rico",,,72,17631
72091,"Manatí Municipio, Puerto Rico",PR,50,0,,,,72,91,,,,,,,,,,,,,,,,,.,.,,,,,,,,,,,,,,0500000US72091,"Manatí Municipio, Puerto Rico",,,72,39152
72093,"Maricao Municipio, Puerto Rico",PR,50,0,,,,72,93,,,,,,,,,,,,,,,,,.,.,,,,,,,,,,,,,,0500000US72093,"Maricao Municipio, Puerto Rico",,,72,5176
72095,"Maunabo Municipio, Puerto Rico",PR,50,0,,,,72,95,,,,,,,,,,,,,,,,,.,.,,,,,,,,,,,,,,0500000US72095,"Maunabo Municipio, Puerto Rico",,,72,10482
72097,"Mayagüez Municipio, Puerto Rico",PR,50,0,,,,72,97,,,,,,,,,,,,,,,,,.,.,,,,,,,,,,,,,,0500000US72097,"Mayagüez Municipio, Puerto Rico",,,72,71824
72099,"Moca Municipio, Puerto Rico",PR,50,0,,,,72,99,,,,,,,,,,,,,,,,,.,.,,,,,,,,,,,,,,0500000US72099,"Moca Municipio, Puerto Rico",,,72,37402
72101,"Morovis Municipio, Puerto Rico",PR,50,0,,,,72,101,,,,,,,,,,,,,,,,,.,.,,,,,,,,,,,,,,0500000US72101,"Morovis Municipio, Puerto Rico",,,72,28534
72103,"Naguabo Municipio, Puerto Rico",PR,50,0,,,,72,103,,,,,,,,,,,,,,,,,.,.,,,,,,,,,,,,,,0500000US72103,"Naguabo Municipio, Puerto Rico",,,72,23205
72105,"Naranjito Municipio, Puerto Rico",PR,50,0,,,,72,105,,,,,,,,,,,,,,,,,.,.,,,,,,,,,,,,,,0500000US72105,"Naranjito Municipio, Puerto Rico",,,72,29246
72107,"Orocovis Municipio, Puerto Rico",PR,50,0,,,,72,107,,,,,,,,,,,,,,,,,.,.,,,,,,,,,,,,,,0500000US72107,"Orocovis Municipio, Puerto Rico",,,72,21351
72109,"Patillas Municipio, Puerto Rico",PR,50,0,,,,72,109,,,,,,,,,,,,,,,,,.,.,,,,,,,,,,,,,,0500000US72109,"Patillas Municipio, Puerto Rico",,,72,15753
72111,"Peñuelas Municipio, Puerto Rico",PR,50,0,,,,72,111,,,,,,,,,,,,,,,,,.,.,,,,,,,,,,,,,,0500000US72111,"Peñuelas Municipio, Puerto Rico",,,72,20082
72113,"Ponce Municipio, Puerto Rico",PR,50,0,,,,72,113,,,,,,,,,,,,,,,,,.,.,,,,,,,,,,,,,,0500000US72113,"Ponce Municipio, Puerto Rico",,,72,134676
72115,"Quebradillas Municipio, Puerto Rico",PR,50,0,,,,72,115,,,,,,,,,,,,,,,,,.,.,,,,,,,,,,,,,,0500000US72115,"Quebradillas Municipio, Puerto Rico",,,72,23486
72117,"Rincón Municipio, Puerto Rico",PR,50,0,,,,72,117,,,,,,,,,,,,,,,,,.,.,,,,,,,,,,,,,,0500000US72117,"Rincón Municipio, Puerto Rico",,,72,15276
72119,"Río Grande Municipio, Puerto Rico",PR,50,0,,,,72,119,,,,,,,,,,,,,,,,,.,.,,,,,,,,,,,,,,0500000US72119,"Río Grande Municipio, Puerto Rico",,,72,46478
72121,"Sabana Grande Municipio, Puerto Rico",PR,50,0,,,,72,121,,,,,,,,,,,,,,,,,.,.,,,,,,,,,,,,,,0500000US72121,"Sabana Grande Municipio, Puerto Rico",,,72,22541
72123,"Salinas Municipio, Puerto Rico",PR,50,0,,,,72,123,,,,,,,,,,,,,,,,,.,.,,,,,,,,,,,,,,0500000US72123,"Salinas Municipio, Puerto Rico",,,72,25397
72125,"San Germán Municipio, Puerto Rico",PR,50,0,,,,72,125,,,,,,,,,,,,,,,,,.,.,,,,,,,,,,,,,,0500000US72125,"San Germán Municipio, Puerto Rico",,,72,31514
72127,"San Juan Municipio, Puerto Rico",PR,50,0,,,,72,127,,,,,,,,,,,,,,,,,.,.,,,,,,,,,,,,,,0500000US72127,"San Juan Municipio, Puerto Rico",,,72,338661
72129,"San Lorenzo Municipio, Puerto Rico",PR,50,0,,,,72,129,,,,,,,,,,,,,,,,,.,.,,,,,,,,,,,,,,0500000US72129,"San Lorenzo Municipio, Puerto Rico",,,72,37515
72131,"San Sebastián Municipio, Puerto Rico",PR,50,0,,,,72,131,,,,,,,,,,,,,,,,,.,.,,,,,,,,,,,,,,0500000US72131,"San Sebastián Municipio, Puerto Rico",,,72,39168
72133,"Santa Isabel Municipio, Puerto Rico",PR,50,0,,,,72,133,,,,,,,,,,,,,,,,,.,.,,,,,,,,,,,,,,0500000US72133,"Santa Isabel Municipio, Puerto Rico",,,72,20064
72135,"Toa Alta Municipio, Puerto Rico",PR,50,0,,,,72,135,,,,,,,,,,,,,,,,,.,.,,,,,,,,,,,,,,0500000US72135,"Toa Alta Municipio, Puerto Rico",,,72,66536
72137,"Toa Baja Municipio, Puerto Rico",PR,50,0,,,,72,137,,,,,,,,,,,,,,,,,.,.,,,,,,,,,,,,,,0500000US72137,"Toa Baja Municipio, Puerto Rico",,,72,73987
72139,"Trujillo Alto Municipio, Puerto Rico",PR,50,0,,,,72,139,,,,,,,,,,,,,,,,,.,.,,,,,,,,,,,,,,0500000US72139,"Trujillo Alto Municipio, Puerto Rico",,,72,67329
72141,"Utuado Municipio, Puerto Rico",PR,50,0,,,,72,141,,,,,,,,,,,,,,,,,.,.,,,,,,,,,,,,,,0500000US72141,"Utuado Municipio, Puerto Rico",,,72,27896
72143,"Vega Alta Municipio, Puerto Rico",PR,50,0,,,,72,143,,,,,,,,,,,,,,,,,.,.,,,,,,,,,,,,,,0500000US72143,"Vega Alta Municipio, Puerto Rico",,,72,35114
72145,"Vega Baja Municipio, Puerto Rico",PR,50,0,,,,72,145,,,,,,,,,,,,,,,,,.,.,,,,,,,,,,,,,,0500000US72145,"Vega Baja Municipio, Puerto Rico",,,72,54058
72147,"Vieques Municipio, Puerto Rico",PR,50,0,,,,72,147,,,,,,,,,,,,,,,,,.,.,,,,,,,,,,,,,,0500000US72147,"Vieques Municipio, Puerto Rico",,,72,8147
72149,"Villalba Municipio, Puerto Rico",PR,50,0,,,,72,149,,,,,,,,,,,,,,,,,.,.,,,,,,,,,,,,,,0500000US72149,"Villalba Municipio, Puerto Rico",,,72,21778
72151,"Yabucoa Municipio, Puerto Rico",PR,50,0,,,,72,151,,,,,,,,,,,,,,,,,.,.,,,,,,,,,,,,,,0500000US72151,"Yabucoa Municipio, Puerto Rico",,,72,29868
72153,"Yauco Municipio, Puerto Rico",PR,50,0,,,,72,153,,,,,,,,,,,,,,,,,.,.,,,,,,,,,,,,,,0500000US72153,"Yauco Municipio, Puerto Rico",,,72,33509