Qualifying Name,Name of Area,FIPS,Nation,State,County,Total Population,Population Density (per Sq. Mile),Births ,"Births Rate per 1,000 Population",Total Population,Deaths ,"Deaths Rate per 1,000 Population",Total Population,Net Migration ,Net Migration: Net Domestic Migration,Net Migration: Net International Migration,"Net Migration Rate per 1,000 Population","Net Migration Rate per 1,000 Population: Net Domestic Migration Rate per 1,000 Population","Net Migration Rate per 1,000 Population: Net International Migration Rate per 1,000 Population",Natural Increase (Count),"Natural Increase Rate per 1,000 Population",Total Population,Total Population,Residual (Unattributed Population Change)
Geo_QNAME,Geo_NAME,Geo_FIPS,Geo_NATION,Geo_STATE,Geo_COUNTY,SE_T001_001,SE_T001_002,SE_T023_001,SE_NV001_001,SE_NV005_001,SE_T024_001,SE_NV002_001,SE_NV005_001,SE_T025_001,SE_T025_002,SE_T025_003,SE_NV003_001,SE_NV003_002,SE_NV003_003,SE_T026_001,SE_NV004_001,SE_NV005_001,SE_T027_001,SE_T027_002
"Autauga County, Alabama",Autauga County,01001,00,01,001,55869,93.98534730084071,624,11.20267141,55869,541,9.71257249,55869,254,270,-16,4.56006176,4.84730974,-0.28724798,83,1.49009892,55869,55869,-1
"Apache County, Arizona",Apache County,04001,00,04,001,71887,6.419772389034312,934,13.00672618,71887,702,9.77593338,71887,-75,-112,37,-1.04443733,-1.55969307,0.51525575,232,3.2307928,71887,71887,-1
"Arkansas County, Arkansas",Arkansas County,05001,00,05,001,17486,17.683833570730364,206,11.70055663,17486,216,12.26854481,17486,-232,-229,-3,-13.17732591,-13.00692946,-0.17039646,-10,-0.56798819,17486,17486,2
"Alameda County, California",Alameda County,06001,00,06,001,1671329,2266.8038795936563,18628,11.16089015,1671329,10944,6.55705292,1671329,-3086,-11626,8540,-1.8489643,-6.96567044,5.11670614,7684,4.60383723,1671329,1671329,-25
"Adams County, Colorado",Adams County,08001,00,08,001,517421,443.6411762070809,6777,13.17489247,517421,3208,6.23654346,517421,2487,1283,1204,4.83487643,2.49422857,2.34064786,3569,6.93834901,517421,517421,11
"Fairfield County, Connecticut",Fairfield County,09001,00,09,001,943332,1509.4085866707032,9603,10.17642636,943332,6960,7.37560424,943332,-3343,-8080,4737,-3.5426214,-8.56248308,5.01986168,2643,2.80082213,943332,943332,61
"Kent County, Delaware",Kent County,10001,00,10,001,180786,308.4768847852569,2127,11.83883159,180786,1757,9.77942036,180786,1874,1812,62,10.43063959,10.08554906,0.34509053,370,2.05941123,180786,180786,2
"District of Columbia, District of Columbia",District of Columbia,11001,00,11,001,705749,11544.000292518773,9493,13.49112056,705749,5677,8.06795443,705749,401,-2203,2604,0.56988722,-3.13082678,3.70071399,3816,5.42316613,705749,705749,-15
"Alachua County, Florida",Alachua County,12001,00,12,001,269043,307.2885097882324,2775,10.31801805,269043,2081,7.73758398,269043,-504,-1302,798,-1.87397517,-4.84110252,2.96712735,694,2.58043406,269043,269043,2
"Appling County, Georgia",Appling County,13001,00,13,001,18386,36.173409988844874,225,12.19115735,18386,213,11.54096229,18386,-152,-154,2,-8.23580407,-8.34416992,0.10836584,12,0.65019506,18386,18386,0
"Hawaii County, Hawaii",Hawaii County,15001,00,15,001,201513,50.022474917166285,2237,11.10113096,201513,2003,9.93990403,201513,-216,-643,427,-1.07190178,-3.1908928,2.11899102,234,1.16122693,201513,201513,-14
"Ada County, Idaho",Ada County,16001,00,16,001,481587,457.7767950385283,4980,10.48033832,481587,3055,6.42920353,481587,10841,10815,26,22.81472845,22.76001183,0.05471663,1925,4.05113479,481587,481587,57
"Adams County, Illinois",Adams County,17001,00,17,001,65435,76.51956190111977,776,11.84208518,65435,850,12.97135619,65435,-113,-131,18,-1.72442735,-1.9991149,0.27468754,-74,-1.12927101,65435,65435,-1
"Adams County, Indiana",Adams County,18001,00,18,001,35777,105.5597652536124,676,18.94300286,35777,261,7.31379252,35777,-231,-239,8,-6.47312672,-6.69730426,0.22417755,415,11.62921033,35777,35777,-2
"Adair County, Iowa",Adair County,19001,00,19,001,7152,12.563443216209064,84,11.80936314,7152,77,10.82524954,7152,73,71,2,10.26289892,9.9817236,0.28117531,7,0.98411359,7152,7152,-2
"Allen County, Kansas",Allen County,20001,00,20,001,12369,24.723294890825738,138,11.09770808,12369,161,12.9473261,12369,-107,-115,8,-8.60474467,-9.24809007,0.6433454000000001,-23,-1.84961801,12369,12369,-2
"Adair County, Kentucky",Adair County,21001,00,21,001,19202,47.378654848014875,184,9.58308377,19202,216,11.24970704,19202,37,38,-1,1.92703315,1.97911513,-0.05208198,-32,-1.66662327,19202,19202,-2
"Acadia Parish, Louisiana",Acadia Parish,22001,00,22,001,62045,94.70071156985266,816,13.13385751,62045,690,11.10583539,62045,-295,-312,17,-4.74814702,-5.02176905,0.27362203,126,2.02802212,62045,62045,0
"Androscoggin County, Maine",Androscoggin County,23001,00,23,001,108277,231.38475440327895,1208,11.17530332,108277,1084,10.02816954,108277,242,150,92,2.2387611,1.38766184,0.85109926,124,1.14713378,108277,108277,-3
"Allegany County, Maryland",Allegany County,24001,00,24,001,70416,166.7882239301722,640,9.05508747,70416,874,12.36585383,70416,-290,-332,42,-4.10308651,-4.69732663,0.59424012,-234,-3.31076636,70416,70416,-1
"Barnstable County, Massachusetts",Barnstable County,25001,00,25,001,212990,540.285253,1524,7.14719517,212990,2917,13.6800317,212990,933,616,317,4.37554665,2.88889254,1.48665411,-1393,-6.53283653,212990,212990,-21
"Alcona County, Michigan",Alcona County,26001,00,26,001,10405,15.422689880801222,57,5.49000722,10405,167,16.08475801,10405,153,150,3,14.73633518,14.44738743,0.28894775,-110,-10.59475078,10405,10405,2
"Aitkin County, Minnesota",Aitkin County,27001,00,27,001,15886,8.719959341108867,124,7.80536934,15886,207,13.02993107,15886,83,84,-1,5.22456173,5.28750826,-0.06294653,-83,-5.22456173,15886,15886,-1
"Adams County, Mississippi",Adams County,28001,00,28,001,30693,66.38569712596784,340,11.01446458,30693,429,13.89766267,30693,-263,-414,151,-8.52001231,-13.4117304,4.89171809,-89,-2.88319808,30693,30693,1
"Adair County, Missouri",Adair County,29001,00,29,001,25343,44.67112947934032,267,10.50788091,25343,193,7.59558433,25343,-208,-307,99,-8.18591472,-12.08209528,3.89618056,74,2.91229658,25343,25343,1
"Beaverhead County, Montana",Beaverhead County,30001,00,30,001,9453,1.7054906424939535,77,8.16326531,9453,99,10.49562682,9453,62,49,13,6.57301882,5.19480519,1.37821362,-22,-2.33236152,9453,9453,1
"Adams County, Nebraska",Adams County,31001,00,31,001,31363,55.679830302943614,391,12.43698014,31363,316,10.05137014,31363,-227,-286,59,-7.22044627,-9.09712614,1.87667987,75,2.38561,31363,31363,1
"Churchill County, Nevada",Churchill County,32001,00,32,001,24909,5.031593613477438,327,13.23484772,24909,260,10.52312051,24909,336,341,-5,13.59910958,13.80147728,-0.2023677,67,2.71172721,24909,24909,0
"Belknap County, New Hampshire",Belknap County,33001,00,33,001,61303,152.5541809048676,478,7.80739579,61303,775,12.6584346,61303,460,432,28,7.51339344,7.05605645,0.45733699,-297,-4.85103881,61303,61303,-5
"Atlantic County, New Jersey",Atlantic County,34001,00,34,001,263670,474.6408448491323,2718,10.30210799,263670,2793,10.58638249,263670,-236,-507,271,-0.8945171,-1.92169564,1.02717854,-75,-0.2842745,263670,263670,-8
"Bernalillo County, New Mexico",Bernalillo County,35001,00,35,001,679121,584.8147647625972,7130,10.50727441,679121,5949,8.76686893,679121,-51,-824,773,-0.07515722,-1.21430492,1.1391477,1181,1.74040548,679121,679121,-43
"Albany County, New York",Albany County,36001,00,36,001,305506,584.3325675954906,3024,9.88088372,305506,2776,9.0705467,305506,-1326,-1872,546,-4.33268909,-6.11673754,1.78404845,248,0.81033703,305506,305506,-1
"Alamance County, North Carolina",Alamance County,37001,00,37,001,169509,400.3091294886639,1976,11.76109969,169509,1646,9.79694842,169509,2655,2588,67,15.80248971,15.40370748,0.39878223,330,1.96415126,169509,169509,10
"Adams County, North Dakota",Adams County,38001,00,38,001,2216,2.2439446713231255,20,8.9047195,2216,28,12.4666073,2216,-53,-59,6,-23.59750668,-26.26892253,2.67141585,-8,-3.5618878,2216,2216,1
"Adams County, Ohio",Adams County,39001,00,39,001,27698,47.43887067638991,346,12.49277874,27698,326,11.7706528,27698,-16,-21,5,-0.57770075,-0.75823224,0.18053148,20,0.72212594,27698,27698,0
"Adair County, Oklahoma",Adair County,40001,00,40,001,22194,38.67526408887941,309,13.9132784,22194,285,12.83263542,22194,-55,-58,3,-2.4764735,-2.61155387,0.13508037,24,1.08064298,22194,22194,1
"Baker County, Oregon",Baker County,41001,00,41,001,16124,5.255598365513217,153,9.51551713,16124,211,13.12270664,16124,149,139,10,9.26674544,8.64481622,0.62192922,-58,-3.6071895,16124,16124,-1
"Adams County, Pennsylvania",Adams County,42001,00,42,001,103009,198.5952363721815,960,9.31717709,103009,1013,9.83156291,103009,4,-50,54,0.03882157,-0.48526964,0.52409121,-53,-0.51438582,103009,103009,-4
"Bristol County, Rhode Island",Bristol County,44001,00,44,001,48479,2008.8848826519063,337,6.94015404,48479,517,10.64706125,48479,27,6,21,0.55603608,0.12356357,0.43247251,-180,-3.7069072,48479,48479,-5
"Abbeville County, South Carolina",Abbeville County,45001,00,45,001,24527,49.90976171821075,231,9.40668648,24527,275,11.19843629,24527,-14,-3,-11,-0.57010221,-0.12216476,-0.44793745,-44,-1.79174981,24527,24527,-2
"Anderson County, Tennessee",Anderson County,47001,00,47,001,76978,228.2836235084025,792,10.33504062,76978,932,12.16194173,76978,834,783,51,10.88311095,10.21759697,0.66551398,-140,-1.82690112,76978,76978,-3
"Anderson County, Texas",Anderson County,48001,00,48,001,57735,54.332131888168185,588,10.16342722,57735,754,13.03269409,57735,-72,-104,32,-1.24450129,-1.79761298,0.55311169,-166,-2.86926687,57735,57735,-1
"Beaver County, Utah",Beaver County,49001,00,49,001,6710,2.5978544856445365,112,16.79790026,6710,58,8.69891264,6710,33,10,23,4.94938133,1.49981252,3.4495687999999993,54,8.09898763,6710,6710,-2
"Addison County, Vermont",Addison County,50001,00,50,001,36777,47.99119940730442,299,8.11948405,36777,341,9.26001358,36777,-52,-72,20,-1.41208418,-1.95519348,0.5431093000000001,-42,-1.14052953,36777,36777,-2
"Accomack County, Virginia",Accomack County,51001,00,51,001,32316,71.92356286602167,384,11.83413717,32316,489,15.07003405,32316,-156,-186,30,-4.80761823,-5.73216019,0.92454197,-105,-3.23589688,32316,32316,-4
"Adams County, Washington",Adams County,53001,00,53,001,19983,10.38083780784325,388,19.53724918,19983,100,5.0353735,19983,-41,-65,24,-2.06450313,-3.27299277,1.20848964,288,14.50187568,19983,19983,0
"Barbour County, West Virginia",Barbour County,54001,00,54,001,16441,48.20575426387172,169,10.26482021,16441,207,12.5728863,16441,-7,-3,-4,-0.42517007,-0.18221574,-0.24295432,-38,-2.30806608,16441,16441,-1
"Adams County, Wisconsin",Adams County,55001,00,55,001,20220,31.31745953118223,123,6.06493923,20220,252,12.42572915,20220,9,1,8,0.44377604,0.04930845,0.39446759,-129,-6.36078992,20220,20220,-1
"Albany County, Wyoming",Albany County,56001,00,56,001,38880,9.096168507881472,341,8.78775384,38880,198,5.10256675,38880,6,-253,259,0.15462323,-6.5199464,6.67456963,143,3.68518709,38880,38880,3
"Adjuntas Municipio, Puerto Rico",Adjuntas Municipio,72001,00,72,001,17363,0,,,17363,,,17363,,,,,,,,,17363,17363,
"Baldwin County, Alabama",Baldwin County,01003,00,01,003,223234,140.4144056888962,2304,10.44687127,223234,2326,10.54662438,223234,5377,5297,80,24.38056719,24.0178286,0.36273859,-22,-0.09975311,223234,223234,24
"Cochise County, Arizona",Cochise County,04003,00,04,003,125922,20.278115818554888,1348,10.68429417,125922,1312,10.39895693,125922,-529,-595,66,-4.19287212,-4.71599038,0.52311826,36,0.28533723,125922,125922,4
"Ashley County, Arkansas",Ashley County,05003,00,05,003,19657,21.24256479566796,213,10.7388641,19657,251,12.65471779,19657,-317,-313,-4,-15.98225314,-15.78058434,-0.20166881,-38,-1.91585369,19657,19657,0
"Alpine County, California",Alpine County,06003,00,06,003,1129,1.5291051443634471,10,9.01713255,1129,5,4.50856628,1129,36,35,1,32.46167719,31.55996393,0.90171326,5,4.50856628,1129,1129,-1
"Alamosa County, Colorado",Alamosa County,08003,00,08,003,16233,22.46542501027562,198,12.19174287,16233,115,7.08106278,16233,-97,-93,-4,-5.97272251,-5.72642468,-0.24629784,83,5.11068009,16233,16233,-1
"Hartford County, Connecticut",Hartford County,09003,00,09,003,891720,1213.286452617483,9126,10.22922154,891720,8275,9.27534607,891720,-1734,-5188,3454,-1.94361935,-5.81516561,3.87154626,851,0.95387547,891720,891720,23
"New Castle County, Delaware",New Castle County,10003,00,10,003,558753,1310.649066997786,6268,11.22992593,558753,4916,8.80764452,558753,-132,-201,69,-0.23649493,-0.36011728,0.12362235,1352,2.42228141,558753,558753,-17
"Baker County, Florida",Baker County,12003,00,12,003,29210,49.91199166493715,322,11.18774213,29210,273,9.48525963,29210,807,802,5,28.038844399999995,27.86512169,0.1737227,49,1.7024825,29210,29210,1
"Atkinson County, Georgia",Atkinson County,13003,00,13,003,8165,23.82421684386743,122,14.85359469,8165,61,7.42679735,8165,-157,-156,-1,-19.11487186,-18.99312108,-0.12175078,61,7.42679735,8165,8165,-1
"Honolulu County, Hawaii",Honolulu County,15003,00,15,003,974563,1622.7267549947107,12013,12.29315485,974563,8595,8.79544377,974563,-8691,-12427,3736,-8.89368258,-12.71680974,3.82312716,3418,3.49771109,974563,974563,-22
"Adams County, Idaho",Adams County,16003,00,16,003,4294,3.150853897761575,31,7.27016886,4294,27,6.33208255,4294,57,56,1,13.36772983,13.13320826,0.23452158,4,0.9380863000000002,4294,4294,-1
"Alexander County, Illinois",Alexander County,17003,00,17,003,5761,24.473854792168297,54,9.15099136,5761,72,12.20132181,5761,-263,-263,0,-44.56871717,-44.56871717,0,-18,-3.05033045,5761,5761,1
"Allen County, Indiana",Allen County,18003,00,18,003,379299,577.0383602,5155,13.66688848,379299,3162,8.38306525,379299,2239,1492,747,5.93601616,3.95557665,1.98043951,1993,5.28382323,379299,379299,-12
"Adams County, Iowa",Adams County,19003,00,19,003,3602,8.506659615161054,29,8.00441623,3602,38,10.4885454,3602,-35,-35,0,-9.66050235,-9.66050235,0,-9,-2.48412917,3602,3602,2
"Anderson County, Kansas",Anderson County,20003,00,20,003,7858,13.556580100514916,102,12.98866675,7858,96,12.22462753,7858,4,8,-4,0.50935948,1.01871896,-0.50935948,6,0.76403922,7858,7858,0
"Allen County, Kentucky",Allen County,21003,00,21,003,21315,61.90086961669758,239,11.26375568,21315,242,11.40514174,21315,196,195,1,9.23722224,9.19009355,0.04712868,-3,-0.14138605,21315,21315,0
"Allen Parish, Louisiana",Allen Parish,22003,00,22,003,25627,33.63953529,315,12.30612962,25627,242,9.45423292,25627,-12,-9,-3,-0.46880494,-0.3516037,-0.11720123,73,2.85189671,25627,25627,-1
"Aroostook County, Maine",Aroostook County,23003,00,23,003,67055,10.051576597314762,613,9.12385673,67055,865,12.87461023,67055,-6,-45,39,-0.08930365,-0.66977741,0.58047376,-252,-3.7507535,67055,67055,-5
"Anne Arundel County, Maryland",Anne Arundel County,24003,00,24,003,579234,1396.3829702299863,6782,11.74619422,579234,4661,8.07269408,579234,1598,1162,436,2.76768186,2.01254463,0.75513723,2121,3.67350014,579234,579234,-8
"Berkshire County, Massachusetts",Berkshire County,25003,00,25,003,124944,134.80103793274773,993,7.91723973,124944,1460,11.64065459,124944,-487,-662,175,-3.88287588,-5.27815982,1.39528394,-467,-3.72341486,124944,124944,-3
"Alger County, Michigan",Alger County,26003,00,26,003,9108,9.953735172,62,6.80346757,9108,109,11.96093493,9108,40,36,4,4.38933392,3.95040053,0.43893339,-47,-5.15746735,9108,9108,-3
"Anoka County, Minnesota",Anoka County,27003,00,27,003,356921,845.8574577195569,4218,11.87563524,356921,2166,6.09829918,356921,1450,1216,234,4.08242558,3.42360656,0.65881902,2052,5.77733606,356921,356921,-22
"Alcorn County, Mississippi",Alcorn County,28003,00,28,003,36953,92.37222483033732,411,11.14379838,36953,457,12.39103616,36953,190,197,-7,5.15163429,5.34143134,-0.18979705,-46,-1.24723778,36953,36953,-1
"Andrew County, Missouri",Andrew County,29003,00,29,003,17712,40.94017653630197,190,10.74235314,17712,161,9.10273082,17712,22,24,-2,1.24385142,1.35692882,-0.1130774,29,1.63962232,17712,17712,-1
"Big Horn County, Montana",Big Horn County,30003,00,30,003,13319,2.6649646207693305,244,18.28811273,13319,132,9.89356918,13319,-158,-170,12,-11.8423025,-12.74171788,0.89941538,112,8.39454355,13319,13319,0
"Antelope County, Nebraska",Antelope County,31003,00,31,003,6298,7.347547675619511,80,12.69236871,6298,59,9.36062193,6298,-31,-35,4,-4.91829288,-5.55291131,0.63461844,21,3.33174679,6298,6298,0
"Clark County, Nevada",Clark County,32003,00,32,003,2266715,287.2295614096635,27048,12.04051789,2266715,17919,7.97670956,2266715,31283,31643,-360,13.92574391,14.08599925,-0.16025534,9129,4.06380833,2266715,2266715,188
"Carroll County, New Hampshire",Carroll County,33003,00,33,003,48910,52.48631581622448,325,6.65547182,48910,582,11.91841415,48910,412,402,10,8.43709043,8.23230668,0.20478375,-257,-5.26294233,48910,48910,1
"Bergen County, New Jersey",Bergen County,34003,00,34,003,932202,4004.557099236311,9153,9.81545486,932202,7248,7.77257914,932202,-2530,-4439,1909,-2.71311054,-4.76027577,2.04716523,1905,2.04287573,932202,932202,11
"Catron County, New Mexico",Catron County,35003,00,35,003,3527,0.5093739153417588,10,2.82445982,3527,28,7.9084875,3527,-9,-9,0,-2.54201384,-2.54201384,0,-18,-5.08402768,3527,3527,0
"Allegany County, New York",Allegany County,36003,00,36,003,46091,44.77637184441749,445,9.62963764,46091,460,9.95423217,46091,-226,-254,28,-4.89055755,-5.49646733,0.60590978,-15,-0.32459453,46091,46091,0
"Alexander County, North Carolina",Alexander County,37003,00,37,003,37497,144.22752585633145,363,9.70225049,37497,399,10.66445716,37497,203,203,0,5.42577645,5.42577645,0,-36,-0.96220666,37497,37497,-1
"Barnes County, North Dakota",Barnes County,38003,00,38,003,10415,6.982630519,90,8.59516761,10415,126,12.03323465,10415,-75,-69,-6,-7.16263967,-6.5896285,-0.57301117,-36,-3.43806704,10415,10415,-1
"Allen County, Ohio",Allen County,39003,00,39,003,102351,254.2858273215529,1214,11.83951316,102351,1079,10.52292809,102351,-509,-501,-8,-4.96401334,-4.88599349,-0.07801986,135,1.31658507,102351,102351,0
"Alfalfa County, Oklahoma",Alfalfa County,40003,00,40,003,5702,6.5800035625240225,47,8.19743612,5702,54,9.41833086,5702,-56,-62,6,-9.76715793,-10.81363914,1.04648121,-7,-1.22089474,5702,5702,0
"Benton County, Oregon",Benton County,41003,00,41,003,93053,137.81919707124555,701,7.55815521,93053,584,6.29666568,93053,499,168,331,5.38019893,1.81136958,3.56882935,117,1.26148953,93053,93053,-5
"Allegheny County, Pennsylvania",Allegheny County,42003,00,42,003,1216045,1665.5479752200215,12668,10.41208617,1216045,13695,11.25619831,1216045,-151,-2543,2392,-0.12410996,-2.09014329,1.96603332,-1027,-0.84411213,1216045,1216045,-58
"Kent County, Rhode Island",Kent County,44003,00,44,003,164292,974.6500082736766,1547,9.42301543,164292,1673,10.19050085,164292,376,223,153,2.29027395,1.35832737,0.93194658,-126,-0.76748542,164292,164292,-11
"Aiken County, South Carolina",Aiken County,45003,00,45,003,170872,159.59199057167058,1830,10.75455232,170872,1824,10.71929149,170872,1412,1272,140,8.29804802,7.47529538,0.82275264,6,0.03526083,170872,170872,5
"Aurora County, South Dakota",Aurora County,46003,00,46,003,2751,3.8830705356441335,39,14.08959538,2751,24,8.67052023,2751,-50,-52,2,-18.06358382,-18.78612717,0.72254335,15,5.41907514,2751,2751,1
"Bedford County, Tennessee",Bedford County,47003,00,47,003,49713,104.95964899439493,678,13.71650533,49713,482,9.7512619,49713,371,283,88,7.50563934,5.72532597,1.78031338,196,3.96524343,49713,49713,0
"Andrews County, Texas",Andrews County,48003,00,48,003,18705,12.464006362825687,286,15.57903911,18705,189,10.29523913,18705,597,583,14,32.51988234,31.75727203,0.76261031,97,5.28379998,18705,18705,0
"Box Elder County, Utah",Box Elder County,49003,00,49,003,56046,9.754607089299254,808,14.56485688,56046,377,6.79573149,56046,706,680,26,12.72622395,12.25755282,0.46867114,431,7.76912539,56046,56046,3
"Bennington County, Vermont",Bennington County,50003,00,50,003,35470,52.54842849006085,323,9.09987322,35470,447,12.593323,35470,75,60,15,2.11297366,1.69037893,0.42259473,-124,-3.49344978,35470,35470,-1
"Albemarle County, Virginia",Albemarle County,51003,00,51,003,109330,151.7482348,1061,9.74704534,109330,894,8.21287327,109330,789,656,133,7.24827406,6.02644839,1.22182566,167,1.53417208,109330,109330,-3
"Asotin County, Washington",Asotin County,53003,00,53,003,22582,35.50207480505852,223,9.86769326,22582,266,11.77043232,22582,11,38,-27,0.4867472,1.68149033,-1.19474313,-43,-1.90273906,22582,22582,-2
"Berkeley County, West Virginia",Berkeley County,54003,00,54,003,119171,371.0775208951103,1372,11.60710131,119171,1057,8.9422056,119171,1615,1709,-94,13.662878,14.45811672,-0.79523872,315,2.66489571,119171,119171,5
"Ashland County, Wisconsin",Ashland County,55003,00,55,003,15562,14.892203513695431,179,11.49314585,15562,167,10.72265562,15562,-37,-40,3,-2.37567819,-2.56830075,0.19262256,12,0.77049022,15562,15562,0
"Big Horn County, Wyoming",Big Horn County,56003,00,56,003,11790,3.758419055462548,131,11.07026662,11790,120,10.14070224,11790,-98,-100,2,-8.2815735,-8.4505852,0.1690117,11,0.92956437,11790,11790,0
"Aguada Municipio, Puerto Rico",Aguada Municipio,72003,00,72,003,36694,0,,,36694,,,36694,,,,,,,,,36694,36694,
"Barbour County, Alabama",Barbour County,01005,00,01,005,24686,27.893533304307983,256,10.33132895,24686,312,12.59130716,24686,-128,-141,13,-5.16566447,-5.69030227,0.5246378,-56,-2.25997821,24686,24686,-2
"Coconino County, Arizona",Coconino County,04005,00,04,005,143476,7.706809411408745,1513,10.58045658,143476,901,6.30072133,143476,338,313,25,2.36364463,2.18881884,0.17482579,612,4.27973524,143476,143476,3
"Baxter County, Arkansas",Baxter County,05005,00,05,005,41932,75.65521521,349,8.35367897,41932,695,16.63554981,41932,655,656,-1,15.6781081,15.70204414,-0.02393604,-346,-8.28187084,41932,41932,-1
"Amador County, California",Amador County,06005,00,06,005,39752,66.85820887478606,307,7.75673661,39752,427,10.78868578,39752,468,451,17,11.82460174,11.39507561,0.42952613,-120,-3.03194916,39752,39752,-1
"Arapahoe County, Colorado",Arapahoe County,08005,00,08,005,656590,822.8360231461892,7605,11.62500086,656590,4149,6.34216023,656590,1342,-1165,2507,2.05138082,-1.78081867,3.83219949,3456,5.28284063,656590,656590,-5
"Litchfield County, Connecticut",Litchfield County,09005,00,09,005,180333,195.9046712367079,1382,7.64744292,180333,1838,10.17076707,180333,-299,-562,263,-1.65454807,-3.10988634,1.45533827,-456,-2.52332415,180333,180333,-7
"Sussex County, Delaware",Sussex County,10005,00,10,005,234225,250.20481686709343,2288,9.87028002,234225,2781,11.99704927,234225,5292,5350,-58,22.82933647,23.07954462,-0.25020815,-493,-2.12676925,234225,234225,37
"Bay County, Florida",Bay County,12005,00,12,005,174705,230.3017258025896,2222,12.31212512,174705,1989,11.02106969,174705,-11803,-12080,277,-65.40054579,-66.93540567,1.53485988,233,1.29105542,174705,174705,35
"Bacon County, Georgia",Bacon County,13005,00,13,005,11164,39.29810280402746,158,14.17294582,11164,108,9.68783638,11164,-19,-14,-5,-1.70434159,-1.25583064,-0.44851094,50,4.48510944,11164,11164,1
"Kalawao County, Hawaii",Kalawao County,15005,00,15,005,86,7.171801468485959,0,0,86,0,0,86,0,0,0,0,0,0,0,0,86,86,0
"Bannock County, Idaho",Bannock County,16005,00,16,005,87808,78.92915422774207,1170,13.4111255,87808,709,8.1269128,87808,672,606,66,7.70280029,6.94627526,0.75652503,461,5.2842127,87808,87808,1
"Bond County, Illinois",Bond County,17005,00,17,005,16426,43.18779588710406,146,8.83162447,16426,157,9.49702084,16426,-202,-206,4,-12.21909688,-12.46105919,0.24196231,-11,-0.66539636,16426,16426,2
"Bartholomew County, Indiana",Bartholomew County,18005,00,18,005,83779,205.86776132039356,1015,12.19211897,83779,734,8.81676386,83779,780,151,629,9.3693131,1.81380292,7.55551018,281,3.3753551,83779,83779,-4
"Allamakee County, Iowa",Allamakee County,19005,00,19,005,13687,21.417938503507084,192,13.94386143,13687,178,12.92712154,13687,-178,-194,16,-12.92712154,-14.08910999,1.16198845,14,1.0167399,13687,13687,-1
"Atchison County, Kansas",Atchison County,20005,00,20,005,16073,37.27725881525174,162,10.04775786,16073,170,10.54394343,16073,-92,-90,-2,-5.70613409,-5.5820877,-0.12404639,-8,-0.49618557,16073,16073,0
"Anderson County, Kentucky",Anderson County,21005,00,21,005,22747,112.51641270707452,252,11.10425663,22747,211,9.2976117,22747,65,59,6,2.86419318,2.59980612,0.26438706,41,1.80664493,22747,22747,0
"Ascension Parish, Louisiana",Ascension Parish,22005,00,22,005,126604,436.4708531422239,1683,13.38572031,126604,927,7.37288338,126604,993,955,38,7.89781359,7.59558104,0.30223254,756,6.01283693,126604,126604,-3
"Cumberland County, Maine",Cumberland County,23005,00,23,005,295003,352.89761577053594,2716,9.22748677,295003,2708,9.20030713,295003,1328,872,456,4.51181974,2.96258043,1.54923931,8,0.02717964,295003,295003,-6
"Baltimore County, Maryland",Baltimore County,24005,00,24,005,827370,1382.7294943760053,9598,11.59718685,827370,8601,10.39251971,827370,-1484,-3211,1727,-1.79310536,-3.87982569,2.08672033,997,1.20466715,827370,827370,-2
"Bristol County, Massachusetts",Bristol County,25005,00,25,005,565217,1021.8915758335428,5701,10.0964395,565217,5387,9.54034724,565217,840,30,810,1.48763536,0.05312983,1.43450553,314,0.55609227,565217,565217,-29
"Allegan County, Michigan",Allegan County,26005,00,26,005,118081,143.08457543065768,1285,10.924362599999998,118081,925,7.86384078,118081,553,504,49,4.70130157,4.28473055,0.41657103,360,3.06052182,118081,118081,-5
"Becker County, Minnesota",Becker County,27005,00,27,005,34423,26.175509715339125,413,12.00372028,34423,373,10.84113236,34423,-5,-31,26,-0.14532349,-0.90100564,0.75568215,40,1.16258792,34423,34423,-1
"Amite County, Mississippi",Amite County,28005,00,28,005,12297,16.842893164181596,125,10.15269656,12297,145,11.77712801,12297,-9,-7,-2,-0.73099415,-0.56855101,-0.16244314,-20,-1.62443145,12297,12297,-1
"Atchison County, Missouri",Atchison County,29005,00,29,005,5143,9.397290694,41,7.941119500000001,5143,72,13.94538059,5143,-9,-11,2,-1.74317257,-2.13054426,0.38737168,-31,-6.00426109,5143,5143,0
"Blaine County, Montana",Blaine County,30005,00,30,005,6681,1.580507758502888,81,12.04013378,6681,63,9.36454849,6681,-111,-115,4,-16.49944259,-17.09401709,0.59457451,18,2.67558528,6681,6681,0
"Arthur County, Nebraska",Arthur County,31005,00,31,005,463,0.647231499,3,6.48648649,463,3,6.48648649,463,3,3,0,6.48648649,6.48648649,0,0,0,463,463,-2
"Douglas County, Nevada",Douglas County,32005,00,32,005,48905,68.90730523135466,287,5.89358687,48905,549,11.2737951,48905,675,691,-16,13.86122348,14.18978582,-0.32856233,-262,-5.38020823,48905,48905,3
"Cheshire County, New Hampshire",Cheshire County,33005,00,33,005,76085,107.66103360156396,636,8.3691919,76085,718,9.44823865,76085,269,217,52,3.53979972,2.85552617,0.68427355,-82,-1.07904675,76085,76085,-3
"Burlington County, New Jersey",Burlington County,34005,00,34,005,445349,557.1790613,4333,9.73605035,445349,4022,9.03724775,445349,319,199,120,0.71677823,0.44714378,0.26963444,311,0.6988025999999999,445349,445349,-26
"Chaves County, New Mexico",Chaves County,35005,00,35,005,64615,10.649933862199664,819,12.68106125,64615,635,9.83208045,64615,-122,-148,26,-1.88899813,-2.29157151,0.40257337,184,2.84898079,64615,64615,-1
"Bronx County, New York",Bronx County,36005,00,36,005,1418207,33726.505675613815,19674,13.80489171,1418207,11145,7.82024591,1418207,-22506,-31203,8697,-15.79205514,-21.89458351,6.10252837,8529,5.98464579,1418207,1418207,97
"Alleghany County, North Carolina",Alleghany County,37005,00,37,005,11137,47.50915665461332,99,8.88888889,11137,133,11.94163861,11137,34,29,5,3.05274972,2.60381594,0.44893378,-34,-3.05274972,11137,11137,-1
"Benson County, North Dakota",Benson County,38005,00,38,005,6832,4.920222631246317,139,20.1595359,6832,69,10.00725163,6832,-196,-197,1,-28.42639594,-28.57142857,0.14503263,70,10.15228426,6832,6832,0
"Ashland County, Ohio",Ashland County,39005,00,39,005,53484,126.45126590251752,586,10.93385577,53484,580,10.82190503,53484,-229,-285,56,-4.27278664,-5.31766023,1.04487359,6,0.11195074,53484,53484,1
"Atoka County, Oklahoma",Atoka County,40005,00,40,005,13758,14.104314112550275,153,11.10586869,13758,130,9.43635902,13758,-58,-61,3,-4.21006787,-4.42783,0.21776213,23,1.66950967,13758,13758,-2
"Clackamas County, Oregon",Clackamas County,41005,00,41,005,418187,223.54827558304947,3987,9.56570454,418187,3559,8.53883683,418187,2363,2340,23,5.66936539,5.61418325,0.05518214,428,1.02686771,418187,418187,-20
"Armstrong County, Pennsylvania",Armstrong County,42005,00,42,005,64735,99.10577776000312,643,9.88569188,64735,881,13.54478157,64735,-378,-378,0,-5.81149538,-5.81149538,0,-238,-3.65908969,64735,64735,-1
"Newport County, Rhode Island",Newport County,44005,00,44,005,82082,801.2886502828285,695,8.44322689,82082,817,9.925347300000002,82082,-340,-492,152,-4.13049949,-5.97707573,1.84657624,-122,-1.4821204,82082,82082,-3
"Allendale County, South Carolina",Allendale County,45005,00,45,005,8688,21.289388209101283,81,9.1982739,8688,102,11.58301158,8688,-217,-226,9,-24.64228935,-25.66431978,1.02203043,-21,-2.38473768,8688,8688,2
"Beadle County, South Dakota",Beadle County,46005,00,46,005,18453,14.660260646939976,285,15.45720794,18453,182,9.87091875,18453,-72,-124,52,-3.90497885,-6.72524135,2.8202625,103,5.58628919,18453,18453,-1
"Benton County, Tennessee",Benton County,47005,00,47,005,16160,40.98337650203636,166,10.24501635,16160,259,15.98469419,16160,7,6,1,0.43201876,0.3703018,0.06171697,-93,-5.73967784,16160,16160,0
"Angelina County, Texas",Angelina County,48005,00,48,005,86715,108.69412000432408,1071,12.34404265,86715,997,11.49113961,86715,-167,-173,6,-1.9247947,-1.993949,0.0691543,74,0.85290304,86715,86715,-2
"Cache County, Utah",Cache County,49005,00,49,005,128289,110.14476147555804,2194,17.22885558,128289,561,4.40537283,128289,254,7,247,1.99458948,0.054969,1.93962048,1633,12.82348276,128289,128289,2
"Caledonia County, Vermont",Caledonia County,50005,00,50,005,29993,46.21278925587775,272,9.03219379,29993,278,9.23143336,29993,-238,-232,-6,-7.90316957,-7.70393,-0.19923957,-6,-0.19923957,29993,29993,1
"Alleghany County, Virginia",Alleghany County,51005,00,51,005,14860,33.275919060376424,121,8.10828922,14860,238,15.94853582,14860,-8,-3,-5,-0.53608524,-0.20103196,-0.33505327,-117,-7.8402466,14860,14860,-1
"Benton County, Washington",Benton County,53005,00,53,005,204390,120.22256602604703,2578,12.70965007,204390,1467,7.23237263,204390,1996,1740,256,9.84036522,8.57827429,1.26209093,1111,5.47727743,204390,204390,-3
"Boone County, West Virginia",Boone County,54005,00,54,005,21457,42.782732424379056,225,10.36627505,21457,297,13.68348307,21457,-423,-423,0,-19.4885971,-19.4885971,0,-72,-3.31720802,21457,21457,-1
"Barron County, Wisconsin",Barron County,55005,00,55,005,45244,52.42390568080639,486,10.75292608,45244,470,10.39892028,45244,80,69,11,1.77002898,1.52665,0.24337899,16,0.3540058,45244,45244,-2
"Campbell County, Wyoming",Campbell County,56005,00,56,005,46341,9.650222529978253,597,12.88860104,46341,323,6.97322971,46341,-235,-268,33,-5.07340242,-5.78583765,0.71243523,274,5.91537133,46341,46341,3
"Aguadilla Municipio, Puerto Rico",Aguadilla Municipio,72005,00,72,005,50265,0,,,50265,,,50265,,,,,,,,,50265,50265,
"Cibola County, New Mexico",Cibola County,35006,00,35,006,26675,5.875570882333708,306,11.45188151,26675,263,9.84263019,26675,-134,-143,9,-5.01487622,-5.35169626,0.33682004,43,1.60925132,26675,26675,0
"Bibb County, Alabama",Bibb County,01007,00,01,007,22394,35.97653006003781,240,10.72362101,22394,252,11.25980206,22394,41,31,10,1.83195192,1.38513438,0.44681754,-12,-0.53618105,22394,22394,-2
"Gila County, Arizona",Gila County,04007,00,04,007,54018,11.353098854149309,514,9.53449763,54018,811,15.0437307,54018,513,504,9,9.51594802,9.34900157,0.16694646,-297,-5.50923307,54018,54018,1
"Benton County, Arkansas",Benton County,05007,00,05,007,279141,329.21407027188934,3744,13.57980584,279141,1820,6.60129451,279141,4930,4823,107,17.88152853,17.49343044,0.38809808,1924,6.97851134,279141,279141,21
"Butte County, California",Butte County,06007,00,06,007,219186,133.93669787579137,2422,10.77581892,219186,2527,11.2429787,219186,-11146,-11249,103,-49.59012291,-50.04838441,0.4582615,-105,-0.46715978,219186,219186,98
"Archuleta County, Colorado",Archuleta County,08007,00,08,007,14029,10.391173463971988,127,9.15018553,14029,93,6.70052956,14029,264,255,9,19.0208581,18.37241976,0.64843834,34,2.44965597,14029,14029,1
"Middlesex County, Connecticut",Middlesex County,09007,00,09,007,162436,439.843215,1248,7.67277579,162436,1552,9.54178527,162436,-122,-359,237,-0.75006302,-2.20715265,1.45708963,-304,-1.86900949,162436,162436,-8
"Bradford County, Florida",Bradford County,12007,00,12,007,28201,95.93365860383668,285,10.18712133,28201,349,12.4747556,28201,509,507,2,18.19384126,18.12235269,0.07148857,-64,-2.28763426,28201,28201,4
"Baker County, Georgia",Baker County,13007,00,13,007,3038,8.884149209237306,30,9.79751796,3038,22,7.18484651,3038,-56,-55,-1,-18.2887002,-17.96211626,-0.32658393,8,2.61267146,3038,3038,0
"Kauai County, Hawaii",Kauai County,15007,00,15,007,72293,116.62341504153972,794,10.99258623,72293,704,9.7465752,72293,39,-230,269,0.53993811,-3.18425042,3.72418854,90,1.24601103,72293,72293,-4
"Bear Lake County, Idaho",Bear Lake County,16007,00,16,007,6125,6.277365970898999,77,12.65510724,6125,63,10.35417865,6125,67,65,2,11.01158682,10.68288273,0.32870408,14,2.30092859,6125,6125,0
"Boone County, Illinois",Boone County,17007,00,17,007,53544,190.7068372104297,564,10.53969203,53544,417,7.79264464,53544,-82,-84,2,-1.53236657,-1.56974137,0.03737479,147,2.74704739,53544,53544,-1
"Benton County, Indiana",Benton County,18007,00,18,007,8748,21.52466309527269,103,11.83840009,8748,81,9.30980978,8748,74,73,1,8.50525832,8.3903224,0.11493592,22,2.52859031,8748,8748,-1
"Appanoose County, Iowa",Appanoose County,19007,00,19,007,12426,24.987359380766637,127,10.23079712,12426,170,13.69476779,12426,69,69,0,5.55846457,5.55846457,0,-43,-3.46397068,12426,12426,-1
"Barber County, Kansas",Barber County,20007,00,20,007,4427,3.903621642387154,50,11.24606388,4427,48,10.79622132,4427,-40,-41,1,-8.9968511,-9.22177238,0.22492128,2,0.44984256,4427,4427,0
"Ballard County, Kentucky",Ballard County,21007,00,21,007,7888,31.952184337045043,76,9.57178841,7888,98,12.34256927,7888,-82,-82,0,-10.32745592,-10.32745592,0,-22,-2.77078086,7888,7888,0
"Assumption Parish, Louisiana",Assumption Parish,22007,00,22,007,21891,64.64708267949435,238,10.77654517,21891,233,10.55014716,21891,-395,-393,-2,-17.88544261,-17.79488341,-0.0905592,5,0.22639801,21891,21891,2
"Franklin County, Maine",Franklin County,23007,00,23,007,30199,17.79547542559053,237,7.88501846,30199,341,11.34511096,30199,390,391,-1,12.97534684,13.00861696,-0.03327012,-104,-3.46009249,30199,30199,-2
"Dukes County, Massachusetts",Dukes County,25007,00,25,007,17332,167.93707552592795,171,9.86699749,17332,146,8.424453999999999,17332,-20,-19,-1,-1.15403479,-1.09633305,-0.05770174,25,1.44254349,17332,17332,-2
"Alpena County, Michigan",Alpena County,26007,00,26,007,28405,49.67067692894213,280,9.86106464,28405,342,12.044586099999998,28405,84,76,8,2.95831939,2.67657469,0.2817447,-62,-2.18352146,28405,28405,-1
"Beltrami County, Minnesota",Beltrami County,27007,00,27,007,47188,18.83974852399328,638,13.58559671,47188,433,9.22031877,47188,248,219,29,5.28092161,4.66339448,0.61752712,205,4.36527794,47188,47188,0
"Attala County, Mississippi",Attala County,28007,00,28,007,18174,24.727984445832973,221,12.10892554,18174,233,12.76642376,18174,-141,-141,0,-7.72560408,-7.72560408,0,-12,-0.65749822,18174,18174,-1
"Audrain County, Missouri",Audrain County,29007,00,29,007,25388,36.67488339531677,309,12.16272067,25388,272,10.70634311,25388,-72,-76,4,-2.834032,-2.99147822,0.15744622,37,1.45637756,25388,25388,0
"Broadwater County, Montana",Broadwater County,30007,00,30,007,6237,5.230806590548584,60,9.74896417,6237,51,8.28661955,6237,154,155,-1,25.02234138,25.18482411,-0.16248274,9,1.46234463,6237,6237,2
"Banner County, Nebraska",Banner County,31007,00,31,007,745,0.9983775448808908,9,12.24489796,745,3,4.08163265,745,15,15,0,20.40816327,20.40816327,0,6,8.16326531,745,745,-1
"Elko County, Nevada",Elko County,32007,00,32,007,52778,3.0732330664939194,775,14.71747201,52778,371,7.04539628,52778,-165,-120,-45,-3.13339727,-2.27883438,-0.85456289,404,7.67207573,52778,52778,0
"Coos County, New Hampshire",Coos County,33007,00,33,007,31563,17.588023137788035,225,7.137305900000001,31563,419,13.29124966,31563,272,274,-2,8.62820981,8.69165252,-0.06344272,-194,-6.15394376,31563,31563,-1
"Camden County, New Jersey",Camden County,34007,00,34,007,506471,2288.1000728299487,5923,11.69601036,506471,4741,9.36194245,506471,-1054,-1610,556,-2.08130929,-3.17922956,1.09792027,1182,2.33406791,506471,506471,-10
"Colfax County, New Mexico",Colfax County,35007,00,35,007,11941,3.1775090812728606,110,9.16208562,11941,124,10.32816925,11941,-115,-112,-3,-9.57854406,-9.328669,-0.24987506,-14,-1.16608362,11941,11941,-1
"Broome County, New York",Broome County,36007,00,36,007,190488,269.88239687011503,1920,10.04149964,190488,2113,11.05087955,190488,-1250,-1498,248,-6.53743466,-7.83446169,1.29702704,-193,-1.00937991,190488,190488,6
"Anson County, North Carolina",Anson County,37007,00,37,007,24446,45.99771506271634,253,10.34426364,24446,272,11.12110557,24446,-4,-33,29,-0.16354567,-1.34925178,1.18570611,-19,-0.77684193,24446,24446,-1
"Billings County, North Dakota",Billings County,38007,00,38,007,928,0.8080186071684535,10,10.83423619,928,5,5.41711809,928,6,4,2,6.50054171,4.33369447,2.16684724,5,5.41711809,928,928,-1
"Ashtabula County, Ohio",Ashtabula County,39007,00,39,007,97241,138.50558857178626,1111,11.40493153,97241,1143,11.73342641,97241,-313,-307,-6,-3.21309052,-3.15149773,-0.06159279,-32,-0.32849488,97241,97241,-1
"Beaver County, Oklahoma",Beaver County,40007,00,40,007,5311,2.926432767977236,52,9.7845517,5311,46,8.65556496,5311,-13,-25,12,-2.44613792,-4.70411139,2.25797347,6,1.12898673,5311,5311,0
"Clatsop County, Oregon",Clatsop County,41007,00,41,007,40224,48.57150745310207,377,9.43266404,40224,398,9.95809095,40224,530,542,-12,13.26077438,13.56101833,-0.30024395,-21,-0.52542691,40224,40224,4
"Beaver County, Pennsylvania",Beaver County,42007,00,42,007,163929,377.09708870156743,1506,9.16864275,163929,2071,12.60840581,163929,-77,-86,9,-0.46878187,-0.52357455,0.05479269,-565,-3.43976305,163929,163929,-11
"Providence County, Rhode Island",Providence County,44007,00,44,007,638931,1560.3245518196552,7062,11.06997188,638931,5548,8.69671538,638931,476,-2744,3220,0.74614934,-4.30133147,5.04748081,1514,2.3732564999999997,638931,638931,-12
"Anderson County, South Carolina",Anderson County,45007,00,45,007,202558,283.7530382,2266,11.24984486,202558,2200,10.92217947,202558,2200,2133,67,10.92217947,10.58954946,0.33263001,66,0.32766538,202558,202558,0
"Bennett County, South Dakota",Bennett County,46007,00,46,007,3365,2.840521258765831,56,16.3790582,3365,33,9.65194501,3365,-131,-131,0,-38.31529687,-38.31529687,0,23,6.72711319,3365,3365,0
"Bledsoe County, Tennessee",Bledsoe County,47007,00,47,007,15064,37.064335699306355,116,7.74701973,15064,154,10.28483654,15064,218,196,22,14.55905433,13.08979197,1.46926236,-38,-2.53781681,15064,15064,1
"Aransas County, Texas",Aransas County,48007,00,48,007,23510,93.26795492051816,193,8.22046171,23510,365,15.54646903,23510,236,247,-11,10.05196354,10.52048726,-0.46852372,-172,-7.32600733,23510,23510,0
"Carbon County, Utah",Carbon County,49007,00,49,007,20463,13.833982533650584,231,11.35246707,20463,184,9.04265776,20463,182,180,2,8.944367999999999,8.84607824,0.09828976,47,2.30980932,20463,20463,1
"Chittenden County, Vermont",Chittenden County,50007,00,50,007,163774,305.2150649644915,1450,8.85915471,163774,1151,7.03233591,163774,-93,-410,317,-0.56820785,-2.50500237,1.93679451,299,1.8268188000000003,163774,163774,-3
"Amelia County, Virginia",Amelia County,51007,00,51,007,13145,36.99060805952912,150,11.44950767,13145,150,11.44950767,13145,89,88,1,6.79337455,6.717044500000001,0.07633005,0,0,13145,13145,-1
"Chelan County, Washington",Chelan County,53007,00,53,007,77200,26.427688148947254,851,11.05539389,77200,687,8.924859699999999,77200,286,279,7,3.71544377,3.62450634,0.09093744,164,2.13053419,77200,77200,-2
"Braxton County, West Virginia",Braxton County,54007,00,54,007,13957,27.32730360727143,127,9.06074983,13957,177,12.62797417,13957,-68,-67,-1,-4.85142511,-4.78008062,-0.07134449,-50,-3.56722434,13957,13957,-1
"Bayfield County, Wisconsin",Bayfield County,55007,00,55,007,15036,10.174075899197325,128,8.51573415,15036,211,14.03765551,15036,93,91,2,6.18721309,6.05415475,0.13305835,-83,-5.52192136,15036,15036,0
"Carbon County, Wyoming",Carbon County,56007,00,56,007,14800,1.8739388134593649,176,11.86023788,14800,119,8.01913811,14800,-136,-144,8,-9.16472927,-9.70383099,0.53910172,57,3.84109977,14800,14800,0
"Aguas Buenas Municipio, Puerto Rico",Aguas Buenas Municipio,72007,00,72,007,24814,0,,,24814,,,24814,,,,,,,,,24814,24814,
"Blount County, Alabama",Blount County,01009,00,01,009,57826,89.67624457,651,11.26326808,57826,657,11.367077,57826,65,59,6,1.12459666,1.02078774,0.10380892,-6,-0.10380892,57826,57826,-4
"Graham County, Arizona",Graham County,04009,00,04,009,38837,8.402863251,526,13.69221158,38837,323,8.40795502,38837,637,607,30,16.58163265,15.80070804,0.78092461,203,5.28425656,38837,38837,2
"Boone County, Arkansas",Boone County,05009,00,05,009,37432,63.44457973438527,407,10.87988024,37432,460,12.29667054,37432,103,114,-11,2.75338493,3.04743574,-0.29405082,-53,-1.4167903,37432,37432,-3
"Calaveras County, California",Calaveras County,06009,00,06,009,45905,45.00495043521105,397,8.66783839,45905,528,11.52800672,45905,338,323,15,7.37967097,7.05217078,0.32750019,-131,-2.86016834,45905,45905,0
"Baca County, Colorado",Baca County,08009,00,08,009,3581,1.4015695754998687,37,10.32798325,3581,46,12.84019539,3581,6,3,3,1.67480809,0.83740405,0.83740405,-9,-2.51221214,3581,3581,0
"New Haven County, Connecticut",New Haven County,09009,00,09,009,854757,1413.9582379501696,8512,9.94550536,854757,7887,9.21524915,854757,-2858,-5598,2740,-3.33931559,-6.54075881,3.20144322,625,0.73025621,854757,854757,19
"Brevard County, Florida",Brevard County,12009,00,12,009,601942,593.0563265391537,5258,8.78423249,601942,7468,12.47634998,601942,8938,8509,429,14.93219284,14.21548768,0.71670516,-2210,-3.6921175,601942,601942,11
"Baldwin County, Georgia",Baldwin County,13009,00,13,009,44890,173.5220593196786,411,9.15540804,44890,480,10.69244735,44890,69,42,27,1.53703931,0.93558914,0.60145016,-69,-1.53703931,44890,44890,-3
"Maui County, Hawaii",Maui County,15009,00,15,009,167417,144.1348874134101,1834,10.96926035,167417,1446,8.64860985,167417,65,-517,582,0.38876877,-3.09220698,3.48097575,388,2.3206505,167417,167417,-8
"Benewah County, Idaho",Benewah County,16009,00,16,009,9298,11.967594619130562,96,10.36941024,9298,99,10.69345431,9298,82,81,1,8.85720458,8.74918989,0.10801469,-3,-0.32404407,9298,9298,1
"Brown County, Illinois",Brown County,17009,00,17,009,6578,21.515945511972685,56,8.52294346,6578,56,8.52294346,6578,15,10,5,2.28293128,1.52195419,0.76097709,0,0,6578,6578,0
"Blackford County, Indiana",Blackford County,18009,00,18,009,11758,71.22537356,115,9.71201757,11758,163,13.76572925,11758,-118,-128,10,-9.96537455,-10.80989781,0.84452327,-48,-4.05371168,11758,11758,0
"Audubon County, Iowa",Audubon County,19009,00,19,009,5496,12.407403480423676,60,10.94191666,5496,63,11.48901249,5496,30,29,1,5.47095833,5.28859305,0.18236528,-3,-0.54709583,5496,5496,-2
"Barton County, Kansas",Barton County,20009,00,20,009,25779,28.795076921063107,271,10.45605371,25779,304,11.7293001,25779,-245,-250,5,-9.45288988,-9.645806,0.19291612,-33,-1.27324639,25779,25779,0
"Barren County, Kentucky",Barren County,21009,00,21,009,44249,90.75151112607136,557,12.606944,44249,519,11.74686524,44249,98,98,0,2.21809787,2.21809787,0,38,0.86007877,44249,44249,-2
"Avoyelles Parish, Louisiana",Avoyelles Parish,22009,00,22,009,40144,48.24798251,510,12.66357113,40144,452,11.22340029,40144,-315,-320,5,-7.82161746,-7.94577012,0.12415266,58,1.44017083,40144,40144,-1
"Hancock County, Maine",Hancock County,23009,00,23,009,54987,34.645643012594626,448,8.16616691,54987,665,12.12165401,54987,473,432,41,8.62186819,7.8745181,0.7473501,-217,-3.9554871,54987,54987,-3
"Calvert County, Maryland",Calvert County,24009,00,24,009,92525,434.00050888636554,892,9.66466222,92525,722,7.82274229,92525,298,272,26,3.22877729,2.94707189,0.2817054,170,1.84191993,92525,92525,-8
"Essex County, Massachusetts",Essex County,25009,00,25,009,789034,1602.0491623048556,8605,10.91162472,789034,6946,8.80791927,789034,-811,-4047,3236,-1.02839368,-5.13182397,4.10343028,1659,2.10370545,789034,789034,3
"Antrim County, Michigan",Antrim County,26009,00,26,009,23324,49.03307419295008,156,6.68853302,23324,276,11.83355843,23324,122,115,7,5.23077583,4.93064935,0.30012648,-120,-5.1450254,23324,23324,-1
"Benton County, Minnesota",Benton County,27009,00,27,009,40889,100.14532795418276,538,13.21883561,40889,330,8.10820772,40889,173,123,50,4.25066647,3.02215015,1.22851632,208,5.11062789,40889,40889,-2
"Benton County, Mississippi",Benton County,28009,00,28,009,8259,20.31153037780535,88,10.66537389,8259,92,11.15016362,8259,20,23,-3,2.42394861,2.7875409,-0.36359229,-4,-0.48478972,8259,8259,0
"Barry County, Missouri",Barry County,29009,00,29,009,35789,45.99687213067173,410,11.46837107,35789,403,11.27256961,35789,72,65,7,2.01395785,1.81815639,0.19580146,7,0.19580146,35789,35789,-2
"Carbon County, Montana",Carbon County,30009,00,30,009,10725,5.237571578362468,73,6.81733284,10725,86,8.03137841,10725,48,46,2,4.48262981,4.29585357,0.18677624,-13,-1.21404557,10725,10725,-1
"Blaine County, Nebraska",Blaine County,31009,00,31,009,465,0.6542953418763928,6,12.6984127,465,4,8.46560847,465,-15,-15,0,-31.74603175,-31.74603175,0,2,4.23280423,465,465,-2
"Esmeralda County, Nevada",Esmeralda County,32009,00,32,009,873,0.24372613471990232,6,7.05882353,873,7,8.23529412,873,46,46,0,54.11764706,54.11764706,0,-1,-1.17647059,873,873,1
"Grafton County, New Hampshire",Grafton County,33009,00,33,009,89886,52.60796886,681,7.58406789,89886,830,9.24343076,89886,340,209,131,3.78646561,2.32756269,1.45890293,-149,-1.65936287,89886,89886,-6
"Cape May County, New Jersey",Cape May County,34009,00,34,009,92039,365.9844638862442,734,7.9572865,92039,1299,14.08244573,92039,166,181,-15,1.7996043000000002,1.96221915,-0.16261485,-565,-6.12515923,92039,92039,-8
"Curry County, New Mexico",Curry County,35009,00,35,009,48954,34.82998884311065,824,16.76636959,48954,378,7.69136858,48954,-829,-821,-8,-16.86810727,-16.70532698,-0.16278029,446,9.07500102,48954,48954,-1
"Cattaraugus County, New York",Cattaraugus County,36009,00,36,009,76117,58.18105598981247,801,10.4813436,76117,848,11.09635377,76117,-560,-565,5,-7.32778079,-7.39320741,0.06542661,-47,-0.61501017,76117,76117,-2
"Ashe County, North Carolina",Ashe County,37009,00,37,009,27203,63.99629198413669,216,7.95550808,27203,350,12.89086958,27203,238,251,-13,8.76579132,9.24459504,-0.47880373,-134,-4.9353615,27203,27203,0
"Bottineau County, North Dakota",Bottineau County,38009,00,38,009,6282,3.765336393474577,61,9.6214511,6282,90,14.1955836,6282,-87,-91,4,-13.72239748,-14.3533123,0.63091483,-29,-4.57413249,6282,6282,0
"Athens County, Ohio",Athens County,39009,00,39,009,65327,129.71315998576486,477,7.29101386,65327,494,7.55086132,65327,-177,-305,128,-2.70547055,-4.66196903,1.95649848,-17,-0.25984745,65327,65327,2
"Beckham County, Oklahoma",Beckham County,40009,00,40,009,21859,24.242544953118543,294,13.49273733,21859,238,10.92269212,21859,83,80,3,3.80917414,3.67149315,0.13768099,56,2.57004521,21859,21859,0
"Columbia County, Oregon",Columbia County,41009,00,41,009,52354,79.55151375644363,499,9.5412002,52354,503,9.61768277,52354,114,122,-8,2.17975315,2.33271829,-0.15296513,-4,-0.07648257,52354,52354,-1
"Bedford County, Pennsylvania",Bedford County,42009,00,42,009,47888,47.30601246891423,447,9.31424642,47888,553,11.52299389,47888,-99,-103,4,-2.06288679,-2.14623575,0.08334896,-106,-2.20874747,47888,47888,-1
"Washington County, Rhode Island",Washington County,44009,00,44,009,125577,381.37010287493746,840,6.67530218,125577,1247,9.90964502,125577,-109,-208,99,-0.86619993,-1.65293197,0.78673204,-407,-3.23434284,125577,125577,-4
"Bamberg County, South Carolina",Bamberg County,45009,00,45,009,14066,35.75798087811944,124,8.75149975,14066,196,13.83301574,14066,-133,-133,0,-9.38668925,-9.38668925,0,-72,-5.08151599,14066,14066,-1
"Bon Homme County, South Dakota",Bon Homme County,46009,00,46,009,6901,12.245598218774566,69,9.99203533,6901,62,8.97835059,6901,-15,-13,-2,-2.17218159,-1.88255738,-0.28962421,7,1.01368474,6901,6901,-1
"Blount County, Tennessee",Blount County,47009,00,47,009,133088,238.15910478519288,1255,9.49250999,133088,1414,10.69514672,133088,1913,1842,71,14.46945946,13.93243299,0.53702646,-159,-1.20263672,133088,133088,3
"Archer County, Texas",Archer County,48009,00,48,009,8553,9.468728449426298,70,8.11453081,8553,144,16.69274909,8553,-72,-72,0,-8.34637454,-8.34637454,0,-74,-8.57821828,8553,8553,-1
"Daggett County, Utah",Daggett County,49009,00,49,009,950,1.3630111926855843,6,6.23700624,950,1,1.03950104,950,-30,-30,0,-31.18503119,-31.18503119,0,5,5.1975052,950,950,1
"Essex County, Vermont",Essex County,50009,00,50,009,6163,9.287232663892611,51,8.22779705,6163,59,9.51843188,6163,-63,-64,1,-10.16374929,-10.32507865,0.16132935,-8,-1.29063483,6163,6163,0
"Amherst County, Virginia",Amherst County,51009,00,51,009,31605,66.68262895641176,306,9.66992684,31605,382,12.07160802,31605,1,0,1,0.03160107,0,0.03160107,-76,-2.40168118,31605,31605,-4
"Clallam County, Washington",Clallam County,53009,00,53,009,77331,44.476761939812654,632,8.21408612,77331,1061,13.78978698,77331,1206,1162,44,15.67434788,15.10248112,0.57186676,-429,-5.57570086,77331,77331,3
"Brooke County, West Virginia",Brooke County,54009,00,54,009,21939,245.9647674346695,198,8.98611237,21939,302,13.70609059,21939,-84,-73,-11,-3.8122901,-3.31306163,-0.49922847,-104,-4.71997822,21939,21939,-2
"Brown County, Wisconsin",Brown County,55009,00,55,009,264542,499.0487808051435,3194,12.10520232,264542,1817,6.88639719,264542,6,-132,138,0.02273989,-0.50027762,0.52301751,1377,5.21880513,264542,264542,-6
"Converse County, Wyoming",Converse County,56009,00,56,009,13822,3.248441589067914,154,11.20815138,13822,111,8.07860262,13822,123,118,5,8.95196507,8.58806405,0.36390102,43,3.12954876,13822,13822,-2
"Aibonito Municipio, Puerto Rico",Aibonito Municipio,72009,00,72,009,22108,0,,,22108,,,22108,,,,,,,,,22108,22108,
"Bullock County, Alabama",Bullock County,01011,00,01,011,10101,16.218372221903724,109,10.75215783,10101,109,10.75215783,10101,-73,-72,-1,-7.20098644,-7.10234279,-0.09864365,0,0,10101,10101,0
"Greenlee County, Arizona",Greenlee County,04011,00,04,011,9498,5.155956116903374,144,15.20109786,9498,49,5.1725958,9498,-44,-52,8,-4.6447799,-5.48928534,0.84450544,95,10.02850206,9498,9498,-1
"Bradley County, Arkansas",Bradley County,05011,00,05,011,10763,16.577958884373757,116,10.74024351,10763,130,12.03647979,10763,-61,-56,-5,-5.64788667,-5.18494514,-0.46294153,-14,-1.29623629,10763,10763,0
"Colusa County, California",Colusa County,06011,00,06,011,21547,18.724912086924707,282,13.12696381,21547,129,6.0048877,21547,-23,10,-33,-1.07063889,0.46549517,-1.53613406,153,7.12207611,21547,21547,-1
"Bent County, Colorado",Bent County,08011,00,08,011,5577,3.686427465,36,6.32411067,5577,57,10.01317523,5577,-213,-215,2,-37.41765481,-37.76899429,0.35133948,-21,-3.68906456,5577,5577,3
"New London County, Connecticut",New London County,09011,00,09,011,265206,398.7206013,2502,9.41502302,265206,2521,9.48652,265206,-1059,-1385,326,-3.98501574,-5.21175335,1.22673761,-19,-0.07149698,265206,265206,-1
"Broward County, Florida",Broward County,12011,00,12,011,1952778,1623.4998480235604,21829,11.19756033,1952778,16032,8.22388965,1952778,902,-12153,13055,0.46269639,-6.23409,6.69678639,5797,2.97367068,1952778,1952778,-28
"Banks County, Georgia",Banks County,13011,00,13,011,19234,82.88514939,219,11.46416793,19234,158,8.27095221,19234,202,191,11,10.57425535,9.99842957,0.57582579,61,3.19321573,19234,19234,-1
"Bingham County, Idaho",Bingham County,16011,00,16,011,46811,22.35703632446866,593,12.76092102,46811,377,8.11276092,46811,469,461,8,10.09253282,9.92037874,0.17215408,216,4.648160099999999,46811,46811,-3
"Bureau County, Illinois",Bureau County,17011,00,17,011,32628,37.54267111298762,314,9.57506823,32628,383,11.67914373,32628,-263,-281,18,-8.01988199,-8.56877125,0.54888926,-69,-2.1040755,32628,32628,1
"Boone County, Indiana",Boone County,18011,00,18,011,67843,160.41873234185158,764,11.33758245,67843,469,6.95985101,67843,618,546,72,9.17097638,8.10251311,1.06846327,295,4.37773144,67843,67843,0
"Benton County, Iowa",Benton County,19011,00,19,011,25645,35.811922656661515,280,10.9225668,25645,263,10.25941096,25645,5,-1,6,0.19504584,-0.03900917,0.234055,17,0.66315584,25645,25645,-2
"Bourbon County, Kansas",Bourbon County,20011,00,20,011,14534,22.871230942086072,175,12.03741918,14534,146,10.04264686,14534,-37,-46,9,-2.54505434,-3.16412161,0.61906727,29,1.99477232,14534,14534,0
"Bath County, Kentucky",Bath County,21011,00,21,011,12500,44.83545573828704,194,15.55484285,12500,161,12.90891597,12500,24,26,-2,1.92431046,2.08466966,-0.1603592,33,2.64592688,12500,12500,-1
"Beauregard Parish, Louisiana",Beauregard Parish,22011,00,22,011,37497,32.398663701332985,531,14.18534448,37497,412,11.00633131,37497,12,1,11,0.32057276,0.0267144,0.29385836,119,3.17901317,37497,37497,-3
"Kennebec County, Maine",Kennebec County,23011,00,23,011,122302,140.98713199596753,1113,9.11003249,122302,1390,11.37730923,122302,540,500,40,4.41996186,4.09255728,0.32740458,-277,-2.26727673,122302,122302,-5
"Caroline County, Maryland",Caroline County,24011,00,24,011,33406,104.57618906274078,397,11.9019067,33406,349,10.46288524,33406,52,9,43,1.55893992,0.26981652,1.2891233999999998,48,1.43902147,33406,33406,0
"Franklin County, Massachusetts",Franklin County,25011,00,25,011,70180,100.37204455330463,526,7.47206853,70180,703,9.98643379,70180,-253,-355,102,-3.59397973,-5.04293598,1.44895625,-177,-2.51436526,70180,70180,-1
"Arenac County, Michigan",Arenac County,26011,00,26,011,14883,40.97986283,110,7.36007494,14883,206,13.78341307,14883,-28,-28,0,-1.87347362,-1.87347362,0,-96,-6.42333813,14883,14883,-1
"Big Stone County, Minnesota",Big Stone County,27011,00,27,011,4991,9.998463534499129,70,14.02665064,4991,70,14.02665064,4991,2,1,1,0.40076145,0.20038072,0.20038072,0,0,4991,4991,-1
"Bolivar County, Mississippi",Bolivar County,28011,00,28,011,30628,34.93710753038979,405,13.11889607,30628,398,12.89214972,30628,-496,-519,23,-16.06659864,-16.81162237,0.74502373,7,0.22674635,30628,30628,2
"Barton County, Missouri",Barton County,29011,00,29,011,11754,19.853718552773444,133,11.29799524,11754,114,9.68399592,11754,-56,-56,0,-4.75705063,-4.75705063,0,19,1.61399932,11754,11754,1
"Carter County, Montana",Carter County,30011,00,30,011,1252,0.37479673994589474,19,15.31023368,1252,15,12.08702659,1252,19,19,0,15.31023368,15.31023368,0,4,3.22320709,1252,1252,-1
"Boone County, Nebraska",Boone County,31011,00,31,011,5192,7.562408382204307,56,10.73516726,5192,62,11.88536375,5192,-44,-46,2,-8.43477427,-8.8181731,0.38339883,-6,-1.15019649,5192,5192,1
"Eureka County, Nevada",Eureka County,32011,00,32,011,2029,0.4859078955215329,12,5.95977154,2029,10,4.96647629,2029,29,29,0,14.40278123,14.40278123,0,2,0.99329526,2029,2029,0
"Hillsborough County, New Hampshire",Hillsborough County,33011,00,33,011,417025,475.7690634897004,4148,9.97529023,417025,3390,8.15241897,417025,1652,650,1002,3.97280122,1.56314818,2.40965304,758,1.82287126,417025,417025,-15
"Cumberland County, New Jersey",Cumberland County,34011,00,34,011,149527,309.3487190476124,1757,11.70701155,149527,1435,9.56150345,149527,-1435,-1509,74,-9.56150345,-10.05457053,0.49306708,322,2.14550809,149527,149527,5
"De Baca County, New Mexico",De Baca County,35011,00,35,011,1748,0.7524405316954632,13,7.371703999999999,1748,16,9.07286646,1748,-27,-28,1,-15.31046215,-15.8775163,0.56705415,-3,-1.70116246,1748,1748,-1
"Cayuga County, New York",Cayuga County,36011,00,36,011,76576,110.72575011545872,741,9.64234826,76576,711,9.25196978,76576,-576,-602,26,-7.49526666,-7.83359467,0.33832801,30,0.39037847,76576,76576,1
"Avery County, North Carolina",Avery County,37011,00,37,011,17557,70.98387165,130,7.41057432,17557,215,12.25594984,17557,116,106,10,6.61251247,6.04246829,0.57004418,-85,-4.84537552,17557,17557,-2
"Bowman County, North Dakota",Bowman County,38011,00,38,011,3024,2.6028381082206455,35,11.49236579,3024,34,11.16401248,3024,-45,-45,0,-14.77589887,-14.77589887,0,1,0.32835331,3024,3024,1
"Auglaize County, Ohio",Auglaize County,39011,00,39,011,45656,113.74528636132366,559,12.23301821,45656,493,10.78869048,45656,-147,-165,18,-3.21691176,-3.61081933,0.39390756,66,1.44432773,45656,45656,1
"Blaine County, Oklahoma",Blaine County,40011,00,40,011,9429,10.155221029024714,116,12.28618334,9429,104,11.01519886,9429,-36,-52,16,-3.81295345,-5.50759943,1.69464598,12,1.27098448,9429,9429,-1
"Coos County, Oregon",Coos County,41011,00,41,011,64487,40.4035992,599,9.30420398,64487,937,14.55432242,64487,553,568,-15,8.58969082,8.82268424,-0.23299342,-338,-5.25011844,64487,64487,0
"Berks County, Pennsylvania",Berks County,42011,00,42,011,421164,491.78051882771473,4708,11.18697672,421164,3885,9.23139434,421164,-177,-871,694,-0.4205809,-2.06963822,1.64905732,823,1.95558238,421164,421164,-11
"Barnwell County, South Carolina",Barnwell County,45011,00,45,011,20866,38.05032877774416,234,11.14630719,20866,286,13.62326434,20866,-203,-204,1,-9.66965966,-9.71729345,0.04763379,-52,-2.47695715,20866,20866,0
"Brookings County, South Dakota",Brookings County,46011,00,46,011,35077,44.27648575247902,443,12.62935827,35077,204,5.81577672,35077,-241,-310,69,-6.87059897,-8.83769992,1.96710095,239,6.81358155,35077,35077,2
"Bradley County, Tennessee",Bradley County,47011,00,47,011,108110,328.8398974943253,1240,11.526306,108110,1113,10.34578918,108110,937,769,168,8.70979736,7.1481688,1.56162856,127,1.18051682,108110,108110,-4
"Armstrong County, Texas",Armstrong County,48011,00,48,011,1887,2.075658395616631,19,10.09028147,1887,20,10.62134891,1887,10,10,0,5.31067446,5.31067446,0,-1,-0.53106745,1887,1887,-1
"Davis County, Utah",Davis County,49011,00,49,011,355481,1188.6425897964143,5406,15.30183333,355481,1724,4.87982994,355481,710,532,178,2.00967474,1.50584079,0.50383395,3682,10.42200339,355481,355481,-12
"Franklin County, Vermont",Franklin County,50011,00,50,011,49402,77.90607561660543,569,11.53456315,49402,392,7.94648287,49402,-31,-37,6,-0.62842084,-0.75005068,0.12162984,177,3.58808028,49402,49402,-2
"Appomattox County, Virginia",Appomattox County,51011,00,51,011,15911,47.60654946150266,184,11.57523905,15911,186,11.70105687,15911,33,24,9,2.07599396,1.50981379,0.56618017,-2,-0.12581782,15911,15911,-1
"Clark County, Washington",Clark County,53011,00,53,011,488241,776.8553144051823,5574,11.49671846,488241,3766,7.76760706,488241,4986,4847,139,10.28393223,9.99723617,0.28669607,1808,3.72911141,488241,488241,20
"Cabell County, West Virginia",Cabell County,54011,00,54,011,91945,327.18359333003923,1009,10.90928749,91945,1086,11.74180993,91945,-1013,-990,-23,-10.95253541,-10.70385988,-0.24867553,-77,-0.83252243,91945,91945,0
"Buffalo County, Wisconsin",Buffalo County,55011,00,55,011,13031,19.28260233421651,129,9.8680436,13031,126,9.63855422,13031,-86,-95,9,-6.57869574,-7.26716389,0.68846816,3,0.22948939,13031,13031,0
"Crook County, Wyoming",Crook County,56011,00,56,011,7584,2.6568762268056227,103,13.70683346,7584,70,9.31532371,7584,107,87,20,14.23913767,11.57761661,2.66152106,33,4.39150975,7584,7584,-1
"A<f1>asco Municipio, Puerto Rico",A<f1>asco Municipio,72011,00,72,011,26161,0,,,26161,,,26161,,,,,,,,,26161,26161,
"La Paz County, Arizona",La Paz County,04012,00,04,012,21108,4.694466658123872,191,9.06351579,21108,310,14.710418300000002,21108,191,123,68,9.06351579,5.83671436,3.22680143,-119,-5.64690251,21108,21108,-3
"Butler County, Alabama",Butler County,01013,00,01,013,19448,25.034802533021814,213,10.90099542,19448,272,13.92051997,19448,-123,-141,18,-6.29494102,-7.2161519,0.92121088,-59,-3.01952455,19448,19448,-1
"Aleutians East Borough, Alaska",Aleutians East Borough,02013,00,02,013,3337,0.4777264887063655,10,2.97088532,3337,9,2.67379679,3337,-60,-103,43,-17.82531194,-30.60011884,12.77480689,1,0.29708853,3337,3337,1
"Maricopa County, Arizona",Maricopa County,04013,00,04,013,4485414,487.5095524750079,52722,11.86388064,4485414,33023,7.43107109,4485414,62997,57477,5520,14.17603445,12.93388466,1.24214979,19699,4.43280954,4485414,4485414,315
"Calhoun County, Arkansas",Calhoun County,05013,00,05,013,5189,8.255313273208177,39,7.48847926,5189,48,9.21658986,5189,-29,-28,-1,-5.56835637,-5.37634409,-0.19201229,-9,-1.7281106,5189,5189,0
"Contra Costa County, California",Contra Costa County,06013,00,06,013,1153526,1608.6422533590464,12070,10.47722592,1153526,8478,7.35923127,1153526,-581,-3497,2916,-0.50433043,-3.03553099,2.53120056,3592,3.11799466,1153526,1153526,-4
"Boulder County, Colorado",Boulder County,08013,00,08,013,326196,449.0721651979351,2609,8.017430000000001,326196,1935,5.94623497,326196,896,-42,938,2.75339873,-0.12906557,2.88246429,674,2.07119502,326196,326196,-10
"Tolland County, Connecticut",Tolland County,09013,00,09,013,150721,367.29662067004733,1134,7.52463422,150721,1048,6.95398295,150721,-54,-503,449,-0.35831592,-3.3376464,2.97933048,86,0.57065127,150721,150721,0
"Calhoun County, Florida",Calhoun County,12013,00,12,013,14105,24.861791626682045,133,9.28511589,14105,165,11.51912873,14105,-409,-409,0,-28.55347668,-28.55347668,0,-32,-2.23401285,14105,14105,3
"Barrow County, Georgia",Barrow County,13013,00,13,013,83240,516.9018427695363,1062,12.945378300000002,83240,659,8.03296074,83240,1993,1949,44,24.29391616,23.7575728,0.53634336,403,4.91241757,83240,83240,10
"Blaine County, Idaho",Blaine County,16013,00,16,013,23021,8.727555177059827,192,8.38574423,23021,106,4.62962963,23021,164,45,119,7.1628232,1.96540881,5.1974144,86,3.75611461,23021,23021,0
"Calhoun County, Illinois",Calhoun County,17013,00,17,013,4739,18.66981197463275,39,8.15217391,4739,56,11.70568562,4739,-73,-74,1,-15.25919732,-15.46822742,0.2090301,-17,-3.55351171,4739,4739,0
"Brown County, Indiana",Brown County,18013,00,18,013,15092,48.37373481469512,117,7.71716905,15092,153,10.09168261,15092,-101,-98,-3,-6.66182969,-6.46395357,-0.19787613,-36,-2.37451355,15092,15092,-1
"Black Hawk County, Iowa",Black Hawk County,19013,00,19,013,131228,231.9468366054137,1660,12.6259265,131228,1212,9.21844754,131228,-941,-1129,188,-7.15722701,-8.58715122,1.42992421,448,3.40747896,131228,131228,-2
"Brown County, Kansas",Brown County,20013,00,20,013,9564,16.753335371147944,125,13.03848962,9564,121,12.62125795,9564,-50,-49,-1,-5.21539585,-5.11108793,-0.10430792,4,0.41723167,9564,9564,0
"Bell County, Kentucky",Bell County,21013,00,21,013,26032,72.50006085467156,316,12.03374017,26032,379,14.43287191,26032,-393,-398,5,-14.9660123,-15.15641958,0.19040728,-63,-2.39913174,26032,26032,1
"Bienville Parish, Louisiana",Bienville Parish,22013,00,22,013,13241,16.321106853252747,142,10.68311766,13241,207,15.57327716,13241,-36,-39,3,-2.70839603,-2.9340957,0.22569967,-65,-4.89015949,13241,13241,-1
"Knox County, Maine",Knox County,23013,00,23,013,39772,108.92385695671544,307,7.72433922,39772,452,11.37264276,39772,202,199,3,5.08246424,5.006982099999999,0.07548214,-145,-3.64830354,39772,39772,-2
"Carroll County, Maryland",Carroll County,24013,00,24,013,168447,376.3096574785056,1663,9.87781916,168447,1615,9.59271073,168447,141,120,21,0.83750601,0.71277108,0.12473494,48,0.28510843,168447,168447,-9
"Hampden County, Massachusetts",Hampden County,25013,00,25,013,466372,755.8698169490654,4972,10.63802473,466372,4536,9.70516496,466372,-2453,-2820,367,-5.24840601,-6.0336343,0.78522829,436,0.93285977,466372,466372,1
"Baraga County, Michigan",Baraga County,26013,00,26,013,8209,9.137083781510144,62,7.50015121,8209,117,14.15351116,8209,-59,-63,4,-7.13724067,-7.62112139,0.48388072,-55,-6.65335995,8209,8209,-1
"Blue Earth County, Minnesota",Blue Earth County,27013,00,27,013,67653,90.47132036946408,715,10.59016078,67653,470,6.96136443,67653,31,-72,103,0.45915382,-1.06642178,1.52557561,245,3.62879635,67653,67653,-1
"Calhoun County, Mississippi",Calhoun County,28013,00,28,013,14361,24.48286588931597,165,11.46111902,14361,167,11.60004168,14361,-68,-75,7,-4.72337026,-5.20959956,0.48622929,-2,-0.13892265,14361,14361,-1
"Bates County, Missouri",Bates County,29013,00,29,013,16172,19.32843599759155,181,11.14669294,16172,171,10.53085355,16172,-141,-140,-1,-8.68333539,-8.62175145,-0.06158394,10,0.61583939,16172,16172,-1
"Cascade County, Montana",Cascade County,30013,00,30,013,81366,30.155951833741717,1054,12.92823236,81366,785,9.62871196,81366,-589,-595,6,-7.22460044,-7.29819569,0.07359525,269,3.2995203999999996,81366,81366,-2
"Box Butte County, Nebraska",Box Butte County,31013,00,31,013,10783,10.027969316124471,124,11.526306,10783,97,9.01654583,10783,25,23,2,2.32385202,2.13794386,0.18590816,27,2.50976018,10783,10783,-2
"Humboldt County, Nevada",Humboldt County,32013,00,32,013,16831,1.7458111033339174,221,13.15123925,16831,112,6.66488143,16831,-56,-55,-1,-3.33244072,-3.27293285,-0.05950787,109,6.48635782,16831,16831,0
"Merrimack County, New Hampshire",Merrimack County,33013,00,33,013,151391,162.28312564142456,1305,8.64121096,151391,1388,9.19080522,151391,830,551,279,5.4959426,3.64851129,1.84743131,-83,-0.54959426,151391,151391,-6
"Essex County, New Jersey",Essex County,34013,00,34,013,798975,6336.819657908286,10165,12.72577611,798975,6457,8.08365336,798975,-3331,-6340,3009,-4.17014857,-7.93717861,3.76703004,3708,4.64212276,798975,798975,28
"Do<f1>a Ana County, New Mexico",Do<f1>a Ana County,35013,00,35,013,218195,57.29626025020735,2630,12.07882004,218195,1615,7.41722219,218195,-96,-224,128,-0.4408999,-1.02876642,0.58786653,1015,4.66159785,218195,218195,-2
"Chautauqua County, New York",Chautauqua County,36013,00,36,013,126903,119.6910309560367,1282,10.07960688,126903,1398,10.99164619,126903,-450,-471,21,-3.53808354,-3.7031941,0.16511057,-116,-0.91203931,126903,126903,-3
"Beaufort County, North Carolina",Beaufort County,37013,00,37,013,46994,56.476896249491034,439,9.33545986,46994,628,13.35459862,46994,131,128,3,2.78575226,2.72195641,0.06379585,-189,-4.01913876,46994,46994,-4
"Burke County, North Dakota",Burke County,38013,00,38,013,2115,1.916543467980786,26,12.3544785,2115,17,8.07792825,2115,12,12,0,5.702067,5.702067,0,9,4.27655025,2115,2115,0
"Belmont County, Ohio",Belmont County,39013,00,39,013,67006,125.9213821152106,608,9.03827143,67006,856,12.72493478,67006,-276,-264,-12,-4.10289953,-3.92451259,-0.17838694,-248,-3.68666335,67006,67006,-3
"Bryan County, Oklahoma",Bryan County,40013,00,40,013,47995,53.07761223870323,589,12.37576955,47995,542,11.38822936,47995,753,739,14,15.82165444,15.52749354,0.29416091,47,0.98754018,47995,47995,4
"Crook County, Oregon",Crook County,41013,00,41,013,24404,8.192205443,259,10.74042588,24404,266,11.03070767,24404,585,596,-11,24.2592631,24.71542018,-0.45615708,-7,-0.29028178,24404,24404,1
"Blair County, Pennsylvania",Blair County,42013,00,42,013,121829,231.70158179090717,1146,9.38067875,121829,1619,13.25245977,121829,-195,-225,30,-1.59618879,-1.8417563,0.24556751,-473,-3.87178102,121829,121829,-6
"Beaufort County, South Carolina",Beaufort County,45013,00,45,013,192122,333.4582867,1923,10.09454118,192122,1741,9.13915559,192122,3049,2862,187,16.00533336,15.02370091,0.98163245,182,0.95538559,192122,192122,15
"Brown County, South Dakota",Brown County,46013,00,46,013,38839,22.672685844833783,501,12.8487895,38839,353,9.05313911,38839,-454,-473,19,-11.64341403,-12.13069348,0.48727944,148,3.79565039,38839,38839,0
"Campbell County, Tennessee",Campbell County,47013,00,47,013,39842,82.97139197932133,438,10.9999121,39842,581,14.5912076,39842,192,169,23,4.82187928,4.24425832,0.57762096,-143,-3.5912955,39842,39842,-2
"Atascosa County, Texas",Atascosa County,48013,00,48,013,51153,41.944468734234995,710,13.99359448,51153,435,8.57354028,51153,559,551,8,11.01749199,10.85981769,0.1576743,275,5.4200542,51153,51153,-3
"Duchesne County, Utah",Duchesne County,49013,00,49,013,19938,6.1625590761222675,352,17.65251624,19938,128,6.41909681,19938,-230,-236,6,-11.53431459,-11.83520975,0.30089516,224,11.23341942,19938,19938,1
"Grand Isle County, Vermont",Grand Isle County,50013,00,50,013,7235,88.43882618358585,68,9.48065528,7235,57,7.94701987,7235,114,114,0,15.89403974,15.89403974,0,11,1.53363541,7235,7235,0
"Arlington County, Virginia",Arlington County,51013,00,51,013,236842,9110.213936005905,2887,12.21062159,236842,1020,4.31410946,236842,-1053,-2110,1057,-4.45368359,-8.92428526,4.47060167,1867,7.89651213,236842,236842,3
"Columbia County, Washington",Columbia County,53013,00,53,013,3985,4.587921618714548,38,9.47158524,3985,44,10.9670987,3985,-49,-64,15,-12.21335992,-15.95214357,3.73878365,-6,-1.49551346,3985,3985,1
"Calhoun County, West Virginia",Calhoun County,54013,00,54,013,7109,25.457517112001828,49,6.8407092,7109,85,11.86653637,7109,-71,-69,-2,-9.91204802,-9.6328354,-0.27921262,-36,-5.02582717,7109,7109,-1
"Burnett County, Wisconsin",Burnett County,55013,00,55,013,15414,18.761846814379368,123,7.99012602,15414,167,10.84838249,15414,84,83,1,5.45667143,5.39171106,0.06496037,-44,-2.85825646,15414,15414,0
"Fremont County, Wyoming",Fremont County,56013,00,56,013,39261,4.275125140937412,505,12.81368146,39261,485,12.30620893,39261,-319,-316,-3,-8.0941869,-8.01806602,-0.07612088,20,0.50747253,39261,39261,-1
"Arecibo Municipio, Puerto Rico",Arecibo Municipio,72013,00,72,013,81966,0,,,81966,,,81966,,,,,,,,,81966,81966,
"Broomfield County, Colorado",Broomfield County,08014,00,08,014,70465,2135.074239347068,651,9.31403759,70465,413,5.90890556,70465,896,791,105,12.81932055,11.31705642,1.50226413,238,3.40513202,70465,70465,7
"Calhoun County, Alabama",Calhoun County,01015,00,01,015,113605,187.5073169793108,1269,11.13470448,113605,1532,13.44236979,113605,-461,-475,14,-4.04499509,-4.16783659,0.1228415,-263,-2.30766531,113605,113605,-2
"Mohave County, Arizona",Mohave County,04015,00,04,015,212181,15.915333224678752,1752,8.31369981,212181,3375,16.01526076,212181,4478,4724,-246,21.24928524,22.41661981,-1.16733456,-1623,-7.70156095,212181,212181,34
"Carroll County, Arkansas",Carroll County,05015,00,05,015,28380,45.04399699692427,301,10.6592064,28380,305,10.80085699,28380,290,265,25,10.269667300000002,9.38435115,0.88531615,-4,-0.14165058,28380,28380,-3
"Del Norte County, California",Del Norte County,06015,00,06,015,27812,27.639863236992618,261,9.39660138,27812,255,9.18058756,27812,68,53,15,2.44815668,1.90812212,0.54003456,6,0.21601382,27812,27812,-2
"Chaffee County, Colorado",Chaffee County,08015,00,08,015,20356,20.08666895852752,131,6.48563012,20356,175,8.6640097,20356,360,351,9,17.82310568,17.37752803,0.44557764,-44,-2.17837958,20356,20356,-1
"Windham County, Connecticut",Windham County,09015,00,09,015,116782,227.6769987549708,1060,9.06598928,116782,1068,9.13441184,116782,-267,-384,117,-2.28360296,-3.28428291,1.00067995,-8,-0.06842256,116782,116782,-2
"Charlotte County, Florida",Charlotte County,12015,00,12,015,188910,277.3573540527571,1047,5.60254067,188910,2841,15.20230951,188910,5834,5674,160,31.21797736,30.36181069,0.85616667,-1794,-9.59976883,188910,188910,21
"Bartow County, Georgia",Bartow County,13015,00,13,015,107738,234.7698424694852,1268,11.84404715,107738,982,9.17259803,107738,1070,1050,20,9.99458238,9.80776775,0.18681462,286,2.67144912,107738,107738,4
"Boise County, Idaho",Boise County,16015,00,16,015,7831,4.122543049489884,59,7.61978561,7831,58,7.4906367,7831,175,174,1,22.60105902,22.47191011,0.12914891,1,0.12914891,7831,7831,0
"Carroll County, Illinois",Carroll County,17015,00,17,015,14305,32.11673194780241,131,9.15475733,14305,192,13.4176596,14305,53,51,2,3.70383312,3.56406583,0.13976729,-61,-4.26290227,14305,14305,-1
"Carroll County, Indiana",Carroll County,18015,00,18,015,20257,54.421433102966304,232,11.47236989,20257,191,9.44492521,20257,29,13,16,1.43404624,0.64284831,0.79119792,41,2.02744468,20257,20257,-1
"Boone County, Iowa",Boone County,19015,00,19,015,26234,45.89908558040496,268,10.20058615,26234,290,11.0379477,26234,-55,-40,-15,-2.09340387,-1.52247555,-0.57092833,-22,-0.83736155,26234,26234,-1
"Butler County, Kansas",Butler County,20015,00,20,015,66911,46.80185190671886,731,10.9313315,66911,637,9.52566096,66911,-14,-34,20,-0.20935519,-0.50843402,0.29907884,94,1.40567053,66911,66911,-2
"Boone County, Kentucky",Boone County,21015,00,21,015,133581,542.3853277307769,1680,12.65622528,133581,939,7.07392592,133581,943,943,0,7.10405979,7.10405979,0,741,5.58229936,133581,133581,-4
"Bossier Parish, Louisiana",Bossier Parish,22015,00,22,015,127039,151.18027762776902,1570,12.35923656,127039,1119,8.808908099999998,127039,-436,-477,41,-3.43224659,-3.75500372,0.32275713,451,3.55032846,127039,127039,2
"Lincoln County, Maine",Lincoln County,23015,00,23,015,34634,75.97398391574255,307,8.89429693,34634,425,12.31295178,34634,356,341,15,10.31390784,9.87933307,0.43457477,-118,-3.41865485,34634,34634,-3
"Cecil County, Maryland",Cecil County,24015,00,24,015,102855,297.01221464915426,1130,10.99762043,102855,1004,9.77133709,102855,90,102,-12,0.87591667,0.99270556,-0.11678889,126,1.22628334,102855,102855,-5
"Hampshire County, Massachusetts",Hampshire County,25015,00,25,015,160830,305.04378963702175,976,6.06269548,160830,1306,8.11258227,160830,21,-469,490,0.13044734,-2.91332395,3.04377129,-330,-2.04988679,160830,160830,0
"Barry County, Michigan",Barry County,26015,00,26,015,61550,111.28293913541118,625,10.18072829,61550,581,9.46400502,61550,278,258,20,4.52838794,4.20260464,0.32578331,44,0.71672327,61550,61550,-3
"Brown County, Minnesota",Brown County,27015,00,27,015,25008,40.92229807471044,276,11.01071151,25008,275,10.97081763,25008,-117,-125,8,-4.66758423,-4.98673528,0.31915106,1,0.03989388,25008,25008,-1
"Carroll County, Mississippi",Carroll County,28015,00,28,015,9947,15.831861636932077,84,8.45623396,9947,101,10.16761464,9947,44,46,-2,4.42945588,4.63079479,-0.2013389,-17,-1.71138068,9947,9947,0
"Benton County, Missouri",Benton County,29015,00,29,015,19443,27.616221743911332,174,8.98296335,19443,305,15.74599897,19443,276,279,-3,14.24883841,14.40371709,-0.15487868,-131,-6.76303562,19443,19443,1
"Chouteau County, Montana",Chouteau County,30015,00,30,015,5635,1.4184887773811337,44,7.73626374,5635,64,11.25274725,5635,-86,-87,1,-15.12087912,-15.2967033,0.17582418,-20,-3.51648352,5635,5635,1
"Boyd County, Nebraska",Boyd County,31015,00,31,015,1919,3.5541339424927223,14,7.23701215,1919,19,9.82165934,1919,-25,-26,1,-12.92323598,-13.44016542,0.51692944,-5,-2.5846472,1919,1919,-1
"Lander County, Nevada",Lander County,32015,00,32,015,5532,1.0023106285196213,76,13.71964979,5532,37,6.67930319,5532,-55,-53,-2,-9.92869393,-9.56765051,-0.36104342,39,7.0403466,5532,5532,1
"Rockingham County, New Hampshire",Rockingham County,33015,00,33,015,309769,445.4630788929408,2663,8.61734212,309769,2519,8.15136492,309769,1354,1173,181,4.381480000000001,3.79577255,0.58570744,144,0.46597719,309769,309769,-16
"Gloucester County, New Jersey",Gloucester County,34015,00,34,015,291636,905.7671049129636,2841,9.74344992,291636,2694,9.23930098,291636,-25,-86,61,-0.08573962,-0.29494428,0.20920466,147,0.50414894,291636,291636,-11
"Eddy County, New Mexico",Eddy County,35015,00,35,015,58460,13.99788662755283,805,13.85673343,58460,550,9.4673334,58460,475,428,47,8.17633339,7.36730672,0.80902667,255,4.38940003,58460,58460,1
"Chemung County, New York",Chemung County,36015,00,36,015,83456,204.8741372572993,859,10.26339528,83456,943,11.26703347,83456,-394,-411,17,-4.70754103,-4.91065828,0.20311725,-84,-1.00363819,83456,83456,-1
"Bertie County, North Carolina",Bertie County,37015,00,37,015,18947,27.099024757695275,167,8.77723176,18947,268,14.08561743,18947,-58,-89,31,-3.04837989,-4.67768638,1.62930649,-101,-5.30838567,18947,18947,0
"Burleigh County, North Dakota",Burleigh County,38015,00,38,015,95626,58.56943994082108,1180,12.36236394,95626,759,7.95172392,95626,-70,-201,131,-0.73336057,-2.1057925,1.37243193,421,4.41064001,95626,95626,-1
"Brown County, Ohio",Brown County,39015,00,39,015,43432,88.63362683778664,490,11.26410887,43432,518,11.90777224,43432,-110,-102,-8,-2.5286775,-2.34477368,-0.18390382,-28,-0.64366336,43432,43432,0
"Caddo County, Oklahoma",Caddo County,40015,00,40,015,28762,22.50981828555193,374,12.94341582,28762,390,13.49714483,28762,-251,-297,46,-8.68662398,-10.27859491,1.59197093,-16,-0.55372902,28762,28762,1
"Curry County, Oregon",Curry County,41015,00,41,015,22925,14.078396509786838,166,7.261592299999999,22925,345,15.09186352,22925,308,332,-24,13.47331584,14.5231846,-1.04986877,-179,-7.83027122,22925,22925,1
"Bradford County, Pennsylvania",Bradford County,42015,00,42,015,60323,52.57303398758034,632,10.4361898,60323,725,11.97189494,60323,-377,-393,16,-6.22538537,-6.48959271,0.26420734,-93,-1.53570514,60323,60323,-1
"Berkeley County, South Carolina",Berkeley County,45015,00,45,015,227907,206.49928560857987,2774,12.35389867,227907,1647,7.33484899,227907,5576,5291,285,24.83249423,23.56325806,1.26923616,1127,5.01904968,227907,227907,22
"Brule County, South Dakota",Brule County,46015,00,46,015,5297,6.481565421234303,69,13.10914791,5297,41,7.78949368,5297,40,41,-1,7.59950603,7.78949368,-0.18998765,28,5.31965422,5297,5297,-1
"Cannon County, Tennessee",Cannon County,47015,00,47,015,14678,55.25619449607897,180,12.3634865,14678,155,10.6463356,14678,213,206,7,14.6301257,14.14932344,0.48080225,25,1.7171508999999998,14678,14678,0
"Austin County, Texas",Austin County,48015,00,48,015,30032,46.45380603694067,328,10.93388003,30032,274,9.13379002,30032,15,13,2,0.500025,0.4333550000000001,0.06667,54,1.8000900000000002,30032,30032,-2
"Emery County, Utah",Emery County,49015,00,49,015,10012,2.243697874390151,110,10.99175618,10012,92,9.19310517,10012,-8,-7,-1,-0.79940045,-0.69947539,-0.09992506,18,1.79865101,10012,10012,-1
"Lamoille County, Vermont",Lamoille County,50015,00,50,015,25362,55.27051240919952,228,9.00171743,25362,181,7.14610024,25362,22,18,4,0.86858677,0.7106619000000001,0.15792487,47,1.85561719,25362,25362,-2
"Augusta County, Virginia",Augusta County,51015,00,51,015,75558,78.13057705088129,534,7.06849424,75558,759,10.04679237,75558,252,228,24,3.33569391,3.01800878,0.31768513,-225,-2.97829813,75558,75558,-4
"Cowlitz County, Washington",Cowlitz County,53015,00,53,015,110593,96.91166799005316,1287,11.73493811,110593,1134,10.33987554,110593,1686,1664,22,15.37304247,15.17244523,0.20059723,153,1.39506257,110593,110593,2
"Clay County, West Virginia",Clay County,54015,00,54,015,8508,24.88164903693101,88,10.26418616,8508,109,12.71359421,8508,-110,-110,0,-12.83023269,-12.83023269,0,-21,-2.44940806,8508,8508,0
"Calumet County, Wisconsin",Calumet County,55015,00,55,015,50089,157.3734526008885,477,9.51896309,50089,356,7.1042995,50089,-162,-175,13,-3.23285539,-3.49228206,0.25942667,121,2.41466359,50089,50089,-2
"Goshen County, Wyoming",Goshen County,56015,00,56,015,13211,5.935891967979331,132,9.96113648,13211,142,10.71576803,13211,-72,-78,6,-5.43334717,-5.8861261,0.45277893,-10,-0.75463155,13211,13211,1
"Arroyo Municipio, Puerto Rico",Arroyo Municipio,72015,00,72,015,17238,0,,,17238,,,17238,,,,,,,,,17238,17238,
"Aleutians West Census Area, Alaska",Aleutians West Census Area,02016,00,02,016,5634,1.282072216919653,38,6.74117438,5634,7,1.24179528,5634,-38,-91,53,-6.74117438,-16.14333866,9.40216427,31,5.4993791,5634,5634,1
"Chambers County, Alabama",Chambers County,01017,00,01,017,33254,55.74284079052561,354,10.59024142,33254,441,13.19292787,33254,-259,-265,6,-7.74822748,-7.9277231,0.17949562,-87,-2.60268645,33254,33254,0
"Navajo County, Arizona",Navajo County,04017,00,04,017,110924,11.14808161938526,1447,13.08519393,110924,1117,10.1010101,110924,355,311,44,3.21025836,2.81236718,0.39789118,330,2.98418383,110924,110924,-3
"Chicot County, Arkansas",Chicot County,05017,00,05,017,10118,15.693465790594257,111,10.79766537,10118,150,14.59143969,10118,-285,-283,-2,-27.72373541,-27.52918288,-0.19455253,-39,-3.79377432,10118,10118,0
"El Dorado County, California",El Dorado County,06017,00,06,017,192843,112.91594634739106,1624,8.46739609,192843,1699,8.85843963,192843,2185,2110,75,11.39240176,11.00135822,0.39104354,-75,-0.39104354,192843,192843,-13
"Cheyenne County, Colorado",Cheyenne County,08017,00,08,017,1831,1.0296488696383037,17,9.21409214,1831,13,7.04607046,1831,-32,-38,6,-17.34417344,-20.59620596,3.25203252,4,2.16802168,1831,1831,0
"Citrus County, Florida",Citrus County,12017,00,12,017,149657,257.1819624211338,1066,7.17026693,149657,2706,18.20144683,149657,3601,3619,-18,24.22151147,24.3425854,-0.12107393,-1640,-11.0311799,149657,149657,14
"Ben Hill County, Georgia",Ben Hill County,13017,00,13,017,16700,66.76745982869066,197,11.75347533,16700,225,13.42402005,16700,-94,-100,6,-5.60825726,-5.96623113,0.35797387,-28,-1.67054472,16700,16700,0
"Bonner County, Idaho",Bonner County,16017,00,16,017,45739,26.389393079837493,426,9.42019371,45739,438,9.68555128,45739,1044,1057,-13,23.08610853,23.37357923,-0.2874707,-12,-0.26535757,45739,45739,2
"Cass County, Illinois",Cass County,17017,00,17,017,12147,32.32700661633654,167,13.65550513,12147,130,10.63003393,12147,-203,-247,44,-16.59920684,-20.19706448,3.59785764,37,3.0254712,12147,12147,1
"Cass County, Indiana",Cass County,18017,00,18,017,37689,91.44372614443938,452,11.96020322,37689,415,10.98116003,37689,-242,-354,112,-6.40347163,-9.36706181,2.96359018,37,0.97904318,37689,37689,-1
"Bremer County, Iowa",Bremer County,19017,00,19,017,25062,57.55041290761496,271,10.83934964,25062,218,8.71947683,25062,71,48,23,2.83982961,1.91988481,0.9199448,53,2.11987281,25062,25062,-3
"Chase County, Kansas",Chase County,20017,00,20,017,2648,3.4253772923410764,18,6.8597561,2648,14,5.33536585,2648,44,44,0,16.76829268,16.76829268,0,4,1.52439024,2648,2648,0
"Bourbon County, Kentucky",Bourbon County,21017,00,21,017,19788,68.29423388888152,208,10.42502005,19788,235,11.77826784,19788,-302,-299,-3,-15.13632719,-14.98596632,-0.15036087,-27,-1.35324779,19788,19788,1
"Caddo Parish, Louisiana",Caddo Parish,22017,00,22,017,240204,273.24871568666794,3032,12.55390374,240204,2739,11.34074615,240204,-2919,-2938,19,-12.08603068,-12.1646996,0.07866892,293,1.21315758,240204,240204,-3
"Oxford County, Maine",Oxford County,23017,00,23,017,57975,27.91348176679968,461,7.96688816,57975,697,12.04538188,57975,458,439,19,7.9150429,7.58668959,0.32835331,-236,-4.07849372,57975,57975,-1
"Charles County, Maryland",Charles County,24017,00,24,017,163257,356.6144444,1847,11.37549926,163257,1164,7.1689665,163257,1108,1043,65,6.82406777,6.42373889,0.40032889,683,4.20653275,163257,163257,-10
"Middlesex County, Massachusetts",Middlesex County,25017,00,25,017,1611699,1970.649777905144,16755,10.40628613,1611699,11911,7.39774838,1611699,-1632,-10597,8965,-1.0136114,-6.58164214,5.56803075,4844,3.00853775,1611699,1611699,17
"Bay County, Michigan",Bay County,26017,00,26,017,103126,233.1895649509656,981,9.48614308,103126,1163,11.24605953,103126,-389,-384,-5,-3.76157967,-3.71323032,-0.04834935,-182,-1.75991645,103126,103126,-5
"Carlton County, Minnesota",Carlton County,27017,00,27,017,35871,41.64731833461313,368,10.26599529,35871,368,10.26599529,35871,52,50,2,1.45062977,1.39483632,0.05579345,0,0,35871,35871,-3
"Chickasaw County, Mississippi",Chickasaw County,28017,00,28,017,17103,34.084546757552936,231,13.50758705,17103,200,11.69488057,17103,-26,-45,19,-1.52033447,-2.63134813,1.11101365,31,1.81270649,17103,17103,-2
"Bollinger County, Missouri",Bollinger County,29017,00,29,017,12133,19.63572880109659,127,10.44322013,12133,138,11.34775101,12133,-46,-46,0,-3.78258367,-3.78258367,0,-11,-0.90453088,12133,12133,1
"Custer County, Montana",Custer County,30017,00,30,017,11402,3.0137642006882617,126,10.95938071,11402,148,12.87292337,11402,-169,-171,2,-14.69948682,-14.87344525,0.17395842,-22,-1.91354266,11402,11402,1
"Brown County, Nebraska",Brown County,31017,00,31,017,2955,2.4194428078192205,27,9.11854103,2955,32,10.80715974,2955,-8,-8,0,-2.70178994,-2.70178994,0,-5,-1.68861871,2955,2955,1
"Lincoln County, Nevada",Lincoln County,32017,00,32,017,5183,0.48742706468708935,55,10.55662188,5183,62,11.90019194,5183,-49,-47,-2,-9.4049904,-9.02111324,-0.38387716,-7,-1.34357006,5183,5183,2
"Strafford County, New Hampshire",Strafford County,33017,00,33,017,130633,355.49210806885577,1163,8.93138271,130633,1072,8.23253849,130633,743,484,259,5.70594786,3.71692969,1.98901816,91,0.69884422,130633,130633,2
"Hudson County, New Jersey",Hudson County,34017,00,34,017,672391,14555.93906,10019,14.90565504,672391,4371,6.502906299999999,672391,-5164,-10458,5294,-7.68268317,-15.55877238,7.87608921,5648,8.40274875,672391,672391,-24
"Grant County, New Mexico",Grant County,35017,00,35,017,26998,6.815601853375554,256,9.42892396,26998,325,11.97031362,26998,-231,-221,-10,-8.50813061,-8.13981326,-0.36831734,-69,-2.54138966,26998,26998,-5
"Chenango County, New York",Chenango County,36017,00,36,017,47207,52.828328854925545,470,9.93111609,47207,535,11.30456831,47207,-171,-169,-2,-3.61323585,-3.57097578,-0.04226007,-65,-1.37345222,47207,47207,-2
"Bladen County, North Carolina",Bladen County,37017,00,37,017,32722,37.40237641514535,337,10.23180969,32722,468,14.20916005,32722,-295,-316,21,-8.95662866,-9.59421918,0.63759052,-131,-3.97735036,32722,32722,-3
"Cass County, North Dakota",Cass County,38017,00,38,017,181923,103.07634948209488,2511,13.86461707,181923,1116,6.16205203,181923,242,-174,416,1.33621558,-0.96075005,2.29696563,1395,7.70256504,181923,181923,-8
"Butler County, Ohio",Butler County,39017,00,39,017,383134,821.2442472832848,4455,11.64501904,383134,3467,9.06246488,383134,157,-156,313,0.41038563,-0.40777171,0.81815734,988,2.58255417,383134,383134,-11
"Canadian County, Oklahoma",Canadian County,40017,00,40,017,148306,165.41304452603222,1829,12.49607149,148306,1092,7.46074908,148306,3135,3078,57,21.41890876,21.02947406,0.3894347,737,5.03532241,148306,148306,8
"Deschutes County, Oregon",Deschutes County,41017,00,41,017,197692,65.51263321331598,1857,9.53292761,197692,1548,7.9466731,197692,5446,5498,-52,27.95709413,28.22403663,-0.26694251,309,1.58625451,197692,197692,32
"Bucks County, Pennsylvania",Bucks County,42017,00,42,017,628270,1039.4906265769346,5694,9.06628707,628270,6111,9.73025646,628270,919,383,536,1.46328026,0.6098328000000001,0.85344747,-417,-0.66396939,628270,628270,-44
"Calhoun County, South Carolina",Calhoun County,45017,00,45,017,14553,38.18162008226372,134,9.20456107,14553,187,12.84517104,14553,45,43,2,3.09108394,2.95370243,0.13738151,-53,-3.64060997,14553,14553,-2
"Buffalo County, South Dakota",Buffalo County,46017,00,46,017,1962,4.162024407836703,35,17.54825771,1962,37,18.55101529,1962,-64,-64,0,-32.08824267,-32.08824267,0,-2,-1.00275758,1962,1962,1
"Carroll County, Tennessee",Carroll County,47017,00,47,017,27767,46.45971261,296,10.62035808,27767,394,14.13655771,27767,-112,-112,0,-4.01851387,-4.01851387,0,-98,-3.51619963,27767,27767,2
"Bailey County, Texas",Bailey County,48017,00,48,017,7000,8.464616893,124,17.69532644,7000,39,5.56546557,7000,-100,-123,23,-14.27042455,-17.55262219,3.28219765,85,12.12986086,7000,7000,0
"Garfield County, Utah",Garfield County,49017,00,49,017,5051,0.9760106518683794,55,10.94200736,5051,42,8.35571471,5051,37,33,4,7.36098677,6.56520442,0.79578235,13,2.58629265,5051,5051,-1
"Orange County, Vermont",Orange County,50017,00,50,017,28892,42.053568165312235,255,8.82658359,28892,280,9.69193493,28892,33,31,2,1.14226376,1.07303565,0.06922811,-25,-0.86535133,28892,28892,-4
"Bath County, Virginia",Bath County,51017,00,51,017,4147,7.836331277728549,30,7.14285714,4147,62,14.76190476,4147,-74,-73,-1,-17.61904762,-17.38095238,-0.23809524,-32,-7.61904762,4147,4147,0
"Douglas County, Washington",Douglas County,53017,00,53,017,43429,23.871752252035844,542,12.57861635,43429,325,7.54252826,43429,464,423,41,10.76840957,9.81689062,0.95151895,217,5.0360881,43429,43429,-1
"Doddridge County, West Virginia",Doddridge County,54017,00,54,017,8448,26.422883052921637,62,7.29240179,8448,88,10.35050576,8448,-81,-78,-3,-9.52717008,-9.17431193,-0.35285815,-26,-3.05810398,8448,8448,-1
"Chippewa County, Wisconsin",Chippewa County,55017,00,55,017,64658,64.12223260301576,654,10.15788207,64658,576,8.94639154,64658,473,474,-1,7.34660278,7.36213471,-0.01553193,78,1.21149052,64658,64658,-2
"Hot Springs County, Wyoming",Hot Springs County,56017,00,56,017,4413,2.201624417800838,37,8.23961697,4413,71,15.81115689,4413,-121,-122,1,-26.94577441,-27.16846676,0.22269235,-34,-7.57153992,4413,4413,0
"Barceloneta Municipio, Puerto Rico",Barceloneta Municipio,72017,00,72,017,23727,0,,,23727,,,23727,,,,,,,,,23727,23727,
"Cherokee County, Alabama",Cherokee County,01019,00,01,019,26196,47.32576840440822,222,8.50411799,26196,343,13.13924536,26196,303,306,-3,11.60697184,11.72189236,-0.11492051,-121,-4.63512737,26196,26196,0
"Pima County, Arizona",Pima County,04019,00,04,019,1047279,113.97478324183972,10891,10.45285299,1047279,10199,9.78869228,1047279,10005,8801,1204,9.60249694,8.44693409,1.15556285,692,0.66416071,1047279,1047279,28
"Clark County, Arkansas",Clark County,05019,00,05,019,22320,25.771367106811063,233,10.44070531,22320,241,10.79918446,22320,16,14,2,0.7169583,0.62733852,0.08961979,-8,-0.35847915,22320,22320,-1
"Fresno County, California",Fresno County,06019,00,06,019,999101,167.6799080077494,14506,14.57119883,999101,7467,7.50056126,999101,131,-348,479,0.13158879,-0.34956412,0.48115292,7039,7.07063757,999101,999101,-19
"Clear Creek County, Colorado",Clear Creek County,08019,00,08,019,9700,24.552432196270157,73,7.56319934,9700,57,5.90551181,9700,79,56,23,8.18483216,5.80190634,2.38292582,16,1.65768753,9700,9700,1
"Clay County, Florida",Clay County,12019,00,12,019,219252,362.6305878538266,2183,10.03309128,219252,1877,8.62671201,219252,3045,2875,170,13.99485247,13.21353066,0.78132181,306,1.40637926,219252,219252,-7
"Berrien County, Georgia",Berrien County,13019,00,13,019,19397,42.783498570564674,236,12.20805421,19397,237,12.25978326,19397,132,120,12,6.82823371,6.20748519,0.62074852,-1,-0.05172904,19397,19397,0
"Bonneville County, Idaho",Bonneville County,16019,00,16,019,119062,63.80660321567371,1876,15.93165355,119062,863,7.32890033,119062,1600,1633,-33,13.58776422,13.86801186,-0.28024764,1013,8.60275322,119062,119062,5
"Champaign County, Illinois",Champaign County,17019,00,17,019,209689,210.50729829842092,2232,10.63852605,209689,1389,6.62048059,209689,-1089,-2697,1608,-5.19057118,-12.85488564,7.66431447,843,4.01804546,209689,209689,17
"Clark County, Indiana",Clark County,18019,00,18,019,118302,317.30136320608193,1436,12.19108421,118302,1197,10.16206671,118302,783,719,64,6.64736695,6.10403172,0.54333523,239,2.0290175,118302,118302,0
"Buchanan County, Iowa",Buchanan County,19019,00,19,019,21175,37.07887096281181,267,12.60831582,21175,199,9.39720917,21175,-70,-74,4,-3.30555096,-3.49443959,0.18888863,68,3.21110665,21175,21175,-1
"Chautauqua County, Kansas",Chautauqua County,20019,00,20,019,3250,5.087019483108837,28,8.54440037,3250,40,12.20628624,3250,-42,-42,0,-12.81660055,-12.81660055,0,-12,-3.66188587,3250,3250,0
"Boyd County, Kentucky",Boyd County,21019,00,21,019,46718,292.2300180069634,493,10.48824593,46718,597,12.70077651,46718,-471,-460,-11,-10.02021062,-9.78619296,-0.23401766,-104,-2.21253058,46718,46718,1
"Calcasieu Parish, Louisiana",Calcasieu Parish,22019,00,22,019,203436,191.17170065330328,2897,14.24942144,203436,2050,10.08329788,203436,-586,-644,58,-2.88234759,-3.16763114,0.28528355,847,4.16612356,203436,203436,-2
"Penobscot County, Maine",Penobscot County,23019,00,23,019,152148,44.786333862238074,1378,9.06683335,152148,1594,10.48804961,152148,553,491,62,3.63857681,3.23063511,0.4079417,-216,-1.42121626,152148,152148,-6
"Dorchester County, Maryland",Dorchester County,24019,00,24,019,31929,59.04417697426615,340,10.64345975,31929,395,12.36519589,31929,27,19,8,0.84521592,0.59478157,0.25043435,-55,-1.72173614,31929,31929,-3
"Nantucket County, Massachusetts",Nantucket County,25019,00,25,019,11399,246.9189216703376,141,12.47953268,11399,57,5.04491747,11399,117,57,60,10.35535691,5.04491747,5.31043944,84,7.43461521,11399,11399,0
"Benzie County, Michigan",Benzie County,26019,00,26,019,17766,55.57116382696616,154,8.66946266,17766,213,11.99088018,17766,66,70,-4,3.715484,3.94066485,-0.22518085,-59,-3.32141751,17766,17766,-2
"Carver County, Minnesota",Carver County,27019,00,27,019,105089,296.69688775356786,1157,11.09183116,105089,549,5.26310744,105089,952,905,47,9.12655425,8.67597856,0.45057568,608,5.82872372,105089,105089,-4
"Choctaw County, Mississippi",Choctaw County,28019,00,28,019,8210,19.631943673146157,80,9.71168437,8210,106,12.86798179,8210,-27,-28,1,-3.27769347,-3.39908953,0.12139605,-26,-3.15629742,8210,8210,-2
"Boone County, Missouri",Boone County,29019,00,29,019,180463,263.2379289794059,2015,11.20926558,180463,1156,6.43072507,180463,544,22,522,3.02622356,0.12238404,2.90383952,859,4.77854051,180463,180463,-1
"Daniels County, Montana",Daniels County,30019,00,30,019,1690,1.185119645510509,17,9.9444282,1690,14,8.1895291,1690,-42,-43,1,-24.56858731,-25.15355367,0.58496636,3,1.75489909,1690,1690,0
"Buffalo County, Nebraska",Buffalo County,31019,00,31,019,49659,51.28894217182616,632,12.76625829,49659,369,7.45371726,49659,46,8,38,0.92918969,0.16159821,0.76759148,263,5.31254103,49659,49659,-2
"Lyon County, Nevada",Lyon County,32019,00,32,019,57510,28.737261967146377,664,11.71871553,57510,619,10.92452547,57510,1645,1691,-46,29.03205881,29.84389753,-0.81183873,45,0.79419006,57510,57510,7
"Sullivan County, New Hampshire",Sullivan County,33019,00,33,019,43146,80.26510199252513,380,8.81057269,43146,432,10.01623,43146,84,77,7,1.94760028,1.78530026,0.16230002,-52,-1.20565732,43146,43146,0
"Hunterdon County, New Jersey",Hunterdon County,34019,00,34,019,124371,290.7013013544389,972,7.80165183,124371,1009,8.09862829,124371,-397,-460,63,-3.18647714,-3.69213976,0.50566262,-37,-0.29697646,124371,124371,-2
"Guadalupe County, New Mexico",Guadalupe County,35019,00,35,019,4300,1.4192488363163576,41,9.49733611,4300,43,9.9606208,4300,-32,-32,0,-7.41255502,-7.41255502,0,-2,-0.46328469,4300,4300,0
"Clinton County, New York",Clinton County,36019,00,36,019,80485,77.55666775042147,756,9.38174778,80485,744,9.23283115,80485,-204,-253,49,-2.53158274,-3.13965898,0.60807625,12,0.14891663,80485,80485,-2
"Brunswick County, North Carolina",Brunswick County,37019,00,37,019,142820,168.1832421427891,1027,7.34358241,142820,1738,12.427601,142820,6593,6629,-36,47.14336789,47.40078656,-0.25741866,-711,-5.08401859,142820,142820,58
"Cavalier County, North Dakota",Cavalier County,38019,00,38,019,3762,2.5264367378873565,56,14.78938334,3762,50,13.20480655,3762,-55,-57,2,-14.5252872,-15.05347947,0.52819226,6,1.58457679,3762,3762,0
"Carroll County, Ohio",Carroll County,39019,00,39,019,26914,68.20430528303089,269,9.96370101,26914,303,11.22305356,26914,-134,-132,-2,-4.96333062,-4.88925106,-0.07407956,-34,-1.25935254,26914,26914,0
"Carter County, Oklahoma",Carter County,40019,00,40,019,48111,58.51484605652563,630,13.08085212,48111,614,12.74864001,48111,-116,-120,4,-2.40853785,-2.49159088,0.08305303,16,0.33221212,48111,48111,-2
"Douglas County, Oregon",Douglas County,41019,00,41,019,110980,22.038773581402133,1065,9.63391137,110980,1473,13.32464924,110980,1274,1309,-35,11.52450994,11.84111735,-0.31660742,-408,-3.69073788,110980,110980,0
"Butler County, Pennsylvania",Butler County,42019,00,42,019,187853,237.92159955164317,1714,9.12937993,187853,1976,10.52488608,187853,489,431,58,2.60458972,2.29566088,0.30892884,-262,-1.39550615,187853,187853,-12
"Charleston County, South Carolina",Charleston County,45019,00,45,019,411406,448.1821582,4763,11.65077517,411406,3629,8.87689756,411406,4024,3601,423,9.84310713,8.80840676,1.03470038,1134,2.77387761,411406,411406,26
"Butte County, South Dakota",Butte County,46019,00,46,019,10429,4.635074899588458,135,13.05483029,10429,98,9.47683976,10429,142,142,0,13.73174741,13.73174741,0,37,3.57799052,10429,10429,-3
"Carter County, Tennessee",Carter County,47019,00,47,019,56391,165.24431736325977,473,8.38593008,56391,760,13.47422169,56391,262,256,6,4.64506063,4.5386852,0.10637543,-287,-5.08829161,56391,56391,-1
"Bandera County, Texas",Bandera County,48019,00,48,019,23112,29.218904387754677,185,8.06029976,23112,239,10.4130359,23112,373,370,3,16.25130708,16.12059951,0.13070756,-54,-2.35273614,23112,23112,1
"Grand County, Utah",Grand County,49019,00,49,019,9754,2.6557802349683497,108,11.11111111,9754,81,8.33333333,9754,41,43,-2,4.218107,4.42386831,-0.20576132,27,2.77777778,9754,9754,0
"Orleans County, Vermont",Orleans County,50019,00,50,019,27037,38.98217064659963,247,9.1658008,27037,280,10.39038148,27037,213,207,6,7.90411162,7.68146059,0.22265103,-33,-1.22458067,27037,27037,-2
"Bedford County, Virginia",Bedford County,51019,00,51,019,78997,103.93211123731702,679,8.60152395,78997,867,10.98309465,78997,308,289,19,3.9017222,3.66103155,0.24069066,-188,-2.3815707,78997,78997,-5
"Ferry County, Washington",Ferry County,53019,00,53,019,7627,3.4617223292461103,64,8.38519489,7627,81,10.61251228,7627,8,8,0,1.04814936,1.04814936,0,-17,-2.22731739,7627,7627,-2
"Fayette County, West Virginia",Fayette County,54019,00,54,019,42406,64.09488531453113,402,9.41584298,42406,670,15.69307163,42406,-306,-311,5,-7.16728346,-7.28439593,0.11711247,-268,-6.27722865,42406,42406,-2
"Clark County, Wisconsin",Clark County,55019,00,55,019,34774,28.74606986115198,568,16.35026411,34774,313,9.00991667,34774,-186,-200,14,-5.35413578,-5.75713525,0.40299947,255,7.34034744,34774,34774,0
"Johnson County, Wyoming",Johnson County,56019,00,56,019,8445,2.032905705229049,67,7.93321887,8445,92,10.89337517,8445,23,21,2,2.72334379,2.48653129,0.2368125,-25,-2.9601563,8445,8445,1
"Barranquitas Municipio, Puerto Rico",Barranquitas Municipio,72019,00,72,019,27725,0,,,27725,,,27725,,,,,,,,,27725,27725,
"Anchorage Municipality, Alaska",Anchorage Municipality,02020,00,02,020,288000,168.73682467697105,3923,13.56216974,288000,1847,6.3852479,288000,-4608,-4972,364,-15.93027738,-17.18865867,1.25838129,2076,7.17692184,288000,288000,11
"Chilton County, Alabama",Chilton County,01021,00,01,021,44428,64.12340870456256,551,12.43918682,44428,503,11.3555553,44428,219,184,35,4.94406881,4.15392083,0.79014798,48,1.08363152,44428,44428,-2
"Pinal County, Arizona",Pinal County,04021,00,04,021,462789,86.24393539238325,4568,10.04403059,462789,3330,7.32193998,462789,14667,14180,487,32.24951764,31.1787114,1.07080624,1238,2.7220906000000005,462789,462789,78
"Clay County, Arkansas",Clay County,05021,00,05,021,14551,22.754851845615995,155,10.5751518,14551,197,13.44067681,14551,-170,-170,0,-11.59855359,-11.59855359,0,-42,-2.86552501,14551,14551,0
"Glenn County, California",Glenn County,06021,00,06,021,28393,21.60860094860453,371,13.16536551,28393,251,8.90702626,28393,306,337,-31,10.85876508,11.95883605,-1.10007097,120,4.25833925,28393,28393,0
"Conejos County, Colorado",Conejos County,08021,00,08,021,8205,6.37317023,86,10.49676553,8205,73,8.91004516,8205,13,10,3,1.58672037,1.22055413,0.36616624,13,1.58672037,8205,8205,-2
"Collier County, Florida",Collier County,12021,00,12,021,384902,192.7460836191051,3160,8.28197504,384902,3867,10.13493591,384902,7391,5485,1906,19.37091061,14.3755168,4.99539381,-707,-1.85296087,384902,384902,17
"Bibb County, Georgia",Bibb County,13021,00,13,021,153159,614.1137111173762,2074,13.55280956,153159,1745,11.40291836,153159,-63,-193,130,-0.41168129,-1.26118237,0.84950108,329,2.1498912,153159,153159,-10
"Boundary County, Idaho",Boundary County,16021,00,16,021,12245,9.651770130337477,134,11.04653559,12245,132,10.88166193,12245,227,225,2,18.71316104,18.54828737,0.16487367,2,0.16487367,12245,12245,0
"Christian County, Illinois",Christian County,17021,00,17,021,32304,45.53131734019805,324,9.97583016,32304,396,12.19268131,32304,-276,-275,-1,-8.4979294,-8.4671398,-0.0307896,-72,-2.21685115,32304,32304,-1
"Clay County, Indiana",Clay County,18021,00,18,021,26225,73.33562156690293,307,11.71755725,26225,288,10.99236641,26225,33,32,1,1.25954198,1.22137405,0.03816794,19,0.72519084,26225,26225,-2
"Buena Vista County, Iowa",Buena Vista County,19021,00,19,021,19620,34.12772727721523,286,14.50083659,19620,148,7.50392942,19620,-345,-385,40,-17.49226791,-19.52035694,2.02808903,138,6.99690716,19620,19620,1
"Cherokee County, Kansas",Cherokee County,20021,00,20,021,19939,33.93486300334642,212,10.60689448,19939,264,13.20858558,19939,-44,-54,10,-2.20143093,-2.70175614,0.50032521,-52,-2.6016911,19939,19939,0
"Boyle County, Kentucky",Boyle County,21021,00,21,021,30060,166.67598692726847,310,10.30893552,30060,317,10.54171793,30060,-16,-14,-2,-0.53207409,-0.46556483,-0.06650926,-7,-0.23278241,30060,30060,1
"Caldwell Parish, Louisiana",Caldwell Parish,22021,00,22,021,9918,18.73124308153891,123,12.3730007,9918,120,12.0712202,9918,-47,-45,-2,-4.72789458,-4.52670757,-0.201187,3,0.3017805,9918,9918,-2
"Piscataquis County, Maine",Piscataquis County,23021,00,23,021,16785,4.237534928924231,121,7.21720199,16785,226,13.48006323,16785,145,131,14,8.64871313,7.81366497,0.83504816,-105,-6.26286123,16785,16785,-1
"Frederick County, Maryland",Frederick County,24021,00,24,021,259547,392.93957808056246,2864,11.13335536,259547,1859,7.22657389,259547,3605,3280,325,14.01387782,12.75049078,1.26338704,1005,3.90678147,259547,259547,-6
"Norfolk County, Massachusetts",Norfolk County,25021,00,25,021,706775,1784.302293106566,7148,10.13897114,706775,5883,8.34465126,706775,2309,-336,2645,3.27516569,-0.47659405,3.75175975,1265,1.79431988,706775,706775,-29
"Berrien County, Michigan",Berrien County,26021,00,26,021,153401,270.17675702579197,1696,11.04199016,153401,1688,10.989905300000002,153401,-392,-608,216,-2.5521581,-3.9584493,1.4062912,8,0.05208486,153401,153401,-5
"Cass County, Minnesota",Cass County,27021,00,27,021,29779,14.73133327830083,284,9.58003036,29779,329,11.09799292,29779,311,304,7,10.49080789,10.25468038,0.23612751,-45,-1.51796256,29779,29779,2
"Claiborne County, Mississippi",Claiborne County,28021,00,28,021,8988,18.44012294801757,113,12.51384275,8988,101,11.18493909,8988,-97,-98,1,-10.74197121,-10.85271318,0.11074197,12,1.32890365,8988,8988,1
"Buchanan County, Missouri",Buchanan County,29021,00,29,021,87364,213.99931720402896,1068,12.16906801,87364,893,10.17507278,87364,-974,-1137,163,-11.09800771,-12.95527184,1.85726412,175,1.99399523,87364,87364,0
"Dawson County, Montana",Dawson County,30021,00,30,021,8613,3.6312389382808177,73,8.44272249,8613,83,9.59925982,8613,-57,-56,-1,-6.59226277,-6.47660903,-0.11565373,-10,-1.15653733,8613,8613,0
"Burt County, Nebraska",Burt County,31021,00,31,021,6459,13.13910978972062,64,9.88798764,6459,98,15.14098107,6459,8,7,1,1.23599846,1.08149865,0.15449981,-34,-5.25299343,6459,6459,-1
"Mineral County, Nevada",Mineral County,32021,00,32,021,4505,1.2004236372956951,57,12.59807714,4505,100,22.10188971,4505,5,5,0,1.10509449,1.10509449,0,-43,-9.50381258,4505,4505,-1
"Mercer County, New Jersey",Mercer County,34021,00,34,021,367430,1637.0944190943717,4021,10.93230454,367430,2987,8.12106283,367430,-1815,-2997,1182,-4.9346264,-8.14825086,3.21362446,1034,2.8112417,367430,367430,23
"Harding County, New Mexico",Harding County,35021,00,35,021,625,0.29405146520905967,2,3.1372549,625,9,14.11764706,625,-18,-18,0,-28.23529412,-28.23529412,0,-7,-10.98039216,625,625,0
"Columbia County, New York",Columbia County,36021,00,36,021,59461,93.68902494497672,489,8.20153297,59461,676,11.33790651,59461,-135,-178,43,-2.26422689,-2.98542509,0.7211982,-187,-3.13637355,59461,59461,-2
"Buncombe County, North Carolina",Buncombe County,37021,00,37,021,261191,397.8556564238993,2413,9.27274474,261191,2700,10.37563647,261191,2210,2102,108,8.49265059,8.07762513,0.41502546,-287,-1.10289173,261191,261191,9
"Dickey County, North Dakota",Dickey County,38021,00,38,021,4872,4.3058138604068485,61,12.44516985,4872,55,11.22105478,4872,-66,-75,9,-13.46526573,-15.30143834,1.8361726000000005,6,1.22411507,4872,4872,1
"Champaign County, Ohio",Champaign County,39021,00,39,021,38885,90.64221851627558,412,10.60898674,38885,398,10.24848719,38885,90,87,3,2.3174971,2.2402472,0.0772499,14,0.36049955,38885,38885,-4
"Cherokee County, Oklahoma",Cherokee County,40021,00,40,021,48657,64.96251624172329,556,11.43280145,48657,534,10.98042441,48657,31,-11,42,0.63744037,-0.22618852,0.86362889,22,0.45237704,48657,48657,-3
"Gilliam County, Oregon",Gilliam County,41021,00,41,021,1912,1.587088885101526,16,8.40998686,1912,27,14.19185283,1912,32,31,1,16.81997372,16.29434954,0.52562418,-11,-5.78186597,1912,1912,-2
"Cambria County, Pennsylvania",Cambria County,42021,00,42,021,130192,189.1329261145243,1218,9.3104674,130192,1727,13.2012949,130192,-745,-774,29,-5.69482612,-5.91650391,0.2216778,-509,-3.89082751,130192,130192,-3
"Cherokee County, South Carolina",Cherokee County,45021,00,45,021,57300,145.6769111882838,652,11.40169102,57300,624,10.91204785,57300,205,214,-9,3.58488751,3.74227282,-0.15738531,28,0.48964317,57300,57300,-2
"Campbell County, South Dakota",Campbell County,46021,00,46,021,1376,1.8754851791027056,12,8.75273523,1376,6,4.37636761,1376,6,6,0,4.37636761,4.37636761,0,6,4.37636761,1376,1376,-2
"Cheatham County, Tennessee",Cheatham County,47021,00,47,021,40667,134.4253381852135,451,11.11261689,40667,403,9.92989935,40667,118,119,-1,2.90751395,2.9321539,-0.02463995,48,1.18271754,40667,40667,-1
"Bastrop County, Texas",Bastrop County,48021,00,48,021,88723,99.89026044323025,1093,12.46877103,88723,727,8.29350095,88723,1761,1809,-48,20.08920932,20.63678573,-0.5475764,366,4.17527008,88723,88723,1
"Iron County, Utah",Iron County,49021,00,49,021,54839,16.636343100378188,830,15.43941888,54839,323,6.00835217,54839,1645,1675,-30,30.59981212,31.15786341,-0.55805128,507,9.43106672,54839,54839,9
"Rutland County, Vermont",Rutland County,50021,00,50,021,58191,62.58317048100291,498,8.52834648,58191,669,11.4567546,58191,-234,-242,8,-4.00729533,-4.14429688,0.13700155,-171,-2.92840813,58191,58191,0
"Bland County, Virginia",Bland County,51021,00,51,021,6280,17.559027470538208,39,6.198839700000001,6280,79,12.55662402,6280,17,19,-2,2.70205833,3.01994755,-0.31788922,-40,-6.35778431,6280,6280,0
"Franklin County, Washington",Franklin County,53021,00,53,021,95222,76.69322714020454,1573,16.62571013,95222,460,4.86193685,95222,104,44,60,1.0992205,0.46505483,0.63416568,1113,11.76377329,95222,95222,2
"Gilmer County, West Virginia",Gilmer County,54021,00,54,021,7823,23.110605764325143,47,5.97926341,7823,79,10.05025126,7823,-43,-41,-2,-5.47038992,-5.21595318,-0.25443674,-32,-4.07098785,7823,7823,0
"Columbia County, Wisconsin",Columbia County,55021,00,55,021,57532,75.15154120551581,602,10.48187002,57532,519,9.03669525,57532,115,107,8,2.00235059,1.86305663,0.13929395,83,1.44517477,57532,57532,1
"Laramie County, Wyoming",Laramie County,56021,00,56,021,99500,37.04581041255314,1269,12.79459582,99500,874,8.81203841,99500,243,242,1,2.45002899,2.43994656,0.01008242,395,3.98255741,99500,99500,-3
"Bayam<f3>n Municipio, Puerto Rico",Bayam<f3>n Municipio,72021,00,72,021,169269,0,,,169269,,,169269,,,,,,,,,169269,169269,
"Choctaw County, Alabama",Choctaw County,01023,00,01,023,12589,13.781552641339504,133,10.46337818,12589,176,13.84627488,12589,-201,-199,-2,-15.81307529,-15.65573126,-0.15734403,-43,-3.3828967,12589,12589,0
"Santa Cruz County, Arizona",Santa Cruz County,04023,00,04,023,46498,37.612597712998664,619,13.32716136,46498,316,6.80352664,46498,-201,-257,56,-4.32755967,-5.53324793,1.20568826,303,6.52363472,46498,46498,1
"Cleburne County, Arkansas",Cleburne County,05023,00,05,023,24919,45.00446447911122,227,9.09582674,24919,385,15.42684271,24919,84,90,-6,3.36585659,3.60627492,-0.24041833,-158,-6.33101597,24919,24919,-1
"Humboldt County, California",Humboldt County,06023,00,06,023,135558,37.99127804979514,1352,9.94841833,135558,1390,10.22803364,135558,-642,-625,-17,-4.72402705,-4.59893599,-0.12509106,-38,-0.27961531,135558,135558,-6
"Costilla County, Colorado",Costilla County,08023,00,08,023,3887,3.166357578015136,37,9.61163788,3887,34,8.83231589,3887,73,63,10,18.96350175,16.36576179,2.59773997,3,0.77932199,3887,3887,-1
"Columbia County, Florida",Columbia County,12023,00,12,023,71686,89.88261601806862,804,11.29578375,71686,863,12.1247032,71686,1069,1065,4,15.01889655,14.96269862,0.05619793,-59,-0.82891945,71686,71686,8
"Bleckley County, Georgia",Bleckley County,13023,00,13,023,12873,59.63249846155499,129,10.04125477,12873,110,8.56231027,12873,33,28,5,2.56869308,2.17949716,0.38919592,19,1.4789445,12873,12873,0
"Butte County, Idaho",Butte County,16023,00,16,023,2597,1.1611962033261831,30,11.57407407,2597,26,10.0308642,2597,7,7,0,2.70061728,2.70061728,0,4,1.54320988,2597,2597,-1
"Clark County, Illinois",Clark County,17023,00,17,023,15441,30.79731490289275,168,10.82439354,15441,199,12.82175188,15441,-128,-125,-3,-8.24715699,-8.05386424,-0.19329274,-31,-1.99735833,15441,15441,0
"Clinton County, Indiana",Clinton County,18023,00,18,023,32399,79.98425945974616,422,13.06683594,32399,320,9.90850118,32399,107,87,20,3.31315508,2.69387376,0.61928132,102,3.15833475,32399,32399,-2
"Butler County, Iowa",Butler County,19023,00,19,023,14439,24.888900485145527,134,9.25286563,14439,172,11.87681259,14439,-47,-53,6,-3.24540809,-3.65971551,0.41430742,-38,-2.62394697,14439,14439,-1
"Cheyenne County, Kansas",Cheyenne County,20023,00,20,023,2657,2.605183809905905,28,10.56205206,2657,43,16.22029423,2657,26,24,2,9.80761977,9.05318748,0.75443229,-15,-5.65824217,2657,2657,1
"Bracken County, Kentucky",Bracken County,21023,00,21,023,8303,40.95866192,97,11.70013871,8303,100,12.06199867,8303,30,28,2,3.6185996,3.37735963,0.24123997,-3,-0.36185996,8303,8303,-2
"Cameron Parish, Louisiana",Cameron Parish,22023,00,22,023,6973,5.427011294030421,86,12.2980123,6973,66,9.43800944,6973,-61,-57,-4,-8.72300872,-8.15100815,-0.57200057,20,2.86000286,6973,6973,1
"Sagadahoc County, Maine",Sagadahoc County,23023,00,23,023,35856,141.18140948487255,313,8.74961563,35856,402,11.23752551,35856,257,255,2,7.18418919,7.12828111,0.05590809,-89,-2.48790988,35856,35856,-2
"Garrett County, Maryland",Garrett County,24023,00,24,023,29014,44.70037480900576,260,8.94285174,29014,345,11.86647634,29014,-32,-31,-1,-1.10065868,-1.06626309,-0.03439558,-85,-2.92362461,29014,29014,-2
"Plymouth County, Massachusetts",Plymouth County,25023,00,25,023,521202,791.4018142595675,5173,9.95167484,521202,4757,9.1513855,521202,2405,1105,1300,4.62667272,2.12576855,2.50090417,416,0.80028934,521202,521202,-41
"Branch County, Michigan",Branch County,26023,00,26,023,43517,85.93170973461396,515,11.82779647,43517,419,9.62300334,43517,-143,-172,29,-3.2842231,-3.95025436,0.66603126,96,2.20479313,43517,43517,-2
"Chippewa County, Minnesota",Chippewa County,27023,00,27,023,11800,20.303369290296995,164,13.83907852,11800,138,11.64507827,11800,-127,-148,21,-10.71684739,-12.48892452,1.77207713,26,2.19400025,11800,11800,0
"Clarke County, Mississippi",Clarke County,28023,00,28,023,15541,22.471814138536494,199,12.78673778,15541,202,12.97950267,15541,-40,-40,0,-2.57019855,-2.57019855,0,-3,-0.19276489,15541,15541,-1
"Butler County, Missouri",Butler County,29023,00,29,023,42478,61.148433621714155,498,11.70869335,42478,566,13.30747076,42478,-39,-42,3,-0.91694586,-0.98748016,0.0705343,-68,-1.59877741,42478,42478,-2
"Deer Lodge County, Montana",Deer Lodge County,30023,00,30,023,9140,12.406970151723195,69,7.55377963,9140,120,13.13700805,9140,62,65,-3,6.78745416,7.11587936,-0.3284252,-51,-5.58322842,9140,9140,0
"Butler County, Nebraska",Butler County,31023,00,31,023,8016,13.70488336764055,87,10.83504577,8016,85,10.58596426,8016,-28,-28,0,-3.48714117,-3.48714117,0,2,0.24908151,8016,8016,-1
"Nye County, Nevada",Nye County,32023,00,32,023,46523,2.558751506583852,379,8.26527386,46523,735,16.02896117,46523,1684,1747,-63,36.72485797,38.09876893,-1.37391096,-356,-7.76368732,46523,46523,9
"Middlesex County, New Jersey",Middlesex County,34023,00,34,023,825062,2668.2428307761666,8907,10.7882953,825062,6284,7.61127738,825062,-3776,-7130,3354,-4.57354924,-8.63596559,4.06241635,2623,3.17701792,825062,825062,43
"Hidalgo County, New Mexico",Hidalgo County,35023,00,35,023,4198,1.2208692357710047,41,9.7283189,4198,51,12.10107961,4198,-23,-24,1,-5.45734963,-5.6946257,0.23727607,-10,-2.37276071,4198,4198,0
"Cortland County, New York",Cortland County,36023,00,36,023,47581,95.39612342057748,472,9.90524957,47581,422,8.85596466,47581,-191,-210,19,-4.00826837,-4.40699663,0.39872827,50,1.04928491,47581,47581,0
"Burke County, North Carolina",Burke County,37023,00,37,023,90485,178.74051104379618,883,9.76283929,90485,1034,11.43236221,90485,237,171,66,2.62037702,1.89065178,0.72972525,-151,-1.66952291,90485,90485,-6
"Divide County, North Dakota",Divide County,38023,00,38,023,2264,1.7955742952540354,23,10.1590106,2264,22,9.71731449,2264,-2,-10,8,-0.88339223,-4.41696113,3.5335688999999997,1,0.44169611,2264,2264,1
"Clark County, Ohio",Clark County,39023,00,39,023,134083,337.8449287909451,1554,11.5706356,134083,1661,12.36732673,134083,-332,-355,23,-2.4719762,-2.64322757,0.17125136,-107,-0.79669113,134083,134083,-6
"Choctaw County, Oklahoma",Choctaw County,40023,00,40,023,14672,19.046910493420473,193,13.14266258,14672,204,13.89172625,14672,-14,-14,0,-0.95335376,-0.95335376,0,-11,-0.74906367,14672,14672,-1
"Grant County, Oregon",Grant County,41023,00,41,023,7199,1.5899583701655045,63,8.75973304,7199,86,11.95773081,7199,38,40,-2,5.2836485,5.56173526,-0.27808676,-23,-3.19799778,7199,7199,-1
"Cameron County, Pennsylvania",Cameron County,42023,00,42,023,4447,11.223253164834816,37,8.27000447,4447,70,15.6459544,4447,-20,-28,8,-4.47027269,-6.25838176,1.78810907,-33,-7.37594993,4447,4447,-1
"Chester County, South Carolina",Chester County,45023,00,45,023,32244,55.52978839140574,358,11.09252029,32244,424,13.13751007,32244,9,5,4,0.27886224,0.15492347,0.12393877,-66,-2.04498978,32244,32244,-3
"Charles Mix County, South Dakota",Charles Mix County,46023,00,46,023,9292,8.466606151765012,157,16.86087097,9292,106,11.38377275,9292,-91,-90,-1,-9.77286152,-9.66546743,-0.10739408,51,5.47709821,9292,9292,1
"Chester County, Tennessee",Chester County,47023,00,47,023,17297,60.53484922842613,181,10.47999537,17297,159,9.20618378,17297,32,25,7,1.85281686,1.44751317,0.40530369,22,1.27381159,17297,17297,-2
"Baylor County, Texas",Baylor County,48023,00,48,023,3509,4.0450467057731885,32,9.0369952,3509,47,13.2730867,3509,-49,-49,0,-13.8378989,-13.8378989,0,-15,-4.2360915,3509,3509,0
"Juab County, Utah",Juab County,49023,00,49,023,12017,3.5430829860850426,208,17.59282754,12017,79,6.68189123,12017,259,245,14,21.90645352,20.722320899999996,1.18413262,129,10.91093631,12017,12017,0
"Washington County, Vermont",Washington County,50023,00,50,023,58409,85.01510646376416,534,9.16832635,58409,534,9.16832635,58409,329,338,-9,5.6486505,5.80317286,-0.15452235,0,0,58409,58409,1
"Botetourt County, Virginia",Botetourt County,51023,00,51,023,33419,61.74104741843965,229,6.85926525,33419,359,10.75317129,33419,202,198,4,6.05053092,5.93071843,0.11981249,-130,-3.89390604,33419,33419,-5
"Garfield County, Washington",Garfield County,53023,00,53,023,2225,3.1301201769553764,27,12.09406495,2225,28,12.54199328,2225,-14,-19,5,-6.27099664,-8.5106383,2.23964166,-1,-0.44792833,2225,2225,0
"Grant County, West Virginia",Grant County,54023,00,54,023,11568,24.232662574533165,127,10.94921976,11568,129,11.12164842,11568,-59,-58,-1,-5.0866454,-5.00043107,-0.08621433,-2,-0.17242866,11568,11568,-1
"Crawford County, Wisconsin",Crawford County,55023,00,55,023,16131,28.267875488007743,151,9.32213854,16131,181,11.17421904,16131,-104,-107,3,-6.42054575,-6.6057538,0.18520805,-30,-1.8520805,16131,16131,0
"Lincoln County, Wyoming",Lincoln County,56023,00,56,023,19830,4.865855368073719,222,11.30490134,19830,138,7.0273711,19830,302,302,0,15.37873966,15.37873966,0,84,4.27753024,19830,19830,-1
"Cabo Rojo Municipio, Puerto Rico",Cabo Rojo Municipio,72023,00,72,023,47515,0,,,47515,,,47515,,,,,,,,,47515,47515,
"Clarke County, Alabama",Clarke County,01025,00,01,025,23622,19.074298038272513,266,11.19057636,23622,324,13.63062684,23622,-237,-232,-5,-9.97055111,-9.76020194,-0.21034918,-58,-2.44005048,23622,23622,-1
"Yavapai County, Arizona",Yavapai County,04025,00,04,025,235099,28.942034391942443,1782,7.63380034,235099,3042,13.03143695,235099,4564,4636,-72,19.55143926,19.85987564,-0.30843638,-1260,-5.39763661,235099,235099,23
"Cleveland County, Arkansas",Cleveland County,05025,00,05,025,7956,13.309272088533325,75,9.40379913,7956,88,11.03379098,7956,-26,-25,-1,-3.2599837,-3.13459971,-0.12538399,-13,-1.62999185,7956,7956,0
"Imperial County, California",Imperial County,06025,00,06,025,181215,43.39919193152362,2728,15.04115918,181215,1079,5.94919749,181215,-1967,-2000,33,-10.8452933,-11.0272428,0.18194951,1649,9.09196169,181215,181215,10
"Crowley County, Colorado",Crowley County,08025,00,08,025,6061,7.697216067977484,30,4.99251123,6061,35,5.82459644,6061,109,109,0,18.13945748,18.13945748,0,-5,-0.83208521,6061,6061,0
"Brantley County, Georgia",Brantley County,13025,00,13,025,19109,43.113473913528445,221,11.60287709,19109,216,11.34036856,19109,119,118,1,6.24770305,6.19520134,0.05250171,5,0.26250853,19109,19109,0
"Camas County, Idaho",Camas County,16025,00,16,025,1106,1.0295705959698085,10,8.98069151,1106,6,5.38841491,1106,-18,-18,0,-16.16524472,-16.16524472,0,4,3.59227661,1106,1106,-1
"Clay County, Illinois",Clay County,17025,00,17,025,13184,28.154650030561843,144,10.88846881,13184,173,13.08128544,13184,-52,-53,1,-3.93194707,-4.00756144,0.07561437,-29,-2.19281664,13184,13184,-1
"Crawford County, Indiana",Crawford County,18025,00,18,025,10577,34.609094541156345,117,11.05285532,10577,121,11.43073072,10577,-12,-12,0,-1.13362619,-1.13362619,0,-4,-0.3778754,10577,10577,-1
"Calhoun County, Iowa",Calhoun County,19025,00,19,025,9668,16.965983420303353,102,10.52685897,9668,124,12.79735796,9668,-21,-25,4,-2.16729449,-2.58011249,0.412818,-22,-2.27049899,9668,9668,0
"Clark County, Kansas",Clark County,20025,00,20,025,1994,2.045888189886242,23,11.53460381,1994,22,11.0330993,1994,-1,-1,0,-0.50150451,-0.50150451,0,1,0.50150451,1994,1994,0
"Breathitt County, Kentucky",Breathitt County,21025,00,21,025,12630,25.649020052241323,161,12.66868631,12630,205,16.13093599,12630,-113,-113,0,-8.89168667,-8.89168667,0,-44,-3.46224968,12630,12630,0
"Catahoula Parish, Louisiana",Catahoula Parish,22025,00,22,025,9494,13.409082022191797,106,11.09947644,9494,115,12.04188482,9494,-103,-114,11,-10.78534031,-11.93717277,1.15183246,-9,-0.94240838,9494,9494,0
"Somerset County, Maine",Somerset County,23025,00,23,025,50484,12.864516567331483,457,9.05192477,50484,543,10.75535044,50484,83,81,2,1.64400384,1.60438929,0.03961455,-86,-1.70342567,50484,50484,-2
"Harford County, Maryland",Harford County,24025,00,24,025,255441,584.3662728067723,2601,10.213558,255441,2250,8.83525778,255441,1232,1096,136,4.83779448,4.30375224,0.53404225,351,1.37830021,255441,255441,-24
"Suffolk County, Massachusetts",Suffolk County,25025,00,25,025,803907,13801.32109080914,9219,11.47316767,803907,5210,6.48391404,803907,-3229,-11034,7805,-4.01853329,-13.73195922,9.71342593,4009,4.98925363,803907,803907,-20
"Calhoun County, Michigan",Calhoun County,26025,00,26,025,134159,189.95680599009296,1497,11.16297799,134159,1395,10.40237428,134159,14,-184,198,0.10439659,-1.37206944,1.47646603,102,0.76060371,134159,134159,-6
"Chisago County, Minnesota",Chisago County,27025,00,27,025,56579,136.3679218408008,600,10.6618333,56579,401,7.12565859,56579,411,391,20,7.30335581,6.94796137,0.35539444,199,3.53617471,56579,56579,-3
"Clay County, Mississippi",Clay County,28025,00,28,025,19316,47.10461484008162,209,10.79545455,19316,230,11.88016529,19316,-66,-70,4,-3.40909091,-3.61570248,0.20661157,-21,-1.08471074,19316,19316,-1
"Caldwell County, Missouri",Caldwell County,29025,00,29,025,9020,21.15423555852848,91,10.06025095,9020,100,11.05522083,9020,-41,-43,2,-4.53264054,-4.75374496,0.22110442,-9,-0.99496987,9020,9020,-1
"Fallon County, Montana",Fallon County,30025,00,30,025,2846,1.7561456804091018,37,12.85168461,2846,26,9.03091351,2846,-77,-77,0,-26.74539771,-26.74539771,0,11,3.8207711,2846,2846,0
"Cass County, Nebraska",Cass County,31025,00,31,025,26248,47.09405028741737,267,10.18364895,26248,232,8.84871369,26248,24,17,7,0.91538418,0.64839712,0.26698705,35,1.33493526,26248,26248,0
"Monmouth County, New Jersey",Monmouth County,34025,00,34,025,618795,1321.6980425883405,5644,9.10870572,618795,5867,9.46859966,618795,-1428,-1619,191,-2.30461229,-2.61286225,0.30824996,-223,-0.35989394,618795,618795,-13
"Lea County, New Mexico",Lea County,35025,00,35,025,71070,16.18364614196266,1086,15.44665145,71070,507,7.21128203,71070,945,923,22,13.44114698,13.12823139,0.31291559,579,8.23536942,71070,71070,3
"Delaware County, New York",Delaware County,36025,00,36,025,44135,30.59782362168687,345,7.78245226,44135,571,12.88052244,44135,-163,-182,19,-3.67692672,-4.10552554,0.42859882,-226,-5.09807018,44135,44135,-2
"Cabarrus County, North Carolina",Cabarrus County,37025,00,37,025,216453,599.1669722,2600,12.14811354,216453,1688,7.8869291,216453,3941,3756,185,18.41373671,17.54935171,0.8643850000000001,912,4.26118444,216453,216453,3
"Dunn County, North Dakota",Dunn County,38025,00,38,025,4424,2.202647888,67,15.31078611,4424,17,3.88482633,4424,46,37,9,10.511883,8.45521024,2.05667276,50,11.42595978,4424,4424,0
"Clermont County, Ohio",Clermont County,39025,00,39,025,206428,456.5787058855452,2283,11.08376178,206428,1833,8.89905184,206428,460,422,38,2.23325905,2.04877244,0.18448662,450,2.18470994,206428,206428,-8
"Cimarron County, Oklahoma",Cimarron County,40025,00,40,025,2137,1.1646992222810424,22,10.22780102,2137,9,4.18410042,2137,-40,-42,2,-18.59600186,-19.52580195,0.92980009,13,6.043700599999999,2137,2137,-1
"Harney County, Oregon",Harney County,41025,00,41,025,7393,0.72949281,63,8.58018386,7393,78,10.62308478,7393,115,110,5,15.66224038,14.98127341,0.68096697,-15,-2.04290092,7393,7393,1
"Carbon County, Pennsylvania",Carbon County,42025,00,42,025,64182,168.34632383647116,589,9.1775283,64182,801,12.48081523,64182,225,219,6,3.50584697,3.41235772,0.09348925,-212,-3.30328693,64182,64182,-6
"Chesterfield County, South Carolina",Chesterfield County,45025,00,45,025,45650,57.13494305562144,496,10.83785821,45650,571,12.47664726,45650,-155,-168,13,-3.38683069,-3.67088746,0.28405677,-75,-1.63878904,45650,45650,-1
"Clark County, South Dakota",Clark County,46025,00,46,025,3736,3.901405396695777,64,17.15357813,3736,30,8.04073975,3736,-25,-26,1,-6.70061646,-6.96864111,0.26802466,34,9.11283838,3736,3736,1
"Claiborne County, Tennessee",Claiborne County,47025,00,47,025,31959,73.53655851445035,333,10.43739911,31959,427,13.38369196,31959,205,183,22,6.42542588,5.73586798,0.6895579000000001,-94,-2.94629284,31959,31959,-2
"Bee County, Texas",Bee County,48025,00,48,025,32565,36.99561817415556,318,9.77980071,32565,234,7.19645713,32565,13,18,-5,0.39980317,0.55357363,-0.15377045,84,2.58334358,32565,32565,1
"Kane County, Utah",Kane County,49025,00,49,025,7886,1.9764678296932736,79,10.15228426,7886,66,8.48165521,7886,197,202,-5,25.3164557,25.95900533,-0.64254964,13,1.67062906,7886,7886,-1
"Windham County, Vermont",Windham County,50025,00,50,025,42222,53.75116157837438,348,8.20203401,42222,426,10.04042094,42222,-336,-334,-2,-7.91920525,-7.87206712,-0.04713813,-78,-1.83838693,42222,42222,1
"Brunswick County, Virginia",Brunswick County,51025,00,51,025,16231,28.664848799272967,139,8.53624835,16231,222,13.63343262,16231,-21,-26,5,-1.28964903,-1.59670832,0.30705929,-83,-5.09718427,16231,16231,-1
"Grant County, Washington",Grant County,53025,00,53,025,97733,36.47433558136437,1486,15.28767264,97733,719,7.39692909,97733,296,215,81,3.04518917,2.21187727,0.8333119000000001,767,7.89074355,97733,97733,-2
"Greenbrier County, West Virginia",Greenbrier County,54025,00,54,025,34662,33.98858253798025,342,9.84824488,34662,503,14.48440695,34662,33,31,2,0.95026924,0.89267717,0.05759208,-161,-4.63616206,34662,34662,-2
"Dane County, Wisconsin",Dane County,55025,00,55,025,546695,456.91737346388743,5772,10.60402722,546695,3375,6.20037974,546695,2350,1388,962,4.31730145,2.54996358,1.76733787,2397,4.40364748,546695,546695,0
"Natrona County, Wyoming",Natrona County,56025,00,56,025,79858,14.95317626,953,11.98493394,79858,734,9.23078858,79858,464,361,103,5.83526689,4.53993825,1.29532864,219,2.75414537,79858,79858,0
"Caguas Municipio, Puerto Rico",Caguas Municipio,72025,00,72,025,124606,0,,,124606,,,124606,,,,,,,,,124606,124606,
"Clay County, Alabama",Clay County,01027,00,01,027,13235,21.91366444951936,143,10.78065513,13235,187,14.09777979,13235,-14,-12,-2,-1.05544875,-0.90467036,-0.15077839,-44,-3.31712466,13235,13235,-1
"Yuma County, Arizona",Yuma County,04027,00,04,027,213787,38.772801711743966,2991,14.06209229,213787,1713,8.05361555,213787,903,357,546,4.24542606,1.67842426,2.567001799999999,1278,6.00847675,213787,213787,-6
"Columbia County, Arkansas",Columbia County,05027,00,05,027,23457,30.623376666839576,262,11.1387454,23457,279,11.86148843,23457,-111,-120,9,-4.71908679,-5.10171545,0.38262866,-17,-0.72274302,23457,23457,-1
"Inyo County, California",Inyo County,06027,00,06,027,18039,1.769011262737677,191,10.61553425,18039,172,9.5595387,18039,75,57,18,4.1684035,3.16798666,1.00041684,19,1.05599555,18039,18039,-1
"Custer County, Colorado",Custer County,08027,00,08,027,5068,6.861390496911784,33,6.59868026,5068,40,7.99840032,5068,140,141,-1,27.99440112,28.19436113,-0.19996001,-7,-1.39972006,5068,5068,1
"DeSoto County, Florida",DeSoto County,12027,00,12,027,38001,59.68495510747174,389,10.32254641,38001,362,9.60607146,38001,604,450,154,16.02780984,11.94124905,4.08656079,27,0.71647494,38001,38001,2
"Brooks County, Georgia",Brooks County,13027,00,13,027,15457,31.34122892621781,149,9.63279028,15457,199,12.86527024,15457,29,17,12,1.87483838,1.09904319,0.77579519,-50,-3.23247996,15457,15457,-1
"Canyon County, Idaho",Canyon County,16027,00,16,027,229849,391.5341181456244,3099,13.6795524,229849,1547,6.82874074,229849,5036,5132,-96,22.22982443,22.65358597,-0.42376155,1552,6.85081166,229849,229849,25
"Clinton County, Illinois",Clinton County,17027,00,17,027,37562,79.25453303292765,413,10.97543151,37562,367,9.75298635,37562,-182,-180,-2,-4.83663083,-4.78348105,-0.05314979,46,1.22244516,37562,37562,1
"Daviess County, Indiana",Daviess County,18027,00,18,027,33351,77.65098290690904,539,16.17914121,33351,327,9.81554578,33351,-142,-163,21,-4.26240826,-4.89276441,0.63035615,212,6.36359543,33351,33351,3
"Carroll County, Iowa",Carroll County,19027,00,19,027,20165,35.41216953765498,237,11.75653554,20165,224,11.11166228,20165,-1,-8,7,-0.04960564,-0.39684508,0.34723945,13,0.64487326,20165,20165,0
"Clay County, Kansas",Clay County,20027,00,20,027,8002,12.400463463471985,92,11.49640737,8002,106,13.24586067,8002,14,13,1,1.7494533,1.62449235,0.12496095,-14,-1.7494533,8002,8002,-1
"Breckinridge County, Kentucky",Breckinridge County,21027,00,21,027,20477,35.93680216,230,11.27837984,20477,214,10.49379689,20477,152,143,9,7.45353798,7.01221007,0.44132791,16,0.78458295,20477,20477,0
"Claiborne Parish, Louisiana",Claiborne Parish,22027,00,22,027,15670,20.758316432086744,134,8.4904166,15670,200,12.67226358,15670,-160,-160,0,-10.13781087,-10.13781087,0,-66,-4.18184698,15670,15670,1
"Waldo County, Maine",Waldo County,23027,00,23,027,39715,54.40629306077673,330,8.31527491,39715,446,11.23822003,39715,176,144,32,4.43481328,3.628483600000001,0.80632969,-116,-2.92294512,39715,39715,-2
"Howard County, Maryland",Howard County,24027,00,24,027,325690,1297.8389218030948,3447,10.63378533,325690,1845,5.69171277,325690,1489,710,779,4.59347443,2.19030681,2.40316762,1602,4.94207255,325690,325690,-22
"Worcester County, Massachusetts",Worcester County,25027,00,25,027,830622,549.8455641810419,8515,10.2610389,830622,7345,8.85112516,830622,412,-1743,2155,0.49648245,-2.10040996,2.59689241,1170,1.40991374,830622,830622,-14
"Cass County, Michigan",Cass County,26027,00,26,027,51787,105.6650444143942,496,9.58342994,51787,529,10.22103717,51787,99,104,-5,1.9128217,2.00942886,-0.09660716,-33,-0.63760723,51787,51787,-4
"Clay County, Minnesota",Clay County,27027,00,27,027,64222,61.44480291661178,851,13.27209351,64222,453,7.06493344,64222,-194,-294,100,-3.02560064,-4.58518859,1.55958796,398,6.20716007,64222,64222,1
"Coahoma County, Mississippi",Coahoma County,28027,00,28,027,22124,40.04425287915036,355,15.87337074,22124,282,12.60926915,22124,-555,-548,-7,-24.81611482,-24.50311878,-0.31299604,73,3.26410159,22124,22124,1
"Callaway County, Missouri",Callaway County,29027,00,29,027,44743,53.61223922634834,470,10.47972619,44743,436,9.72161834,44743,-246,-260,14,-5.48513328,-5.79729534,0.31216206,34,0.75810785,44743,44743,1
"Fergus County, Montana",Fergus County,30027,00,30,027,11050,2.5464763095807816,104,9.38331754,11050,130,11.72914693,11050,-41,-51,10,-3.69919249,-4.60143456,0.90224207,-26,-2.34582939,11050,11050,0
"Cedar County, Nebraska",Cedar County,31027,00,31,027,8402,11.350329951720536,103,12.22189261,8402,93,11.0353011,8402,-61,-62,1,-7.23820825,-7.3568674,0.11865915,10,1.18659152,8402,8402,0
"Pershing County, Nevada",Pershing County,32027,00,32,027,6725,1.1140398479875284,53,7.90454884,6725,43,6.41312453,6725,29,29,0,4.3251305,4.3251305,0,10,1.49142431,6725,6725,1
"Morris County, New Jersey",Morris County,34027,00,34,027,491845,1067.003543530931,4568,9.27592736,491845,3857,7.83214795,491845,-1944,-2572,628,-3.94754877,-5.22278572,1.27523695,711,1.44377941,491845,491845,8
"Lincoln County, New Mexico",Lincoln County,35027,00,35,027,19572,4.051238493,174,8.90253262,19572,207,10.59094398,19572,89,71,18,4.55359427,3.63264262,0.92095165,-33,-1.68841136,19572,19572,-2
"Dutchess County, New York",Dutchess County,36027,00,36,027,294218,369.78375211243406,2584,8.78676952,294218,2765,9.40225144,294218,479,247,232,1.6288168,0.83991179,0.788905,-181,-0.61548192,294218,294218,-19
"Caldwell County, North Carolina",Caldwell County,37027,00,37,027,82178,174.1460838275799,774,9.42729775,82178,969,11.80239215,82178,351,294,57,4.27516991,3.58091155,0.69425836,-195,-2.37509439,82178,82178,-4
"Eddy County, North Dakota",Eddy County,38027,00,38,027,2287,3.628783423941045,33,14.36031332,2287,37,16.10095735,2287,-18,-18,0,-7.83289817,-7.83289817,0,-4,-1.74064404,2287,2287,0
"Clinton County, Ohio",Clinton County,39027,00,39,027,41968,102.69035969583447,470,11.18341999,41968,458,10.89788586,41968,-126,-129,3,-2.99810834,-3.06949187,0.07138353,12,0.28553413,41968,41968,-3
"Cleveland County, Oklahoma",Cleveland County,40027,00,40,027,284014,527.1352512342681,2735,9.67833257,284014,2105,7.44895432,284014,2221,1852,369,7.85944301,6.55366432,1.30577869,630,2.22937825,284014,284014,-3
"Hood River County, Oregon",Hood River County,41027,00,41,027,23382,44.78549471171107,250,10.71834337,23382,171,7.33134687,23382,36,35,1,1.54344145,1.50056807,0.04287337,79,3.38699651,23382,23382,0
"Centre County, Pennsylvania",Centre County,42027,00,42,027,162385,146.4651887267453,1147,7.05876561,162385,1105,6.80029294,162385,-266,-1101,835,-1.63699359,-6.77567649,5.138682900000001,42,0.25847267,162385,162385,8
"Clarendon County, South Carolina",Clarendon County,45027,00,45,027,33745,55.59673123711905,302,8.94987183,33745,408,12.09121757,33745,112,113,-1,3.31915776,3.3487931000000004,-0.02963534,-106,-3.14134574,33745,33745,-3
"Clay County, South Dakota",Clay County,46027,00,46,027,14070,34.14794591976251,131,9.33946458,14070,80,5.70348982,14070,37,38,-1,2.63786404,2.70915767,-0.07129362,51,3.63597476,14070,14070,-1
"Clay County, Tennessee",Clay County,47027,00,47,027,7615,32.19375473336404,64,8.37038975,7615,101,13.20952132,7615,-27,-29,2,-3.53125817,-3.79283285,0.26157468,-37,-4.83913157,7615,7615,2
"Bell County, Texas",Bell County,48027,00,48,027,362924,345.18530152985414,5940,16.53856702,362924,2304,6.41495933,362924,3860,3745,115,10.74728429,10.42709318,0.32019111,3636,10.12360769,362924,362924,31
"Millard County, Utah",Millard County,49027,00,49,027,13188,1.9435561122982832,192,14.67048711,13188,92,7.0296084,13188,103,91,12,7.87010506,6.95319962,0.91690544,100,7.6408787,13188,13188,-2
"Windsor County, Vermont",Windsor County,50027,00,50,027,55062,56.789629684746025,439,7.96256326,55062,539,9.77635899,55062,-38,-59,21,-0.68924238,-1.07013948,0.38089709999999993,-100,-1.81379573,55062,55062,-4
"Buchanan County, Virginia",Buchanan County,51027,00,51,027,21004,41.769543428039654,184,8.68477568,21004,309,14.58475916,21004,-241,-253,12,-11.37516815,-11.94156656,0.56639841,-125,-5.89998348,21004,21004,1
"Grays Harbor County, Washington",Grays Harbor County,53027,00,53,027,75061,39.47539569143412,734,9.86148245,75061,886,11.9036423,75061,1407,1423,-16,18.9034139,19.1183781,-0.2149642,-152,-2.04215985,75061,75061,5
"Hampshire County, West Virginia",Hampshire County,54027,00,54,027,23175,36.18820460284053,205,8.81114072,23175,260,11.175105300000002,23175,-126,-118,-8,-5.41562795,-5.07177856,-0.34384939,-55,-2.36396458,23175,23175,-1
"Dodge County, Wisconsin",Dodge County,55027,00,55,027,87839,100.30751700950296,771,8.77772212,87839,874,9.95036204,87839,112,90,22,1.2751036,1.02463682,0.25046678,-103,-1.17263992,87839,87839,-3
"Niobrara County, Wyoming",Niobrara County,56027,00,56,027,2356,0.897172517,28,11.7746005,2356,14,5.88730025,2356,-57,-57,0,-23.96972246,-23.96972246,0,14,5.88730025,2356,2356,-1
"Camuy Municipio, Puerto Rico",Camuy Municipio,72027,00,72,027,30504,0,,,30504,,,30504,,,,,,,,,30504,30504,
"Los Alamos County, New Mexico",Los Alamos County,35028,00,35,028,19369,177.36131656008968,173,9.02051777,19369,111,5.78773105,19369,318,256,62,16.58106734,13.34828063,3.23278671,62,3.23278671,19369,19369,1
"Cleburne County, Alabama",Cleburne County,01029,00,01,029,14910,26.620035783906527,187,12.5,14910,189,12.63368984,14910,-97,-86,-11,-6.48395722,-5.7486631,-0.73529412,-2,-0.13368984,14910,14910,-1
"Conway County, Arkansas",Conway County,05029,00,05,029,20846,37.74561987690764,227,10.89486693,20846,213,10.22293681,20846,9,14,-5,0.43195508,0.67193012,-0.23997504,14,0.67193012,20846,20846,-2
"Kern County, California",Kern County,06029,00,06,029,900202,110.69473314097394,13144,14.65361547,900202,6478,7.22201164,900202,-210,-291,81,-0.23411893,-0.32442195,0.09030302,6666,7.43160383,900202,900202,-12
"Delta County, Colorado",Delta County,08029,00,08,029,31162,27.28422021076514,283,9.12226413,31162,394,12.70025465,31162,387,385,2,12.47461561,12.41014731,0.0644683,-111,-3.57799052,31162,31162,2
"Dixie County, Florida",Dixie County,12029,00,12,029,16826,23.862999637740593,141,8.41514727,16826,228,13.60747217,16826,229,232,-3,13.66715407,13.84619976,-0.17904569,-87,-5.19232491,16826,16826,-1
"Bryan County, Georgia",Bryan County,13029,00,13,029,39627,90.56615750046136,541,13.92786345,39627,258,6.64212342,39627,1286,1289,-3,33.10763844,33.18487244,-0.07723399,283,7.28574003,39627,39627,-1
"Caribou County, Idaho",Caribou County,16029,00,16,029,7155,4.055676766759782,98,13.81059752,7155,60,8.45546787,7155,80,73,7,11.27395716,10.28748591,0.98647125,38,5.35512965,7155,7155,0
"Coles County, Illinois",Coles County,17029,00,17,029,50621,99.59213447681688,452,8.91079349,50621,500,9.85707245,50621,-159,-210,51,-3.13454904,-4.13997043,1.00542139,-48,-0.94627896,50621,50621,-1
"Dearborn County, Indiana",Dearborn County,18029,00,18,029,49458,162.11122982349357,457,9.23792197,49458,457,9.23792197,49458,-21,-6,-15,-0.4244997,-0.12128563,-0.30321407,0,0,49458,49458,-3
"Cass County, Iowa",Cass County,19029,00,19,029,12836,22.74844445136725,141,10.9370152,12836,182,14.11728204,12836,-70,-77,7,-5.42972386,-5.97269625,0.54297239,-41,-3.18026683,12836,12836,-1
"Cloud County, Kansas",Cloud County,20029,00,20,029,8786,12.282240515487842,98,11.18721461,8786,124,14.15525114,8786,79,74,5,9.01826484,8.44748858,0.57077626,-26,-2.96803653,8786,8786,-1
"Bullitt County, Kentucky",Bullitt County,21029,00,21,029,81676,274.97463226821674,777,9.55220211,81676,653,8.02778375,81676,545,553,-8,6.70006454,6.79841411,-0.09834957,124,1.52441835,81676,81676,-2
"Concordia Parish, Louisiana",Concordia Parish,22029,00,22,029,19259,27.63203184493389,254,13.07761617,19259,239,12.305316,19259,-343,-335,-8,-17.65993049,-17.24803707,-0.41189342,15,0.77230017,19259,19259,1
"Washington County, Maine",Washington County,23029,00,23,029,31379,12.244379665709848,259,8.261563,31379,414,13.20574163,31379,216,185,31,6.88995215,5.90111643,0.98883573,-155,-4.94417863,31379,31379,-3
"Kent County, Maryland",Kent County,24029,00,24,029,19422,70.10674924696008,142,7.3090385,19422,284,14.618077,19422,132,124,8,6.79431748,6.38254066,0.41177682,-142,-7.3090385,19422,19422,-2
"Charlevoix County, Michigan",Charlevoix County,26029,00,26,029,26143,62.79399015854376,218,8.33174088,26143,292,11.15994649,26143,32,12,20,1.22300783,0.45862794,0.7643799,-74,-2.82820562,26143,26143,-2
"Clearwater County, Minnesota",Clearwater County,27029,00,27,029,8818,8.82836406,110,12.47660636,8818,74,8.39335337,8818,-33,-38,5,-3.74298191,-4.31010038,0.56711847,36,4.08325299,8818,8818,0
"Copiah County, Mississippi",Copiah County,28029,00,28,029,28065,36.10644868954837,339,12.00743824,28065,309,10.94483308,28065,-363,-374,11,-12.85752236,-13.24714425,0.38962189,30,1.06260515,28065,28065,-2
"Camden County, Missouri",Camden County,29029,00,29,029,46305,70.58226702471613,381,8.26302891,46305,535,11.60294086,46305,546,558,-12,11.841506,12.10175888,-0.26025288,-154,-3.33991195,46305,46305,0
"Flathead County, Montana",Flathead County,30029,00,30,029,103806,20.405340036229504,1113,10.81511784,103806,917,8.91056879,103806,1587,1629,-42,15.42101709,15.82913474,-0.40811765,196,1.90454905,103806,103806,6
"Chase County, Nebraska",Chase County,31029,00,31,029,3924,4.387207613622731,45,11.44892507,3924,53,13.48428953,3924,-5,-14,9,-1.27210279,-3.5618878,2.28978501,-8,-2.03536446,3924,3924,0
"Storey County, Nevada",Storey County,32029,00,32,029,4123,15.619161158825822,11,2.71470879,4123,21,5.18262586,4123,151,155,-4,37.26554788,38.25271471,-0.98716683,-10,-2.46791708,4123,4123,1
"Ocean County, New Jersey",Ocean County,34029,00,34,029,607186,966.3370393557452,8555,14.1561261,607186,7091,11.73361662,607186,4266,4224,42,7.05903378,6.98953555,0.06949822,1464,2.42250948,607186,607186,-22
"Luna County, New Mexico",Luna County,35029,00,35,029,23709,7.995808115222819,346,14.54209221,23709,281,11.81019628,23709,-231,-247,16,-9.70873786,-10.38120456,0.67246669,65,2.73189594,23709,23709,-2
"Erie County, New York",Erie County,36029,00,36,029,918702,881.0576503386673,9756,10.61346733,918702,9765,10.62325835,918702,-986,-2264,1278,-1.0726608,-2.46298586,1.39032506,-9,-0.00979102,918702,918702,-20
"Camden County, North Carolina",Camden County,37029,00,37,029,10867,45.21721975636101,96,8.91240774,10867,63,5.84876758,10867,159,148,11,14.76117532,13.73996194,1.02121339,33,3.06364016,10867,10867,-1
"Emmons County, North Dakota",Emmons County,38029,00,38,029,3241,2.1463537985869294,32,9.81745667,3241,49,15.03298052,3241,-21,-24,3,-6.44270594,-7.3630925,0.92038656,-17,-5.21552385,3241,3241,1
"Columbiana County, Ohio",Columbiana County,39029,00,39,029,101883,191.53930629596783,982,9.6106794,101883,1186,11.60719529,101883,-383,-382,-1,-3.7483607,-3.73857386,-0.00978684,-204,-1.99651588,101883,101883,-3
"Coal County, Oklahoma",Coal County,40029,00,40,029,5495,10.633364333013573,68,12.34679982,5495,69,12.5283704,5495,-23,-23,0,-4.17612347,-4.17612347,0,-1,-0.18157059,5495,5495,-1
"Jackson County, Oregon",Jackson County,41029,00,41,029,220944,79.38330140118423,2251,10.22356962,220944,2325,10.55966209,220944,1611,1652,-41,7.31682393,7.50303732,-0.1862134,-74,-0.33609247,220944,220944,-4
"Chester County, Pennsylvania",Chester County,42029,00,42,029,524989,699.4921367291162,5292,10.10815844,524989,4194,8.01088747,524989,1843,948,895,3.52028269,1.81075854,1.70952415,1098,2.09727097,524989,524989,-38
"Colleton County, South Carolina",Colleton County,45029,00,45,029,37677,35.662751100906235,449,11.91724284,37677,570,15.12879381,37677,127,148,-21,3.37080143,3.92817804,-0.55737661,-121,-3.21155097,37677,37677,-5
"Codington County, South Dakota",Codington County,46029,00,46,029,28009,40.73532235090934,316,11.27725634,28009,235,8.38656722,28009,-104,-108,4,-3.71150209,-3.85425217,0.14275008,81,2.89068913,28009,28009,-1
"Cocke County, Tennessee",Cocke County,47029,00,47,029,36004,82.55240729412927,361,10.04703459,36004,496,13.8042359,36004,282,292,-10,7.84837605,8.12668726,-0.27831121,-135,-3.7572013,36004,36004,-1
"Bexar County, Texas",Bexar County,48029,00,48,029,2003554,1615.3697296998314,26736,13.41919086,2003554,14216,7.13521908,2003554,9832,7493,2339,4.93482512,3.76084669,1.17397843,12520,6.28397178,2003554,2003554,15
"Morgan County, Utah",Morgan County,49029,00,49,029,12124,19.90253470250693,145,12.04318937,12124,46,3.82059801,12124,71,65,6,5.89700997,5.3986711,0.49833887,99,8.22259136,12124,12124,-2
"Buckingham County, Virginia",Buckingham County,51029,00,51,029,17148,29.58476985713527,126,7.37036062,17148,157,9.18370331,17148,136,135,1,7.95530988,7.89681495,0.05849493,-31,-1.81334269,17148,17148,0
"Island County, Washington",Island County,53029,00,53,029,85141,408.3264527135214,916,10.8166832,85141,762,8.99815786,85141,759,700,59,8.96273204,8.26602428,0.69670776,154,1.81852534,85141,85141,1
"Hancock County, West Virginia",Hancock County,54029,00,54,029,28810,348.75005345054063,243,8.39537736,28810,440,15.20150633,28810,-71,-59,-12,-2.45297034,-2.0383838,-0.41458654,-197,-6.80612897,28810,28810,-1
"Door County, Wisconsin",Door County,55029,00,55,029,27668,57.40694212,214,7.74562499,27668,363,13.13860687,27668,231,231,0,8.36093165,8.36093165,0,-149,-5.39298188,27668,27668,-3
"Park County, Wyoming",Park County,56029,00,56,029,29194,4.207210787696874,283,9.69111705,29194,271,9.28018629,29194,-26,-16,-10,-0.89034998,-0.54790768,-0.3424423,12,0.41093076,29194,29194,-2
"Can<f3>vanas Municipio, Puerto Rico",Can<f3>vanas Municipio,72029,00,72,029,44674,0,,,44674,,,44674,,,,,,,,,44674,44674,
"Coffee County, Alabama",Coffee County,01031,00,01,031,52342,77.08846547744264,599,11.48697887,52342,570,10.930848,52342,368,334,34,7.05710889,6.40509339,0.65201549,29,0.55613086,52342,52342,-5
"Craighead County, Arkansas",Craighead County,05031,00,05,031,110332,155.98966178154694,1456,13.28782375,110332,1030,9.40004016,110332,1091,1044,47,9.95674156,9.52780769,0.42893387,426,3.8877836,110332,110332,-1
"Kings County, California",Kings County,06031,00,06,031,152940,110.00431628955032,2321,15.25358009,152940,887,5.8293517999999995,152940,123,197,-74,0.80835431,1.29468129,-0.48632698,1434,9.42422828,152940,152940,1
"Denver County, Colorado",Denver County,08031,00,08,031,727211,4743.955233013075,9372,12.98532154,727211,4995,6.92079397,727211,6510,4268,2242,9.01989365,5.91350324,3.10639041,4377,6.06452757,727211,727211,59
"Duval County, Florida",Duval County,12031,00,12,031,957755,1255.8590147035754,13013,13.65185923,957755,8855,9.2897267,957755,4941,2933,2008,5.18357308,3.07699248,2.1065806,4158,4.36213254,957755,957755,4
"Bulloch County, Georgia",Bulloch County,13031,00,13,031,79608,117.77183101465737,890,11.34842206,79608,561,7.15333121,79608,2019,1935,84,25.74434173,24.6732547,1.07108703,329,4.19509085,79608,79608,18
"Cassia County, Idaho",Cassia County,16031,00,16,031,24030,9.366195005165702,391,16.35264842,24030,185,7.73718659,24030,34,31,3,1.42196943,1.29650154,0.12546789,206,8.61546183,24030,24030,-1
"Cook County, Illinois",Cook County,17031,00,17,031,5150233,5450.3843768951765,61822,11.97846233,5150233,42432,8.22150874,5150233,-41173,-52810,11637,-7.97756833,-10.23232176,2.25475342,19390,3.75695359,5150233,5150233,56
"Decatur County, Indiana",Decatur County,18031,00,18,031,26559,71.28635186121706,320,12.01111028,26559,273,10.24697846,26559,-215,-232,17,-8.06996472,-8.70805495,0.63809023,47,1.76413182,26559,26559,2
"Cedar County, Iowa",Cedar County,19031,00,19,031,18627,32.14535312,194,10.43263155,18627,171,9.19577317,18627,42,42,0,2.25861095,2.25861095,0,23,1.23685838,18627,18627,-2
"Coffey County, Kansas",Coffey County,20031,00,20,031,8179,13.047056245137345,96,11.69946987,8179,84,10.23703613,8179,-66,-67,1,-8.04338553,-8.16525501,0.12186948,12,1.46243373,8179,8179,1
"Butler County, Kentucky",Butler County,21031,00,21,031,12879,30.225898442133055,154,12.02091952,12879,143,11.16228241,12879,126,126,0,9.83529779,9.83529779,0,11,0.85863711,12879,12879,-1
"De Soto Parish, Louisiana",De Soto Parish,22031,00,22,031,27463,31.335221718067977,318,11.58702108,27463,292,10.63965458,27463,11,14,-3,0.40080891,0.51012042,-0.10931152,26,0.9473665,27463,27463,0
"York County, Maine",York County,23031,00,23,031,207641,209.51068852481632,1805,8.73013954,207641,2083,10.07472613,207641,2052,2047,5,9.92479021,9.900607,0.02418321,-278,-1.34458659,207641,207641,-2
"Montgomery County, Maryland",Montgomery County,24031,00,24,031,1050688,2130.9408534063946,12240,11.66177425,1050688,6344,6.04430521,1050688,-3724,-9423,5699,-3.54807576,-8.9778512,5.42977544,5896,5.61746903,1050688,1050688,38
"Cheboygan County, Michigan",Cheboygan County,26031,00,26,031,25276,35.33748958427109,219,8.62544309,25276,370,14.5726664,25276,-75,-74,-1,-2.95391887,-2.91453328,-0.03938558,-151,-5.94722332,25276,25276,-2
"Cook County, Minnesota",Cook County,27031,00,27,031,5463,3.760924863768788,46,8.44966936,5463,40,7.34753857,5463,32,10,22,5.87803086,1.83688464,4.04114622,6,1.10213079,5463,5463,0
"Covington County, Mississippi",Covington County,28031,00,28,031,18636,45.03423472188985,237,12.65315929,18636,232,12.386215,18636,-196,-201,5,-10.46421612,-10.73116041,0.26694429,5,0.26694429,18636,18636,2
"Cape Girardeau County, Missouri",Cape Girardeau County,29031,00,29,031,78871,136.32741304399198,899,11.41522072,78871,738,9.37089309,78871,75,-53,128,0.95232653,-0.67297742,1.62530395,161,2.04432763,78871,78871,-3
"Gallatin County, Montana",Gallatin County,30031,00,30,031,114434,43.92834359655195,1262,11.16241221,114434,612,5.41315077,114434,2084,1973,111,18.43301668,17.45121973,0.98179695,650,5.74926144,114434,114434,18
"Cherry County, Nebraska",Cherry County,31031,00,31,031,5689,0.954496811,77,13.44743276,5689,57,9.95459308,5689,-94,-92,-2,-16.41634649,-16.06706252,-0.34928397,20,3.49283968,5689,5689,0
"Washoe County, Nevada",Washoe County,32031,00,32,031,471519,74.65279352256766,5259,11.2387044,471519,4032,8.61655374,471519,5894,6281,-387,12.59572613,13.42276142,-0.82703529,1227,2.62215066,471519,471519,44
"Passaic County, New Jersey",Passaic County,34031,00,34,031,501826,2697.823921247161,6602,13.1381908,501826,3769,7.50043034,501826,-4208,-6045,1837,-8.37405436,-12.02974302,3.65568866,2833,5.63776046,501826,501826,18
"McKinley County, New Mexico",McKinley County,35031,00,35,031,71367,13.093230658342376,817,11.40440263,71367,642,8.96159913,71367,-721,-738,17,-10.06435042,-10.30165134,0.23730091,175,2.4428035,71367,71367,2
"Essex County, New York",Essex County,36031,00,36,031,36885,20.55884793346313,308,8.30490879,36885,413,11.1361277,36885,-296,-300,4,-7.98134092,-8.08919688,0.10785596,-105,-2.83121891,36885,36885,-2
"Carteret County, North Carolina",Carteret County,37031,00,37,031,69473,136.86492471288017,531,7.64518289,69473,894,12.87155085,69473,400,378,22,5.75908315,5.44233358,0.31674957,-363,-5.22636796,69473,69473,-2
"Foster County, North Dakota",Foster County,38031,00,38,031,3210,5.0624549874181355,38,11.8435406,3210,32,9.97350787,3210,-3,-1,-2,-0.93501636,-0.31167212,-0.62334424,6,1.87003273,3210,3210,0
"Coshocton County, Ohio",Coshocton County,39031,00,39,031,36600,64.89830851129686,460,12.56899284,36600,408,11.14815017,36600,-46,-50,4,-1.25689928,-1.36619487,0.10929559,52,1.42084267,36600,36600,-2
"Comanche County, Oklahoma",Comanche County,40031,00,40,031,120749,112.9160809,1630,13.51144121,120749,1095,9.07670437,120749,-313,-369,56,-2.59452828,-3.05872503,0.46419675,535,4.43473684,120749,120749,-1
"Jefferson County, Oregon",Jefferson County,41031,00,41,031,24658,13.835407702686968,281,11.51450582,24658,250,10.24422226,24658,474,484,-10,19.4230454,19.83281429,-0.40976889,31,1.27028356,24658,24658,3
"Clarion County, Pennsylvania",Clarion County,42031,00,42,031,38438,63.97426759579304,370,9.59668007,38438,440,11.41226819,38438,-164,-175,11,-4.2536636,-4.5389703,0.2853067,-70,-1.81558812,38438,38438,0
"Darlington County, South Carolina",Darlington County,45031,00,45,031,66618,118.83321683757792,737,11.05138067,66618,840,12.59587485,66618,-34,-55,21,-0.50983303,-0.8247299,0.31489687,-103,-1.54449418,66618,66618,-4
"Corson County, South Dakota",Corson County,46031,00,46,031,4086,1.6544557520916643,91,22.0232333,4086,58,14.03678606,4086,-125,-126,1,-30.25169409,-30.49370765,0.24201355,33,7.98644724,4086,4086,0
"Coffee County, Tennessee",Coffee County,47031,00,47,031,56520,131.7594523784641,700,12.45584847,56520,658,11.70849756,56520,603,623,-20,10.72982375,11.08570513,-0.35588138,42,0.74735091,56520,56520,-2
"Blanco County, Texas",Blanco County,48031,00,48,031,11931,16.821953083982358,75,6.36159294,11931,131,11.11158234,11931,337,333,4,28.58475762,28.24547267,0.33928496,-56,-4.7499894,11931,11931,2
"Piute County, Utah",Piute County,49031,00,49,031,1479,1.9500600784580968,15,10.28453891,1479,14,9.59890298,1479,41,41,0,28.11107302,28.11107302,0,1,0.68563593,1479,1479,-1
"Campbell County, Virginia",Campbell County,51031,00,51,031,54885,109.07034939085206,478,8.68917126,54885,577,10.48881133,54885,-152,-185,33,-2.76308375,-3.36296377,0.59988002,-99,-1.79964007,54885,54885,-1
"Jefferson County, Washington",Jefferson County,53031,00,53,031,32221,17.86359534841006,181,5.65916801,32221,396,12.38138415,32221,688,683,5,21.51109166,21.35476105,0.15633061,-215,-6.72221614,32221,32221,2
"Hardy County, West Virginia",Hardy County,54031,00,54,031,13776,23.65725167,147,10.67538126,13776,162,11.76470588,13776,28,21,7,2.03340595,1.52505447,0.50835149,-15,-1.08932462,13776,13776,-1
"Douglas County, Wisconsin",Douglas County,55031,00,55,031,43150,33.08306733933783,397,9.20120983,43150,430,9.96604591,43150,40,53,-13,0.92707404,1.2283731000000002,-0.30129906,-33,-0.76483608,43150,43150,0
"Platte County, Wyoming",Platte County,56031,00,56,031,8393,4.032288118,74,8.75273523,8393,109,12.89254243,8393,-87,-77,-10,-10.29037791,-9.10757585,-1.18280206,-35,-4.1398072,8393,8393,-1
"Carolina Municipio, Puerto Rico",Carolina Municipio,72031,00,72,031,146984,0,,,146984,,,146984,,,,,,,,,146984,146984,
"Colbert County, Alabama",Colbert County,01033,00,01,033,55241,93.19522921870316,630,11.42908975,55241,719,13.04367545,55241,329,256,73,5.96852465,4.64420155,1.3243231000000002,-89,-1.6145857,55241,55241,-3
"Crawford County, Arkansas",Crawford County,05033,00,05,033,63257,106.5350279,758,11.97131937,63257,658,10.39198964,63257,-222,-227,5,-3.50611201,-3.58507849,0.07896649,100,1.57932973,63257,63257,0
"Lake County, California",Lake County,06033,00,06,033,64386,51.24187686000104,731,11.35948657,64386,848,13.17762601,64386,189,215,-26,2.93699448,3.34102546,-0.40403099,-117,-1.81813944,64386,64386,-3
"Dolores County, Colorado",Dolores County,08033,00,08,033,2055,1.9256530919922308,11,5.34629405,2055,10,4.86026731,2055,-7,-7,0,-3.40218712,-3.40218712,0,1,0.48602673,2055,2055,1
"Escambia County, Florida",Escambia County,12033,00,12,033,318316,484.5189540917051,3804,12.01098797,318316,3536,11.16478798,318316,2930,2726,204,9.2513656,8.60724322,0.64412238,268,0.84619999,318316,318316,14
"Burke County, Georgia",Burke County,13033,00,13,033,22383,27.06415372830096,290,12.94007407,22383,247,11.02137343,22383,-98,-96,-2,-4.37285262,-4.28361073,-0.08924189,43,1.91870064,22383,22383,-1
"Clark County, Idaho",Clark County,16033,00,16,033,845,0.47925723104991774,8,9.43396226,845,2,2.35849057,845,-12,-14,2,-14.1509434,-16.50943396,2.35849057,6,7.0754717000000005,845,845,0
"Crawford County, Illinois",Crawford County,17033,00,17,033,18667,42.07658074819762,196,10.45416967,18667,217,11.57425927,18667,-142,-140,-2,-7.57393925,-7.46726405,-0.1066752,-21,-1.12008961,18667,18667,0
"DeKalb County, Indiana",DeKalb County,18033,00,18,033,43475,119.82111305655836,508,11.72086799,43475,406,9.36746536,43475,167,176,-9,3.85311999,4.06077316,-0.20765317,102,2.35340263,43475,43475,-2
"Cerro Gordo County, Iowa",Cerro Gordo County,19033,00,19,033,42450,74.69647276,442,10.3887557,42450,495,11.63446622,42450,-138,-153,15,-3.24354816,-3.59610774,0.35255958,-53,-1.24571053,42450,42450,-1
"Comanche County, Kansas",Comanche County,20033,00,20,033,1700,2.156546100888183,20,11.64144354,1700,15,8.73108265,1700,-41,-40,-1,-23.86495925,-23.28288708,-0.58207218,5,2.91036088,1700,1700,0
"Caldwell County, Kentucky",Caldwell County,21033,00,21,033,12747,36.97032557744325,139,10.9178023,12747,164,12.88143581,12747,57,58,-1,4.477084400000001,4.55562974,-0.07854534,-25,-1.96363351,12747,12747,-1
"East Baton Rouge Parish, Louisiana",East Baton Rouge Parish,22033,00,22,033,440059,966.3295276182068,5739,13.01187938,440059,3902,8.84689899,440059,-3859,-4499,640,-8.74940626,-10.20046094,1.45105468,1837,4.16498038,440059,440059,23
"Prince George's County, Maryland",Prince George's County,24033,00,24,033,909327,1884.023068967898,12008,13.20325067,909327,6852,7.53403345,909327,-5439,-9430,3991,-5.98038644,-10.36864206,4.38825562,5156,5.66921723,909327,909327,-9
"Chippewa County, Michigan",Chippewa County,26033,00,26,033,37349,23.964595157328965,318,8.50153723,37349,374,9.99866328,37349,-54,-57,3,-1.44365727,-1.52386045,0.08020318,-56,-1.49712605,37349,37349,-2
"Cottonwood County, Minnesota",Cottonwood County,27033,00,27,033,11196,17.49448910319068,144,12.8256513,11196,134,11.93498107,11196,-73,-69,-4,-6.50189267,-6.14562458,-0.35626809,10,0.89067023,11196,11196,0
"DeSoto County, Mississippi",DeSoto County,28033,00,28,033,184945,388.2848278250351,2121,11.56245826,184945,1427,7.77917395,184945,2323,2257,66,12.66364476,12.30385115,0.35979361,694,3.78328432,184945,184945,-4
"Carroll County, Missouri",Carroll County,29033,00,29,033,8679,12.49457071201884,84,9.65239874,8679,114,13.099684,8679,-16,-14,-2,-1.83855214,-1.60873312,-0.22981902,-30,-3.44728526,8679,8679,-1
"Garfield County, Montana",Garfield County,30033,00,30,033,1258,0.2690011708577332,14,11.1332008,1258,12,9.54274354,1258,-2,-2,0,-1.59045726,-1.59045726,0,2,1.59045726,1258,1258,1
"Cheyenne County, Nebraska",Cheyenne County,31033,00,31,033,8910,7.448048613165396,86,9.45470536,8910,84,9.2348285,8910,-374,-371,-3,-41.11697449,-40.78715919,-0.3298153,2,0.21987687,8910,8910,0
"White Pine County, Nevada",White Pine County,32033,00,32,033,9580,1.078019702316882,104,10.87866109,9580,96,10.041841,9580,33,29,4,3.45188285,3.0334727999999997,0.41841004,8,0.83682008,9580,9580,-1
"Salem County, New Jersey",Salem County,34033,00,34,033,62385,187.98500704404088,684,10.9325427,62385,756,12.08333666,62385,-291,-300,9,-4.65112562,-4.79497487,0.14384925,-72,-1.15079397,62385,62385,2
"Mora County, New Mexico",Mora County,35033,00,35,033,4521,2.3470481155221203,30,6.6607460000000005,4521,37,8.21492007,4521,42,42,0,9.3250444,9.3250444,0,-7,-1.55417407,4521,4521,-1
"Franklin County, New York",Franklin County,36033,00,36,033,50022,30.703153683743302,444,8.85335141,50022,524,10.44854986,50022,-177,-171,-6,-3.52937658,-3.40973669,-0.11963988,-80,-1.59519845,50022,50022,0
"Caswell County, North Carolina",Caswell County,37033,00,37,033,22604,53.140024355705215,210,9.28423007,22604,245,10.83160175,22604,8,-5,13,0.35368496,-0.2210531,0.57473805,-35,-1.54737168,22604,22604,-3
"Golden Valley County, North Dakota",Golden Valley County,38033,00,38,033,1761,1.7594426612869882,20,11.3507378,1761,9,5.10783201,1761,-12,-12,0,-6.81044268,-6.81044268,0,11,6.24290579,1761,1761,-1
"Crawford County, Ohio",Crawford County,39033,00,39,033,41494,103.27400486172108,455,10.96676227,41494,498,12.00318157,41494,54,41,13,1.30154981,0.98821374,0.31333606,-43,-1.03641929,41494,41494,-1
"Cotton County, Oklahoma",Cotton County,40033,00,40,033,5666,8.956214360450224,63,10.96987637,5666,75,13.05937663,5666,-141,-141,0,-24.55162807,-24.55162807,0,-12,-2.08950026,5666,5666,-1
"Josephine County, Oregon",Josephine County,41033,00,41,033,87487,53.38971950662893,866,9.91771503,87487,1190,13.62826892,87487,667,693,-26,7.63870199,7.93646249,-0.2977605,-324,-3.71055389,87487,87487,-6
"Clearfield County, Pennsylvania",Clearfield County,42033,00,42,033,79255,69.23752519531065,732,9.21757636,79255,943,11.87455533,79255,-102,-161,59,-1.28441638,-2.02736311,0.74294673,-211,-2.65697898,79255,79255,-4
"Dillon County, South Carolina",Dillon County,45033,00,45,033,30479,75.24432220349532,413,13.52081321,30479,372,12.17855331,30479,-173,-215,42,-5.66368205,-7.03868,1.37499795,41,1.34225991,30479,30479,-1
"Custer County, South Dakota",Custer County,46033,00,46,033,8972,5.762560048371913,68,7.64732344,8972,89,10.00899685,8972,183,183,0,20.580296899999997,20.580296899999997,0,-21,-2.36167341,8972,8972,-2
"Crockett County, Tennessee",Crockett County,47033,00,47,033,14230,53.59129498939641,148,10.37649863,14230,180,12.6200659,14230,-34,-40,6,-2.38379023,-2.80445909,0.42066886,-32,-2.24356727,14230,14230,0
"Borden County, Texas",Borden County,48033,00,48,033,654,0.7287372439446036,5,7.68639508,654,5,7.68639508,654,6,6,0,9.2236741,9.2236741,0,0,0,654,654,1
"Rich County, Utah",Rich County,49033,00,49,033,2483,2.413381657752862,31,12.55314841,2483,11,4.45434298,2483,7,4,3,2.8345819,1.61976109,1.21482081,20,8.09880543,2483,2483,0
"Caroline County, Virginia",Caroline County,51033,00,51,033,30725,58.23433041528359,343,11.15882621,30725,289,9.40204307,30725,-79,-84,5,-2.57010866,-2.73277377,0.16266511,54,1.75678313,30725,30725,-1
"King County, Washington",King County,53033,00,53,033,2252782,1065.002793334132,25188,11.24176717,2252782,13917,6.21135754,2252782,13185,-4784,17969,5.884655400000001,-2.1351681,8.0198235,11271,5.03040963,2252782,2252782,-38
"Harrison County, West Virginia",Harrison County,54033,00,54,033,67256,161.67008819123603,696,10.33024119,67256,877,13.01669759,67256,-52,-47,-5,-0.77179963,-0.69758813,-0.0742115,-181,-2.6864564,67256,67256,-5
"Dunn County, Wisconsin",Dunn County,55033,00,55,033,45368,53.36404751286307,430,9.5070695,45368,320,7.07502847,45368,171,155,16,3.78071834,3.42696691,0.35375142,110,2.43204104,45368,45368,-4
"Sheridan County, Wyoming",Sheridan County,56033,00,56,033,30485,12.081108880328904,308,10.14760148,30485,346,11.39957828,30485,303,289,14,9.98286769,9.52161307,0.46125461,-38,-1.25197681,30485,30485,1
"Cata<f1>o Municipio, Puerto Rico",Cata<f1>o Municipio,72033,00,72,033,23121,0,,,23121,,,23121,,,,,,,,,23121,23121,
"Conecuh County, Alabama",Conecuh County,01035,00,01,035,12067,14.193130824210783,123,10.09893674,12067,182,14.94314217,12067,-166,-167,1,-13.62945934,-13.71156451,0.08210518,-59,-4.84420543,12067,12067,0
"Crittenden County, Arkansas",Crittenden County,05035,00,05,035,47955,78.56551229818017,722,14.99200565,47955,534,11.08827011,47955,-598,-591,-7,-12.41720135,-12.2718495,-0.14535186,188,3.90373554,47955,47955,2
"Lassen County, California",Lassen County,06035,00,06,035,30573,6.732382917284386,281,9.18435718,30573,202,6.60227811,30573,-126,-133,7,-4.11825268,-4.3470445,0.22879182,79,2.58207906,30573,30573,2
"Douglas County, Colorado",Douglas County,08035,00,08,035,351154,417.9154893,3472,10.00370241,351154,1493,4.30170729,351154,6166,5604,562,17.76579177,16.14652889,1.61926289,1979,5.70199512,351154,351154,20
"Flagler County, Florida",Flagler County,12035,00,12,035,115081,237.20946959763376,807,7.10493648,115081,1385,12.19372617,115081,3558,3537,21,31.32511027,31.14022345,0.18488682,-578,-5.0887897,115081,115081,16
"Butts County, Georgia",Butts County,13035,00,13,035,24936,135.75048115162392,291,11.84660479,24936,278,11.31737502,24936,724,727,-3,29.47402703,29.59615698,-0.12212995,13,0.52922977,24936,24936,7
"Clearwater County, Idaho",Clearwater County,16035,00,16,035,8756,3.5632405932664537,72,8.22199383,8756,96,10.96265844,8756,22,22,0,2.51227589,2.51227589,0,-24,-2.74066461,8756,8756,0
"Cumberland County, Illinois",Cumberland County,17035,00,17,035,10766,31.120671234874248,119,11.0338433,10766,109,10.10662958,10766,-48,-48,0,-4.45062587,-4.45062587,0,10,0.92721372,10766,10766,0
"Delaware County, Indiana",Delaware County,18035,00,18,035,114135,291.0858866167957,1081,9.46452336,114135,1187,10.39258948,114135,-53,-233,180,-0.46403306,-2.0399944,1.57596134,-106,-0.92806612,114135,114135,-3
"Cherokee County, Iowa",Cherokee County,19035,00,19,035,11235,19.47455564609453,112,9.94229916,11235,163,14.46959609,11235,-8,-11,3,-0.71016423,-0.97647581,0.26631158,-51,-4.52729694,11235,11235,-1
"Cowley County, Kansas",Cowley County,20035,00,20,035,34908,31.00899041275656,393,11.2194356,34908,413,11.79039925,34908,-221,-240,19,-6.30914826,-6.85156373,0.54241546,-20,-0.57096364,34908,34908,0
"Calloway County, Kentucky",Calloway County,21035,00,21,035,39001,101.2932856018042,359,9.20926057,39001,407,10.44058231,39001,85,71,14,2.18046559,1.82133008,0.35913551,-48,-1.23132175,39001,39001,0
"East Carroll Parish, Louisiana",East Carroll Parish,22035,00,22,035,6861,16.30822534386575,82,11.83688199,6861,66,9.52724648,6861,-149,-146,-3,-21.50848069,-21.07542403,-0.43305666,16,2.30963551,6861,6861,0
"Queen Anne's County, Maryland",Queen Anne's County,24035,00,24,035,50381,135.54567169791648,497,9.8876941,50381,427,8.49506113,50381,166,143,23,3.30252962,2.84495021,0.4575794,70,1.39263297,50381,50381,-3
"Clare County, Michigan",Clare County,26035,00,26,035,30950,54.840331552239874,324,10.504985,30950,400,12.96911729,30950,292,286,6,9.46745562,9.27291886,0.19453676,-76,-2.46413228,30950,30950,-1
"Crow Wing County, Minnesota",Crow Wing County,27035,00,27,035,65055,65.16158357410905,648,9.98082388,65055,687,10.58152161,65055,300,294,6,4.6207518,4.52833676,0.09241504,-39,-0.60069773,65055,65055,0
"Forrest County, Mississippi",Forrest County,28035,00,28,035,74897,160.70873627978307,1000,13.35033276,74897,764,10.19965423,74897,-250,-404,154,-3.33758319,-5.39353443,2.05595124,236,3.15067853,74897,74897,-1
"Carter County, Missouri",Carter County,29035,00,29,035,5982,11.790479745623536,72,11.93535019,5982,89,14.75341898,5982,-85,-84,-1,-14.09034397,-13.92457522,-0.16576875,-17,-2.81806879,5982,5982,1
"Glacier County, Montana",Glacier County,30035,00,30,035,13753,4.592068996437684,238,17.258257500000003,13753,142,10.29694355,13753,-172,-175,3,-12.47235416,-12.68989522,0.21754106,96,6.96131395,13753,13753,1
"Clay County, Nebraska",Clay County,31035,00,31,035,6203,10.838920006642214,80,12.89802499,6203,69,11.12454655,6203,-9,-8,-1,-1.45102781,-1.2898025,-0.16122531,11,1.77347844,6203,6203,-1
"Somerset County, New Jersey",Somerset County,34035,00,34,035,328934,1089.6673933805582,3033,9.20324981,328934,2613,7.92881364,328934,-1681,-2279,598,-5.10077907,-6.91533344,1.81455436,420,1.27443618,328934,328934,14
"Otero County, New Mexico",Otero County,35035,00,35,035,67490,10.206331506667848,934,13.92481494,67490,615,9.168909199999998,67490,513,250,263,7.64821206,3.72719886,3.9210132,319,4.75590575,67490,67490,-1
"Fulton County, New York",Fulton County,36035,00,36,035,53383,107.74438663392552,517,9.6621066,53383,565,10.55916872,53383,-203,-203,0,-3.79382522,-3.79382522,0,-48,-0.89706212,53383,53383,1
"Catawba County, North Carolina",Catawba County,37035,00,37,035,159551,397.51320164672256,1671,10.50157429,159551,1713,10.76552769,159551,912,679,233,5.7315594,4.26724653,1.46431287,-42,-0.26395339,159551,159551,-6
"Grand Forks County, North Dakota",Grand Forks County,38035,00,38,035,69451,48.35661374015464,974,13.93359369,69451,526,7.52471282,69451,-1358,-1419,61,-19.42692016,-20.29955796,0.8726378,448,6.40888088,69451,69451,6
"Cuyahoga County, Ohio",Cuyahoga County,39035,00,39,035,1235072,2701.493694,14022,11.32272013,1235072,13527,10.92300922,1235072,-7122,-8342,1220,-5.75099221,-6.73613831,0.9851461,495,0.39971092,1235072,1235072,-19
"Craig County, Oklahoma",Craig County,40035,00,40,035,14142,18.57740097058445,128,9.0007735,14142,205,14.41530131,14142,-81,-81,0,-5.69580198,-5.69580198,0,-77,-5.41452781,14142,14142,0
"Klamath County, Oregon",Klamath County,41035,00,41,035,68238,11.482571277694383,767,11.28563546,68238,834,12.27147324,68238,618,620,-2,9.09324995,9.12267795,-0.02942799,-67,-0.98583778,68238,68238,0
"Clinton County, Pennsylvania",Clinton County,42035,00,42,035,38632,43.505278982025445,368,9.51789779,38632,396,10.24208566,38632,-33,-41,8,-0.85350714,-1.06041796,0.20691082,-28,-0.72418788,38632,38632,-3
"Dorchester County, South Carolina",Dorchester County,45035,00,45,035,162809,286.3361540120416,1813,11.20771991,162809,1250,7.72733033,162809,1528,1448,80,9.4458886,8.95133946,0.49454914,563,3.48038958,162809,162809,0
"Davison County, South Dakota",Davison County,46035,00,46,035,19775,45.39368627201261,244,12.33600445,19775,199,10.06092166,19775,-53,-49,-4,-2.67954195,-2.47731237,-0.20222958,45,2.27508279,19775,19775,-1
"Cumberland County, Tennessee",Cumberland County,47035,00,47,035,60520,88.82580252619174,512,8.51502603,60520,843,14.01985731,60520,1107,1087,20,18.4104176,18.077799399999996,0.33261820000000003,-331,-5.50483128,60520,60520,6
"Bosque County, Texas",Bosque County,48035,00,48,035,18685,19.008512491807743,182,9.75505172,18685,250,13.39979632,18685,123,120,3,6.59269979,6.43190224,0.16079756,-68,-3.6447446,18685,18685,1
"Salt Lake County, Utah",Salt Lake County,49035,00,49,035,1160437,1563.7909274529018,16530,14.31708666,1160437,6741,5.838565099999999,1160437,1988,-1604,3592,1.72186136,-1.38926842,3.11112978,9789,8.47852156,1160437,1160437,-32
"Carroll County, Virginia",Carroll County,51035,00,51,035,29791,62.75165568235275,199,6.68548008,29791,383,12.8670295,29791,236,220,16,7.92850904,7.390983,0.53752604,-184,-6.18154942,29791,29791,-2
"Kitsap County, Washington",Kitsap County,53035,00,53,035,271473,687.0536070242435,3023,11.18078813,271473,2375,8.78411241,271473,1544,1469,75,5.71059771,5.43320468,0.27739302,648,2.39667572,271473,271473,5
"Jackson County, West Virginia",Jackson County,54035,00,54,035,28576,61.538552454152914,276,9.63838592,28576,361,12.60672941,28576,-32,-31,-1,-1.11749402,-1.08257233,-0.03492169,-85,-2.96834349,28576,28576,-2
"Eau Claire County, Wisconsin",Eau Claire County,55035,00,55,035,104646,164.04190544714172,1154,11.04300936,104646,756,7.23441515,104646,-103,-199,96,-0.98564122,-1.90429711,0.91865589,398,3.80859422,104646,104646,-4
"Sublette County, Wyoming",Sublette County,56035,00,56,035,9831,2.0118768745287916,88,8.96632533,9831,80,8.15120485,9831,24,32,-8,2.44536145,3.26048194,-0.81512048,8,0.81512048,9831,9831,1
"Cayey Municipio, Puerto Rico",Cayey Municipio,72035,00,72,035,42409,0,,,42409,,,42409,,,,,,,,,42409,42409,
"Charles City County, Virginia",Charles City County,51036,00,51,036,6963,38.06976254492098,52,7.44825611,6963,92,13.17768388,6963,4,3,1,0.57294278,0.42970708,0.14323569,-40,-5.72942777,6963,6963,-1
"Coosa County, Alabama",Coosa County,01037,00,01,037,10663,16.38166481004302,89,8.35445414,10663,122,11.4521731,10663,55,42,13,5.16286492,3.94255139,1.22031353,-33,-3.09771895,10663,10663,-2
"Cross County, Arkansas",Cross County,05037,00,05,037,16419,26.63770375931719,194,11.74014342,16419,207,12.52685407,16419,-200,-202,2,-12.10324064,-12.22427305,0.12103241,-13,-0.78671064,16419,16419,2
"Los Angeles County, California",Los Angeles County,06037,00,06,037,10039107,2473.5073482151756,112963,11.23282722,10039107,68164,6.77809933,10039107,-79758,-100808,21050,-7.93098478,-10.024157,2.09317222,44799,4.45472789,10039107,10039107,160
"Eagle County, Colorado",Eagle County,08037,00,08,037,55127,32.72660776027215,559,10.15717271,55127,129,2.34396293,55127,-246,-364,118,-4.4698828,-6.61397293,2.14409012,430,7.81320978,55127,55127,0
"Franklin County, Florida",Franklin County,12037,00,12,037,12125,22.241954930975886,94,7.89882778,12125,111,9.32733919,12125,460,458,2,38.65383807,38.48577791,0.16806017,-17,-1.42851141,12125,12125,6
"Calhoun County, Georgia",Calhoun County,13037,00,13,037,6189,22.073289653574314,53,8.45160262,6189,49,7.81374581,6189,-169,-171,2,-26.94944985,-27.26837825,0.3189284,4,0.6378568,6189,6189,1
"Custer County, Idaho",Custer County,16037,00,16,037,4315,0.8766446660313881,33,7.70577933,4315,38,8.87332166,4315,69,69,0,16.11208406,16.11208406,0,-5,-1.16754232,4315,4315,1
"DeKalb County, Illinois",DeKalb County,17037,00,17,037,104897,166.15066910973596,1107,10.58084742,104897,729,6.96787513,104897,172,-26,198,1.64399797,-0.24851132,1.8925093,378,3.61297229,104897,104897,-2
"Dubois County, Indiana",Dubois County,18037,00,18,037,42736,100.02218100660778,559,13.08980213,42736,409,9.57733287,42736,-87,-188,101,-2.03723217,-4.40229481,2.36506264,150,3.51246927,42736,42736,-1
"Chickasaw County, Iowa",Chickasaw County,19037,00,19,037,11933,23.66138476697151,145,12.14151141,11933,111,9.29453632,11933,-53,-59,6,-4.43793176,-4.94033912,0.50240737,34,2.84697509,11933,11933,0
"Crawford County, Kansas",Crawford County,20037,00,20,037,38818,65.81882187357702,448,11.52722922,38818,361,9.28868247,38818,-183,-268,85,-4.70866729,-6.89575319,2.1870859,87,2.23854675,38818,38818,3
"Campbell County, Kentucky",Campbell County,21037,00,21,037,93584,618.3695615329092,1141,12.20007699,93584,887,9.48419657,93584,-131,-130,-1,-1.40070998,-1.39001754,-0.01069244,254,2.71588042,93584,93584,-3
"East Feliciana Parish, Louisiana",East Feliciana Parish,22037,00,22,037,19135,42.20311156365955,196,10.2027537,19135,233,12.12878374,19135,-113,-114,1,-5.88219984,-5.9342547,0.05205487,-37,-1.92603004,19135,19135,-1
"St. Mary's County, Maryland",St. Mary's County,24037,00,24,037,113510,316.4508054764983,1319,11.66069929,113510,874,7.72664987,113510,348,288,60,3.07651505,2.54608142,0.53043363,445,3.93404942,113510,113510,-3
"Clinton County, Michigan",Clinton County,26037,00,26,037,79595,140.52327088103567,780,9.82281159,79595,594,7.48044883,79595,196,149,47,2.46829625,1.87640888,0.59188737,186,2.34236276,79595,79595,-6
"Dakota County, Minnesota",Dakota County,27037,00,27,037,429021,762.6437564393785,5108,11.96167487,429021,2688,6.29463235,429021,1587,1160,427,3.71636218,2.7164336,0.99992858,2420,5.66704252,429021,429021,-26
"Franklin County, Mississippi",Franklin County,28037,00,28,037,7713,13.676415498346913,84,10.85902657,7713,88,11.37612307,7713,-40,-43,3,-5.17096503,-5.55878741,0.38782238,-4,-0.5170965,7713,7713,-1
"Cass County, Missouri",Cass County,29037,00,29,037,105780,151.84867733202913,1128,10.71484548,105780,993,9.43248365,105780,880,876,4,8.35909931,8.3211034,0.03799591,135,1.28236183,105780,105780,-4
"Golden Valley County, Montana",Golden Valley County,30037,00,30,037,821,0.6990669243010248,12,14.60742544,821,5,6.08642727,821,-6,-6,0,-7.30371272,-7.30371272,0,7,8.52099817,821,821,-2
"Colfax County, Nebraska",Colfax County,31037,00,31,037,10709,26.01501937564252,193,18.00121252,10709,72,6.71547824,10709,-147,-267,120,-13.71076808,-24.90323182,11.19246374,121,11.28573427,10709,10709,1
"Sussex County, New Jersey",Sussex County,34037,00,34,037,140488,270.8185203077823,1207,8.58192108,140488,1266,9.00141847,140488,-250,-245,-5,-1.77753129,-1.74198067,-0.03555063,-59,-0.41949739,140488,140488,-4
"Quay County, New Mexico",Quay County,35037,00,35,037,8253,2.871652644783655,90,10.9123977,8253,95,11.51864201,8253,18,2,16,2.18247954,0.24249773,1.93998181,-5,-0.60624432,8253,8253,-2
"Genesee County, New York",Genesee County,36037,00,36,037,57280,116.20104903124984,542,9.4452238,57280,630,10.97876567,57280,-118,-120,2,-2.05634024,-2.09119346,0.03485322,-88,-1.53354187,57280,57280,-1
"Chatham County, North Carolina",Chatham County,37037,00,37,037,74470,109.23828432762912,667,9.03812408,74470,770,10.43381641,74470,1440,1448,-8,19.51259172,19.62099501,-0.10840329,-103,-1.39569232,74470,74470,6
"Grant County, North Dakota",Grant County,38037,00,38,037,2274,1.3705126335687534,26,11.23595506,2274,24,10.37165082,2274,-83,-83,0,-35.86862576,-35.86862576,0,2,0.86430424,2274,2274,1
"Darke County, Ohio",Darke County,39037,00,39,037,51113,85.45890451498661,618,12.06889818,51113,604,11.79549272,51113,-199,-209,10,-3.88626333,-4.08155294,0.19528961,14,0.27340546,51113,51113,-1
"Creek County, Oklahoma",Creek County,40037,00,40,037,71522,75.29798918379295,791,11.04347583,71522,872,12.174350099999998,71522,-121,-170,49,-1.68933069,-2.37343981,0.68410912,-81,-1.13087426,71522,71522,-6
"Lake County, Oregon",Lake County,41037,00,41,037,7869,0.9668738979159464,57,7.25929699,7869,102,12.99032094,7869,80,81,-1,10.18848701,10.3158431,-0.12735609,-45,-5.73102394,7869,7869,-1
"Columbia County, Pennsylvania",Columbia County,42037,00,42,037,64964,134.50285384283424,515,7.91218246,64964,730,11.21532659,64964,-31,-27,-4,-0.47626729,-0.41481345,-0.06145384,-215,-3.30314413,64964,64964,-5
"Edgefield County, South Carolina",Edgefield County,45037,00,45,037,27260,54.43875056350529,192,7.05986174,27260,301,11.06780409,27260,239,236,3,8.78805707,8.67774673,0.11031034,-109,-4.00794234,27260,27260,-2
"Day County, South Dakota",Day County,46037,00,46,037,5424,5.273727103240334,67,12.25871375,5424,84,15.36913366,5424,-65,-66,1,-11.892782,-12.07574787,0.18296588,-17,-3.11041991,5424,5424,-1
"Davidson County, Tennessee",Davidson County,47037,00,47,037,694144,1378.7692410647392,9985,14.42231306,694144,5565,8.03807433,694144,-748,-4201,3453,-1.08040963,-6.06791559,4.98750596,4420,6.38423873,694144,694144,-44
"Bowie County, Texas",Bowie County,48037,00,48,037,93245,105.3613493967395,1117,11.9508059,93245,1046,11.19117545,93245,-514,-531,17,-5.49929654,-5.68117989,0.18188335,71,0.75963046,93245,93245,0
"San Juan County, Utah",San Juan County,49037,00,49,037,15308,1.9575843600975984,186,12.13069849,15308,128,8.34800757,15308,-108,-109,1,-7.04363138,-7.10885019,0.06521881,58,3.78269093,15308,15308,0
"Charlotte County, Virginia",Charlotte County,51037,00,51,037,11880,24.994967090092008,115,9.65413029,11880,158,13.26393553,11880,-21,-25,4,-1.76292814,-2.09872398,0.33579584,-43,-3.60980524,11880,11880,0
"Kittitas County, Washington",Kittitas County,53037,00,53,037,47935,20.86571649192999,426,8.9408456,47935,307,6.44328545,47935,457,376,81,9.59147052,7.89145058,1.70001994,119,2.49756016,47935,47935,1
"Jefferson County, West Virginia",Jefferson County,54037,00,54,037,57146,273.03969125998486,595,10.43530113,57146,515,9.03223543,57146,178,217,-39,3.12182118,3.80581571,-0.68399453,80,1.4030657,57146,57146,-2
"Florence County, Wisconsin",Florence County,55037,00,55,037,4295,8.799013630107915,27,6.28711142,4295,47,10.94423099,4295,22,24,-2,5.12283153,5.58854349,-0.46571196,-20,-4.65711957,4295,4295,-1
"Sweetwater County, Wyoming",Sweetwater County,56037,00,56,037,42343,4.060907194264279,506,11.87779486,42343,298,6.99522306,42343,-727,-750,23,-17.0655274,-17.60542717,0.53989977,208,4.8825718,42343,42343,4
"Ceiba Municipio, Puerto Rico",Ceiba Municipio,72037,00,72,037,10904,0,,,10904,,,10904,,,,,,,,,10904,10904,
"Covington County, Alabama",Covington County,01039,00,01,039,37049,35.95041040186157,413,11.16186049,37049,543,14.67527905,37049,230,235,-5,6.21604821,6.351179699999999,-0.13513148,-130,-3.51341856,37049,37049,-4
"Dallas County, Arkansas",Dallas County,05039,00,05,039,7009,10.502163573371773,73,10.31000636,7009,79,11.15740414,7009,-135,-133,-2,-19.06645011,-18.78398418,-0.28246593,-6,-0.84739778,7009,7009,-2
"Madera County, California",Madera County,06039,00,06,039,157327,73.62298569,2108,13.41782062,157327,1060,6.74710145,157327,-603,-464,-139,-3.8382096,-2.95344818,-0.88476142,1048,6.67071917,157327,157327,0
"Elbert County, Colorado",Elbert County,08039,00,08,039,26729,14.441578752005336,196,7.39176346,26729,148,5.58153568,26729,379,345,34,14.2932569,13.01101222,1.28224468,48,1.81022779,26729,26729,-1
"Gadsden County, Florida",Gadsden County,12039,00,12,039,45660,88.43543099,520,11.35532335,45660,522,11.39899767,45660,-262,-303,41,-5.721336,-6.61665957,0.89532357,-2,-0.04367432,45660,45660,-3
"Camden County, Georgia",Camden County,13039,00,13,039,54666,86.72783745459039,768,14.18059954,54666,372,6.8687279000000006,54666,616,645,-29,11.37402254,11.90948789,-0.53546535,396,7.31187164,54666,54666,3
"Elmore County, Idaho",Elmore County,16039,00,16,039,27511,8.946437238,456,16.62019572,27511,195,7.10732054,27511,-113,-153,40,-4.11860113,-5.57651304,1.45791191,261,9.51287518,27511,27511,1
"De Witt County, Illinois",De Witt County,17039,00,17,039,15638,39.33484073421313,162,10.3079664,15638,205,13.04403156,15638,-112,-112,0,-7.12649529,-7.12649529,0,-43,-2.73606516,15638,15638,-1
"Elkhart County, Indiana",Elkhart County,18039,00,18,039,206341,445.49761420873295,3054,14.82675418,206341,1669,8.10276776,206341,-661,-870,209,-3.209065,-4.22373155,1.01466654,1385,6.72398643,206341,206341,0
"Clarke County, Iowa",Clarke County,19039,00,19,039,9395,21.78972450298033,124,13.12377626,9395,106,11.21871196,9395,-123,-142,19,-13.01793936,-15.02884056,2.0109011999999997,18,1.9050643,9395,9395,-2
"Decatur County, Kansas",Decatur County,20039,00,20,039,2827,3.1639003513056454,31,10.90205732,2827,39,13.71549147,2827,-25,-29,4,-8.79198171,-10.19869879,1.40671707,-8,-2.81343415,2827,2827,0
"Carlisle County, Kentucky",Carlisle County,21039,00,21,039,4760,25.126690889244173,53,11.15906938,4760,48,10.10632698,4760,17,17,0,3.57932414,3.57932414,0,5,1.05274239,4760,4760,-1
"Evangeline Parish, Louisiana",Evangeline Parish,22039,00,22,039,33395,50.41662312809481,447,13.36502669,33395,391,11.69066093,33395,-157,-217,60,-4.694204,-6.48816732,1.79396331,56,1.67436576,33395,33395,0
"Somerset County, Maryland",Somerset County,24039,00,24,039,25616,80.11291674321942,216,8.43387607,25616,276,10.77661942,25616,71,53,18,2.7722463,2.06942329,0.70282301,-60,-2.34274335,25616,25616,-1
"Crawford County, Michigan",Crawford County,26039,00,26,039,14029,25.213727213282063,132,9.45084843,14029,169,12.09994988,14029,162,156,6,11.59876853,11.16918451,0.42958402,-37,-2.64910145,14029,14029,-1
"Dodge County, Minnesota",Dodge County,27039,00,27,039,20934,47.65546607005861,242,11.6064363,20934,146,7.00223016,20934,72,66,6,3.4531546000000004,3.16539172,0.28776288,96,4.60420613,20934,20934,-1
"George County, Mississippi",George County,28039,00,28,039,24500,51.18070605,347,14.27689776,24500,249,10.2448056,24500,292,290,2,12.01398889,11.9317013,0.0822876,98,4.03209216,24500,24500,0
"Cedar County, Missouri",Cedar County,29039,00,29,039,14349,30.242182370532895,186,13.059505,14349,207,14.53396524,14349,236,239,-3,16.57012463,16.7807618,-0.21063718,-21,-1.47446024,14349,14349,-2
"Granite County, Montana",Granite County,30039,00,30,039,3379,1.956388587079246,16,4.74074074,3379,34,10.07407407,3379,26,22,4,7.703703699999999,6.51851852,1.18518519,-18,-5.33333333,3379,3379,0
"Cuming County, Nebraska",Cuming County,31039,00,31,039,8846,15.50502493881504,105,11.81035937,8846,83,9.33580788,8846,-110,-108,-2,-12.37275744,-12.14779821,-0.22495923,22,2.47455149,8846,8846,-1
"Union County, New Jersey",Union County,34039,00,34,039,556341,5413.651125440959,6738,12.11061314,556341,4195,7.53992611,556341,-2629,-4631,2002,-4.72526001,-8.32357517,3.59831515,2543,4.57068703,556341,556341,25
"Rio Arriba County, New Mexico",Rio Arriba County,35039,00,35,039,38921,6.640820050408783,417,10.69998974,38921,459,11.77768654,38921,-58,-88,30,-1.48824797,-2.25803141,0.76978343,-42,-1.07769681,38921,38921,-2
"Greene County, New York",Greene County,36039,00,36,039,47188,72.91533886241129,384,8.12105447,47188,540,11.42023285,47188,-34,-54,20,-0.7190517,-1.14202328,0.42297159,-156,-3.29917838,47188,47188,-3
"Cherokee County, North Carolina",Cherokee County,37039,00,37,039,28612,62.808842348239445,250,8.77485478,28612,380,13.33777926,28612,372,386,-14,13.05698391,13.54837577,-0.49139187,-130,-4.56292448,28612,28612,1
"Griggs County, North Dakota",Griggs County,38039,00,38,039,2231,3.148217809894784,22,9.86768334,2231,31,13.90446288,2231,12,12,0,5.38237273,5.38237273,0,-9,-4.03677955,2231,2231,0
"Defiance County, Ohio",Defiance County,39039,00,39,039,38087,92.56780725368694,427,11.21088007,38087,390,10.23944549,38087,-37,-46,9,-0.97143457,-1.20772947,0.2362949,37,0.97143457,38087,38087,-2
"Custer County, Oklahoma",Custer County,40039,00,40,039,29003,29.332134332533588,398,13.72461119,29003,277,9.55205352,29003,-113,-168,55,-3.89668609,-5.79330322,1.89661712,121,4.17255767,29003,29003,0
"Lane County, Oregon",Lane County,41039,00,41,039,382067,83.85925866306512,3425,9.00585841,382067,3631,9.54752464,382067,3717,3487,230,9.77365714,9.16888417,0.60477297,-206,-0.54166623,382067,382067,7
"Crawford County, Pennsylvania",Crawford County,42039,00,42,039,84629,83.60058120475843,908,10.69877871,84629,961,11.3232669,84629,-425,-447,22,-5.00768827,-5.26690979,0.25922151,-53,-0.62448818,84629,84629,-3
"Fairfield County, South Carolina",Fairfield County,45039,00,45,039,22347,32.56133381025145,203,9.07810299,22347,302,13.50535519,22347,70,50,20,3.13038034,2.23598596,0.89439438,-99,-4.4272522,22347,22347,0
"Deuel County, South Dakota",Deuel County,46039,00,46,039,4351,6.986878992,56,12.86912559,4351,44,10.11145582,4351,-13,-15,2,-2.98747558,-3.44708721,0.45961163,12,2.75766977,4351,4351,0
"Decatur County, Tennessee",Decatur County,47039,00,47,039,11663,34.93192859712598,108,9.24578375,11663,159,13.6118483,11663,14,7,7,1.19852752,0.59926376,0.59926376,-51,-4.36606455,11663,11663,1
"Brazoria County, Texas",Brazoria County,48039,00,48,039,374264,274.53392254523493,4681,12.59770894,374264,2498,6.72272526,374264,3196,3025,171,8.60121294,8.14101037,0.46020257,2183,5.87498368,374264,374264,-2
"Sanpete County, Utah",Sanpete County,49039,00,49,039,30939,19.459339139322235,373,12.14153185,30939,188,6.11959246,30939,251,241,10,8.17030696,7.84479672,0.32551024,185,6.02193939,30939,30939,0
"Klickitat County, Washington",Klickitat County,53039,00,53,039,22425,11.98149336381162,222,9.96386975,22425,223,10.00875205,22425,289,293,-4,12.9709836,13.15051278,-0.17952918,-1,-0.0448823,22425,22425,1
"Kanawha County, West Virginia",Kanawha County,54039,00,54,039,178124,197.5573542329392,1834,10.23054996,178124,2471,13.78390892,178124,-1651,-1633,-18,-9.20972627,-9.10931739,-0.10040889,-637,-3.55335896,178124,178124,2
"Fond du Lac County, Wisconsin",Fond du Lac County,55039,00,55,039,103403,143.70190228162338,1068,10.34863665,103403,911,8.82734831,103403,253,179,74,2.45150288,1.73446251,0.71704037,157,1.52128835,103403,103403,-8
"Teton County, Wyoming",Teton County,56039,00,56,039,23464,5.870628351,228,9.7575589,23464,75,3.20972332,23464,42,-37,79,1.79744506,-1.58346351,3.38090857,153,6.54783558,23464,23464,0
"Ciales Municipio, Puerto Rico",Ciales Municipio,72039,00,72,039,15808,0,,,15808,,,15808,,,,,,,,,15808,15808,
"Crenshaw County, Alabama",Crenshaw County,01041,00,01,041,13772,22.61913823499899,137,9.92861543,13772,179,12.97242454,13772,-11,-14,3,-0.7971881,-1.01460304,0.21741494,-42,-3.04380911,13772,13772,0
"Desha County, Arkansas",Desha County,05041,00,05,041,11361,14.790360465854508,135,11.80689173,11361,172,15.04285464,11361,-109,-108,-1,-9.53297184,-9.44551338,-0.08745846,-37,-3.23596292,11361,11361,0
"Marin County, California",Marin County,06041,00,06,041,258826,497.3153126042645,2149,8.2894879,258826,1998,7.70702504,258826,-984,-1416,432,-3.79565197,-5.46203577,1.66638379,151,0.58246285,258826,258826,-3
"El Paso County, Colorado",El Paso County,08041,00,08,041,720403,338.7183934,9512,13.2803534,720403,4845,6.76443568,720403,3625,3099,526,5.06111029,4.32672573,0.73438456,4667,6.51591772,720403,720403,22
"Gilchrist County, Florida",Gilchrist County,12041,00,12,041,18582,53.13775174752125,182,9.87359627,18582,206,11.17560896,18582,321,318,3,17.41441979,17.2516682,0.16275159,-24,-1.30201269,18582,18582,1
"Franklin County, Idaho",Franklin County,16041,00,16,041,13876,20.928510914623836,202,14.64829587,13876,105,7.6142132,13876,76,90,-14,5.51124003,6.52646846,-1.01522843,97,7.03408267,13876,13876,-1
"Douglas County, Illinois",Douglas County,17041,00,17,041,19465,46.71822869674984,246,12.64034119,19465,175,8.99211263,19465,-64,-61,-3,-3.28854405,-3.13439355,-0.1541505,71,3.64822855,19465,19465,0
"Fayette County, Indiana",Fayette County,18041,00,18,041,23102,107.44071628437062,271,11.73719087,23102,285,12.34354021,23102,42,27,15,1.81904803,1.16938802,0.64966001,-14,-0.60634934,23102,23102,-2
"Clay County, Iowa",Clay County,19041,00,19,041,16016,28.23506605494992,201,12.51478737,16016,163,10.14880767,16016,-129,-133,4,-8.03187846,-8.28092896,0.24905049,38,2.3659797,16016,16016,1
"Dickinson County, Kansas",Dickinson County,20041,00,20,041,18466,21.79992017783669,198,10.66006245,18466,199,10.71390115,18466,-215,-217,2,-11.57532034,-11.68299774,0.1076774,-1,-0.0538387,18466,18466,0
"Carroll County, Kentucky",Carroll County,21041,00,21,041,10631,82.68620462566362,141,13.21276297,10631,125,11.71344235,10631,-98,-98,0,-9.1833388,-9.1833388,0,16,1.49932062,10631,10631,1
"Franklin Parish, Louisiana",Franklin Parish,22041,00,22,041,20015,32.04486358452324,272,13.53941114,20015,277,13.78829737,20015,-143,-143,0,-7.1181463,-7.1181463,0,-5,-0.24888623,20015,20015,-1
"Talbot County, Maryland",Talbot County,24041,00,24,041,37181,138.44688744587563,338,9.10376406,37181,478,12.8745539,37181,251,242,9,6.76048751,6.51807959,0.24240792,-140,-3.77078985,37181,37181,-4
"Delta County, Michigan",Delta County,26041,00,26,041,35784,30.555859598943467,342,9.54947157,35784,434,12.11833526,35784,36,39,-3,1.00520753,1.08897483,-0.08376729,-92,-2.5688637,35784,35784,-3
"Douglas County, Minnesota",Douglas County,27041,00,27,041,38141,59.89913935900568,424,11.14308616,38141,430,11.30077134,38141,189,187,2,4.96708322,4.91452149,0.05256173,-6,-0.15768518,38141,38141,-2
"Greene County, Mississippi",Greene County,28041,00,28,041,13586,19.06169864068531,143,10.36908128,13586,126,9.1363933,13586,-431,-444,13,-31.25226597,-32.19490972,0.94264375,17,1.23268798,13586,13586,4
"Chariton County, Missouri",Chariton County,29041,00,29,041,7426,9.885806310076134,82,11.01928375,7426,98,13.16938789,7426,-14,-14,0,-1.88134113,-1.88134113,0,-16,-2.15010415,7426,7426,-1
"Hill County, Montana",Hill County,30041,00,30,041,16484,5.685764910672429,289,17.60799366,16484,161,9.80929751,16484,14,7,7,0.85298239,0.4264912,0.4264912,128,7.79869616,16484,16484,0
"Custer County, Nebraska",Custer County,31041,00,31,041,10777,4.184277500459021,125,11.57032443,10777,128,11.84801222,10777,-50,-48,-2,-4.62812977,-4.44300458,-0.18512519,-3,-0.27768779,10777,10777,0
"Warren County, New Jersey",Warren County,34041,00,34,041,105267,295.2491523350598,927,8.79527503,105267,969,9.19376646,105267,-219,-323,104,-2.07784815,-3.06458882,0.98674067,-42,-0.39849143,105267,105267,0
"Roosevelt County, New Mexico",Roosevelt County,35041,00,35,041,18500,7.563210991089452,253,13.5806114,18500,145,7.78335436,18500,-369,-403,34,-19.80729488,-21.63235728,1.8250624,108,5.79725704,18500,18500,2
"Hamilton County, New York",Hamilton County,36041,00,36,041,4416,2.5713610662599784,28,6.32911392,4416,63,14.24050633,4416,18,20,-2,4.06871609,4.52079566,-0.45207957,-35,-7.91139241,4416,4416,1
"Chowan County, North Carolina",Chowan County,37041,00,37,041,13943,80.75541602715413,136,9.711511,13943,191,13.6389603,13943,-66,-66,0,-4.71293916,-4.71293916,0,-55,-3.9274493,13943,13943,-1
"Hettinger County, North Dakota",Hettinger County,38041,00,38,041,2499,2.207130915291932,36,14.3942423,2499,23,9.19632147,2499,-17,-17,0,-6.79728109,-6.79728109,0,13,5.19792083,2499,2499,0
"Delaware County, Ohio",Delaware County,39041,00,39,041,209177,472.0127843947307,2099,10.13353674,209177,1237,5.97197949,209177,3225,3013,212,15.56963125,14.54613921,1.02349204,862,4.16155725,209177,209177,-1
"Delaware County, Oklahoma",Delaware County,40041,00,40,041,43009,58.27550293321195,425,9.90410496,43009,608,14.16869604,43009,378,370,8,8.80882747,8.62239726,0.18643021,-183,-4.26459108,43009,43009,0
"Lincoln County, Oregon",Lincoln County,41041,00,41,041,49962,50.9295432,385,7.76319239,49962,609,12.27995887,49962,959,959,0,19.33740649,19.33740649,0,-224,-4.51676648,49962,49962,3
"Cumberland County, Pennsylvania",Cumberland County,42041,00,42,041,253370,464.4910465603923,2585,10.24774976,253370,2323,9.20909968,253370,1988,1634,354,7.88105475,6.47768785,1.40336689,262,1.03865007,253370,253370,-11
"Florence County, South Carolina",Florence County,45041,00,45,041,138293,172.75603683624078,1614,11.67154789,138293,1558,11.26658712,138293,-35,-142,107,-0.25310048,-1.02686481,0.77376433,56,0.40496077,138293,138293,-5
"Dewey County, South Dakota",Dewey County,46041,00,46,041,5892,2.558970678800279,137,23.18693408,5892,71,12.01658627,5892,-100,-99,-1,-16.9247694,-16.75552171,-0.16924769,66,11.1703478,5892,5892,1
"DeKalb County, Tennessee",DeKalb County,47041,00,47,041,20490,67.30944791554303,219,10.78206927,20490,226,11.12670162,20490,364,310,54,17.92088226,15.26228984,2.65859242,-7,-0.34463235,20490,20490,0
"Brazos County, Texas",Brazos County,48041,00,48,041,229211,391.0527970156891,2621,11.52108169,229211,1142,5.01986848,229211,1954,931,1023,8.58916201,4.09237965,4.49678236,1479,6.50121321,229211,229211,-3
"Sevier County, Utah",Sevier County,49041,00,49,041,21620,11.316802672822556,310,14.37947909,21620,188,8.72045829,21620,3,0,3,0.13915625,0,0.13915625,122,5.6590207999999995,21620,21620,-2
"Chesterfield County, Virginia",Chesterfield County,51041,00,51,041,352802,832.9515915912973,3868,11.03435685,352802,2622,7.47985617,352802,3289,3032,257,9.38262659,8.64947517,0.73315142,1246,3.55450068,352802,352802,-14
"Lewis County, Washington",Lewis County,53041,00,53,041,80707,33.588964620293034,895,11.16823479,80707,910,11.35541191,80707,1152,1087,65,14.37520278,13.56410192,0.81110085,-15,-0.18717712,80707,80707,1
"Lewis County, West Virginia",Lewis County,54041,00,54,041,15907,41.11090625613224,139,8.70818193,15907,224,14.03332916,15907,-25,-29,4,-1.56621977,-1.81681494,0.25059516,-85,-5.32514722,15907,15907,0
"Forest County, Wisconsin",Forest County,55041,00,55,041,9004,8.877552314849417,97,10.78916634,9004,104,11.56776598,9004,33,33,0,3.67054113,3.67054113,0,-7,-0.77859963,9004,9004,1
"Uinta County, Wyoming",Uinta County,56041,00,56,041,20226,9.716000791862951,255,12.58699837,20226,136,6.7130658,20226,-186,-186,0,-9.18110469,-9.18110469,0,119,5.87393257,20226,20226,1
"Cidra Municipio, Puerto Rico",Cidra Municipio,72041,00,72,041,38307,0,,,38307,,,38307,,,,,,,,,38307,38307,
"Cullman County, Alabama",Cullman County,01043,00,01,043,83768,114.01021980480311,990,11.84309691,83768,1050,12.56086036,83768,414,380,34,4.9525678,4.54583518,0.40673262,-60,-0.71776345,83768,83768,-4
"Drew County, Arkansas",Drew County,05043,00,05,043,18219,21.99358288612449,228,12.4770843,18219,198,10.83536268,18219,-139,-134,-5,-7.6066435,-7.33302323,-0.27362027,30,1.64172162,18219,18219,0
"Mariposa County, California",Mariposa County,06043,00,06,043,17203,11.873656128237227,149,8.61072584,17203,180,10.40221914,17203,-170,-179,9,-9.82431808,-10.34442903,0.52011096,-31,-1.7914933,17203,17203,-1
"Fremont County, Colorado",Fremont County,08043,00,08,043,47839,31.204459523836633,381,7.95423704,47839,564,11.77477609,47839,65,70,-5,1.35702207,1.46140838,-0.10438631,-183,-3.82053905,47839,47839,-2
"Glades County, Florida",Glades County,12043,00,12,043,13811,17.123165042138698,64,4.65505328,13811,129,9.38284176,13811,188,173,15,13.67421901,12.58319089,1.09102811,-65,-4.72778849,13811,13811,2
"Candler County, Georgia",Candler County,13043,00,13,043,10803,44.44593069342919,130,12.02034212,10803,125,11.55802127,10803,-28,-30,2,-2.58899676,-2.7739251,0.18492834,5,0.46232085,10803,10803,-1
"Fremont County, Idaho",Fremont County,16043,00,16,043,13099,7.027512847949682,183,13.94073284,13099,92,7.00845585,13099,-146,-151,5,-11.12211473,-11.50300907,0.38089434,91,6.93227699,13099,13099,-1
"DuPage County, Illinois",DuPage County,17043,00,17,043,922921,2815.8527404919514,10158,10.98062446,922921,6595,7.12908233,922921,-7959,-10009,2050,-8.60354303,-10.81955801,2.21601498,3563,3.85154213,922921,922921,70
"Floyd County, Indiana",Floyd County,18043,00,18,043,78522,530.6796751830869,885,11.32032029,78522,758,9.69582235,78522,566,504,62,7.23988846,6.44682647,0.79306199,127,1.62449794,78522,78522,-5
"Clayton County, Iowa",Clayton County,19043,00,19,043,17549,22.542175886678063,178,10.14562968,17549,188,10.71560888,17549,20,11,9,1.13995839,0.62697712,0.51298128,-10,-0.5699792,17549,17549,-1
"Doniphan County, Kansas",Doniphan County,20043,00,20,043,7600,19.31488514731861,69,9.04443571,7600,71,9.30659326,7600,-56,-57,1,-7.34041159,-7.47149037,0.13107878,-2,-0.26215756,7600,7600,0
"Carter County, Kentucky",Carter County,21043,00,21,043,26797,65.43913923,310,11.51624348,26797,336,12.48212196,26797,-218,-221,3,-8.09851961,-8.20996712,0.11144752,-26,-0.96587849,26797,26797,1
"Grant Parish, Louisiana",Grant Parish,22043,00,22,043,22389,34.818184398242906,239,10.66369214,22389,192,8.56664808,22389,-92,-91,-1,-4.1048522,-4.06023424,-0.04461796,47,2.09704406,22389,22389,-2
"Washington County, Maryland",Washington County,24043,00,24,043,151049,329.96900170845333,1649,10.93120764,151049,1619,10.73233788,151049,372,256,116,2.46598499,1.69702193,0.76896306,30,0.19886976,151049,151049,-9
"Dickinson County, Michigan",Dickinson County,26043,00,26,043,25239,33.167856720325425,238,9.40525588,25239,305,12.05295396,25239,-64,-64,0,-2.52914444,-2.52914444,0,-67,-2.64769808,25239,25239,-1
"Faribault County, Minnesota",Faribault County,27043,00,27,043,13653,19.162701142793555,146,10.66121436,13653,158,11.53747855,13653,-71,-69,-2,-5.18456315,-5.03851911,-0.14604403,-12,-0.87626419,13653,13653,0
"Grenada County, Mississippi",Grenada County,28043,00,28,043,20758,49.17534869624965,247,11.83460304,20758,288,13.79905132,20758,-185,-182,-3,-8.86397394,-8.72023382,-0.14374012,-41,-1.96444828,20758,20758,0
"Christian County, Missouri",Christian County,29043,00,29,043,88595,157.46085799292524,1025,11.67166745,88595,664,7.56096311,88595,1188,1178,10,13.52774725,13.41387733,0.11386993,361,4.11070434,88595,88595,2
"Jefferson County, Montana",Jefferson County,30043,00,30,043,12221,7.375987409,105,8.63664405,12221,138,11.35101789,12221,160,158,2,13.16060045,12.99609295,0.16450751,-33,-2.71437384,12221,12221,0
"Dakota County, Nebraska",Dakota County,31043,00,31,043,20026,75.77780164315426,361,18.03737384,20026,129,6.44548816,20026,-208,-208,0,-10.39272509,-10.39272509,0,232,11.59188568,20026,20026,0
"Sandoval County, New Mexico",Sandoval County,35043,00,35,043,146748,39.55353788373765,1405,9.62843163,146748,1145,7.846657799999999,146748,1392,1414,-22,9.53934294,9.69010841,-0.15076548,260,1.78177382,146748,146748,0
"Herkimer County, New York",Herkimer County,36043,00,36,043,61319,43.44118607243357,560,9.10332271,61319,659,10.71266012,61319,-295,-297,2,-4.79550036,-4.82801222,0.03251187,-99,-1.60933741,61319,61319,0
"Clay County, North Carolina",Clay County,37043,00,37,043,11231,52.241235776115445,87,7.78349363,11231,163,14.58286737,11231,181,189,-8,16.19324536,16.90896891,-0.71572355,-76,-6.79937374,11231,11231,2
"Kidder County, North Dakota",Kidder County,38043,00,38,043,2480,1.835593187,26,10.54125279,2480,15,6.08149199,2480,17,12,5,6.89235759,4.86519359,2.027164,11,4.45976079,2480,2480,-1
"Erie County, Ohio",Erie County,39043,00,39,043,74266,295.4339741,778,10.45846524,74266,916,12.31356576,74266,-106,-100,-6,-1.42493228,-1.34427574,-0.08065654,-138,-1.85510052,74266,74266,-3
"Dewey County, Oklahoma",Dewey County,40043,00,40,043,4891,4.892787014007069,59,12.01384647,4891,65,13.23559357,4891,-33,-41,8,-6.71960904,-8.34860517,1.62899613,-6,-1.2217471,4891,4891,-1
"Linn County, Oregon",Linn County,41043,00,41,043,129749,56.72720115321947,1512,11.75738725,129749,1310,10.18662519,129749,2087,2066,21,16.22861586,16.06531882,0.16329705,202,1.57076205,129749,129749,9
"Dauphin County, Pennsylvania",Dauphin County,42043,00,42,043,278299,530.2053954390936,3352,12.07573271,278299,2577,9.2837599,278299,673,-52,725,2.42451316,-0.18733237,2.61184553,775,2.79197281,278299,278299,-13
"Georgetown County, South Carolina",Georgetown County,45043,00,45,043,62680,77.01249891543482,521,8.34187268,62680,879,14.07390803,62680,804,817,-13,12.87306264,13.08120917,-0.20814654,-358,-5.73203535,62680,62680,2
"Douglas County, South Dakota",Douglas County,46043,00,46,043,2921,6.764694121178321,41,14.02428596,2921,32,10.94578416,2921,-15,-18,3,-5.13083633,-6.15700359,1.02616727,9,3.0785017999999997,2921,2921,1
"Dickson County, Tennessee",Dickson County,47043,00,47,043,53948,110.12082512250367,630,11.73249902,53948,526,9.79570553,53948,397,407,-10,7.39333669,7.57956683,-0.18623014,104,1.93679349,53948,53948,1
"Brewster County, Texas",Brewster County,48043,00,48,043,9203,1.488252570504041,87,9.41813261,9203,70,7.57780785,9203,-85,-87,2,-9.20162382,-9.41813261,0.21650879999999997,17,1.84032476,9203,9203,-1
"Summit County, Utah",Summit County,49043,00,49,043,42145,22.530455923941503,416,9.90063664,42145,159,3.78413756,42145,-2,-133,131,-0.04759921,-3.16534777,3.11774856,257,6.11649908,42145,42145,0
"Clarke County, Virginia",Clarke County,51043,00,51,043,14619,83.09416909368132,122,8.37624442,14619,142,9.74939924,14619,129,130,-1,8.85684861,8.92550635,-0.06865774,-20,-1.37315482,14619,14619,-1
"Lincoln County, Washington",Lincoln County,53043,00,53,043,10939,4.734271957194525,105,9.69305331,10939,118,10.89314563,10939,226,225,1,20.86314332,20.77082853,0.09231479,-13,-1.20009231,10939,10939,0
"Lincoln County, West Virginia",Lincoln County,54043,00,54,043,20409,46.69819615903731,208,10.14832162,20409,313,15.27127244,20409,-68,-62,-6,-3.31772053,-3.02498048,-0.29274005,-105,-5.12295082,20409,20409,-1
"Grant County, Wisconsin",Grant County,55043,00,55,043,51439,44.851296152271296,561,10.90559179,51439,471,9.15603161,51439,-93,-103,10,-1.80787885,-2.00227443,0.19439558,90,1.74956018,51439,51439,-2
"Washakie County, Wyoming",Washakie County,56043,00,56,043,7805,3.4864387347377623,83,10.58538452,7805,90,11.47812779,7805,-65,-60,-5,-8.28975896,-7.65208519,-0.63767377,-7,-0.89274327,7805,7805,0
"Coamo Municipio, Puerto Rico",Coamo Municipio,72043,00,72,043,38336,0,,,38336,,,38336,,,,,,,,,38336,38336,
"Dale County, Alabama",Dale County,01045,00,01,045,49172,87.63486349565004,648,13.1821187,49172,546,11.10715557,49172,-71,-89,18,-1.44433708,-1.81050704,0.36616996,102,2.07496313,49172,49172,-2
"Faulkner County, Arkansas",Faulkner County,05045,00,05,045,126007,194.46828860261564,1516,12.072707,126007,920,7.32644488,126007,273,232,41,2.17404288,1.84753827,0.32650461,596,4.74626212,126007,126007,0
"Mendocino County, California",Mendocino County,06045,00,06,045,86749,24.740481177993804,933,10.71490095,86749,860,9.87654321,86749,-720,-660,-60,-8.26873385,-7.5796727,-0.68906115,73,0.83835774,86749,86749,-5
"Garfield County, Colorado",Garfield County,08045,00,08,045,60061,20.377447773906862,781,13.04253436,60061,380,6.34591941,60061,-40,-94,54,-0.66799152,-1.56978006,0.90178855,401,6.69661495,60061,60061,-1
"Gulf County, Florida",Gulf County,12045,00,12,045,13639,24.644077026768755,112,7.52056404,13639,186,12.48950814,13639,-2463,-2461,-2,-165.385261,-165.2509653,-0.13429579,-74,-4.9689441,13639,13639,30
"Carroll County, Georgia",Carroll County,13045,00,13,045,119992,240.45156264246987,1535,12.89975587,119992,1093,9.18529848,119992,1549,1494,55,13.01740837,12.55520213,0.46220624,442,3.71445739,119992,119992,4
"Gem County, Idaho",Gem County,16045,00,16,045,18112,32.35617689733682,200,11.20479565,18112,203,11.37286759,18112,527,528,-1,29.52463654,29.58066052,-0.05602398,-3,-0.16807193,18112,18112,1
"Edgar County, Illinois",Edgar County,17045,00,17,045,17161,27.53144557462428,170,9.84907737,17161,227,13.15141508,17161,-142,-147,5,-8.22687639,-8.51655514,0.28967875,-57,-3.30233771,17161,17161,0
"Fountain County, Indiana",Fountain County,18045,00,18,045,16346,41.31245493718741,184,11.24144673,16346,180,10.99706745,16346,-48,-51,3,-2.93255132,-3.11583578,0.18328446,4,0.24437928,16346,16346,0
"Clinton County, Iowa",Clinton County,19045,00,19,045,46429,66.81259559882865,508,10.94049491,46429,518,11.15585898,46429,3,-9,12,0.06460922,-0.19382767,0.25843689,-10,-0.21536407,46429,46429,-1
"Douglas County, Kansas",Douglas County,20045,00,20,045,122259,268.25027397976646,1107,9.09733408,122259,687,5.64577101,122259,729,342,387,5.99092732,2.8105585,3.18036882,420,3.45156306,122259,122259,1
"Casey County, Kentucky",Casey County,21045,00,21,045,16159,36.374605502429205,185,11.53186847,16159,202,12.59155369,16159,252,254,-2,15.70827489,15.83294374,-0.12466885,-17,-1.05968521,16159,16159,-2
"Iberia Parish, Louisiana",Iberia Parish,22045,00,22,045,69830,121.63527641294948,914,12.98895087,69830,777,11.04202935,69830,-1215,-1221,6,-17.26649376,-17.3517604,0.08526664,137,1.94692152,69830,69830,3
"Wicomico County, Maryland",Wicomico County,24045,00,24,045,103609,276.7182873990414,1264,12.23306703,103609,1066,10.31681127,103609,371,186,185,3.59056002,1.80011904,1.79044098,198,1.91625575,103609,103609,-4
"Eaton County, Michigan",Eaton County,26045,00,26,045,110268,191.70293747414215,1065,9.68278646,110268,1003,9.11909373,110268,508,405,103,4.61864368,3.6821864,0.93645728,62,0.56369273,110268,110268,-12
"Fillmore County, Minnesota",Fillmore County,27045,00,27,045,21067,24.45964571957989,256,12.15834343,21067,237,11.25596637,21067,5,-11,16,0.23746765,-0.52242882,0.75989646,19,0.90237705,21067,21067,-1
"Hancock County, Mississippi",Hancock County,28045,00,28,045,47632,100.49706703204686,453,9.54588558,47632,473,9.96733748,47632,372,394,-22,7.83900537,8.30260247,-0.46359709,-20,-0.4214519,47632,47632,2
"Clark County, Missouri",Clark County,29045,00,29,045,6797,13.469902439953684,72,10.564930300000002,6797,67,9.83125459,6797,-41,-45,4,-6.01614087,-6.60308144,0.58694057,5,0.73367572,6797,6797,0
"Judith Basin County, Montana",Judith Basin County,30045,00,30,045,2007,1.0734417677696728,12,6.07133822,2007,14,7.08322793,2007,62,61,1,31.36858082,30.86263597,0.50594485,-2,-1.0118897,2007,2007,1
"Dawes County, Nebraska",Dawes County,31045,00,31,045,8589,6.150448518631086,77,8.90482248,8589,81,9.36741066,8589,-112,-118,6,-12.95246906,-13.64635134,0.69388227,-4,-0.46258818,8589,8589,0
"San Juan County, New Mexico",San Juan County,35045,00,35,045,123958,22.467541292404537,1410,11.30455349,123958,1109,8.89131193,123958,-1849,-1837,-12,-14.82419816,-14.72798919,-0.09620897,301,2.41324156,123958,123958,7
"Jefferson County, New York",Jefferson County,36045,00,36,045,109834,86.57193505604815,1913,17.25755525,109834,919,8.29048263,109834,-3026,-2981,-45,-27.29815065,-26.89219666,-0.40595399,994,8.96707262,109834,109834,0
"Cleveland County, North Carolina",Cleveland County,37045,00,37,045,97947,210.99489317155465,1102,11.27561827,97947,1219,12.47275741,97947,548,504,44,5.60711326,5.15690708,0.45020617,-117,-1.19713914,97947,97947,-3
"LaMoure County, North Dakota",LaMoure County,38045,00,38,045,4046,3.5305252174194623,52,12.80630464,4046,41,10.09727866,4046,-42,-45,3,-10.34355375,-11.08237902,0.73882527,11,2.70902598,4046,4046,2
"Fairfield County, Ohio",Fairfield County,39045,00,39,045,157574,312.39290205231015,1728,11.02195461,157574,1402,8.94258123,157574,1278,1160,118,8.15165393,7.39899731,0.75265662,326,2.07937338,157574,157574,-12
"Ellis County, Oklahoma",Ellis County,40045,00,40,045,3859,3.1336356451593876,43,11.02846884,3859,51,13.08027699,3859,-73,-80,7,-18.72274942,-20.51808156,1.79533214,-8,-2.05180816,3859,3859,1
"Malheur County, Oregon",Malheur County,41045,00,41,045,30571,3.0918177314485233,396,12.95726719,30571,260,8.50729664,30571,-117,-103,-14,-3.82828349,-3.37019829,-0.4580852,136,4.44997055,30571,30571,-1
"Delaware County, Pennsylvania",Delaware County,42045,00,42,045,566747,3083.2497730458867,6516,11.51259123,566747,5504,9.72457062,566747,521,-731,1252,0.92051259,-1.29154454,2.21205712,1012,1.78802062,566747,566747,-17
"Greenville County, South Carolina",Greenville County,45045,00,45,045,523542,666.8207548511905,6308,12.15223428,523542,4496,8.66145297,523542,7087,5618,1469,13.65296201,10.82296325,2.82999876,1812,3.49078131,523542,523542,22
"Edmunds County, South Dakota",Edmunds County,46045,00,46,045,3829,3.400591107968596,36,9.35672515,3829,41,10.65627031,3829,-31,-33,2,-8.05717999,-8.57699805,0.51981806,-5,-1.29954516,3829,3829,-1
"Dyer County, Tennessee",Dyer County,47045,00,47,045,37159,72.52639788715406,445,11.95513466,37159,458,12.30438579,37159,-113,-112,-1,-3.03579824,-3.00893277,-0.02686547,-13,-0.34925112,37159,37159,-1
"Briscoe County, Texas",Briscoe County,48045,00,48,045,1546,1.7177763798477812,12,7.84826684,1546,9,5.88620013,1546,30,29,1,19.6206671,18.96664487,0.65402224,3,1.96206671,1546,1546,1
"Tooele County, Utah",Tooele County,49045,00,49,045,72259,10.409041221823992,1025,14.41145042,72259,353,4.96316293,72259,1598,1523,75,22.46780271,21.41330634,1.05449637,672,9.4482875,72259,72259,0
"Craig County, Virginia",Craig County,51045,00,51,045,5131,15.638608915552355,39,7.62239812,5131,62,12.11765856,5131,51,52,-1,9.96775139,10.1631975,-0.19544611,-23,-4.49526043,5131,5131,1
"Mason County, Washington",Mason County,53045,00,53,045,66768,69.58217071186172,666,10.07960771,66768,669,10.12501135,66768,1388,1258,130,21.00675001,19.03925901,1.96749099,-3,-0.04540364,66768,66768,3
"Logan County, West Virginia",Logan County,54045,00,54,045,32019,70.56217129481018,349,10.80027233,32019,487,15.07086712,32019,-453,-452,-1,-14.01869159,-13.98774525,-0.03094634,-138,-4.27059479,32019,32019,1
"Green County, Wisconsin",Green County,55045,00,55,045,36960,63.28289604177165,366,9.90742245,36960,369,9.98863083,36960,41,26,15,1.10984787,0.70380597,0.4060419,-3,-0.08120838,36960,36960,-2
"Weston County, Wyoming",Weston County,56045,00,56,045,6927,2.888651332467542,61,8.808028300000002,6927,75,10.82954299,6927,18,0,18,2.59909032,0,2.59909032,-14,-2.02151469,6927,6927,-1
"Comer<ed>o Municipio, Puerto Rico",Comer<ed>o Municipio,72045,00,72,045,18648,0,,,18648,,,18648,,,,,,,,,18648,18648,
"Dallas County, Alabama",Dallas County,01047,00,01,047,37196,38.00404286875182,438,11.60418598,37196,542,14.35951782,37196,-997,-1002,5,-26.41409458,-26.54656246,0.13246788,-104,-2.75533183,37196,37196,3
"Franklin County, Arkansas",Franklin County,05047,00,05,047,17715,29.09591924911056,178,10.03410468,17715,190,10.71056118,17715,-35,-34,-1,-1.97299811,-1.91662674,-0.05637137,-12,-0.6764565,17715,17715,-2
"Merced County, California",Merced County,06047,00,06,047,277680,143.4214595146258,4086,14.8088817,277680,1787,6.47662056,277680,1237,1381,-144,4.48325665,5.00515556,-0.52189891,2299,8.33226115,277680,277680,-7
"Gilpin County, Colorado",Gilpin County,08047,00,08,047,6243,41.61373068,36,5.82760016,6243,24,3.88506677,6243,117,117,0,18.93970053,18.93970053,0,12,1.94253339,6243,6243,2
"Hamilton County, Florida",Hamilton County,12047,00,12,047,14428,28.081940106253327,164,11.4325549,14428,129,8.99268038,14428,130,132,-2,9.06239108,9.20181248,-0.1394214,35,2.43987452,14428,14428,1
"Catoosa County, Georgia",Catoosa County,13047,00,13,047,67580,416.74256707540894,674,9.98814464,67580,676,10.01778305,67580,206,204,2,3.05275637,3.02311796,0.02963841,-2,-0.02963841,67580,67580,-4
"Gooding County, Idaho",Gooding County,16047,00,16,047,15179,20.812506145810467,191,12.60934148,15179,117,7.72404687,15179,-9,-9,0,-0.59415745,-0.59415745,0,74,4.8852946,15179,15179,-2
"Edwards County, Illinois",Edwards County,17047,00,17,047,6395,28.754538621636705,74,11.57878266,6395,59,9.23173212,6395,-7,-7,0,-1.09529025,-1.09529025,0,15,2.34705054,6395,6395,0
"Franklin County, Indiana",Franklin County,18047,00,18,047,22758,59.19997434282464,275,12.09748372,22758,211,9.28206933,22758,-12,-18,6,-0.5278902,-0.7918353,0.26394509999999993,64,2.81541439,22758,22758,0
"Crawford County, Iowa",Crawford County,19047,00,19,047,16820,23.551163825169628,228,13.44775723,16820,151,8.9061901,16820,-348,-386,38,-20.5255242,-22.76681707,2.24129287,77,4.54156714,16820,16820,2
"Edwards County, Kansas",Edwards County,20047,00,20,047,2798,4.499155618851836,25,8.8999644,2798,21,7.4759701,2798,-26,-28,2,-9.25596298,-9.96796013,0.71199715,4,1.4239943000000002,2798,2798,0
"Christian County, Kentucky",Christian County,21047,00,21,047,70461,98.20217278851742,1466,20.768843899999997,70461,627,8.88271837,70461,-1088,-1026,-62,-15.41371225,-14.53535733,-0.87835493,839,11.88612553,70461,70461,-2
"Iberville Parish, Louisiana",Iberville Parish,22047,00,22,047,32511,52.55324277,351,10.76621066,32511,313,9.600638,32511,-219,-211,-8,-6.7173793,-6.47199558,-0.24538372,38,1.16557266,32511,32511,-1
"Worcester County, Maryland",Worcester County,24047,00,24,047,52276,111.60503058554364,402,7.71326605,52276,676,12.97056679,52276,593,576,17,11.37802679,11.05184389,0.32618289,-274,-5.25730074,52276,52276,-3
"Emmet County, Michigan",Emmet County,26047,00,26,047,33415,71.47280053306486,288,8.64345738,33415,310,9.30372149,33415,212,207,5,6.36254502,6.21248499,0.15006002,-22,-0.66026411,33415,33415,0
"Freeborn County, Minnesota",Freeborn County,27047,00,27,047,30281,42.81542092106972,314,10.3355771,30281,352,11.58637942,30281,-162,-187,25,-5.3323678,-6.15526407,0.82289627,-38,-1.25080232,30281,30281,1
"Harrison County, Mississippi",Harrison County,28047,00,28,047,208080,362.73500515877504,2597,12.53487272,208080,2013,9.71609503,208080,1208,1088,120,5.83062235,5.25142146,0.5792009,584,2.81877769,208080,208080,4
"Clay County, Missouri",Clay County,29047,00,29,047,249948,628.5385046496738,3051,12.29478469,249948,1803,7.26564956,249948,2340,2231,109,9.42962838,8.990385,0.43924337,1248,5.02913513,249948,249948,0
"Lake County, Montana",Lake County,30047,00,30,047,30458,20.435208663393254,317,10.44859751,30458,331,10.91004977,30458,256,261,-5,8.43798411,8.60278849,-0.16480438,-14,-0.46145226,30458,30458,-4
"Dawson County, Nebraska",Dawson County,31047,00,31,047,23595,23.290165228148208,404,17.06837914,23595,196,8.28069879,23595,-358,-474,116,-15.12494983,-20.02577156,4.90082173,208,8.78768035,23595,23595,1
"San Miguel County, New Mexico",San Miguel County,35047,00,35,047,27277,5.777171528849716,247,9.02167759,27277,271,9.89827785,27277,-181,-222,41,-6.6110269,-8.10855233,1.49752543,-24,-0.87660025,27277,27277,2
"Kings County, New York",Kings County,36047,00,36,047,2559903,36901.37351637183,37786,14.70851271,2559903,18218,7.09150703,2559903,-37742,-45945,8203,-14.69138534,-17.88447087,3.19308553,19568,7.61700568,2559903,2559903,3
"Columbus County, North Carolina",Columbus County,37047,00,37,047,55508,59.169333649790346,558,10.02452235,55508,761,13.6714364,55508,-106,-124,18,-1.90429995,-2.22767163,0.32337169,-203,-3.64691405,55508,55508,-2
"Logan County, North Dakota",Logan County,38047,00,38,047,1850,1.863794284591298,21,11.23896173,1850,25,13.37971635,1850,-32,-37,5,-17.12603693,-19.8019802,2.67594327,-4,-2.14075462,1850,1850,-1
"Fayette County, Ohio",Fayette County,39047,00,39,047,28525,70.19621670314633,330,11.54290112,28525,309,10.80835286,28525,-147,-151,4,-5.14183777,-5.28175172,0.13991395,21,0.73454825,28525,28525,-2
"Garfield County, Oklahoma",Garfield County,40047,00,40,047,61056,57.68122581963564,864,14.14642533,61056,621,10.1677432,61056,-283,-430,147,-4.63360922,-7.04046631,2.40685709,243,3.97868212,61056,61056,1
"Marion County, Oregon",Marion County,41047,00,41,047,347818,294.62142580916003,4410,12.72305007,347818,2893,8.34643625,347818,892,875,17,2.57346047,2.5244147,0.04904577,1517,4.37661382,347818,347818,-3
"Elk County, Pennsylvania",Elk County,42047,00,42,047,29910,36.15060924357659,268,8.93035655,29910,359,11.96267911,29910,-108,-109,1,-3.5988004,-3.63212263,0.03332223,-91,-3.03232256,29910,29910,-1
"Greenwood County, South Carolina",Greenwood County,45047,00,45,047,70811,155.72330405218125,811,11.47035528,70811,803,11.35720751,70811,208,132,76,2.94184205,1.86693822,1.07490382,8,0.11314777,70811,70811,-2
"Fall River County, South Dakota",Fall River County,46047,00,46,047,6713,3.8582917542845903,46,6.83862336,6713,100,14.86657251,6713,26,26,0,3.86530885,3.86530885,0,-54,-8.02794916,6713,6713,1
"Fayette County, Tennessee",Fayette County,47047,00,47,047,41133,58.363280144805955,414,10.13600362,41133,435,10.65014873,41133,593,570,23,14.51847862,13.95536731,0.56311131,-21,-0.51414511,41133,41133,5
"Brooks County, Texas",Brooks County,48047,00,48,047,7093,7.518912137296768,102,14.37429538,7093,78,10.99210823,7093,-31,-72,41,-4.3686584,-10.14656144,5.77790304,24,3.38218715,7093,7093,1
"Uintah County, Utah",Uintah County,49047,00,49,047,35734,7.972098234832304,536,15.06909009,35734,231,6.49432801,35734,25,10,15,0.70284935,0.28113974,0.42170961,305,8.57476209,35734,35734,-1
"Culpeper County, Virginia",Culpeper County,51047,00,51,047,52605,138.73110693178825,659,12.62452107,52605,467,8.94636015,52605,618,570,48,11.83908046,10.91954023,0.91954023,192,3.67816092,52605,52605,0
"Okanogan County, Washington",Okanogan County,53047,00,53,047,42243,8.021552594,493,11.68800379,42243,481,11.40350877,42243,115,57,58,2.72641062,1.35135135,1.37505927,12,0.28449502,42243,42243,-1
"McDowell County, West Virginia",McDowell County,54047,00,54,047,17624,33.037307292033745,174,9.70846701,17624,328,18.30101827,17624,-443,-442,-1,-24.71753383,-24.66173804,-0.05579579,-154,-8.59255126,17624,17624,0
"Green Lake County, Wisconsin",Green Lake County,55047,00,55,047,18913,54.10763639640024,202,10.69858588,18913,215,11.38710873,18913,78,80,-2,4.13113712,4.23706371,-0.10592659,-13,-0.68852285,18913,18913,-1
"Corozal Municipio, Puerto Rico",Corozal Municipio,72047,00,72,047,32293,0,,,32293,,,32293,,,,,,,,,32293,32293,
"DeKalb County, Alabama",DeKalb County,01049,00,01,049,71513,92.02562679537976,795,11.12510495,71513,819,11.46095718,71513,134,90,44,1.87517492,1.25944584,0.61572908,-24,-0.33585223,71513,71513,-4
"Fulton County, Arkansas",Fulton County,05049,00,05,049,12477,20.183176918275493,134,10.81299173,12477,201,16.21948759,12477,237,232,5,19.12447045,18.72100061,0.40346984,-67,-5.40649586,12477,12477,-1
"Modoc County, California",Modoc County,06049,00,06,049,8841,2.239400338723134,71,8.0494303,8841,100,11.33722578,8841,70,65,5,7.93605805,7.36919676,0.56686129,-29,-3.28779548,8841,8841,0
"Grand County, Colorado",Grand County,08049,00,08,049,15734,8.521233513913181,109,6.97711634,15734,66,4.22467595,15734,180,170,10,11.52184349,10.88174108,0.64010242,43,2.75244039,15734,15734,0
"Hardee County, Florida",Hardee County,12049,00,12,049,26937,42.24914635025424,339,12.53118935,26937,193,7.13427594,26937,-378,-376,-2,-13.97283061,-13.89890029,-0.07393032,146,5.39691341,26937,26937,1
"Charlton County, Georgia",Charlton County,13049,00,13,049,13392,17.167319187637407,109,8.28550796,13392,107,8.13348029,13392,468,383,85,35.57447455,29.11329862,6.46117593,2,0.15202767,13392,13392,3
"Idaho County, Idaho",Idaho County,16049,00,16,049,16667,1.966027946912317,149,8.99134055,16667,179,10.80167758,16667,220,219,1,13.27580485,13.21546028,0.06034457,-30,-1.81033702,16667,16667,1
"Effingham County, Illinois",Effingham County,17049,00,17,049,34008,71.03207551246874,469,13.75588438,34008,375,10.99884146,34008,-267,-273,6,-7.83117512,-8.00715658,0.17598146,94,2.75704292,34008,34008,0
"Fulton County, Indiana",Fulton County,18049,00,18,049,19974,54.21927496837386,230,11.49224274,19974,207,10.34301846,19974,-101,-100,-1,-5.04659355,-4.99662728,-0.04996627,23,1.14922427,19974,19974,-1
"Dallas County, Iowa",Dallas County,19049,00,19,049,93453,158.8472899,1299,14.16529448,93453,507,5.52871771,93453,2692,2577,115,29.35563722,28.10158882,1.2540483999999998,792,8.63657678,93453,93453,16
"Elk County, Kansas",Elk County,20049,00,20,049,2530,3.9269598979728912,23,9.17431193,2530,33,13.1631432,2530,58,58,0,23.13522138,23.13522138,0,-10,-3.98883127,2530,2530,-2
"Clark County, Kentucky",Clark County,21049,00,21,049,36263,143.6230540516416,426,11.76097069,36263,414,11.42967575,36263,72,82,-10,1.98776969,2.26384882,-0.27607912,12,0.33129495,36263,36263,-1
"Jackson Parish, Louisiana",Jackson Parish,22049,00,22,049,15744,27.660581796173815,160,10.10866818,15744,220,13.89941875,15744,-107,-104,-3,-6.76017185,-6.57063432,-0.18953753,-60,-3.79075057,15744,15744,-1
"Genesee County, Michigan",Genesee County,26049,00,26,049,405813,637.1342120164159,4600,11.32306299,405813,4557,11.21721696,405813,-909,-1026,117,-2.23753571,-2.52553535,0.28799965,43,0.10584602,405813,405813,-9
"Goodhue County, Minnesota",Goodhue County,27049,00,27,049,46340,61.23903381592636,503,10.85935729,46340,454,9.80148749,46340,-7,-10,3,-0.15112426,-0.2158918,0.06476754,49,1.0578698,46340,46340,-1
"Hinds County, Mississippi",Hinds County,28049,00,28,049,231840,266.5348349044771,2953,12.628724900000002,231840,2122,9.07489138,231840,-4831,-5018,187,-20.66013206,-21.45985152,0.79971946,831,3.55383352,231840,231840,16
"Clinton County, Missouri",Clinton County,29049,00,29,049,20387,48.66126521,219,10.7295086,20387,238,11.66037921,20387,-27,-25,-2,-1.32281613,-1.22482975,-0.09798638,-19,-0.93087061,20387,20387,-2
"Lewis and Clark County, Montana",Lewis and Clark County,30049,00,30,049,69432,20.076446991598196,742,10.74941689,69432,653,9.46006635,69432,723,740,-17,10.47416228,10.72044273,-0.24628044,89,1.28935054,69432,69432,-2
"Deuel County, Nebraska",Deuel County,31049,00,31,049,1794,4.078652936600958,13,7.1922545,1794,15,8.29875519,1794,-25,-26,1,-13.83125864,-14.38450899,0.55325035,-2,-1.10650069,1794,1794,0
"Santa Fe County, New Mexico",Santa Fe County,35049,00,35,049,150358,78.70588748737445,1189,7.92352367,150358,1191,7.93685172,150358,605,542,63,4.03173408,3.61190061,0.41983347,-2,-0.01332805,150358,150358,-6
"Lewis County, New York",Lewis County,36049,00,36,049,26296,20.63010883303808,322,12.20112917,26296,271,10.26865219,26296,-242,-250,8,-9.16979273,-9.47292638,0.30313364,51,1.93247698,26296,26296,1
"Craven County, North Carolina",Craven County,37049,00,37,049,102139,144.55556898315854,1340,13.10660857,102139,1035,10.12338796,102139,-494,-514,20,-4.83183928,-5.0274603,0.19562102,305,2.98322061,102139,102139,-10
"McHenry County, North Dakota",McHenry County,38049,00,38,049,5745,3.065729462616769,64,11.07937332,5745,60,10.38691249,5745,-67,-67,0,-11.59871895,-11.59871895,0,4,0.69246083,5745,5745,0
"Franklin County, Ohio",Franklin County,39049,00,39,049,1316756,2473.194247452976,18521,14.11417384,1316756,10027,7.64120842,1316756,628,-2967,3595,0.47857573,-2.26104173,2.73961746,8494,6.47296542,1316756,1316756,-64
"Garvin County, Oklahoma",Garvin County,40049,00,40,049,27711,34.547662801278186,328,11.82898462,27711,351,12.6584561,27711,-10,-39,29,-0.36063977,-1.40649512,1.04585535,-23,-0.82947148,27711,27711,-2
"Morrow County, Oregon",Morrow County,41049,00,41,049,11603,5.714273622,166,14.458041199999998,11603,87,7.57740713,11603,164,152,12,14.28384793,13.23868832,1.0451596,79,6.88063406,11603,11603,0
"Erie County, Pennsylvania",Erie County,42049,00,42,049,269728,337.55737780300143,2855,10.54922479,269728,2801,10.34969479,269728,-1872,-2397,525,-6.91703986,-8.85691482,1.93987496,54,0.19953,269728,269728,2
"Hampton County, South Carolina",Hampton County,45049,00,45,049,19222,34.32655263839121,196,10.16333938,19222,239,12.39305159,19222,-83,-84,1,-4.30386311,-4.35571688,0.05185377,-43,-2.22971221,19222,19222,0
"Faulk County, South Dakota",Faulk County,46049,00,46,049,2299,2.341875882396682,35,15.17121803,2299,20,8.66926745,2299,-31,-31,0,-13.43736454,-13.43736454,0,15,6.50195059,2299,2299,0
"Fentress County, Tennessee",Fentress County,47049,00,47,049,18523,37.14861897865937,184,9.98778667,18523,260,14.11317682,18523,274,275,-1,14.87311711,14.92739856,-0.05428145,-76,-4.12539015,18523,18523,3
"Brown County, Texas",Brown County,48049,00,48,049,37864,40.09095931622182,382,10.09460388,37864,440,11.62729243,37864,104,91,13,2.74826912,2.40473548,0.34353364,-58,-1.53268855,37864,37864,-2
"Utah County, Utah",Utah County,49049,00,49,049,636235,317.47180219332955,11884,18.89716201,636235,2419,3.84653609,636235,5214,4255,959,8.29096287,6.76602359,1.52493928,9465,15.05062592,636235,636235,36
"Cumberland County, Virginia",Cumberland County,51049,00,51,049,9932,33.38468217176405,72,7.27676992,9932,107,10.81408864,9932,110,110,0,11.11728738,11.11728738,0,-35,-3.53731871,9932,9932,0
"Pacific County, Washington",Pacific County,53049,00,53,049,22471,24.068951247354175,178,7.99191828,22471,340,15.26546189,22471,555,523,32,24.91862162,23.48187226,1.43674935,-162,-7.27354361,22471,22471,4
"Marion County, West Virginia",Marion County,54049,00,54,049,56072,181.6078856429166,594,10.59172811,56072,673,12.00039229,56072,62,79,-17,1.10553391,1.40866418,-0.30313027,-79,-1.40866418,56072,56072,-2
"Iowa County, Wisconsin",Iowa County,55049,00,55,049,23678,31.045033423356433,248,10.46413502,23678,190,8.01687764,23678,-100,-103,3,-4.21940928,-4.34599156,0.12658228,58,2.44725738,23678,23678,-2
"Culebra Municipio, Puerto Rico",Culebra Municipio,72049,00,72,049,1714,0,,,1714,,,1714,,,,,,,,,1714,1714,
"Bethel Census Area, Alaska",Bethel Census Area,02050,00,02,050,18386,0.4525158490089689,403,22.01884988,18386,150,8.19560169,18386,-86,-88,2,-4.69881164,-4.80808633,0.10927469,253,13.82324819,18386,18386,0
"Elmore County, Alabama",Elmore County,01051,00,01,051,81209,131.31128344110564,932,11.49056836,81209,821,10.12205647,81209,92,67,25,1.13426211,0.82603871,0.30822340000000004,111,1.3685119,81209,81209,-5
"Garland County, Arkansas",Garland County,05051,00,05,051,99386,146.6693974381273,1071,10.79898363,99386,1347,13.58191498,99386,699,726,-27,7.04807615,7.32031943,-0.27224328,-276,-2.78293135,99386,99386,-3
"Mono County, California",Mono County,06051,00,06,051,14444,4.737311778079438,126,8.73574375,14444,30,2.07993899,14444,-56,-120,64,-3.88255278,-8.31975595,4.43720318,96,6.65580476,14444,14444,1
"Gunnison County, Colorado",Gunnison County,08051,00,08,051,17462,5.390934435,130,7.5081579,17462,70,4.04285426,17462,233,226,7,13.45692916,13.05264374,0.40428543,60,3.46530365,17462,17462,2
"Hendry County, Florida",Hendry County,12051,00,12,051,42022,36.34401131439464,576,13.81990931,42022,356,8.54147172,42022,467,126,341,11.20468341,3.02310516,8.18157825,220,5.27843758,42022,42022,-1
"Chatham County, Georgia",Chatham County,13051,00,13,051,289430,668.2494591459297,3549,12.26762715,289430,2570,8.88357334,289430,-690,-994,304,-2.38508389,-3.43590346,1.05081957,979,3.38405381,289430,289430,-25
"Jefferson County, Idaho",Jefferson County,16051,00,16,051,29871,27.312384367566487,496,16.73527229,29871,163,5.49969634,29871,134,135,-1,4.52122275,4.55496322,-0.03374047,333,11.23557595,29871,29871,-1
"Fayette County, Illinois",Fayette County,17051,00,17,051,21336,29.78064255385164,228,10.67815661,21336,218,10.20981641,21336,-42,-40,-2,-1.96702885,-1.87336081,-0.09366804,10,0.4683402,21336,21336,0
"Gibson County, Indiana",Gibson County,18051,00,18,051,33659,69.05516045049782,384,11.41684877,33659,385,11.44658015,33659,52,-12,64,1.5460316,-0.35677652,1.90280813,-1,-0.02973138,33659,33659,-2
"Davis County, Iowa",Davis County,19051,00,19,051,9000,17.921561447154904,150,16.69263298,9000,84,9.34787447,9000,-38,-38,0,-4.22880036,-4.22880036,0,66,7.34475851,9000,9000,0
"Ellis County, Kansas",Ellis County,20051,00,20,051,28553,31.728643297195873,294,10.2799,28553,248,8.67148027,28553,-140,-184,44,-4.89519048,-6.43367891,1.53848844,46,1.60841973,28553,28553,1
"Clay County, Kentucky",Clay County,21051,00,21,051,19901,42.406023341664984,239,11.95328715,19901,245,12.25336968,19901,-181,-178,-3,-9.05248943,-8.90244817,-0.15004126,-6,-0.30008252,19901,19901,0
"Jefferson Parish, Louisiana",Jefferson Parish,22051,00,22,051,432493,1462.6263316136483,5577,12.87430299,432493,4345,10.0302755,432493,-2613,-3646,1033,-6.03201609,-8.41665926,2.38464317,1232,2.84402748,432493,432493,-10
"Gladwin County, Michigan",Gladwin County,26051,00,26,051,25449,50.71681060332979,240,9.4534712,25449,374,14.73165928,25449,258,256,2,10.16248154,10.08370261,0.07877893,-134,-5.27818808,25449,25449,-1
"Grant County, Minnesota",Grant County,27051,00,27,051,5972,10.901862097281422,56,9.36376557,5972,59,9.86539587,5972,-13,-13,0,-2.17373129,-2.17373129,0,-3,-0.5016303,5972,5972,-1
"Holmes County, Mississippi",Holmes County,28051,00,28,051,17010,22.479956197083443,219,12.71260231,17010,221,12.82869914,17010,-431,-431,0,-25.01886573,-25.01886573,0,-2,-0.11609682,17010,17010,-1
"Cole County, Missouri",Cole County,29051,00,29,051,76745,196.00417077220231,863,11.24686411,76745,684,8.91408464,76745,-153,-210,57,-1.99393999,-2.73678037,0.74284039,179,2.33277946,76745,76745,-1
"Liberty County, Montana",Liberty County,30051,00,30,051,2337,1.6342849864893034,16,6.73258994,2337,20,8.41573743,2337,-74,-73,-1,-31.13822849,-30.71744162,-0.42078687,-4,-1.68314749,2337,2337,-1
"Dixon County, Nebraska",Dixon County,31051,00,31,051,5636,11.837592572306855,76,13.40860974,5636,55,9.70359915,5636,-85,-93,8,-14.99647142,-16.40790402,1.4114326,21,3.70501059,5636,5636,0
"Sierra County, New Mexico",Sierra County,35051,00,35,051,10791,2.580840327498602,98,9.01563937,10791,236,21.71113155,10791,-19,-20,1,-1.74793008,-1.8399264,0.09199632,-138,-12.69549218,10791,10791,-1
"Livingston County, New York",Livingston County,36051,00,36,051,62914,99.58504348609056,478,7.57966177,62914,552,8.75308221,62914,-226,-276,50,-3.58368946,-4.37654111,0.79285165,-74,-1.17342044,62914,62914,1
"Cumberland County, North Carolina",Cumberland County,37051,00,37,051,335509,514.1405987585754,5376,16.07321445,335509,2644,7.90505562,335509,-648,-978,330,-1.93739638,-2.92403343,0.98663705,2732,8.16815883,335509,335509,-5
"McIntosh County, North Dakota",McIntosh County,38051,00,38,051,2497,2.5621737304413625,26,10.27059056,2497,46,18.17104484,2497,-49,-49,0,-19.35611298,-19.35611298,0,-20,-7.90045428,2497,2497,0
"Fulton County, Ohio",Fulton County,39051,00,39,051,42126,103.90011087868896,487,11.54124157,42126,429,10.16671999,42126,-199,-209,10,-4.71603095,-4.95301743,0.23698648,58,1.37452158,42126,42126,0
"Grady County, Oklahoma",Grady County,40051,00,40,051,55834,50.73325208182946,567,10.19032728,55834,532,9.56129473,55834,352,328,24,6.326270200000001,5.89493359,0.4313366,35,0.62903255,55834,55834,-1
"Multnomah County, Oregon",Multnomah County,41051,00,41,051,812855,1885.5092088319443,8338,10.28159714,812855,6050,7.46026178,812855,1501,-153,1654,1.85088478,-0.18866447,2.03954925,2288,2.82133536,812855,812855,-6
"Fayette County, Pennsylvania",Fayette County,42051,00,42,051,129274,163.5647182283758,1244,9.5840861,129274,1820,14.02173369,129274,-469,-476,7,-3.61329291,-3.66722266,0.05392974,-576,-4.43764758,129274,129274,-4
"Horry County, South Carolina",Horry County,45051,00,45,051,354081,312.5166313689547,3161,9.05489368,354081,3879,11.1116522,354081,10608,10315,293,30.38731799,29.5480001,0.83931789,-718,-2.05675851,354081,354081,86
"Grant County, South Dakota",Grant County,46051,00,46,051,7052,10.348580670361429,82,11.58601201,7052,70,9.89049806,7052,-63,-58,-5,-8.90144825,-8.1949841,-0.70646415,12,1.69551395,7052,7052,0
"Franklin County, Tennessee",Franklin County,47051,00,47,051,42208,76.11971320152263,413,9.8166217,42208,456,10.83869128,42208,316,276,40,7.5110229,6.56026051,0.95076239,-43,-1.02206957,42208,42208,0
"Burleson County, Texas",Burleson County,48051,00,48,051,18443,27.98491998920131,209,11.36549024,18443,218,11.85491326,18443,115,87,28,6.25373865,4.73108924,1.52264941,-9,-0.48942302,18443,18443,2
"Wasatch County, Utah",Wasatch County,49051,00,49,051,34091,28.963952580893903,452,13.46079395,34091,145,4.31817505,34091,713,689,24,21.23350904,20.51877662,0.71473242,307,9.1426189,34091,34091,4
"Dickenson County, Virginia",Dickenson County,51051,00,51,051,14318,43.32872044154321,123,8.528636800000001,14318,205,14.21439467,14318,-126,-126,0,-8.73665234,-8.73665234,0,-82,-5.68575787,14318,14318,0
"Pend Oreille County, Washington",Pend Oreille County,53051,00,53,051,13724,9.801046281,119,8.7147565,13724,161,11.79055291,13724,181,175,6,13.25521787,12.81581838,0.43939949,-42,-3.07579641,13724,13724,-1
"Marshall County, West Virginia",Marshall County,54051,00,54,051,30531,99.96027406649672,276,8.9972617,30531,388,12.64832442,30531,-177,-177,0,-5.76998305,-5.76998305,0,-112,-3.65106272,30531,30531,-1
"Iron County, Wisconsin",Iron County,55051,00,55,051,5687,7.500574200502475,33,5.80270793,5687,91,16.00140672,5687,58,58,0,10.19869879,10.19869879,0,-58,-10.19869879,5687,5687,0
"Dorado Municipio, Puerto Rico",Dorado Municipio,72051,00,72,051,36141,0,,,36141,,,36141,,,,,,,,,36141,36141,
"Escambia County, Alabama",Escambia County,01053,00,01,053,36633,38.75595038190293,420,11.48215482,36633,474,12.95843187,36633,165,166,-1,4.51084654,4.5381849999999995,-0.02733846,-54,-1.47627705,36633,36633,-2
"Grant County, Arkansas",Grant County,05053,00,05,053,18265,28.908937748753814,172,9.4388805,18265,188,10.3169159,18265,101,107,-6,5.54259844,5.87186171,-0.32926327,-16,-0.8780354,18265,18265,0
"Monterey County, California",Monterey County,06053,00,06,053,434061,132.26629306943863,5797,13.35697359,434061,2742,6.31789228,434061,-2940,-2850,-90,-6.7741077,-6.56673706,-0.20737064,3055,7.039081299999999,434061,434061,-4
"Hinsdale County, Colorado",Hinsdale County,08053,00,08,053,820,0.7339575442604663,2,2.45700246,820,3,3.68550369,820,13,13,0,15.97051597,15.97051597,0,-1,-1.22850123,820,820,0
"Hernando County, Florida",Hernando County,12053,00,12,053,193920,410.0130365443943,1597,8.30684886,193920,2850,14.82437022,193920,4580,4530,50,23.82302303,23.56294636,0.26007667,-1253,-6.51752137,193920,193920,11
"Chattahoochee County, Georgia",Chattahoochee County,13053,00,13,053,10907,43.849501001089614,239,22.22532199,10907,24,2.2318314999999997,10907,91,53,38,8.46236109,4.92862789,3.5337332000000004,215,19.99349049,10907,10907,1
"Jerome County, Idaho",Jerome County,16053,00,16,053,24412,40.85885292,367,15.14088865,24412,152,6.27088576,24412,134,41,93,5.52828087,1.69148892,3.83679195,215,8.87000289,24412,24412,-3
"Ford County, Illinois",Ford County,17053,00,17,053,12961,26.69086268579407,145,11.08012074,12961,186,14.21312039,12961,-212,-214,2,-16.19990066,-16.35272991,0.15282925,-41,-3.13299966,12961,12961,2
"Grant County, Indiana",Grant County,18053,00,18,053,65769,158.82833090927716,750,11.38018937,65769,810,12.29060452,65769,-209,-235,26,-3.17127944,-3.56579267,0.39451323,-60,-0.91041515,65769,65769,-1
"Decatur County, Iowa",Decatur County,19053,00,19,053,7870,14.796522976469843,98,12.43654822,7870,79,10.02538071,7870,-39,-42,3,-4.94923858,-5.32994924,0.38071066,19,2.41116751,7870,7870,0
"Ellsworth County, Kansas",Ellsworth County,20053,00,20,053,6102,8.527406428,54,8.80554423,6102,68,11.08846311,6102,-47,-49,2,-7.66408479,-7.99021606,0.32613127,-14,-2.28291887,6102,6102,0
"Clinton County, Kentucky",Clinton County,21053,00,21,053,10218,51.80221725208772,121,11.880216,10218,109,10.70201276,10218,53,55,-2,5.20373098,5.40009818,-0.19636721,12,1.17820324,10218,10218,1
"Jefferson Davis Parish, Louisiana",Jefferson Davis Parish,22053,00,22,053,31368,48.157395040269115,384,12.20888642,31368,410,13.03552977,31368,-143,-149,6,-4.54653843,-4.73730228,0.19076385,-26,-0.82664335,31368,31368,0
"Gogebic County, Michigan",Gogebic County,26053,00,26,053,13975,12.679927719343716,128,8.7999725,13975,210,14.43745488,13975,-1070,-1073,3,-73.56227012,-73.76851947,0.20624936,-82,-5.63748238,13975,13975,11
"Hennepin County, Minnesota",Hennepin County,27053,00,27,053,1265843,2285.5562548282546,16008,12.68579362,1265843,8750,6.93407635,1265843,727,-2922,3649,0.57612269,-2.31558527,2.89170795,7258,5.75171727,1265843,1265843,-67
"Humphreys County, Mississippi",Humphreys County,28053,00,28,053,8064,19.26815401622298,94,11.51960784,8064,109,13.35784314,8064,-176,-178,2,-21.56862745,-21.81372549,0.24509804,-15,-1.83823529,8064,8064,-1
"Cooper County, Missouri",Cooper County,29053,00,29,053,17709,31.357064881715655,202,11.43342295,17709,184,10.41460308,17709,68,56,12,3.84887505,3.16966181,0.67921324,18,1.01881987,17709,17709,-3
"Lincoln County, Montana",Lincoln County,30053,00,30,053,19980,5.530741649712153,158,7.94428941,19980,282,14.17904819,19980,306,297,9,15.385775699999998,14.93325288,0.45252281,-124,-6.23475878,19980,19980,1
"Dodge County, Nebraska",Dodge County,31053,00,31,053,36565,69.11262613,454,12.38913904,36565,400,10.915541,36565,-214,-275,61,-5.83981444,-7.50443444,1.66462,54,1.47359804,36565,36565,0
"Socorro County, New Mexico",Socorro County,35053,00,35,053,16637,2.503164607179065,175,10.49758556,16637,148,8.87795807,16637,-95,-142,47,-5.6986893,-8.51804085,2.81935155,27,1.61962749,16637,16637,1
"Madison County, New York",Madison County,36053,00,36,053,70941,108.33199605817153,668,9.40460938,70941,628,8.84145912,70941,-214,-242,28,-3.0128539,-3.40705909,0.39420518,40,0.56315026,70941,70941,-2
"Currituck County, North Carolina",Currituck County,37053,00,37,053,27763,106.00107220087932,268,9.78477154,27763,243,8.872013,27763,720,733,-13,26.28744592,26.76208036,-0.47463444,25,0.91275854,27763,27763,2
"McKenzie County, North Dakota",McKenzie County,38053,00,38,053,15024,5.4432148863381355,264,18.44992662,15024,64,4.47270948,15024,1226,1232,-6,85.68034104,86.09965756,-0.41931651,200,13.97721714,15024,15024,4
"Gallia County, Ohio",Gallia County,39053,00,39,053,29898,64.08581881521476,353,11.79753689,29898,389,13.00068513,29898,-8,-24,16,-0.26736628,-0.80209883,0.53473255,-36,-1.20314824,29898,29898,-3
"Grant County, Oklahoma",Grant County,40053,00,40,053,4333,4.329796257322539,48,11.09313612,4333,49,11.32424312,4333,12,12,0,2.77328403,2.77328403,0,-1,-0.231107,4333,4333,1
"Polk County, Oregon",Polk County,41053,00,41,053,86085,116.18606124755372,848,9.91366461,86085,703,8.21852148,86085,948,892,56,11.08272883,10.42805287,0.65467596,145,1.69514312,86085,86085,0
"Forest County, Pennsylvania",Forest County,42053,00,42,053,7247,16.961176163042346,20,2.75273553,7247,79,10.87330535,7247,22,22,0,3.02800908,3.02800908,0,-59,-8.12056982,7247,7247,0
"Jasper County, South Carolina",Jasper County,45053,00,45,053,30073,45.90163804917958,366,12.36068896,30073,282,9.52380952,30073,835,778,57,28.19993246,26.27490713,1.92502533,84,2.83687943,30073,30073,7
"Gregory County, South Dakota",Gregory County,46053,00,46,053,4185,4.123357268520203,49,11.7028899,4185,53,12.65822785,4185,-1,-1,0,-0.23883449,-0.23883449,0,-4,-0.95533795,4185,4185,1
"Gibson County, Tennessee",Gibson County,47053,00,47,053,49133,81.51538452814354,579,11.77978516,49133,654,13.30566406,49133,39,34,5,0.79345703,0.69173177,0.10172526,-75,-1.52587891,49133,49133,-2
"Burnet County, Texas",Burnet County,48053,00,48,053,48155,48.43222601440938,468,9.80114975,48155,490,10.26188756,48155,832,854,-22,17.42426622,17.88500403,-0.46073781,-22,-0.46073781,48155,48155,1
"Washington County, Utah",Washington County,49053,00,49,053,177556,73.14540980402984,2244,12.85506827,177556,1368,7.83677959,177556,5085,5028,57,29.13013465,28.80360217,0.32653248,876,5.01828868,177556,177556,28
"Dinwiddie County, Virginia",Dinwiddie County,51053,00,51,053,28544,56.64794120091022,192,6.715987200000001,28544,277,9.6892107,28544,-3,-7,4,-0.1049373,-0.2448537,0.1399164,-85,-2.9732235,28544,28544,-1
"Pierce County, Washington",Pierce County,53053,00,53,053,904980,542.5380351661955,11498,12.78453314,904980,7284,8.09902065,904980,6992,5944,1048,7.77434821,6.60908549,1.16526272,4214,4.68551249,904980,904980,18
"Mason County, West Virginia",Mason County,54053,00,54,053,26516,61.55526668,262,9.83705039,26516,367,13.77937974,26516,-129,-126,-3,-4.84343321,-4.73079522,-0.11263798,-105,-3.94232935,26516,26516,-2
"Jackson County, Wisconsin",Jackson County,55053,00,55,053,20643,20.89552414,220,10.70169038,20643,164,7.97762374,20643,115,109,6,5.59406543,5.30220114,0.29186428,56,2.72406664,20643,20643,0
"Fajardo Municipio, Puerto Rico",Fajardo Municipio,72053,00,72,053,29454,0,,,29454,,,29454,,,,,,,,,29454,29454,
"Florida Municipio, Puerto Rico",Florida Municipio,72054,00,72,054,11317,0,,,11317,,,11317,,,,,,,,,11317,11317,
"Etowah County, Alabama",Etowah County,01055,00,01,055,102268,191.12365488125545,1175,11.47018484,102268,1487,14.51588499,102268,-25,-62,37,-0.24404649,-0.60523529,0.3611888,-312,-3.04570014,102268,102268,-6
"Greene County, Arkansas",Greene County,05055,00,05,055,45325,78.45926689766182,587,12.94891026,45325,505,11.14003353,45325,-94,-87,-7,-2.0735904,-1.91917409,-0.15441631,82,1.80887673,45325,45325,-2
"Napa County, California",Napa County,06055,00,06,055,137744,184.08551795761448,1235,8.9320262,137744,1279,9.25025223,137744,-998,-985,-13,-7.21794506,-7.12392373,-0.09402133,-44,-0.31822603,137744,137744,-3
"Huerfano County, Colorado",Huerfano County,08055,00,08,055,6897,4.334919626305323,48,6.96459663,6897,96,13.92919327,6897,58,54,4,8.41555427,7.83517121,0.58038305,-48,-6.96459663,6897,6897,0
"Highlands County, Florida",Highlands County,12055,00,12,055,106221,104.37934545615066,854,8.088883000000001,106221,1627,15.41055343,106221,2057,1799,258,19.48341021,17.03969615,2.44371407,-773,-7.32167044,106221,106221,4
"Chattooga County, Georgia",Chattooga County,13055,00,13,055,24789,79.11550703417493,299,12.06350487,24789,310,12.50731274,24789,18,13,5,0.72623106,0.52450021,0.20173085,-11,-0.44380787,24789,24789,0
"Kootenai County, Idaho",Kootenai County,16055,00,16,055,165697,133.86633956249423,1815,11.10410944,165697,1503,9.19530385,165697,4159,4277,-118,25.44462323,26.16654329,-0.72192006,312,1.90880559,165697,165697,17
"Franklin County, Illinois",Franklin County,17055,00,17,055,38469,94.07430958,460,11.92265823,38469,509,13.19268052,38469,-175,-173,-2,-4.53579389,-4.48395625,-0.05183764,-49,-1.27002229,38469,38469,-2
"Greene County, Indiana",Greene County,18055,00,18,055,31922,58.84593832996635,339,10.59689595,31922,416,13.00386052,31922,-58,-62,4,-1.81303825,-1.93807537,0.12503712,-77,-2.40696457,31922,31922,-2
"Delaware County, Iowa",Delaware County,19055,00,19,055,17011,29.44699955339507,196,11.49829872,17011,174,10.20767335,17011,-93,-98,5,-5.45582541,-5.74914936,0.29332395,22,1.29062537,17011,17011,1
"Finney County, Kansas",Finney County,20055,00,20,055,36467,28.008503685977537,613,16.79567094,36467,208,5.69902048,36467,-469,-574,105,-12.85019522,-15.7271046,2.87690938,405,11.09665046,36467,36467,3
"Crittenden County, Kentucky",Crittenden County,21055,00,21,055,8806,24.463610047243495,88,9.94237939,8806,108,12.20201107,8806,-70,-68,-2,-7.90871088,-7.68274771,-0.22596317,-20,-2.25963168,8806,8806,0
"Lafayette Parish, Louisiana",Lafayette Parish,22055,00,22,055,244390,909.3198312979864,3208,13.16094465,244390,1999,8.20097517,244390,71,-113,184,0.29128026,-0.46358689,0.75486715,1209,4.95996948,244390,244390,-3
"Grand Traverse County, Michigan",Grand Traverse County,26055,00,26,055,93088,200.4754524816917,902,9.71888502,93088,867,9.34176642,93088,524,517,7,5.64600416,5.57058044,0.07542372,35,0.3771186,93088,93088,-1
"Houston County, Minnesota",Houston County,27055,00,27,055,18600,33.692995916605575,204,10.97600344,18600,196,10.54557194,18600,23,23,0,1.23749058,1.23749058,0,8,0.43043151,18600,18600,-3
"Issaquena County, Mississippi",Issaquena County,28055,00,28,055,1327,3.2127211033881493,10,7.59301443,1327,15,11.38952164,1327,26,26,0,19.74183751,19.74183751,0,-5,-3.79650721,1327,1327,-1
"Crawford County, Missouri",Crawford County,29055,00,29,055,23920,32.21649720557095,250,10.44102907,23920,296,12.36217842,23920,-1,3,-4,-0.04176412,0.12529235,-0.16705647,-46,-1.92114935,23920,23920,-1
"McCone County, Montana",McCone County,30055,00,30,055,1664,0.6297721748699822,16,9.6009601,1664,15,9.00090009,1664,-7,-7,0,-4.20042004,-4.20042004,0,1,0.60006001,1664,1664,1
"Douglas County, Nebraska",Douglas County,31055,00,31,055,571327,1750.3315205079514,8236,14.47810442,571327,3996,7.02458782,571327,719,-677,1396,1.26393359,-1.19010159,2.45403518,4240,7.4535166,571327,571327,-23
"Taos County, New Mexico",Taos County,35055,00,35,055,32723,14.858065791301309,271,8.28467488,32723,317,9.69092966,32723,72,86,-14,2.20109443,2.62908502,-0.42799058,-46,-1.40625478,32723,32723,-2
"Monroe County, New York",Monroe County,36055,00,36,055,741770,1129.2527897603866,7762,10.4564492,741770,6693,9.01636363,741770,-2158,-2918,760,-2.90711381,-3.93093517,1.02382136,1069,1.44008557,741770,741770,-5
"Dare County, North Carolina",Dare County,37055,00,37,055,37009,96.57156217251011,332,9.01977831,37009,360,9.7804825,37009,430,390,40,11.68224299,10.59552271,1.08672028,-28,-0.76070419,37009,37009,0
"McLean County, North Dakota",McLean County,38055,00,38,055,9450,4.478122713,111,11.69713894,9450,98,10.32720375,9450,-92,-93,1,-9.69492597,-9.8003056,0.10537963,13,1.36993519,9450,9450,0
"Geauga County, Ohio",Geauga County,39055,00,39,055,93649,233.9467614888291,940,10.02164248,93649,822,8.76360651,93649,-412,-436,24,-4.39246458,-4.6483363,0.25587172,118,1.25803597,93649,93649,-2
"Greer County, Oklahoma",Greer County,40055,00,40,055,5712,8.935025931846056,52,9.02307826,5712,54,9.37011973,5712,-101,-99,-2,-17.52559431,-17.17855284,-0.34704147,-2,-0.34704147,5712,5712,1
"Sherman County, Oregon",Sherman County,41055,00,41,055,1780,2.161205267487272,15,8.62068966,1780,11,6.32183908,1780,76,76,0,43.67816092,43.67816092,0,4,2.29885057,1780,1780,0
"Franklin County, Pennsylvania",Franklin County,42055,00,42,055,155027,200.7343959294887,1730,11.17549401,155027,1632,10.54243135,155027,359,306,53,2.3190765,1.97670588,0.34237063,98,0.63306267,155027,155027,-9
"Kershaw County, South Carolina",Kershaw County,45055,00,45,055,66551,91.59086610979918,725,10.95555069,66551,794,11.99821689,66551,821,793,28,12.40621671,11.98310579,0.42311092,-69,-1.0426662,66551,66551,-3
"Haakon County, South Dakota",Haakon County,46055,00,46,055,1899,1.0488576925776396,20,10.52354644,1899,11,5.78795054,1899,-11,-11,0,-5.78795054,-5.78795054,0,9,4.7355959,1899,1899,-1
"Giles County, Tennessee",Giles County,47055,00,47,055,29464,48.22800581727417,301,10.2189781,29464,371,12.59548464,29464,90,51,39,3.0555084,1.73145476,1.32405364,-70,-2.37650654,29464,29464,-2
"Caldwell County, Texas",Caldwell County,48055,00,48,055,43664,80.08214916,552,12.71523179,43664,366,8.43075151,43664,318,297,21,7.32507918,6.84134754,0.48373164,186,4.28448028,43664,43664,-1
"Wayne County, Utah",Wayne County,49055,00,49,055,2711,1.1015758699337137,30,11.14827202,2711,23,8.54700855,2711,34,28,6,12.63470829,10.40505388,2.2296544,7,2.60126347,2711,2711,-1
"San Juan County, Washington",San Juan County,53055,00,53,055,17582,101.09730023535914,88,5.07116925,17582,132,7.60675388,17582,501,474,27,28.87108857,27.31516164,1.55592693,-44,-2.53558463,17582,17582,1
"Mercer County, West Virginia",Mercer County,54055,00,54,055,58758,140.24667910790222,661,11.20718888,58758,891,15.10681587,58758,-211,-202,-9,-3.57748389,-3.42488979,-0.1525941,-230,-3.89962699,58758,58758,-3
"Jefferson County, Wisconsin",Jefferson County,55055,00,55,055,84769,152.32760273998895,835,9.83405764,84769,694,8.17345629,84769,-422,-450,28,-4.97002673,-5.29979154,0.32976481,141,1.66060135,84769,84769,1
"Gu<e1>nica Municipio, Puerto Rico",Gu<e1>nica Municipio,72055,00,72,055,15383,0,,,15383,,,15383,,,,,,,,,15383,15383,
"Fayette County, Alabama",Fayette County,01057,00,01,057,16302,25.971679030568932,174,10.62692766,16302,225,13.7417168,16302,-92,-97,5,-5.61883531,-5.9242068,0.30537148,-51,-3.11478914,16302,16302,0
"Hempstead County, Arkansas",Hempstead County,05057,00,05,057,21532,29.59638924010464,291,13.46692274,21532,233,10.78279381,21532,-212,-199,-13,-9.81095402,-9.20933892,-0.60161511,58,2.68412893,21532,21532,1
"Nevada County, California",Nevada County,06057,00,06,057,99755,104.15446449174586,778,7.80877534,99755,986,9.89646849,99755,462,465,-3,4.63708767,4.66719863,-0.03011096,-208,-2.08769315,99755,99755,-7
"Jackson County, Colorado",Jackson County,08057,00,08,057,1392,0.8626001265843755,16,11.48188016,1392,10,7.176175099999999,1392,-11,-12,1,-7.89379261,-8.61141012,0.71761751,6,4.30570506,1392,1392,2
"Hillsborough County, Florida",Hillsborough County,12057,00,12,057,1471968,1440.388295434388,17267,11.81098996,1471968,11696,8.00030918,1471968,14449,9183,5266,9.88341889,6.2813645,3.60205439,5571,3.81068078,1471968,1471968,29
"Cherokee County, Georgia",Cherokee County,13057,00,13,057,258773,614.5409607915199,2721,10.61466353,258773,1656,6.46008188,258773,3778,3561,217,14.73803705,13.89151666,0.84652039,1065,4.15458165,258773,258773,16
"Latah County, Idaho",Latah County,16057,00,16,057,40108,37.279694432543515,422,10.55831467,40108,215,5.37923615,40108,72,20,52,1.80141862,0.50039406,1.30102456,207,5.17907852,40108,40108,0
"Fulton County, Illinois",Fulton County,17057,00,17,057,34340,39.66763391618595,321,9.28148041,34340,463,13.38730664,34340,-348,-353,5,-10.06216568,-10.20673702,0.14457135,-142,-4.10582623,34340,34340,0
"Hamilton County, Indiana",Hamilton County,18057,00,18,057,338011,857.1402164142866,3832,11.46752613,338011,1891,5.65894883,338011,5754,4962,792,17.21924462,14.84912961,2.370115,1941,5.8085773000000005,338011,338011,5
"Des Moines County, Iowa",Des Moines County,19057,00,19,057,38967,93.64169746692984,437,11.18848891,38967,434,11.11168007,38967,-185,-173,-12,-4.73654565,-4.42931026,-0.30723539,3,0.07680885,38967,38967,0
"Ford County, Kansas",Ford County,20057,00,20,057,33619,30.61084546186605,559,16.56394453,33619,219,6.48927344,33619,-602,-842,240,-17.83809411,-24.94962664,7.11153254,340,10.07467109,33619,33619,4
"Cumberland County, Kentucky",Cumberland County,21057,00,21,057,6614,21.671344395479853,67,10.06988803,6614,104,15.63087097,6614,-41,-41,0,-6.16217029,-6.16217029,0,-37,-5.56098294,6614,6614,-1
"Lafourche Parish, Louisiana",Lafourche Parish,22057,00,22,057,97614,91.36811075,1148,11.73854137,97614,907,9.2742657,97614,-606,-656,50,-6.19647742,-6.70773793,0.51126051,241,2.46427567,97614,97614,-2
"Gratiot County, Michigan",Gratiot County,26057,00,26,057,40711,71.62629918899079,366,9.00225056,40711,423,10.4042404,40711,167,160,7,4.10758427,3.93541008,0.17217419,-57,-1.40198984,40711,40711,-1
"Hubbard County, Minnesota",Hubbard County,27057,00,27,057,21491,23.208261175913822,216,10.09770464,21491,199,9.30297789,21491,184,182,2,8.6017484,8.50825113,0.09349727,17,0.79472675,21491,21491,-1
"Itawamba County, Mississippi",Itawamba County,28057,00,28,057,23390,43.90054845076063,257,10.97095046,23390,254,10.84288489,23390,-72,-80,8,-3.07357367,-3.41508186,0.34150819,3,0.12806557,23390,23390,-2
"Dade County, Missouri",Dade County,29057,00,29,057,7561,15.430285501467926,66,8.72727273,7561,109,14.41322314,7561,41,36,5,5.4214876,4.76033058,0.66115702,-43,-5.68595041,7561,7561,-1
"Madison County, Montana",Madison County,30057,00,30,057,8600,2.396773456953253,53,6.18797431,8600,78,9.10683012,8600,95,95,0,11.09165207,11.09165207,0,-25,-2.91885581,8600,8600,0
"Dundy County, Nebraska",Dundy County,31057,00,31,057,1693,1.840860758539348,16,9.25658085,1693,24,13.88487128,1693,-63,-60,-3,-36.4477871,-34.71217819,-1.73560891,-8,-4.62829043,1693,1693,0
"Torrance County, New Mexico",Torrance County,35057,00,35,057,15461,4.621828417357126,153,9.87957253,15461,150,9.68585542,15461,-53,-76,23,-3.42233558,-4.90750008,1.4851645,3,0.19371711,15461,15461,-1
"Montgomery County, New York",Montgomery County,36057,00,36,057,49221,122.10117430705375,613,12.43218577,49221,533,10.80971455,49221,-253,-267,14,-5.13106525,-5.41499772,0.28393246,80,1.62247123,49221,49221,0
"Davidson County, North Carolina",Davidson County,37057,00,37,057,167609,302.9922649475847,1764,10.56391799,167609,1815,10.86933739,167609,1304,1322,-18,7.8091548,7.91694988,-0.10779508,-51,-0.3054194,167609,167609,-2
"Mercer County, North Dakota",Mercer County,38057,00,38,057,8187,7.851122059556373,88,10.6971373,8187,81,9.84622865,8187,-86,-82,-4,-10.45402054,-9.96778703,-0.48623351,7,0.85090865,8187,8187,0
"Greene County, Ohio",Greene County,39057,00,39,057,168937,408.4306428362418,1716,10.202655900000002,168937,1490,8.85894947,168937,1271,1062,209,7.55686227,6.3142311,1.24263117,226,1.34370643,168937,168937,-6
"Harmon County, Oklahoma",Harmon County,40057,00,40,057,2653,4.938036698023138,33,12.3502994,2653,28,10.47904192,2653,-42,-45,3,-15.71856287,-16.84131737,1.12275449,5,1.87125749,2653,2653,-1
"Tillamook County, Oregon",Tillamook County,41057,00,41,057,27036,24.52535997576243,230,8.55877647,27036,303,11.27525769,27036,399,412,-13,14.84761657,15.331373499999998,-0.48375693,-73,-2.71648123,27036,27036,0
"Fulton County, Pennsylvania",Fulton County,42057,00,42,057,14530,33.20753011487282,144,9.91223542,14530,153,10.53175013,14530,16,15,1,1.10135949,1.03252452,0.06883497,-9,-0.61951471,14530,14530,-2
"Lancaster County, South Carolina",Lancaster County,45057,00,45,057,98012,178.5060261106822,1010,10.46377307,98012,1026,10.62953581,98012,2978,2933,45,30.8525903,30.38638259,0.46620771,-16,-0.16576274,98012,98012,15
"Hamlin County, South Dakota",Hamlin County,46057,00,46,057,6164,12.158786266519368,119,19.45398071,6164,55,8.99133562,6164,31,31,0,5.06784371,5.06784371,0,64,10.46264509,6164,6164,-1
"Grainger County, Tennessee",Grainger County,47057,00,47,057,23320,83.11161093986901,222,9.55722496,23320,296,12.74296661,23320,255,257,-2,10.97789354,11.06399466,-0.08610113,-74,-3.18574165,23320,23320,2
"Calhoun County, Texas",Calhoun County,48057,00,48,057,21290,42.00544782332429,262,12.2447072,21290,218,10.18834416,21290,-259,-267,8,-12.10450063,-12.47838482,0.37388419,44,2.05636304,21290,21290,1
"Weber County, Utah",Weber County,49057,00,49,057,260213,451.54566348459105,3774,14.6304588,260213,1621,6.28404179,260213,2348,2125,223,9.10236282,8.23787095,0.86449187,2153,8.34641701,260213,260213,15
"Essex County, Virginia",Essex County,51057,00,51,057,10953,42.604056424619074,107,9.7944986,10953,117,10.70987231,10953,66,61,5,6.04146643,5.58377958,0.45768685,-10,-0.9153737,10953,10953,1
"Skagit County, Washington",Skagit County,53057,00,53,057,129205,74.67542337461934,1431,11.13445378,129205,1265,9.84282602,129205,1200,1030,170,9.33706816,8.01431684,1.32275132,166,1.29162776,129205,129205,4
"Mineral County, West Virginia",Mineral County,54057,00,54,057,26868,81.94776274789388,249,9.25289385,26868,343,12.74595418,26868,11,15,-4,0.40876238,0.55740324,-0.14864087,-94,-3.49306033,26868,26868,-2
"Juneau County, Wisconsin",Juneau County,55057,00,55,057,26687,34.79034542824313,270,10.13513514,26687,255,9.57207207,26687,79,78,1,2.96546547,2.92792793,0.03753754,15,0.56306306,26687,26687,0
"Guayama Municipio, Puerto Rico",Guayama Municipio,72057,00,72,057,39465,0,,,39465,,,39465,,,,,,,,,39465,39465,
"Franklin County, Alabama",Franklin County,01059,00,01,059,31362,49.47323529159731,432,13.78870093,31362,367,11.71401213,31362,1,-28,29,0.03191829,-0.8937121,0.92563039,65,2.0746888,31362,31362,-2
"Hot Spring County, Arkansas",Hot Spring County,05059,00,05,059,33771,54.88628306,361,10.70533636,33771,379,11.23912044,33771,118,119,-1,3.49925122,3.52890589,-0.02965467,-18,-0.53378408,33771,33771,-1
"Orange County, California",Orange County,06059,00,06,059,3175692,4005.616714866243,36406,11.46345092,3175692,21518,6.77554625,3175692,-15180,-21358,6178,-4.77984906,-6.72516576,1.9453167,14888,4.68790467,3175692,3175692,11
"Jefferson County, Colorado",Jefferson County,08059,00,08,059,582881,762.5969507372736,5822,10.01830035,582881,4599,7.91380338,582881,2255,1659,596,3.8803276,2.85475099,1.02557661,1223,2.10449696,582881,582881,11
"Holmes County, Florida",Holmes County,12059,00,12,059,19617,40.96633279319954,198,10.13824885,19617,250,12.80081925,19617,225,228,-3,11.52073733,11.67434716,-0.15360983,-52,-2.6625704,19617,19617,1
"Clarke County, Georgia",Clarke County,13059,00,13,059,128331,1076.3988610289443,1339,10.47734929,128331,806,6.30675394,128331,531,205,326,4.15494583,1.60407513,2.5508707000000004,533,4.17059535,128331,128331,-1
"Lemhi County, Idaho",Lemhi County,16059,00,16,059,8027,1.7588826037884144,75,9.39908516,8027,99,12.40679241,8027,120,124,-4,15.03853625,15.53982079,-0.50128454,-24,-3.00770725,8027,8027,-1
"Gallatin County, Illinois",Gallatin County,17059,00,17,059,4828,14.947823180119093,40,8.10290692,4828,79,16.00324116,4828,-178,-178,0,-36.05793578,-36.05793578,0,-39,-7.90033424,4828,4828,0
"Hancock County, Indiana",Hancock County,18059,00,18,059,78168,255.48718733376907,846,10.94111713,78168,631,8.16057318,78168,1475,1457,18,19.07582479,18.84303506,0.23278973,215,2.78054395,78168,78168,0
"Dickinson County, Iowa",Dickinson County,19059,00,19,059,17258,45.353724151647945,147,8.55173216,17258,178,10.35515867,17258,168,163,5,9.77340819,9.48253294,0.29087524,-31,-1.80342651,17258,17258,0
"Franklin County, Kansas",Franklin County,20059,00,20,059,25544,44.67516190911313,295,11.53041881,25544,250,9.77154136,25544,-127,-136,9,-4.96394301,-5.3157185,0.35177549,45,1.75887745,25544,25544,1
"Daviess County, Kentucky",Daviess County,21059,00,21,059,101511,221.45056923295292,1302,12.86599405,101511,1044,10.31651136,101511,374,332,42,3.69576173,3.28072967,0.41503207,258,2.54948269,101511,101511,-4
"LaSalle Parish, Louisiana",LaSalle Parish,22059,00,22,059,14892,23.839233691303743,175,11.74772598,14892,173,11.61346625,14892,-10,-14,4,-0.67129863,-0.93981808,0.26851945,2,0.13425973,14892,14892,-1
"Hillsdale County, Michigan",Hillsdale County,26059,00,26,059,45605,76.24313401684836,509,11.14919995,45605,480,10.51398031,45605,-127,-129,2,-2.78182396,-2.82563221,0.04380825,29,0.63521964,45605,45605,1
"Isanti County, Minnesota",Isanti County,27059,00,27,059,40596,93.16562522849308,448,11.12407817,40596,327,8.11958384,40596,525,512,13,13.0360291,12.71323219,0.32279691,121,3.00449433,40596,40596,0
"Jackson County, Mississippi",Jackson County,28059,00,28,059,143617,198.6961433531369,1588,11.0760818,143617,1430,9.97405351,143617,338,262,76,2.35750356,1.827414,0.53008956,158,1.10202829,143617,143617,-6
"Dallas County, Missouri",Dallas County,29059,00,29,059,16878,31.20058734414185,213,12.65597148,16878,207,12.29946524,16878,93,94,-1,5.525846700000001,5.58526441,-0.05941771,6,0.35650624,16878,16878,-3
"Meagher County, Montana",Meagher County,30059,00,30,059,1862,0.7784709993536858,12,6.45334767,1862,17,9.14224254,1862,10,9,1,5.37778973,4.84001076,0.53777897,-5,-2.68889486,1862,1862,0
"Fillmore County, Nebraska",Fillmore County,31059,00,31,059,5462,9.493012898977826,65,11.82140584,5462,66,12.00327362,5462,-73,-73,0,-13.27634809,-13.27634809,0,-1,-0.18186778,5462,5462,1
"Union County, New Mexico",Union County,35059,00,35,059,4059,1.0611590636565973,38,9.30574262,4059,37,9.06085466,4059,-49,-47,-2,-11.99951022,-11.5097343,-0.48977593,1,0.24488796,4059,4059,-1
"Nassau County, New York",Nassau County,36059,00,36,059,1356924,4767.276850967508,14001,10.31587153,1356924,11312,8.33462887,1356924,-3291,-4941,1650,-2.42479346,-3.64050577,1.21571231,2689,1.98124266,1356924,1356924,-8
"Davie County, North Carolina",Davie County,37059,00,37,059,42846,162.48352461519784,385,9.01544334,42846,406,9.50719479,42846,306,303,3,7.1655212,7.09527099,0.07025021,-21,-0.49175145,42846,42846,-2
"Morton County, North Dakota",Morton County,38059,00,38,059,31364,16.285477121193605,434,13.90535388,31364,290,9.29159591,31364,162,159,3,5.19047772,5.09435776,0.09611996,144,4.61375797,31364,31364,0
"Guernsey County, Ohio",Guernsey County,39059,00,39,059,38875,74.43698186,426,10.93906479,38875,462,11.8634928,38875,-98,-97,-1,-2.51649847,-2.49081992,-0.02567856,-36,-0.92442801,38875,38875,-2
"Harper County, Oklahoma",Harper County,40059,00,40,059,3688,3.5509895419388493,39,10.519217800000002,3688,52,14.02562374,3688,-25,-45,20,-6.74308833,-12.137559,5.39447067,-13,-3.50640593,3688,3688,-1
"Umatilla County, Oregon",Umatilla County,41059,00,41,059,77950,24.242337731224502,949,12.21592189,77950,665,8.56015601,77950,249,211,38,3.20523135,2.71607958,0.48915177,284,3.65576588,77950,77950,-4
"Greene County, Pennsylvania",Greene County,42059,00,42,059,36233,62.91189357611219,361,9.90479326,36233,430,11.79795319,36233,-361,-360,-1,-9.90479326,-9.87735616,-0.0274371,-69,-1.89315993,36233,36233,2
"Laurens County, South Carolina",Laurens County,45059,00,45,059,67493,94.55918018320006,783,11.65325971,67493,850,12.65040965,67493,670,621,49,9.97149937,9.24224046,0.72925891,-67,-0.99714994,67493,67493,0
"Hand County, South Dakota",Hand County,46059,00,46,059,3191,2.221139984810988,37,11.50676411,3191,28,8.70782149,3191,-59,-59,0,-18.34862385,-18.34862385,0,9,2.79894262,3191,3191,1
"Greene County, Tennessee",Greene County,47059,00,47,059,69069,111.01327713605792,665,9.62143627,69069,908,13.1372393,69069,153,144,9,2.21365376,2.08343883,0.13021493,-243,-3.51580303,69069,69069,-5
"Callahan County, Texas",Callahan County,48059,00,48,059,13943,15.503036582729084,143,10.23878567,13943,173,12.38678266,13943,-16,-21,5,-1.1455984,-1.50359789,0.35799949999999997,-30,-2.14799699,13943,13943,-1
"Fairfax County, Virginia",Fairfax County,51059,00,51,059,1147532,2934.811537,13769,11.99392856,1147532,5708,4.97213626,1147532,-9068,-14214,5146,-7.89897191,-12.38156006,4.48258816,8061,7.02179229,1147532,1147532,76
"Skamania County, Washington",Skamania County,53059,00,53,059,12083,7.286456247262074,99,8.24931256,12083,94,7.83268061,12083,158,154,4,13.16556954,12.83226398,0.33330556,5,0.41663195,12083,12083,1
"Mingo County, West Virginia",Mingo County,54059,00,54,059,23424,55.35761086557657,306,12.94553146,23424,372,15.73770492,23424,-361,-359,-2,-15.27234268,-15.18773136,-0.08461132,-66,-2.79217345,23424,23424,0
"Kenosha County, Wisconsin",Kenosha County,55059,00,55,059,169561,623.7415375441074,1831,10.81873159,169561,1369,8.08893695,169561,179,227,-48,1.05764771,1.34126274,-0.28361503,462,2.72979464,169561,169561,-6
"Guayanilla Municipio, Puerto Rico",Guayanilla Municipio,72059,00,72,059,17623,0,,,17623,,,17623,,,,,,,,,17623,17623,
"Bristol Bay Borough, Alaska",Bristol Bay Borough,02060,00,02,060,836,1.7345095694499415,8,9.32400932,836,7,8.15850816,836,-45,-46,1,-52.44755245,-53.61305361,1.16550117,1,1.16550117,836,836,0
"Geneva County, Alabama",Geneva County,01061,00,01,061,26271,45.73000935,278,10.57496624,26271,365,13.88439812,26271,55,62,-7,2.09216958,2.35844571,-0.26627613,-87,-3.30943188,26271,26271,-3
"Howard County, Arkansas",Howard County,05061,00,05,061,13202,22.430766949339297,172,12.97917296,13202,171,12.90371265,13202,-101,-99,-2,-7.6214911,-7.47057048,-0.15092062,1,0.07546031,13202,13202,0
"Placer County, California",Placer County,06061,00,06,061,398329,283.09018175540297,3721,9.41240155,398329,3480,8.8027835,398329,5766,5687,79,14.58530163,14.38546832,0.1998333,241,0.60961805,398329,398329,-8
"Kiowa County, Colorado",Kiowa County,08061,00,08,061,1406,0.7953348630600011,18,12.92639138,1406,11,7.8994614,1406,20,20,0,14.36265709,14.36265709,0,7,5.02692998,1406,1406,0
"Indian River County, Florida",Indian River County,12061,00,12,061,159923,318.0751345490624,1283,8.09182933,159923,2177,13.73025133,159923,3612,3407,205,22.78073854,21.487811800000003,1.29292674,-894,-5.638422,159923,159923,18
"Clay County, Georgia",Clay County,13061,00,13,061,2834,14.50328951452652,22,7.69499825,2834,35,12.24204267,2834,-36,-34,-2,-12.59181532,-11.89227002,-0.6995453,-13,-4.54704442,2834,2834,-1
"Lewis County, Idaho",Lewis County,16061,00,16,061,3838,8.015513043,34,8.86571056,3838,37,9.64797914,3838,10,7,3,2.60756193,1.82529335,0.78226858,-3,-0.78226858,3838,3838,-1
"Greene County, Illinois",Greene County,17061,00,17,061,12969,23.88225448,131,10.06376277,12969,153,11.75386034,12969,-75,-76,1,-5.76169624,-5.83851886,0.07682262,-22,-1.69009756,12969,12969,1
"Harrison County, Indiana",Harrison County,18061,00,18,061,40515,83.61960484501536,426,10.55382824,40515,368,9.11692205,40515,244,224,20,6.04491571,5.54943081,0.49548489,58,1.43690619,40515,40515,-1
"Dubuque County, Iowa",Dubuque County,19061,00,19,061,97311,159.97223303636147,1136,11.6972914,97311,907,9.33929868,97311,166,106,60,1.7092873,1.09147261,0.61781469,229,2.35799272,97311,97311,-6
"Geary County, Kansas",Geary County,20061,00,20,061,31670,82.33178892852156,851,26.40929756,31670,187,5.80321815,31670,-1769,-1793,24,-54.89782302,-55.64262107,0.74479805,664,20.60607941,31670,31670,-2
"Edmonson County, Kentucky",Edmonson County,21061,00,21,061,12150,40.114241565737366,112,9.18070413,12150,146,11.96770359,12150,-64,-59,-5,-5.24611664,-4.83626378,-0.40985286,-34,-2.78699947,12150,12150,-1
"Lincoln Parish, Louisiana",Lincoln Parish,22061,00,22,061,46742,99.08382031825246,516,10.99580199,46742,417,8.88614231,46742,-471,-556,85,-10.03686577,-11.84818974,1.81132397,99,2.10965968,46742,46742,2
"Houghton County, Michigan",Houghton County,26061,00,26,061,35684,35.36218341093118,358,9.99623047,35684,348,9.71700616,35684,-271,-335,64,-7.56697893,-9.35401455,1.78703562,10,0.27922431,35684,35684,2
"Itasca County, Minnesota",Itasca County,27061,00,27,061,45130,16.919593422636346,441,9.78033067,45130,502,11.13316552,45130,144,136,8,3.19357736,3.0161564,0.17742096,-61,-1.35283485,45130,45130,-4
"Jasper County, Mississippi",Jasper County,28061,00,28,061,16383,24.22659098230131,182,11.09485491,16383,186,11.33869788,16383,-37,-35,-2,-2.25554743,-2.13362594,-0.12192148,-4,-0.24384297,16383,16383,-1
"Daviess County, Missouri",Daviess County,29061,00,29,061,8278,14.696014178206251,117,14.08620275,8278,80,9.63159162,8278,-92,-92,0,-11.07633036,-11.07633036,0,37,4.45461112,8278,8278,-1
"Mineral County, Montana",Mineral County,30061,00,30,061,4397,3.605222756240715,37,8.50183824,4397,56,12.86764706,4397,110,112,-2,25.27573529,25.73529412,-0.45955882,-19,-4.36580882,4397,4397,-1
"Franklin County, Nebraska",Franklin County,31061,00,31,061,2979,5.173530036839509,35,11.68224299,2979,27,9.01201602,2979,-43,-43,0,-14.35246996,-14.35246996,0,8,2.67022697,2979,2979,1
"Valencia County, New Mexico",Valencia County,35061,00,35,061,76688,71.88978673993711,832,10.8763146,76688,699,9.13767297,76688,253,274,-21,3.30734086,3.58186322,-0.27452236,133,1.73864164,76688,76688,-3
"New York County, New York",New York County,36061,00,36,061,1628706,71874.14109892874,16968,10.41697043,1628706,12171,7.47200301,1628706,-5003,-11730,6727,-3.07143464,-7.20126492,4.12983027,4797,2.94496742,1628706,1628706,-143
"Duplin County, North Carolina",Duplin County,37061,00,37,061,58741,72.09617372374431,664,11.27985594,58741,593,10.07372677,58741,-321,-442,121,-5.45306289,-7.50857881,2.05551592,71,1.20612917,58741,58741,0
"Mountrail County, North Dakota",Mountrail County,38061,00,38,061,10545,5.777263735780155,186,17.89838337,10545,97,9.33410316,10545,217,188,29,20.88144727,18.09083911,2.79060816,89,8.56428022,10545,10545,0
"Hamilton County, Ohio",Hamilton County,39061,00,39,061,817473,2016.424645,10671,13.06985409,817473,7868,9.6367362,817473,-740,-1811,1071,-0.90635292,-2.21811506,1.31176213,2803,3.43311789,817473,817473,-35
"Haskell County, Oklahoma",Haskell County,40061,00,40,061,12627,21.894378220169763,120,9.50005938,12627,136,10.76673396,12627,9,3,6,0.71250445,0.23750148,0.47500297,-16,-1.26667458,12627,12627,-2
"Union County, Oregon",Union County,41061,00,41,061,26835,13.174169455678165,277,10.34817693,26835,280,10.46025105,26835,137,126,11,5.118051400000001,4.70711297,0.41093843,-3,-0.11207412,26835,26835,0
"Huntingdon County, Pennsylvania",Huntingdon County,42061,00,42,061,45144,51.613689685200434,354,7.81983455,45144,532,11.75184175,45144,-72,-107,35,-1.59047482,-2.36362231,0.77314748,-178,-3.9320072,45144,45144,-1
"Lee County, South Carolina",Lee County,45061,00,45,061,16828,41.02546143,165,9.67117988,16828,272,15.94279351,16828,-362,-364,2,-21.21798253,-21.33520896,0.11722642,-107,-6.27161362,16828,16828,3
"Hanson County, South Dakota",Hanson County,46061,00,46,061,3453,7.945480145868094,37,10.8552149,3453,9,2.64045768,3453,60,60,0,17.6030512,17.6030512,0,28,8.21475722,3453,3453,1
"Grundy County, Tennessee",Grundy County,47061,00,47,061,13427,37.251272645038355,158,11.80205415,13427,177,13.22128852,13427,97,97,0,7.24556489,7.24556489,0,-19,-1.41923436,13427,13427,1
"Cameron County, Texas",Cameron County,48061,00,48,061,423163,474.58866797876544,6202,14.67404549,423163,2788,6.59645902,423163,-2396,-2407,11,-5.66897984,-5.69500605,0.0260262,3414,8.07758647,423163,423163,6
"Fauquier County, Virginia",Fauquier County,51061,00,51,061,71222,109.9094585893552,727,10.24925281,71222,605,8.52929566,71222,465,453,12,6.55557435,6.38639824,0.16917611,122,1.71995714,71222,71222,-7
"Snohomish County, Washington",Snohomish County,53061,00,53,061,822083,393.99644060740417,9993,12.22279166,822083,5850,7.15534186,822083,4871,2641,2230,5.95789234,3.23030049,2.72759185,4143,5.0674498,822083,822083,10
"Monongalia County, West Virginia",Monongalia County,54061,00,54,061,105612,293.2925509055032,1071,10.13902103,105612,731,6.9202842,105612,-377,-362,-15,-3.56901114,-3.42700804,-0.1420031,340,3.21873684,105612,105612,-2
"Kewaunee County, Wisconsin",Kewaunee County,55061,00,55,061,20434,59.66932078983141,196,9.60101888,20434,192,9.40507972,20434,36,8,28,1.76345245,0.39187832,1.37157413,4,0.19593916,20434,20434,-1
"Guaynabo Municipio, Puerto Rico",Guaynabo Municipio,72061,00,72,061,83728,0,,,83728,,,83728,,,,,,,,,83728,83728,
"Greene County, Alabama",Greene County,01063,00,01,063,8111,12.535874468649896,96,11.76470588,8111,93,11.39705882,8111,-101,-101,0,-12.37745098,-12.37745098,0,3,0.36764706,8111,8111,0
"Independence County, Arkansas",Independence County,05063,00,05,063,37825,49.50755653038214,513,13.5726853,37825,430,11.37671478,37825,-24,-17,-7,-0.63497943,-0.4497771,-0.18520233,83,2.19597053,37825,37825,-2
"Plumas County, California",Plumas County,06063,00,06,063,18807,7.366447863477367,157,8.36262917,18807,213,11.34547779,18807,123,126,-3,6.55161393,6.7114094,-0.15979546,-56,-2.98284862,18807,18807,-1
"Kit Carson County, Colorado",Kit Carson County,08063,00,08,063,7097,3.284398961666982,78,10.94276094,7097,74,10.38159371,7097,-67,-75,8,-9.39955107,-10.52188552,1.12233446,4,0.56116723,7097,7097,1
"Jackson County, Florida",Jackson County,12063,00,12,063,46414,50.550193028120496,502,10.62141633,46414,636,13.45661511,46414,-1577,-1606,29,-33.36648118,-33.98006898,0.6135878,-134,-2.83519878,46414,46414,13
"Clayton County, Georgia",Clayton County,13063,00,13,063,292256,2062.805042503718,4074,14.01317045,292256,1852,6.37024833,292256,831,408,423,2.85835657,1.40338084,1.45497572,2222,7.64292213,292256,292256,6
"Lincoln County, Idaho",Lincoln County,16063,00,16,063,5366,4.466590953822312,66,12.26309922,5366,41,7.61798588,5366,-55,-78,23,-10.21924935,-14.49275362,4.27350427,25,4.64511334,5366,5366,-2
"Grundy County, Illinois",Grundy County,17063,00,17,063,51054,122.10203718040168,576,11.29112882,51054,405,7.93907495,51054,-91,-99,8,-1.78384153,-1.94066277,0.15682123,171,3.35205387,51054,51054,1
"Hendricks County, Indiana",Hendricks County,18063,00,18,063,170311,418.5640151778793,1731,10.26632544,170311,1139,6.755253999999999,170311,2812,2539,273,16.67758934,15.05846349,1.61912585,592,3.51107144,170311,170311,-1
"Emmet County, Iowa",Emmet County,19063,00,19,063,9208,23.259008529651663,104,11.25236678,9208,108,11.68515012,9208,-64,-69,5,-6.92453341,-7.46551258,0.54097917,-4,-0.43278334,9208,9208,-1
"Gove County, Kansas",Gove County,20063,00,20,063,2636,2.459721836678461,27,10.2915952,2636,35,13.34095674,2636,35,33,2,13.34095674,12.57861635,0.76234038,-8,-3.04936154,2636,2636,-2
"Elliott County, Kentucky",Elliott County,21063,00,21,063,7517,32.080246376944665,68,9.05700586,7517,70,9.32338839,7517,20,20,0,2.66382525,2.66382525,0,-2,-0.26638253,7517,7517,0
"Livingston Parish, Louisiana",Livingston Parish,22063,00,22,063,140789,217.20879017401285,1788,12.76308698,140789,1170,8.35168443,140789,773,780,-7,5.51782228,5.56778962,-0.04996734,618,4.41140255,140789,140789,4
"Huron County, Michigan",Huron County,26063,00,26,063,30981,37.05766280035408,310,9.96912786,30981,445,14.31052225,30981,-92,-103,11,-2.95857988,-3.31232313,0.35374325,-135,-4.34139439,30981,30981,-3
"Jackson County, Minnesota",Jackson County,27063,00,27,063,9846,14.006244412848073,98,9.92857505,9846,109,11.04300694,9846,-38,-45,7,-3.84985563,-4.55903956,0.70918393,-11,-1.11443189,9846,9846,0
"Jefferson County, Mississippi",Jefferson County,28063,00,28,063,6990,13.444037178009866,81,11.50323085,6990,80,11.36121565,6990,-104,-104,0,-14.76958035,-14.76958035,0,1,0.1420152,6990,6990,0
"DeKalb County, Missouri",DeKalb County,29063,00,29,063,12547,29.777552450024075,98,7.8206049,12547,114,9.09743835,12547,49,54,-5,3.91030245,4.3093129,-0.39901045,-16,-1.27683345,12547,12547,-1
"Missoula County, Montana",Missoula County,30063,00,30,063,119600,46.124019804226826,1131,9.49462727,119600,887,7.44627267,119600,715,603,112,6.00235057,5.06212223,0.94022834,244,2.0483546,119600,119600,1
"Frontier County, Nebraska",Frontier County,31063,00,31,063,2627,2.6953782790078806,24,9.18308781,2627,15,5.73942988,2627,17,17,0,6.5046872,6.5046872,0,9,3.44365793,2627,2627,1
"Niagara County, New York",Niagara County,36063,00,36,063,209281,400.65063741575506,2067,9.85832532,209281,2382,11.36068259,209281,-458,-519,61,-2.18437978,-2.47531245,0.29093268,-315,-1.50235727,209281,209281,-6
"Durham County, North Carolina",Durham County,37063,00,37,063,321488,1122.178464033416,4186,13.11265892,321488,2235,7.00114493,321488,2552,1176,1376,7.99414848,3.68382391,4.31032457,1951,6.11151399,321488,321488,6
"Nelson County, North Dakota",Nelson County,38063,00,38,063,2879,2.932324128136303,23,7.98056905,2879,50,17.34906315,2879,22,-3,25,7.63358779,-1.04094379,8.67453158,-27,-9.3684941,2879,2879,-1
"Hancock County, Ohio",Hancock County,39063,00,39,063,75783,142.63018086481566,881,11.61479997,75783,722,9.51859884,75783,-296,-394,98,-3.90236185,-5.19436003,1.29199818,159,2.09620113,75783,75783,0
"Hughes County, Oklahoma",Hughes County,40063,00,40,063,13279,16.506209844648428,156,11.73638279,13279,170,12.78964791,13279,-12,-15,3,-0.90279868,-1.12849834,0.22569967,-14,-1.05326512,13279,13279,0
"Wallowa County, Oregon",Wallowa County,41063,00,41,063,7208,2.2912384171036275,61,8.55180149,7208,71,9.95373616,7208,160,160,0,22.43095472,22.43095472,0,-10,-1.40193467,7208,7208,0
"Indiana County, Pennsylvania",Indiana County,42063,00,42,063,84073,101.62178764371777,760,9.02002208,84073,896,10.63413129,84073,-231,-281,50,-2.74161197,-3.33503448,0.5934225000000001,-136,-1.61410921,84073,84073,-1
"Lexington County, South Carolina",Lexington County,45063,00,45,063,298750,427.4010573258374,3191,10.7604114,298750,2555,8.61574777,298750,3770,3398,372,12.71286461,11.45843871,1.2544258999999998,636,2.14466363,298750,298750,-6
"Harding County, South Dakota",Harding County,46063,00,46,063,1298,0.4858567074873051,16,12.54901961,1298,6,4.70588235,1298,35,35,0,27.45098039,27.45098039,0,10,7.84313725,1298,1298,1
"Hamblen County, Tennessee",Hamblen County,47063,00,47,063,64934,402.84410691884153,780,12.04047452,64934,724,11.17603019,64934,253,194,59,3.90543597,2.99468212,0.91075384,56,0.86444432,64934,64934,-4
"Camp County, Texas",Camp County,48063,00,48,063,13094,66.85809925462034,178,13.65187713,13094,131,10.047168,13094,65,45,20,4.98523603,3.45131725,1.53391878,47,3.60470913,13094,13094,-1
"Floyd County, Virginia",Floyd County,51063,00,51,063,15749,41.34432979118865,144,9.13155141,15749,192,12.17540188,15749,9,15,-6,0.57072196,0.95120327,-0.38048131,-48,-3.04385047,15749,15749,-2
"Spokane County, Washington",Spokane County,53063,00,53,063,522798,296.38857178764664,5880,11.34695933,522798,4799,9.26089419,522798,8083,7594,489,15.59820957,14.65455938,0.94365019,1081,2.08606514,522798,522798,31
"Monroe County, West Virginia",Monroe County,54063,00,54,063,13275,28.080152354905024,111,8.35717512,13275,167,12.57340762,13275,42,43,-1,3.16217437,3.23746424,-0.07528987,-56,-4.2162325,13275,13275,0
"La Crosse County, Wisconsin",La Crosse County,55063,00,55,063,118016,261.2307724940151,1160,9.82813473,118016,997,8.44711235,118016,-183,-172,-11,-1.55047298,-1.45727515,-0.09319783,163,1.38102238,118016,118016,-5
"Gurabo Municipio, Puerto Rico",Gurabo Municipio,72063,00,72,063,47093,0,,,47093,,,47093,,,,,,,,,47093,47093,
"Hale County, Alabama",Hale County,01065,00,01,065,14651,22.750470046757307,190,12.92517007,14651,181,12.31292517,14651,-106,-103,-3,-7.21088435,-7.00680272,-0.20408163,9,0.6122449000000001,14651,14651,-1
"Izard County, Arkansas",Izard County,05065,00,05,065,13629,23.47418095439735,119,8.74646283,13629,188,13.81794127,13629,115,113,2,8.45246408,8.3054647,0.14699938,-69,-5.07147845,13629,13629,1
"Riverside County, California",Riverside County,06065,00,06,065,2470546,342.70321903454095,29482,11.99348702,2470546,18148,7.38273531,2470546,13473,13170,303,5.4809121,5.35764955,0.12326255,11334,4.61075171,2470546,2470546,-50
"Lake County, Colorado",Lake County,08065,00,08,065,8127,21.56165793476807,86,10.76817129,8127,28,3.50591623,8127,220,220,0,27.54648469,27.54648469,0,58,7.26225506,8127,8127,3
"Jefferson County, Florida",Jefferson County,12065,00,12,065,14246,23.819664619429656,122,8.54132391,14246,146,10.22158435,14246,-50,-56,6,-3.50054258,-3.92060769,0.42006511,-24,-1.68026044,14246,14246,-1
"Clinch County, Georgia",Clinch County,13065,00,13,065,6618,8.120287967623488,83,12.55578247,6618,57,8.62264579,6618,-10,-18,8,-1.51274488,-2.72294078,1.2101959,26,3.93313668,6618,6618,-1
"Madison County, Idaho",Madison County,16065,00,16,065,39907,85.04111128438637,1108,27.99110752,39907,141,3.56204527,39907,-317,-305,-12,-8.00828618,-7.70513339,-0.30315279,967,24.42906225,39907,39907,-4
"Hamilton County, Illinois",Hamilton County,17065,00,17,065,8116,18.67260681146027,78,9.59173635,8116,102,12.54303984,8116,-7,-7,0,-0.86079685,-0.86079685,0,-24,-2.95130349,8116,8116,-1
"Henry County, Indiana",Henry County,18065,00,18,065,47972,122.41510927984058,448,9.32333018,47972,549,11.42524167,47972,-56,-60,4,-1.16541627,-1.24866029,0.08324402,-101,-2.10191149,47972,47972,-2
"Fayette County, Iowa",Fayette County,19065,00,19,065,19650,26.88723716938456,214,10.88255486,19650,228,11.5944977,19650,-14,-27,13,-0.71194284,-1.37303262,0.66108978,-14,-0.71194284,19650,19650,-1
"Graham County, Kansas",Graham County,20065,00,20,065,2482,2.7622989967370772,19,7.66592697,2482,38,15.33185394,2482,27,24,3,10.8936857,9.68327618,1.21040952,-19,-7.66592697,2482,2482,-1
"Estill County, Kentucky",Estill County,21065,00,21,065,14106,55.73427474305404,139,9.83861835,14106,187,13.23612684,14106,5,4,1,0.35390713,0.28312571,0.07078143,-48,-3.39750849,14106,14106,-1
"Madison Parish, Louisiana",Madison Parish,22065,00,22,065,10951,17.538307635838635,151,13.6361584,10951,150,13.54585271,10951,-247,-247,0,-22.30550413,-22.30550413,0,1,0.09030568,10951,10951,1
"Ingham County, Michigan",Ingham County,26065,00,26,065,292406,525.8504415272118,3181,10.89349986,292406,2246,7.69154375,292406,-143,-1437,1294,-0.48971093,-4.9210812,4.43137027,935,3.2019561000000003,292406,292406,2
"Kanabec County, Minnesota",Kanabec County,27065,00,27,065,16337,31.31948942985663,180,11.04870638,16337,142,8.7162017,16337,53,44,9,3.25323021,2.70079489,0.55243532,38,2.33250468,16337,16337,0
"Jefferson Davis County, Mississippi",Jefferson Davis County,28065,00,28,065,11128,27.244700153287827,124,11.09967328,11128,159,14.23264557,11128,-50,-49,-1,-4.47567471,-4.38616121,-0.08951349,-35,-3.1329723,11128,11128,-2
"Dent County, Missouri",Dent County,29065,00,29,065,15573,20.68784992351153,174,11.18251928,15573,184,11.825192800000002,15573,37,31,6,2.37789203,1.99228792,0.38560411,-10,-0.64267352,15573,15573,-1
"Musselshell County, Montana",Musselshell County,30065,00,30,065,4633,2.478921885051312,41,8.85051268,4633,70,15.11063141,4633,29,26,3,6.26011873,5.61252024,0.64759849,-29,-6.26011873,4633,4633,1
"Furnas County, Nebraska",Furnas County,31065,00,31,065,4676,6.502286447252491,56,11.94411859,4676,55,11.73083076,4676,-27,-27,0,-5.75877146,-5.75877146,0,1,0.21328783,4676,4676,1
"Oneida County, New York",Oneida County,36065,00,36,065,228671,188.6209779011305,2482,10.83499765,228671,2490,10.86992109,228671,-795,-1058,263,-3.47051698,-4.61862511,1.14810813,-8,-0.03492344,228671,228671,0
"Edgecombe County, North Carolina",Edgecombe County,37065,00,37,065,51472,101.83748082435108,589,11.38648314,51472,634,12.25641819,51472,-468,-484,16,-9.04732447,-9.3566347,0.30931024,-45,-0.86993504,51472,51472,1
"Oliver County, North Dakota",Oliver County,38065,00,38,065,1959,2.711779264821011,22,11.2704918,1959,6,3.07377049,1959,-1,-1,0,-0.51229508,-0.51229508,0,16,8.19672131,1959,1959,-1
"Hardin County, Ohio",Hardin County,39065,00,39,065,31365,66.69009046071308,374,11.91405317,31365,327,10.41683258,31365,-101,-100,-1,-3.21743147,-3.18557571,-0.03185576,47,1.49722059,31365,31365,1
"Jackson County, Oklahoma",Jackson County,40065,00,40,065,24530,30.561167272212952,359,14.5624176,24530,215,8.72122503,24530,-389,-434,45,-15.77933272,-17.60470541,1.82537268,144,5.84119258,24530,24530,0
"Wasco County, Oregon",Wasco County,41065,00,41,065,26682,11.205578188173623,299,11.25880182,26682,299,11.25880182,26682,251,248,3,9.45136875,9.33840419,0.11296457,0,0,26682,26682,-1
"Jefferson County, Pennsylvania",Jefferson County,42065,00,42,065,43425,66.55831736,459,10.54699617,43425,519,11.92568848,43425,-128,-128,0,-2.94121026,-2.94121026,0,-60,-1.37869231,43425,43425,-1
"McCormick County, South Carolina",McCormick County,45065,00,45,065,9463,26.34985434582747,53,5.61708442,9463,153,16.215356900000003,9463,156,157,-1,16.53330507,16.639287799999998,-0.10598272,-100,-10.59827248,9463,9463,-1
"Hughes County, South Dakota",Hughes County,46065,00,46,065,17526,23.635011386366106,228,12.95123406,17526,161,9.14538896,17526,-225,-223,-2,-12.78082309,-12.66721577,-0.11360732,67,3.8058451,17526,17526,1
"Hamilton County, Tennessee",Hamilton County,47065,00,47,065,367804,678.1466599865948,4213,11.50940381,367804,3718,10.15712399,367804,3006,2595,411,8.21202655,7.08922452,1.12280203,495,1.35227982,367804,367804,10
"Carson County, Texas",Carson County,48065,00,48,065,5926,6.439660391554678,43,7.20690522,5926,55,9.21813458,5926,-68,-68,0,-11.3969664,-11.3969664,0,-12,-2.01122936,5926,5926,-1
"Fluvanna County, Virginia",Fluvanna County,51065,00,51,065,27270,94.97859965604692,290,10.70742874,27270,213,7.8644218,27270,296,292,4,10.92896175,10.78127308,0.14768867,77,2.84300694,27270,27270,-1
"Stevens County, Washington",Stevens County,53065,00,53,065,45723,18.456077909922048,434,9.54402014,45723,488,10.73152495,45723,554,557,-3,12.18291972,12.24889221,-0.06597249,-54,-1.18750481,45723,45723,-1
"Morgan County, West Virginia",Morgan County,54065,00,54,065,17884,78.07129242304433,153,8.56806854,17884,219,12.26409811,17884,121,129,-8,6.77605421,7.22405779,-0.44800358,-66,-3.69602957,17884,17884,-1
"Lafayette County, Wisconsin",Lafayette County,55065,00,55,065,16665,26.302580961256393,206,12.35864055,16665,152,9.11899691,16665,-61,-67,6,-3.65959744,-4.01955785,0.3599604,54,3.23964364,16665,16665,0
"Hatillo Municipio, Puerto Rico",Hatillo Municipio,72065,00,72,065,39218,0,,,39218,,,39218,,,,,,,,,39218,39218,
"Henry County, Alabama",Henry County,01067,00,01,067,17205,30.627486699123843,167,9.71551574,17205,213,12.39164582,17205,78,79,-1,4.53778579,4.59596253,-0.05817674,-46,-2.67613008,17205,17205,0
"Jackson County, Arkansas",Jackson County,05067,00,05,067,16719,26.377455239547174,187,11.17351816,16719,206,12.30879541,16719,-14,-12,-2,-0.83652008,-0.71701721,-0.11950287,-19,-1.13527725,16719,16719,-1
"Sacramento County, California",Sacramento County,06067,00,06,067,1552058,1607.9350176921478,19192,12.41877518,1552058,12368,8.00309563,1552058,6498,3456,3042,4.2047312,2.23631133,1.96841987,6824,4.41567954,1552058,1552058,-10
"La Plata County, Colorado",La Plata County,08067,00,08,067,56221,33.27313184,472,8.38961962,56221,367,6.52328475,56221,-180,-169,-11,-3.19943121,-3.00391042,-0.1955208,105,1.86633487,56221,56221,-3
"Lafayette County, Florida",Lafayette County,12067,00,12,067,8422,15.500288469315311,63,7.36282358,8422,77,8.9990066,8422,-259,-254,-5,-30.26938585,-29.68503477,-0.58435108,-14,-1.63618302,8422,8422,4
"Cobb County, Georgia",Cobb County,13067,00,13,067,760141,2237.089696,9155,12.07615563,760141,4719,6.2247273000000005,760141,-360,-2114,1754,-0.47486794,-2.78853009,2.31366215,4436,5.85142833,760141,760141,-5
"Minidoka County, Idaho",Minidoka County,16067,00,16,067,21039,27.792752515778723,308,14.75166435,21039,179,8.57320753,21039,191,188,3,9.1479477,9.00426266,0.14368504,129,6.17845682,21039,21039,0
"Hancock County, Illinois",Hancock County,17067,00,17,067,17708,22.309337656258975,178,10.01800991,17708,198,11.143629,17708,-100,-102,2,-5.62809545,-5.74065736,0.11256191,-20,-1.12561909,17708,17708,0
"Howard County, Indiana",Howard County,18067,00,18,067,82544,281.6488517568783,946,11.48051286,82544,950,11.52905626,82544,298,261,37,3.61648291,3.16745651,0.4490264,-4,-0.04854339,82544,82544,-7
"Floyd County, Iowa",Floyd County,19067,00,19,067,15642,31.246454287990257,187,11.91310441,15642,180,11.46715933,15642,-118,-113,-5,-7.51736001,-7.1988278,-0.3185322,7,0.44594509,15642,15642,1
"Grant County, Kansas",Grant County,20067,00,20,067,7150,12.438935170167095,108,14.95430629,7150,34,4.70783716,7150,-219,-210,-9,-30.32400997,-29.07781778,-1.24619219,74,10.24646912,7150,7150,1
"Fayette County, Kentucky",Fayette County,21067,00,21,067,323152,1139.3160319562326,3841,11.89941417,323152,2405,7.450687599999999,323152,-701,-943,242,-2.1716973,-2.92141306,0.74971576,1436,4.44872657,323152,323152,-9
"Morehouse Parish, Louisiana",Morehouse Parish,22067,00,22,067,24874,31.29079135288713,330,13.14793418,24874,346,13.78540978,24874,-435,-434,-1,-17.33136778,-17.29152556,-0.03984222,-16,-0.6374756,24874,24874,1
"Ionia County, Michigan",Ionia County,26067,00,26,067,64697,113.24134907323328,707,10.963535,64697,550,8.52891691,64697,264,259,5,4.09388011,4.01634451,0.07753561,157,2.4346181,64697,64697,0
"Kandiyohi County, Minnesota",Kandiyohi County,27067,00,27,067,43199,54.17602736003662,568,13.1925815,43199,370,8.59375907,43199,93,-100,193,2.16005296,-2.32263759,4.48269054,198,4.59882242,43199,43199,-2
"Jones County, Mississippi",Jones County,28067,00,28,067,68098,98.00928706112504,883,12.95728352,68098,813,11.9300923,68098,-166,-186,20,-2.43591061,-2.72939381,0.29348321,70,1.02719122,68098,68098,-2
"Douglas County, Missouri",Douglas County,29067,00,29,067,13185,16.205291948831846,155,11.67872212,13185,180,13.56238698,13185,-149,-142,-7,-11.22664256,-10.6992164,-0.52742616,-25,-1.88366486,13185,13185,0
"Park County, Montana",Park County,30067,00,30,067,16606,5.925486189074076,154,9.26204366,16606,166,9.98376135,16606,-28,-24,-4,-1.68400794,-1.44343538,-0.24057256,-12,-0.72171769,16606,16606,-2
"Gage County, Nebraska",Gage County,31067,00,31,067,21513,25.265967740154977,228,10.60267857,21513,255,11.85825893,21513,47,46,1,2.18563988,2.1391369,0.04650298,-27,-1.25558036,21513,21513,-2
"Onondaga County, New York",Onondaga County,36067,00,36,067,460528,591.6439840907614,4952,10.73980375,460528,4214,9.13924333,460528,-1865,-2707,842,-4.04477665,-5.8708903,1.82611364,738,1.60056041,460528,460528,6
"Forsyth County, North Carolina",Forsyth County,37067,00,37,067,382295,937.4352973909274,4356,11.44041255,382295,3339,8.76940714,382295,2067,1734,333,5.42868061,4.55410362,0.87457699,1017,2.67100541,382295,382295,-5
"Pembina County, North Dakota",Pembina County,38067,00,38,067,6801,6.079498186913895,70,10.22196262,6801,84,12.26635514,6801,-80,-94,14,-11.68224299,-13.72663551,2.04439252,-14,-2.04439252,6801,6801,0
"Harrison County, Ohio",Harrison County,39067,00,39,067,15040,37.38215040765849,144,9.53421392,15040,203,13.44059324,15040,-68,-69,1,-4.50226769,-4.56847751,0.06620982,-59,-3.90637932,15040,15040,0
"Jefferson County, Oklahoma",Jefferson County,40067,00,40,067,6002,7.908235716274959,61,10.07598282,6002,83,13.70994384,6002,-82,-83,1,-13.54476379,-13.70994384,0.16518005,-22,-3.63396102,6002,6002,0
"Washington County, Oregon",Washington County,41067,00,41,067,601592,830.6144735564736,6611,11.03216031,601592,3582,5.97749179,601592,1671,478,1193,2.78849491,0.79766641,1.99082851,3029,5.05466852,601592,601592,-12
"Juniata County, Pennsylvania",Juniata County,42067,00,42,067,24763,63.26933635865677,276,11.15579717,24763,252,10.18572786,24763,23,9,14,0.92964976,0.36377599,0.56587377,24,0.97006932,24763,24763,-2
"Marion County, South Carolina",Marion County,45067,00,45,067,30657,62.660180392862806,341,11.05115616,30657,444,14.38918866,30657,-296,-302,6,-9.59279244,-9.78724094,0.1944485,-103,-3.33803251,30657,30657,0
"Hutchinson County, South Dakota",Hutchinson County,46067,00,46,067,7291,8.967872911,109,14.9345756,7291,94,12.87935877,7291,-29,-30,1,-3.9734192,-4.11043365,0.13701446,15,2.05521683,7291,7291,-1
"Hancock County, Tennessee",Hancock County,47067,00,47,067,6620,29.776382175803025,68,10.317881800000002,6620,93,14.1112207,6620,83,82,1,12.59388514,12.44215158,0.15173356,-25,-3.7933389,6620,6620,1
"Cass County, Texas",Cass County,48067,00,48,067,30026,32.04599287302244,302,10.04456862,30026,405,13.4703652,30026,24,18,6,0.79824386,0.5986829,0.19956097,-103,-3.42579658,30026,30026,-1
"Franklin County, Virginia",Franklin County,51067,00,51,067,56042,81.14712439151286,456,8.12595226,56042,681,12.13546818,56042,80,95,-15,1.42560566,1.69290672,-0.26730106,-225,-4.00951592,56042,56042,-4
"Thurston County, Washington",Thurston County,53067,00,53,067,290536,402.1315907699695,3135,10.87424036,290536,2377,8.2449982,290536,3713,3351,362,12.87912423,11.62347032,1.25565391,758,2.62924217,290536,290536,9
"Nicholas County, West Virginia",Nicholas County,54067,00,54,067,24496,37.86988837726911,245,9.93290223,24496,352,14.27094525,24496,-232,-233,1,-9.40585028,-9.44639273,0.04054246,-107,-4.33804302,24496,24496,0
"Langlade County, Wisconsin",Langlade County,55067,00,55,067,19189,22.03863258832257,188,9.78529603,19189,236,12.28366949,19189,3,-6,9,0.15614834,-0.31229668,0.46844502,-48,-2.49837345,19189,19189,-2
"Hormigueros Municipio, Puerto Rico",Hormigueros Municipio,72067,00,72,067,15518,0,,,15518,,,15518,,,,,,,,,15518,15518,
"Denali Borough, Alaska",Denali Borough,02068,00,02,068,2097,0.16594179647870735,14,6.78130298,2097,9,4.35940906,2097,59,51,8,28.57834827,24.70331799,3.87503027,5,2.42189392,2097,2097,1
"Houston County, Alabama",Houston County,01069,00,01,069,105882,182.60057890456116,1304,12.38060878,105882,1137,10.79505535,105882,947,936,11,8.99113229,8.88669464,0.10443765,167,1.58555342,105882,105882,-2
"Jefferson County, Arkansas",Jefferson County,05069,00,05,069,66824,76.80457767,788,11.68350742,66824,827,12.26175208,66824,-1208,-1214,6,-17.91075757,-17.99971829,0.08896072,-39,-0.57824466,66824,66824,4
"San Benito County, California",San Benito County,06069,00,06,069,62808,45.22948699849171,774,12.45624623,62808,324,5.21424261,62808,888,926,-38,14.29088715,14.90243412,-0.61154697,450,7.24200362,62808,62808,3
"Larimer County, Colorado",Larimer County,08069,00,08,069,356899,137.49228919857646,3337,9.43242896,356899,2295,6.48709154,356899,5175,4638,537,14.62775542,13.1098608,1.51789462,1042,2.94533742,356899,356899,22
"Lake County, Florida",Lake County,12069,00,12,069,367118,386.13205789764834,3388,9.36121066,367118,4431,12.24307096,367118,11377,11162,215,31.43521064,30.84115507,0.59405558,-1043,-2.88186031,367118,367118,64
"Coffee County, Georgia",Coffee County,13069,00,13,069,43273,73.06502937039991,592,13.71513298,43273,411,9.52182374,43273,36,37,-1,0.83402836,0.85719581,-0.02316745,181,4.19330924,43273,43273,1
"Nez Perce County, Idaho",Nez Perce County,16069,00,16,069,40408,47.63294429005153,457,11.33095309,40408,452,11.20698205,40408,150,170,-20,3.71913121,4.21501537,-0.49588416,5,0.12397104,40408,40408,-3
"Hardin County, Illinois",Hardin County,17069,00,17,069,3821,21.540244696120325,31,8.03733472,3821,65,16.85247602,3821,-38,-38,0,-9.85221675,-9.85221675,0,-34,-8.8151413,3821,3821,0
"Huntington County, Indiana",Huntington County,18069,00,18,069,36520,95.43991149922316,411,11.29695037,36520,390,10.71973393,36520,258,238,20,7.09151629,6.54178635,0.54972995,21,0.57721644,36520,36520,-2
"Franklin County, Iowa",Franklin County,19069,00,19,069,10070,17.30322933,117,11.61002233,10070,107,10.61771273,10070,-25,-31,6,-2.480774,-3.07615976,0.59538576,10,0.9923096,10070,10070,0
"Gray County, Kansas",Gray County,20069,00,20,069,5988,6.891730293876081,94,15.58355438,5988,41,6.79708223,5988,-143,-159,16,-23.70689655,-26.35941645,2.65251989,53,8.78647215,5988,5988,2
"Fleming County, Kentucky",Fleming County,21069,00,21,069,14581,41.83390060086025,199,13.69297461,14581,161,11.07823574,14581,59,59,0,4.05972614,4.05972614,0,38,2.61473887,14581,14581,-1
"Natchitoches Parish, Louisiana",Natchitoches Parish,22069,00,22,069,38158,30.47094823044197,468,12.19162737,38158,398,10.36809336,38158,-528,-551,23,-13.75465652,-14.3538177,0.59916117,70,1.82353401,38158,38158,0
"Iosco County, Michigan",Iosco County,26069,00,26,069,25127,45.759970904324625,233,9.27732431,25127,385,15.32948437,25127,178,182,-4,7.08739797,7.24666534,-0.15926737,-152,-6.05216006,25127,25127,-2
"Kittson County, Minnesota",Kittson County,27069,00,27,069,4298,3.911489280769864,66,15.40975951,4298,52,12.14102265,4298,17,14,3,3.96918048,3.26873687,0.70044361,14,3.26873687,4298,4298,-1
"Kemper County, Mississippi",Kemper County,28069,00,28,069,9742,12.714988418826472,90,9.24261874,9742,113,11.60462131,9742,33,33,0,3.38896021,3.38896021,0,-23,-2.36200257,9742,9742,-1
"Dunklin County, Missouri",Dunklin County,29069,00,29,069,29131,53.83678940811852,357,12.18242932,29131,447,15.25362999,29131,-258,-287,29,-8.80410858,-9.79371769,0.9896091,-90,-3.07120067,29131,29131,1
"Petroleum County, Montana",Petroleum County,30069,00,30,069,487,0.29414880043518793,2,4.004004,487,8,16.01601602,487,-19,-19,0,-38.03803804,-38.03803804,0,-6,-12.01201201,487,487,0
"Garden County, Nebraska",Garden County,31069,00,31,069,1837,1.0771377962554034,19,10.19586799,1837,18,9.65924336,1837,-54,-54,0,-28.97773008,-28.97773008,0,1,0.53662463,1837,1837,0
"Ontario County, New York",Ontario County,36069,00,36,069,109777,170.44803058345676,979,8.9196638,109777,1079,9.83076327,109777,148,106,42,1.34842721,0.96576544,0.38266178,-100,-0.91109947,109777,109777,-9
"Franklin County, North Carolina",Franklin County,37069,00,37,069,69685,141.69365838063615,725,10.56004661,69685,642,9.35110334,69685,1970,1867,103,28.69419562,27.19394072,1.5002548999999998,83,1.20894327,69685,69685,7
"Pierce County, North Dakota",Pierce County,38069,00,38,069,3975,3.9036233057215486,41,10.19266625,3975,55,13.67308888,3975,-82,-82,0,-20.3853325,-20.3853325,0,-14,-3.48042262,3975,3975,1
"Henry County, Ohio",Henry County,39069,00,39,069,27006,64.91667387406659,313,11.5718062,27006,262,9.68630423,27006,-137,-137,0,-5.06497588,-5.06497588,0,51,1.88550197,27006,27006,1
"Johnston County, Oklahoma",Johnston County,40069,00,40,069,11085,17.238194935301472,130,11.76204479,11085,147,13.30015834,11085,84,83,1,7.60009048,7.50961321,0.09047727,-17,-1.53811355,11085,11085,-2
"Wheeler County, Oregon",Wheeler County,41069,00,41,069,1332,0.7762140579988914,10,7.45434215,1332,18,13.41781588,1332,-11,-11,0,-8.19977637,-8.19977637,0,-8,-5.96347372,1332,1332,0
"Lackawanna County, Pennsylvania",Lackawanna County,42069,00,42,069,209674,457.0334240646481,2037,9.70131661,209674,2530,12.0492543,209674,-94,-489,395,-0.4476798,-2.32888749,1.88120769,-493,-2.3479377,209674,209674,-8
"Marlboro County, South Carolina",Marlboro County,45069,00,45,069,26118,54.42681552478956,270,10.28375548,26118,310,11.8072748,26118,-233,-234,1,-8.8745001,-8.91258808,0.03808798,-40,-1.52351933,26118,26118,-1
"Hyde County, South Dakota",Hyde County,46069,00,46,069,1301,1.5116843652645655,18,13.99688958,1301,9,6.99844479,1301,21,21,0,16.32970451,16.32970451,0,9,6.99844479,1301,1301,0
"Hardeman County, Tennessee",Hardeman County,47069,00,47,069,25050,37.514420301810596,218,8.66351389,25050,289,11.48511704,25050,-155,-155,0,-6.15983786,-6.15983786,0,-71,-2.82160315,25050,25050,0
"Castro County, Texas",Castro County,48069,00,48,069,7530,8.418633412712396,104,13.75843366,7530,57,7.54067998,7530,-105,-129,24,-13.89072629,-17.06574944,3.17502315,47,6.21775367,7530,7530,0
"Frederick County, Virginia",Frederick County,51069,00,51,069,89313,216.16593838468535,949,10.6938012,89313,755,8.50771328,89313,946,943,3,10.65999572,10.62619023,0.03380548,194,2.18608792,89313,89313,0
"Wahkiakum County, Washington",Wahkiakum County,53069,00,53,069,4488,17.06974902163613,33,7.4132315,4488,46,10.33359542,4488,87,83,4,19.54397394,18.64540043,0.89857351,-13,-2.92036392,4488,4488,-1
"Ohio County, West Virginia",Ohio County,54069,00,54,069,41411,391.2966234928677,401,9.64916502,41411,586,14.10077482,41411,-107,-92,-15,-2.57471486,-2.21377352,-0.36094134,-185,-4.4516098,41411,41411,-2
"Lincoln County, Wisconsin",Lincoln County,55069,00,55,069,27593,31.401931208469172,264,9.55379438,27593,291,10.53088698,27593,-54,-54,0,-1.95418521,-1.95418521,0,-27,-0.97709261,27593,27593,1
"Humacao Municipio, Puerto Rico",Humacao Municipio,72069,00,72,069,50653,0,,,50653,,,50653,,,,,,,,,50653,50653,
"Dillingham Census Area, Alaska",Dillingham Census Area,02070,00,02,070,4916,0.2681702145794711,87,17.56333905,4916,42,8.47885334,4916,-120,-121,1,-24.22529525,-24.42717271,0.20187746,45,9.08448572,4916,4916,0
"Jackson County, Alabama",Jackson County,01071,00,01,071,51626,47.89110203386483,562,10.88651486,51626,675,13.07544045,51626,121,128,-7,2.34389377,2.47949093,-0.13559716,-113,-2.18892559,51626,51626,-3
"Johnson County, Arkansas",Johnson County,05071,00,05,071,26578,40.27938925733602,326,12.24712136,26578,252,9.46709995,26578,-154,-150,-4,-5.78544997,-5.63517854,-0.15027143,74,2.78002141,26578,26578,-1
"San Bernardino County, California",San Bernardino County,06071,00,06,071,2180085,108.63552574873798,29341,13.49992799,2180085,15223,7.00417177,2180085,-752,-914,162,-0.34599863,-0.42053557,0.07453694,14118,6.49575623,2180085,2180085,-34
"Las Animas County, Colorado",Las Animas County,08071,00,08,071,14506,3.0392181996949965,117,8.06507203,14506,160,11.02915834,14506,42,24,18,2.89515406,1.65437375,1.24078031,-43,-2.9640863,14506,14506,-1
"Lee County, Florida",Lee County,12071,00,12,071,770577,986.0776346134036,6760,8.86530054,770577,7950,10.42590819,770577,17226,15043,2183,22.59077917,19.72791658,2.86286259,-1190,-1.56060764,770577,770577,71
"Colquitt County, Georgia",Colquitt County,13071,00,13,071,45600,83.35819391,605,13.28867168,45600,471,10.34539564,45600,11,29,-18,0.24161221,0.63697765,-0.39536544,134,2.94327604,45600,45600,0
"Oneida County, Idaho",Oneida County,16071,00,16,071,4531,3.779136387109176,54,12.0093406,4531,41,9.11820305,4531,58,61,-3,12.89892138,13.56610697,-0.66718559,13,2.89113755,4531,4531,-2
"Henderson County, Illinois",Henderson County,17071,00,17,071,6646,17.545058643415278,63,9.44315371,6646,95,14.23967623,6646,-17,-18,1,-2.54815259,-2.69804392,0.14989133,-32,-4.79652252,6646,6646,-2
"Jackson County, Indiana",Jackson County,18071,00,18,071,44231,86.73183125009425,591,13.38633507,44231,456,10.32854279,44231,29,-85,114,0.65685908,-1.92527662,2.5821357000000003,135,3.05779227,44231,44231,-1
"Fremont County, Iowa",Fremont County,19071,00,19,071,6960,13.615909146268947,78,11.19001506,6960,77,11.04655333,6960,-22,-24,2,-3.15615809,-3.44308156,0.28692346,1,0.14346173,6960,6960,0
"Greeley County, Kansas",Greeley County,20071,00,20,071,1232,1.5827249519872266,22,17.87891101,1232,9,7.31409996,1232,-11,-13,2,-8.93945551,-10.56481105,1.62535555,13,10.56481105,1232,1232,1
"Floyd County, Kentucky",Floyd County,21071,00,21,071,35589,90.49227338004113,416,11.63880534,35589,522,14.60446247,35589,-200,-200,0,-5.59557949,-5.59557949,0,-106,-2.96565713,35589,35589,-1
"Orleans Parish, Louisiana",Orleans Parish,22071,00,22,071,390144,2302.637463486118,4399,11.26291049,390144,3640,9.31961677,390144,-1600,-2041,441,-4.09653484,-5.22564226,1.12910742,759,1.94329372,390144,390144,-19
"Iron County, Michigan",Iron County,26071,00,26,071,11066,9.490586903,93,8.38971583,11066,178,16.05773568,11066,48,48,0,4.33017591,4.33017591,0,-85,-7.66801985,11066,11066,-1
"Koochiching County, Minnesota",Koochiching County,27071,00,27,071,12229,3.938826675922532,96,7.78588808,12229,149,12.08434712,12229,-150,-153,3,-12.16545012,-12.40875912,0.24330900000000005,-53,-4.29845904,12229,12229,1
"Lafayette County, Mississippi",Lafayette County,28071,00,28,071,54019,85.51446822650249,513,9.53877335,54019,395,7.34466954,54019,361,342,19,6.71247013,6.35918223,0.35328790000000004,118,2.19410381,54019,54019,-2
"Franklin County, Missouri",Franklin County,29071,00,29,071,103967,112.68290286613195,1186,11.42125258,103967,1047,10.08267408,103967,118,106,12,1.13634722,1.02078649,0.11556073,139,1.33857851,103967,103967,-6
"Phillips County, Montana",Phillips County,30071,00,30,071,3954,0.769189092,42,10.4816571,3954,47,11.72947342,3954,-102,-102,0,-25.45545296,-25.45545296,0,-5,-1.24781632,3954,3954,1
"Garfield County, Nebraska",Garfield County,31071,00,31,071,1969,3.458449945786332,18,9.13010398,1969,29,14.70961197,1969,5,5,0,2.53613999,2.53613999,0,-11,-5.57950799,1969,1969,1
"Orange County, New York",Orange County,36071,00,36,071,384940,473.8800627215939,5043,13.14880336,384940,2884,7.51956155,384940,675,530,145,1.75995286,1.38188891,0.37806395,2159,5.62924181,384940,384940,-20
"Gaston County, North Carolina",Gaston County,37071,00,37,071,224529,631.1440099077042,2580,11.5395195,224529,2422,10.83283575,224529,1738,1679,59,7.77352128,7.50963304,0.26388824,158,0.70668375,224529,224529,3
"Ramsey County, North Dakota",Ramsey County,38071,00,38,071,11519,9.717556884796926,174,15.06558725,11519,130,11.25589852,11519,-104,-123,19,-9.00471882,-10.64981168,1.64509286,44,3.80968873,11519,11519,-1
"Highland County, Ohio",Highland County,39071,00,39,071,43161,78.03702475092483,530,12.2951295,43161,482,11.18160834,43161,64,65,-1,1.48469488,1.50789324,-0.02319836,48,1.11352116,43161,43161,-3
"Kay County, Oklahoma",Kay County,40071,00,40,071,43538,47.34474710929379,537,12.27681123,43538,576,13.16842322,43538,-365,-363,-2,-8.34457374,-8.29885005,-0.04572369,-39,-0.89161199,43538,43538,-2
"Yamhill County, Oregon",Yamhill County,41071,00,41,071,107100,149.60216245065237,1096,10.2685661,107100,904,8.46969321,107100,541,586,-45,5.06869914,5.49030998,-0.42161083,192,1.79887289,107100,107100,0
"Lancaster County, Pennsylvania",Lancaster County,42071,00,42,071,545724,578.1441083906317,7132,13.08992533,545724,5160,9.4705573,545724,-205,-852,647,-0.37625276,-1.56374318,1.18749042,1972,3.61936802,545724,545724,-12
"Newberry County, South Carolina",Newberry County,45071,00,45,071,38440,61.01163491460564,395,10.27535346,38440,454,11.81015309,38440,57,58,-1,1.48277252,1.50878608,-0.02601355,-59,-1.53479963,38440,38440,-1
"Jackson County, South Dakota",Jackson County,46071,00,46,071,3344,1.7941044445431198,83,25.0679553,3344,20,6.04047116,3344,2,2,0,0.60404712,0.60404712,0,63,19.02748414,3344,3344,1
"Hardin County, Tennessee",Hardin County,47071,00,47,071,25652,44.43226681199648,237,9.23166813,25652,356,13.86697828,25652,80,67,13,3.1161749,2.60979647,0.50637842,-119,-4.63531016,25652,25652,-2
"Chambers County, Texas",Chambers County,48071,00,48,071,43837,73.41003276,561,13.03680982,43837,275,6.39059305,43837,1325,1290,35,30.79103923,29.97769102,0.81334821,286,6.64621677,43837,43837,-1
"Giles County, Virginia",Giles County,51071,00,51,071,16720,46.80539793744962,166,9.9048301,16720,217,12.94788031,16720,-27,-26,-1,-1.61102658,-1.55135893,-0.05966765,-51,-3.04305021,16720,16720,-1
"Walla Walla County, Washington",Walla Walla County,53071,00,53,071,60760,47.84129650351505,610,10.05149331,60760,575,9.47476828,60760,113,128,-15,1.86199794,2.10916581,-0.24716787,35,0.57672503,60760,60760,-3
"Pendleton County, West Virginia",Pendleton County,54071,00,54,071,6969,10.012219843540125,62,8.88697771,6969,62,8.88697771,6969,-14,-13,-1,-2.0067369,-1.86339855,-0.14333835,0,0,6969,6969,-1
"Manitowoc County, Wisconsin",Manitowoc County,55071,00,55,071,78981,134.0240901113549,757,9.58252108,78981,816,10.32937543,78981,31,-36,67,0.392415,-0.45570774,0.84812274,-59,-0.74685435,78981,78981,-6
"Isabela Municipio, Puerto Rico",Isabela Municipio,72071,00,72,071,40423,0,,,40423,,,40423,,,,,,,,,40423,40423,
"Jefferson County, Alabama",Jefferson County,01073,00,01,073,658573,592.5534855899922,8422,12.77995026,658573,7343,11.14262346,658573,-1915,-2375,460,-2.90591365,-3.6039399,0.69802625,1079,1.6373268,658573,658573,-20
"Lafayette County, Arkansas",Lafayette County,05073,00,05,073,6624,12.538445221745768,61,9.17086371,6624,94,14.13215064,6624,-21,-20,-1,-3.15718259,-3.00684056,-0.15034203,-33,-4.96128693,6624,6624,-1
"San Diego County, California",San Diego County,06073,00,06,073,3338330,792.9144212799685,40603,12.17081465,3338330,23052,6.90987413,3338330,-12998,-19731,6733,-3.89617144,-5.91439903,2.0182276000000003,17551,5.26094052,3338330,3338330,-84
"Lincoln County, Colorado",Lincoln County,08073,00,08,073,5701,2.2116791964520384,61,10.78977624,5701,44,7.78278942,5701,77,73,4,13.61988149,12.91235518,0.70752631,17,3.00698682,5701,5701,1
"Leon County, Florida",Leon County,12073,00,12,073,293582,440.22547448927713,2984,10.19754323,293582,1945,6.646857099999999,293582,899,479,420,3.07224912,1.63693807,1.43531104,1039,3.55068613,293582,293582,-13
"Columbia County, Georgia",Columbia County,13073,00,13,073,156714,540.2516548822498,1770,11.39029122,156714,1035,6.66042453,156714,1908,1833,75,12.27834783,11.79570837,0.48263946,735,4.72986669,156714,156714,-6
"Owyhee County, Idaho",Owyhee County,16073,00,16,073,11823,1.541820852971565,141,12.0040865,11823,94,8.00272433,11823,105,110,-5,8.93921335,9.36489018,-0.42567683,47,4.00136217,11823,11823,2
"Henry County, Illinois",Henry County,17073,00,17,073,48913,59.42870736891252,479,9.77730604,48913,543,11.08366843,48913,-89,-88,-1,-1.8166602,-1.79624829,-0.02041191,-64,-1.30636239,48913,48913,-3
"Jasper County, Indiana",Jasper County,18073,00,18,073,33562,59.96644286,362,10.81775666,33562,331,9.89137418,33562,169,166,3,5.05027866,4.96062874,0.08964992,31,0.92638248,33562,33562,-3
"Greene County, Iowa",Greene County,19073,00,19,073,8888,15.603445035465931,103,11.53867697,8888,114,12.77096286,8888,-66,-65,-1,-7.39371534,-7.28168935,-0.11202599,-11,-1.23228589,8888,8888,0
"Greenwood County, Kansas",Greenwood County,20073,00,20,073,5982,5.232204413734609,56,9.33878096,5982,71,11.84024014,5982,-14,-14,0,-2.33469524,-2.33469524,0,-15,-2.50145918,5982,5982,0
"Franklin County, Kentucky",Franklin County,21073,00,21,073,50991,245.33657536986087,605,11.88698522,50991,539,10.5902232,50991,125,97,28,2.45598868,1.90584722,0.55014146,66,1.29676202,50991,50991,-1
"Ouachita Parish, Louisiana",Ouachita Parish,22073,00,22,073,153279,251.11167222054348,2046,13.29218775,153279,1648,10.70651291,153279,-1691,-1731,40,-10.98586974,-11.24573656,0.25986682,398,2.58567484,153279,153279,1
"Isabella County, Michigan",Isabella County,26073,00,26,073,69872,122.00482335519357,660,9.40606406,69872,460,6.55574162,69872,-800,-921,121,-11.40128977,-13.12573485,1.72444508,200,2.85032244,69872,69872,9
"Lac qui Parle County, Minnesota",Lac qui Parle County,27073,00,27,073,6623,8.657281496078697,58,8.73033792,6623,98,14.75126063,6623,-1,-4,3,-0.15052307,-0.60209227,0.4515692,-40,-6.02092271,6623,6623,0
"Lamar County, Mississippi",Lamar County,28073,00,28,073,63343,127.53419894545227,793,12.58929989,63343,438,6.95348468,63343,351,317,34,5.57231307,5.03254485,0.53976822,355,5.63581521,63343,63343,0
"Gasconade County, Missouri",Gasconade County,29073,00,29,073,14706,28.334996868890293,152,10.34506227,14706,197,13.40774518,14706,73,74,-1,4.96835228,5.036411900000001,-0.06805962,-45,-3.06268291,14706,14706,-2
"Pondera County, Montana",Pondera County,30073,00,30,073,5911,3.6385084935880214,77,12.97279083,5911,56,9.43475697,5911,-69,-82,13,-11.62496841,-13.81517985,2.19021144,21,3.53803386,5911,5911,-1
"Gosper County, Nebraska",Gosper County,31073,00,31,073,1990,4.343507055666464,20,10.03512293,1990,18,9.03161064,1990,-8,-8,0,-4.01404917,-4.01404917,0,2,1.00351229,1990,1990,0
"Orleans County, New York",Orleans County,36073,00,36,073,40352,103.1326351146186,389,9.60410829,40352,418,10.32009579,40352,-274,-276,2,-6.76484748,-6.81422593,0.04937845,-29,-0.71598751,40352,40352,0
"Gates County, North Carolina",Gates County,37073,00,37,073,11562,33.944754422537464,96,8.3027027,11562,142,12.28108108,11562,46,40,6,3.97837838,3.45945946,0.51891892,-46,-3.97837838,11562,11562,-1
"Ransom County, North Dakota",Ransom County,38073,00,38,073,5218,6.050049445372523,49,9.38517525,5218,73,13.98199579,5218,18,17,1,3.4476154,3.25608121,0.19153419,-24,-4.59682053,5218,5218,0
"Hocking County, Ohio",Hocking County,39073,00,39,073,28264,67.08307372,289,10.20822663,28264,331,11.69177514,28264,-49,-52,3,-1.73080659,-1.83677434,0.10596775,-42,-1.48354851,28264,28264,-2
"Kingfisher County, Oklahoma",Kingfisher County,40073,00,40,073,15765,17.554195044255582,180,11.399981,15765,145,9.18331803,15765,-84,-93,9,-5.31999113,-5.88999018,0.56999905,35,2.21666297,15765,15765,0
"Lawrence County, Pennsylvania",Lawrence County,42073,00,42,073,85512,239.3777617474459,863,10.05593102,85512,1090,12.7010021,85512,-387,-396,9,-4.50943836,-4.61430902,0.10487066,-227,-2.64507108,85512,85512,-2
"Oconee County, South Carolina",Oconee County,45073,00,45,073,79546,126.96523813745328,701,8.88168106,79546,958,12.13787511,79546,1493,1343,150,18.91633355,17.01583118,1.90050237,-257,-3.25619405,79546,79546,3
"Jerauld County, South Dakota",Jerauld County,46073,00,46,073,2013,3.826031474832767,20,9.90344145,2013,20,9.90344145,2013,-13,-15,2,-6.43723694,-7.42758108,0.99034414,0,0,2013,2013,0
"Hawkins County, Tennessee",Hawkins County,47073,00,47,073,56786,116.5906620383714,511,9.00448462,56786,731,12.88117076,56786,295,280,15,5.19828369,4.93396418,0.26431951,-220,-3.87668614,56786,56786,-2
"Cherokee County, Texas",Cherokee County,48073,00,48,073,52646,49.99832270824421,722,13.74884553,52646,553,10.53062546,52646,97,94,3,1.84714407,1.7900159,0.05712817,169,3.21822008,52646,52646,-1
"Gloucester County, Virginia",Gloucester County,51073,00,51,073,37348,171.4707178216192,338,9.05086425,37348,450,12.0499672,37348,123,130,-7,3.2936577000000007,3.48110163,-0.18744393,-112,-2.99910295,37348,37348,-4
"Whatcom County, Washington",Whatcom County,53073,00,53,073,229247,108.75732227362448,2204,9.69976499,229247,1662,7.31443258,229247,3490,3087,403,15.35942822,13.58583236,1.77359587,542,2.38533241,229247,229247,18
"Pleasants County, West Virginia",Pleasants County,54073,00,54,073,7460,57.33197834488928,68,9.0878717,7460,76,10.15703308,7460,-38,-37,-1,-5.07851654,-4.94487137,-0.13364517,-8,-1.06916138,7460,7460,1
"Marathon County, Wisconsin",Marathon County,55073,00,55,073,135692,87.81641413927953,1480,10.91795672,135692,1116,8.23272953,135692,-88,-154,66,-0.6491758,-1.13605766,0.48688185,364,2.68522719,135692,135692,-5
"Jayuya Municipio, Puerto Rico",Jayuya Municipio,72073,00,72,073,13891,0,,,13891,,,13891,,,,,,,,,13891,13891,
"Lamar County, Alabama",Lamar County,01075,00,01,075,13805,22.823979732390217,159,11.48553473,13805,172,12.4246036,13805,-65,-64,-1,-4.69534439,-4.62310832,-0.07223607,-13,-0.93906888,13805,13805,1
"Lawrence County, Arkansas",Lawrence County,05075,00,05,075,16406,27.919679425676794,194,11.81557951,16406,249,15.16535721,16406,29,32,-3,1.76624642,1.94896157,-0.18271515,-55,-3.3497777,16406,16406,0
"San Francisco County, California",San Francisco County,06075,00,06,075,881549,18795.223591336944,8868,10.06443485,881549,6359,7.21693068,881549,-1596,-6094,4498,-1.81132589,-6.91617794,5.10485205,2509,2.84750418,881549,881549,-60
"Logan County, Colorado",Logan County,08075,00,08,075,22409,12.188087757644356,217,9.7141706,22409,195,8.72932381,22409,121,115,6,5.41665734,5.14806276,0.26859458,22,0.98484679,22409,22409,-2
"Levy County, Florida",Levy County,12075,00,12,075,41503,37.11515260282786,409,9.93912589,41503,551,13.38987376,41503,844,845,-1,20.51007886,20.5343799,-0.02430104,-142,-3.45074786,41503,41503,3
"Cook County, Georgia",Cook County,13075,00,13,075,17270,75.60613778,205,11.90441625,17270,203,11.7882756,17270,97,97,0,5.63282135,5.63282135,0,2,0.11614065,17270,17270,0
"Payette County, Idaho",Payette County,16075,00,16,075,23951,58.86324168811525,306,12.89561296,23951,214,9.01850057,23951,352,386,-34,14.83416916,16.26701504,-1.43284588,92,3.87711239,23951,23951,0
"Iroquois County, Illinois",Iroquois County,17075,00,17,075,27114,24.26536679157062,292,10.6963625,27114,359,13.15066486,27114,-304,-302,-2,-11.13593905,-11.06267629,-0.07326276,-67,-2.45430236,27114,27114,1
"Jay County, Indiana",Jay County,18075,00,18,075,20436,53.23187720894649,277,13.45868863,20436,226,10.98073513,20436,-341,-334,-7,-16.56827734,-16.22816607,-0.34011126,51,2.4779535,20436,20436,-1
"Grundy County, Iowa",Grundy County,19075,00,19,075,12232,24.37358536,124,10.1207966,12232,134,10.93698988,12232,-29,-29,0,-2.3669605,-2.3669605,0,-10,-0.81619327,12232,12232,-1
"Hamilton County, Kansas",Hamilton County,20075,00,20,075,2539,2.547882911363525,29,11.28624246,2539,17,6.61607317,2539,-73,-88,15,-28.41019654,-34.24790815,5.83771162,12,4.67016929,2539,2539,0
"Fulton County, Kentucky",Fulton County,21075,00,21,075,5969,28.98540683590908,54,8.97382634,5969,90,14.95637723,5969,-62,-62,0,-10.30328209,-10.30328209,0,-36,-5.98255089,5969,5969,1
"Plaquemines Parish, Louisiana",Plaquemines Parish,22075,00,22,075,23197,29.72854495197012,270,11.59246061,23197,195,8.37233266,23197,-265,-277,12,-11.37778541,-11.89300588,0.51522047,75,3.22012795,23197,23197,2
"Jackson County, Michigan",Jackson County,26075,00,26,075,158510,225.83595059350216,1743,10.99420959,158510,1623,10.23729327,158510,-170,-200,30,-1.07229812,-1.2615272,0.18922908,120,0.75691632,158510,158510,-6
"Lake County, Minnesota",Lake County,27075,00,27,075,10641,5.0448832248612865,105,9.88188791,10641,134,12.61117124,10641,63,58,5,5.92913275,5.45856666,0.47056609,-29,-2.72928333,10641,10641,-3
"Lauderdale County, Mississippi",Lauderdale County,28075,00,28,075,74125,105.33991626854748,910,12.1850793,74125,861,11.52895965,74125,-1166,-1140,-26,-15.61296974,-15.26482462,-0.34814512,49,0.65611965,74125,74125,4
"Gentry County, Missouri",Gentry County,29075,00,29,075,6571,13.371403135035452,83,12.60536108,6571,90,13.66846382,6571,-19,-19,0,-2.88556458,-2.88556458,0,-7,-1.06310274,6571,6571,-1
"Powder River County, Montana",Powder River County,30075,00,30,075,1682,0.5099757117482241,21,12.34567901,1682,17,9.99412111,1682,-44,-44,0,-25.86713698,-25.86713698,0,4,2.35155791,1682,1682,2
"Grant County, Nebraska",Grant County,31075,00,31,075,623,0.8019369869570157,10,15.625,623,4,6.25,623,-41,-41,0,-64.0625,-64.0625,0,6,9.375,623,623,1
"Oswego County, New York",Oswego County,36075,00,36,075,117124,123.07519340657112,1207,10.28814477,117124,1090,9.2908681,117124,-509,-524,15,-4.33857969,-4.46643567,0.12785598,117,0.99727667,117124,117124,1
"Graham County, North Carolina",Graham County,37075,00,37,075,8441,28.91087909,72,8.51970181,8441,99,11.71458999,8441,8,7,1,0.94663353,0.82830434,0.11832919,-27,-3.19488818,8441,8441,-1
"Renville County, North Dakota",Renville County,38075,00,38,075,2327,2.6525649486071026,17,7.25720384,2327,26,11.09925293,2327,-22,-22,0,-9.39167556,-9.39167556,0,-9,-3.84204909,2327,2327,0
"Holmes County, Ohio",Holmes County,39075,00,39,075,43960,104.03441232973668,783,17.81995699,43960,327,7.442050999999999,43960,-417,-415,-2,-9.49032192,-9.44480479,-0.04551713,456,10.37790598,43960,43960,2
"Kiowa County, Oklahoma",Kiowa County,40075,00,40,075,8708,8.578651073973855,113,12.9587156,8708,107,12.2706422,8708,-30,-32,2,-3.44036697,-3.66972477,0.2293578,6,0.68807339,8708,8708,0
"Lebanon County, Pennsylvania",Lebanon County,42075,00,42,075,141793,391.89645432148416,1581,11.1679358,141793,1504,10.62401989,141793,384,260,124,2.71251572,1.83659918,0.87591653,77,0.54391591,141793,141793,-7
"Orangeburg County, South Carolina",Orangeburg County,45075,00,45,075,86175,77.89154939554369,950,10.970737,86175,1154,13.32655842,86175,-631,-655,24,-7.286879,-7.56403446,0.27715546,-204,-2.35582142,86175,86175,-3
"Jones County, South Dakota",Jones County,46075,00,46,075,903,0.9312427909301284,12,13.10759148,903,8,8.73839432,903,-28,-28,0,-30.58438012,-30.58438012,0,4,4.36919716,903,903,-1
"Haywood County, Tennessee",Haywood County,47075,00,47,075,17304,32.458756438599885,189,10.90877608,17304,233,13.44838533,17304,1,2,-1,0.05771839,0.11543678,-0.05771839,-44,-2.53960925,17304,17304,0
"Childress County, Texas",Childress County,48075,00,48,075,7306,10.489428112523422,66,9.02811025,7306,49,6.70268791,7306,-26,-30,4,-3.55652828,-4.10368648,0.5471581999999999,17,2.32542234,7306,7306,0
"Goochland County, Virginia",Goochland County,51075,00,51,075,23753,84.64150427,161,6.85514775,23753,196,8.34539726,23753,566,569,-3,24.09946351,24.22719918,-0.12773567,-35,-1.49024951,23753,23753,3
"Whitman County, Washington",Whitman County,53075,00,53,075,50104,23.20423005234424,390,7.81664946,50104,239,4.79020313,50104,272,-121,393,5.45161193,-2.4251656,7.87677754,151,3.02644633,50104,50104,-2
"Pocahontas County, West Virginia",Pocahontas County,54075,00,54,075,8247,8.771177426359326,76,9.12638847,8247,127,15.25067547,8247,-108,-108,0,-12.96907835,-12.96907835,0,-51,-6.124287,8247,8247,-2
"Marinette County, Wisconsin",Marinette County,55075,00,55,075,40350,28.83243229947115,375,9.28769566,40350,487,12.06162076,40350,63,60,3,1.56033287,1.48603131,0.07430157,-112,-2.7739251,40350,40350,-3
"Juana D<ed>az Municipio, Puerto Rico",Juana D<ed>az Municipio,72075,00,72,075,44679,0,,,44679,,,44679,,,,,,,,,44679,44679,
"Lauderdale County, Alabama",Lauderdale County,01077,00,01,077,92729,138.81312865883922,876,9.45325441,92729,1136,12.25901485,92729,390,355,35,4.20864066,3.83094214,0.37769852,-260,-2.80576044,92729,92729,-5
"Lee County, Arkansas",Lee County,05077,00,05,077,8857,14.69745798435505,81,9.08428195,8857,120,13.45819548,8857,-80,-80,0,-8.97213032,-8.97213032,0,-39,-4.37391353,8857,8857,0
"San Joaquin County, California",San Joaquin County,06077,00,06,077,762148,547.3888752216159,9975,13.17145538,762148,5838,7.70876757,762148,5529,4842,687,7.30074955,6.3936027,0.90714685,4137,5.46268781,762148,762148,-9
"Mesa County, Colorado",Mesa County,08077,00,08,077,154210,46.32440584999085,1631,10.6198378,154210,1515,9.86453358,154210,1137,1150,-13,7.40328362,7.48792978,-0.08464616,116,0.75530422,154210,154210,6
"Liberty County, Florida",Liberty County,12077,00,12,077,8354,9.998044977782842,71,8.46195102,8354,77,9.17704547,8354,-67,-62,-5,-7.98522138,-7.38930934,-0.59591204,-6,-0.71509445,8354,8354,0
"Coweta County, Georgia",Coweta County,13077,00,13,077,148509,336.8058885522375,1680,11.4088969,148509,1096,7.44294703,148509,1921,1811,110,13.04553033,12.29851922,0.74701111,584,3.96594988,148509,148509,6
"Power County, Idaho",Power County,16077,00,16,077,7681,5.471476091338698,115,14.95351408,7681,61,7.93186399,7681,-74,-73,-1,-9.62226123,-9.49223067,-0.13003056,54,7.02165009,7681,7681,1
"Jackson County, Illinois",Jackson County,17077,00,17,077,56750,97.24623852642964,614,10.76824595,56750,496,8.69877849,56750,-661,-845,184,-11.59252536,-14.81949158,3.22696621,118,2.06946746,56750,56750,4
"Jefferson County, Indiana",Jefferson County,18077,00,18,077,32308,89.58535261773098,372,11.54114636,32308,350,10.85860544,32308,133,123,10,4.12627007,3.8160242,0.31024587,22,0.68254091,32308,32308,-4
"Guthrie County, Iowa",Guthrie County,19077,00,19,077,10689,18.097929267141065,112,10.46288944,10689,117,10.92998272,10689,-25,-30,5,-2.33546639,-2.80255967,0.46709328,-5,-0.46709328,10689,10689,-1
"Harper County, Kansas",Harper County,20077,00,20,077,5436,6.7841952456852965,57,10.41666667,5436,91,16.63011696,5436,-38,-40,2,-6.94444444,-7.30994152,0.36549708,-34,-6.21345029,5436,5436,0
"Gallatin County, Kentucky",Gallatin County,21077,00,21,077,8869,90.18659155,112,12.70201304,8869,84,9.52650978,8869,75,75,0,8.50581231,8.50581231,0,28,3.17550326,8869,8869,0
"Pointe Coupee Parish, Louisiana",Pointe Coupee Parish,22077,00,22,077,21730,38.99722207587092,236,10.82345387,21730,253,11.60310945,21730,-130,-125,-5,-5.96207205,-5.73276159,-0.22931046,-17,-0.77965558,21730,21730,-2
"Kalamazoo County, Michigan",Kalamazoo County,26077,00,26,077,265066,471.6637712715316,3010,11.36393668,265066,2209,8.33984589,265066,-412,-715,303,-1.55546243,-2.69940689,1.14394446,801,3.02409079,265066,265066,-3
"Lake of the Woods County, Minnesota",Lake of the Woods County,27077,00,27,077,3740,2.8817288446778733,31,8.29209576,3740,40,10.6994784,3740,12,13,-1,3.20984352,3.47733048,-0.26748696,-9,-2.40738264,3740,3740,0
"Lawrence County, Mississippi",Lawrence County,28077,00,28,077,12586,29.22884775200734,145,11.58424543,12586,150,11.98370217,12586,145,145,0,11.58424543,11.58424543,0,-5,-0.39945674,12586,12586,-2
"Greene County, Missouri",Greene County,29077,00,29,077,293086,433.99133756395986,3269,11.19252234,293086,2773,9.49429931,293086,1534,1310,224,5.25216558,4.48522614,0.76693943,496,1.69822303,293086,293086,2
"Powell County, Montana",Powell County,30077,00,30,077,6890,2.962113334,57,8.23520913,6890,84,12.13609767,6890,-36,-37,1,-5.20118471,-5.34566207,0.14447735,-27,-3.90088854,6890,6890,0
"Greeley County, Nebraska",Greeley County,31077,00,31,077,2356,4.1347027304714645,29,12.31161112,2356,23,9.76438124,2356,-5,-5,0,-2.12269157,-2.12269157,0,6,2.54722989,2356,2356,0
"Otsego County, New York",Otsego County,36077,00,36,077,59493,59.389832639967885,485,8.13055833,59493,648,10.86309649,59493,-149,-174,25,-2.49784163,-2.91694257,0.41910094,-163,-2.73253816,59493,59493,-5
"Granville County, North Carolina",Granville County,37077,00,37,077,60443,113.61659083034462,601,9.98156483,60443,599,9.94834831,60443,462,473,-11,7.67301656,7.85570743,-0.18269087,2,0.03321652,60443,60443,0
"Richland County, North Dakota",Richland County,38077,00,38,077,16177,11.267876837113851,190,11.72622354,16177,126,7.77633772,16177,-116,-109,-7,-7.15916806,-6.72714929,-0.43201876,64,3.94988582,16177,16177,0
"Huron County, Ohio",Huron County,39077,00,39,077,58266,118.5486291,698,11.96947612,58266,589,10.10031724,58266,-206,-202,-4,-3.5325388,-3.46394581,-0.06859299,109,1.86915888,58266,58266,-1
"Latimer County, Oklahoma",Latimer County,40077,00,40,077,10073,13.94974050694968,121,11.95179771,10073,116,11.45792177,10073,-107,-109,2,-10.56894508,-10.76649546,0.19755038,5,0.49387594,10073,10073,0
"Lehigh County, Pennsylvania",Lehigh County,42077,00,42,077,369318,1069.5744326911986,4273,11.58501621,369318,3347,9.07443231,369318,41,-777,818,0.11115976,-2.10661306,2.21777282,926,2.5105839,369318,369318,-8
"Pickens County, South Carolina",Pickens County,45077,00,45,077,126884,255.3114625084557,1159,9.19443574,126884,1206,9.56729034,126884,1699,1459,240,13.47829709,11.57435871,1.90393838,-47,-0.3728546,126884,126884,7
"Kingsbury County, South Dakota",Kingsbury County,46077,00,46,077,4939,5.9346084436732145,66,13.38063862,4939,50,10.13684744,4939,-1,-2,1,-0.20273695,-0.4054739,0.20273695,16,3.24379118,4939,4939,-2
"Henderson County, Tennessee",Henderson County,47077,00,47,077,28117,54.07023360221601,305,10.87344029,28117,309,11.01604278,28117,140,143,-3,4.99108734,5.09803922,-0.10695187,-4,-0.1426025,28117,28117,-2
"Clay County, Texas",Clay County,48077,00,48,077,10471,9.617380037864782,75,7.17051484,10471,122,11.66403748,10471,70,63,7,6.69248052,6.02323247,0.66924805,-47,-4.49352263,10471,10471,0
"Grayson County, Virginia",Grayson County,51077,00,51,077,15550,35.198087262302295,118,7.5677409,15550,202,12.95494629,15550,0,2,-2,0,0.12826679,-0.12826679,-84,-5.38720539,15550,15550,-1
"Yakima County, Washington",Yakima County,53077,00,53,077,250873,58.41711850608744,3746,14.94111899,250873,2093,8.34804112,250873,-1340,-1203,-137,-5.34466082,-4.79822908,-0.54643174,1653,6.59307787,250873,250873,-2
"Preston County, West Virginia",Preston County,54077,00,54,077,33432,51.52789171718251,309,9.22594611,33432,364,10.8681048,33432,-63,-52,-11,-1.88101814,-1.5525864,-0.32843174,-55,-1.64215869,33432,33432,-3
"Marquette County, Wisconsin",Marquette County,55077,00,55,077,15574,34.17510406310525,135,8.71192566,15574,169,10.90604027,15574,188,187,1,12.13216314,12.06763036,0.06453278,-34,-2.19411461,15574,15574,2
"Juncos Municipio, Puerto Rico",Juncos Municipio,72077,00,72,077,38155,0,,,38155,,,38155,,,,,,,,,38155,38155,
"Menominee County, Wisconsin",Menominee County,55078,00,55,078,4556,12.739971169918954,84,18.35864933,4556,69,15.08031909,4556,-53,-53,0,-11.5834335,-11.5834335,0,15,3.27833024,4556,4556,-1
"Lawrence County, Alabama",Lawrence County,01079,00,01,079,32924,47.66866112775052,349,10.59743415,32924,428,12.99628027,32924,66,69,-3,2.00409929,2.09519472,-0.09109542,-79,-2.39884612,32924,32924,-4
"Lincoln County, Arkansas",Lincoln County,05079,00,05,079,13024,23.193334291274983,100,7.63125763,13024,146,11.14163614,13024,-112,-113,1,-8.54700855,-8.62332112,0.07631258,-46,-3.51037851,13024,13024,-2
"San Luis Obispo County, California",San Luis Obispo County,06079,00,06,079,283111,85.77518257936823,2488,8.78430265,283111,2465,8.70309728,283111,-252,-245,-7,-0.8897284,-0.86501373,-0.02471468,23,0.08120537,283111,283111,-14
"Mineral County, Colorado",Mineral County,08079,00,08,079,769,0.8780940169254413,8,10.38286827,769,5,6.48929267,769,-6,-6,0,-7.7871512,-7.7871512,0,3,3.8935756,769,769,0
"Madison County, Florida",Madison County,12079,00,12,079,18493,26.55022757327004,177,9.55904194,18493,239,12.90740691,18493,16,1,15,0.86409419,0.05400589,0.8100883000000001,-62,-3.34836497,18493,18493,-1
"Crawford County, Georgia",Crawford County,13079,00,13,079,12404,38.176316655810474,91,7.35710243,12404,133,10.75268817,12404,113,106,7,9.13574258,8.56981163,0.56593096,-42,-3.39558574,12404,12404,-1
"Shoshone County, Idaho",Shoshone County,16079,00,16,079,12882,4.884309868,160,12.46494235,12882,159,12.38703646,12882,92,86,6,7.16734185,6.69990651,0.46743534,1,0.07790589,12882,12882,-1
"Jasper County, Illinois",Jasper County,17079,00,17,079,9610,19.42930258905397,114,11.85400853,9610,93,9.67037538,9610,-37,-49,12,-3.84735364,-5.09514402,1.24779037,21,2.18363315,9610,9610,2
"Jennings County, Indiana",Jennings County,18079,00,18,079,27735,73.6463199,338,12.19908326,27735,302,10.89977262,27735,22,23,-1,0.79402317,0.83011513,-0.03609196,36,1.29931064,27735,27735,-2
"Hamilton County, Iowa",Hamilton County,19079,00,19,079,14773,25.614065803075032,170,11.46363667,14773,178,12.00310193,14773,-106,-107,1,-7.14791463,-7.21534779,0.06743316,-8,-0.53946526,14773,14773,1
"Harvey County, Kansas",Harvey County,20079,00,20,079,34429,63.78624595176494,372,10.84358421,34429,332,9.67760742,34429,209,172,37,6.09222876,5.01370023,1.07852854,40,1.1659768,34429,34429,-3
"Garrard County, Kentucky",Garrard County,21079,00,21,079,17666,76.77575089451096,192,10.91374165,17666,185,10.51584482,17666,142,144,-2,8.07162143,8.18530624,-0.11368481,7,0.39789683,17666,17666,-2
"Rapides Parish, Louisiana",Rapides Parish,22079,00,22,079,129648,98.19256543,1636,12.58587397,129648,1433,11.02417934,129648,-884,-900,16,-6.80068007,-6.9237693,0.12308923,203,1.56169463,129648,129648,3
"Kalkaska County, Michigan",Kalkaska County,26079,00,26,079,18038,32.22546944723378,171,9.54134583,18038,173,9.65294052,18038,232,229,3,12.94498382,12.77759179,0.16739203,-2,-0.11159469,18038,18038,2
"Le Sueur County, Minnesota",Le Sueur County,27079,00,27,079,28887,64.38362953872247,343,11.93562418,28887,222,7.72509787,28887,178,148,30,6.19399739,5.15006525,1.04393214,121,4.21052632,28887,28887,0
"Leake County, Mississippi",Leake County,28079,00,28,079,22786,39.09093159403111,299,13.12065296,22786,274,12.0236084,22786,-30,-23,-7,-1.31645347,-1.009281,-0.30717248,25,1.09704456,22786,22786,0
"Grundy County, Missouri",Grundy County,29079,00,29,079,9850,22.628482523269636,151,15.2332913,9850,118,11.90416141,9850,-159,-165,6,-16.04035309,-16.64564943,0.60529634,33,3.32912989,9850,9850,1
"Prairie County, Montana",Prairie County,30079,00,30,079,1077,0.620176408,12,11.17838845,1077,7,6.5207266,1077,3,3,0,2.79459711,2.79459711,0,5,4.65766185,1077,1077,-1
"Hall County, Nebraska",Hall County,31079,00,31,079,61353,112.28770996119222,953,15.54154877,61353,523,8.5290976,61353,-364,-572,208,-5.93612146,-9.32819087,3.39206941,430,7.01245118,61353,61353,1
"Putnam County, New York",Putnam County,36079,00,36,079,98320,426.87221723150145,800,8.11630667,98320,784,7.95398054,98320,-512,-579,67,-5.19443627,-5.87417696,0.67974068,16,0.16232613,98320,98320,2
"Greene County, North Carolina",Greene County,37079,00,37,079,21069,78.98860390450648,206,9.76882039,21069,223,10.57498518,21069,-19,-35,16,-0.90100771,-1.65975104,0.75874333,-17,-0.80616479,21069,21069,-1
"Rolette County, North Dakota",Rolette County,38079,00,38,079,14176,15.700671893428304,226,15.84574934,14176,187,13.11130587,14176,-213,-213,0,-14.93426819,-14.93426819,0,39,2.73444347,14176,14176,1
"Jackson County, Ohio",Jackson County,39079,00,39,079,32413,77.11681197310745,408,12.59667485,32413,401,12.38055543,32413,42,30,12,1.29671653,0.92622609,0.37049044,7,0.21611942,32413,32413,-2
"Le Flore County, Oklahoma",Le Flore County,40079,00,40,079,49853,31.369947295024577,591,11.82638625,49853,678,13.56732636,49853,-150,-189,39,-3.00162088,-3.7820423,0.78042143,-87,-1.74094011,49853,49853,-3
"Luzerne County, Pennsylvania",Luzerne County,42079,00,42,079,317417,356.6619629849446,3241,10.20343914,317417,3953,12.44498454,317417,285,-447,732,0.89724781,-1.40726236,2.30451017,-712,-2.24154541,317417,317417,-15
"Richland County, South Carolina",Richland County,45079,00,45,079,415759,548.9829653014134,4631,11.15956051,415759,3232,7.78831776,415759,157,-833,990,0.37833103,-2.00732324,2.38565427,1399,3.37124275,415759,415759,1
"Lake County, South Dakota",Lake County,46079,00,46,079,12797,22.734404838994397,129,9.9798855,12797,113,8.74207025,12797,-276,-273,-3,-21.35231317,-21.12022281,-0.23209036,16,1.23781526,12797,12797,2
"Henry County, Tennessee",Henry County,47079,00,47,079,32345,57.56338331699653,300,9.27629443,32345,481,14.87299207,32345,192,197,-5,5.93682843,6.09143334,-0.15460491,-181,-5.59669764,32345,32345,-2
"Cochran County, Texas",Cochran County,48079,00,48,079,2853,3.6808995516793983,41,14.42646024,2853,10,3.51864884,2853,-9,-23,14,-3.16678395,-8.09289233,4.92610837,31,10.9078114,2853,2853,0
"Greene County, Virginia",Greene County,51079,00,51,079,19819,127.0992987931194,224,11.33861456,19819,148,7.49158462,19819,50,38,12,2.53094075,1.92351497,0.60742578,76,3.84702994,19819,19819,1
"Putnam County, West Virginia",Putnam County,54079,00,54,079,56450,163.3021155208261,504,8.9130973,56450,596,10.54009125,56450,-98,-98,0,-1.73310225,-1.73310225,0,-92,-1.62699395,56450,56450,-2
"Milwaukee County, Wisconsin",Milwaukee County,55079,00,55,079,945726,3916.3431625834287,12941,13.67468081,945726,8226,8.69236723,945726,-5942,-7014,1072,-6.27887747,-7.41165375,1.13277628,4715,4.98231358,945726,945726,-16
"Lajas Municipio, Puerto Rico",Lajas Municipio,72079,00,72,079,22010,0,,,22010,,,22010,,,,,,,,,22010,22010,
"Lee County, Alabama",Lee County,01081,00,01,081,164542,270.83432152281307,1825,11.12133529,164542,1133,6.904368700000001,164542,191,-112,303,1.16393153,-0.68251482,1.84644635,692,4.21696659,164542,164542,3
"Little River County, Arkansas",Little River County,05081,00,05,081,12259,23.032573338461585,136,11.07672259,12259,176,14.33458218,12259,3,6,-3,0.24433947,0.48867894,-0.24433947,-40,-3.25785959,12259,12259,-1
"San Mateo County, California",San Mateo County,06081,00,06,081,766573,1708.6818806241247,8425,10.97538258,766573,5187,6.75718806,766573,-5343,-8953,3610,-6.96041176,-11.66321664,4.70280488,3238,4.21819451,766573,766573,-3
"Moffat County, Colorado",Moffat County,08081,00,08,081,13283,2.8004043168721795,170,12.8466712,13283,81,6.12106098,13283,11,-8,19,0.8312552,-0.60454923,1.43580443,89,6.72561022,13283,13283,0
"Manatee County, Florida",Manatee County,12081,00,12,081,403253,542.2758187265274,3482,8.73075573,403253,4334,10.86705782,403253,9664,8954,710,24.23148287,22.45123113,1.78025174,-852,-2.13630209,403253,403253,54
"Crisp County, Georgia",Crisp County,13081,00,13,081,22372,82.04501854,256,11.38055969,22372,289,12.84758497,22372,-213,-224,11,-9.46898131,-9.95798973,0.48900842,-33,-1.46702527,22372,22372,1
"Teton County, Idaho",Teton County,16081,00,16,081,12142,27.036843775504032,135,11.34787543,12142,43,3.61450847,12142,395,380,15,33.20304291,31.94216786,1.26087505,92,7.73336696,12142,12142,4
"Jefferson County, Illinois",Jefferson County,17081,00,17,081,37684,65.97290153131715,452,11.99066214,37684,445,11.80496604,37684,-30,-44,14,-0.79584041,-1.1672326,0.37139219,7,0.1856961,37684,37684,-1
"Johnson County, Indiana",Johnson County,18081,00,18,081,158167,493.5871636502784,1810,11.51912429,158167,1299,8.26704003,158167,1570,1268,302,9.9917266,8.06975116,1.92197543,511,3.25208426,158167,158167,-7
"Hancock County, Iowa",Hancock County,19081,00,19,081,10630,18.61631310206931,115,10.77788191,10630,130,12.1836926,10630,-65,-66,1,-6.0918463,-6.18556701,0.09372071,-15,-1.40581068,10630,10630,0
"Haskell County, Kansas",Haskell County,20081,00,20,081,3968,6.870745146032516,49,12.31465192,3968,21,5.27770797,3968,-50,-53,3,-12.56597135,-13.31992963,0.75395828,28,7.03694396,3968,3968,0
"Grant County, Kentucky",Grant County,21081,00,21,081,25069,97.17527596900418,363,14.48119041,25069,250,9.97327163,25069,-110,-96,-14,-4.38823952,-3.82973631,-0.55850321,113,4.50791878,25069,25069,1
"Red River Parish, Louisiana",Red River Parish,22081,00,22,081,8442,21.69668116864013,114,13.43705799,8442,127,14.96935408,8442,-70,-79,9,-8.25082508,-9.31164545,1.06082037,-13,-1.53229609,8442,8442,-1
"Kent County, Michigan",Kent County,26081,00,26,081,656955,773.91242,8637,13.18319017,656955,4816,7.35096027,656955,-190,-1208,1018,-0.29000881,-1.84384552,1.5538367,3821,5.832229900000001,656955,656955,-26
"Lincoln County, Minnesota",Lincoln County,27081,00,27,081,5639,10.505204483327269,70,12.38171044,5639,75,13.26611833,5639,-24,-24,0,-4.24515787,-4.24515787,0,-5,-0.88440789,5639,5639,0
"Lee County, Mississippi",Lee County,28081,00,28,081,85436,189.87249567752815,1121,13.13323024,85436,965,11.3055907,85436,6,-12,18,0.07029383,-0.14058766,0.21088148,156,1.82763953,85436,85436,-2
"Harrison County, Missouri",Harrison County,29081,00,29,081,8352,11.559592069956738,86,10.27110952,8352,114,13.61519169,8352,-13,-10,-3,-1.55260958,-1.19431506,-0.35829452,-28,-3.34408217,8352,8352,-1
"Ravalli County, Montana",Ravalli County,30081,00,30,081,43806,18.32122135365533,370,8.50848549,43806,484,11.13001886,43806,753,770,-17,17.31591777,17.70684818,-0.39093041,-114,-2.62153337,43806,43806,1
"Hamilton County, Nebraska",Hamilton County,31081,00,31,081,9324,17.206193645178132,106,11.40766251,9324,84,9.04003444,9324,44,45,-1,4.73525613,4.84287559,-0.10761946,22,2.36762807,9324,9324,-2
"Queens County, New York",Queens County,36081,00,36,081,2253858,20719.74108297865,27453,12.12464362,2253858,16380,7.23424261,2253858,-31906,-41789,9883,-14.09131531,-18.45615168,4.36483637,11073,4.890401,2253858,2253858,86
"Guilford County, North Carolina",Guilford County,37081,00,37,081,537174,831.6347174038883,6111,11.42476825,537174,4602,8.60363009,537174,3079,1947,1132,5.75631835,3.63999735,2.116321,1509,2.82113816,537174,537174,-21
"Sargent County, North Dakota",Sargent County,38081,00,38,081,3898,4.540565382038411,45,11.61440186,3898,33,8.51722803,3898,34,31,3,8.77532585,8.00103239,0.77429346,12,3.09717383,3898,3898,1
"Jefferson County, Ohio",Jefferson County,39081,00,39,081,65325,160.06153102083036,638,9.73310246,65325,917,13.98942784,65325,-167,-140,-27,-2.54769296,-2.13579051,-0.41190246,-279,-4.25632537,65325,65325,-3
"Lincoln County, Oklahoma",Lincoln County,40081,00,40,081,34877,36.62121501,354,10.15577933,34877,379,10.87299538,34877,67,64,3,1.92213903,1.8360731,0.08606593,-25,-0.71721605,34877,34877,-2
"Lycoming County, Pennsylvania",Lycoming County,42081,00,42,081,113299,92.20562407914376,1133,9.97512821,113299,1320,11.6215086,113299,-379,-444,65,-3.33678163,-3.90905289,0.57227126,-187,-1.64638038,113299,113299,-1
"Saluda County, South Carolina",Saluda County,45081,00,45,081,20473,45.19918115050725,226,11.05945681,20473,199,9.73819427,20473,50,22,28,2.44678248,1.07658429,1.37019819,27,1.32126254,20473,20473,-1
"Lawrence County, South Dakota",Lawrence County,46081,00,46,081,25844,32.30286573168002,224,8.6870528,25844,233,9.03608617,25844,127,110,17,4.92524869,4.26596343,0.65928526,-9,-0.34903337,25844,25844,-1
"Hickman County, Tennessee",Hickman County,47081,00,47,081,25178,41.108052992507766,255,10.16239912,25178,283,11.2782704,25178,200,207,-7,7.97050912,8.24947694,-0.27896782,-28,-1.11587128,25178,25178,-1
"Coke County, Texas",Coke County,48081,00,48,081,3387,3.7152564196466433,35,10.38267576,3387,46,13.64580243,3387,44,45,-1,13.05250667,13.34915455,-0.29664788,-11,-3.26312667,3387,3387,-1
"Greensville County, Virginia",Greensville County,51081,00,51,081,11336,38.39756543,107,9.39915671,11336,126,11.06816585,11336,-77,-79,2,-6.76387913,-6.9395643,0.17568517,-19,-1.66900914,11336,11336,0
"Raleigh County, West Virginia",Raleigh County,54081,00,54,081,73361,121.18617129770644,723,9.80119702,73361,1052,14.26121613,73361,-478,-473,-5,-6.47990619,-6.41212474,-0.06778145,-329,-4.46001911,73361,73361,-4
"Monroe County, Wisconsin",Monroe County,55081,00,55,081,46253,51.34067125253872,559,12.10035284,46253,435,9.41619586,46253,-11,-21,10,-0.2381107,-0.45457497,0.21646427,124,2.68415698,46253,46253,-1
"Lares Municipio, Puerto Rico",Lares Municipio,72081,00,72,081,24276,0,,,24276,,,24276,,,,,,,,,24276,24276,
"Limestone County, Alabama",Limestone County,01083,00,01,083,98915,176.6479833360765,1014,10.39509565,98915,864,8.857359599999999,98915,2577,2545,32,26.41830521,26.09025485,0.32805036,150,1.53773604,98915,98915,11
"Logan County, Arkansas",Logan County,05083,00,05,083,21466,30.307569236888963,235,10.89501379,21466,296,13.7230812,21466,-146,-156,10,-6.76881708,-7.23243469,0.46361761,-61,-2.82806741,21466,21466,0
"Santa Barbara County, California",Santa Barbara County,06083,00,06,083,446499,163.24345989821182,5390,12.08142296,446499,3288,7.36989215,446499,-1371,-1924,553,-3.07302985,-4.31255246,1.23952262,2102,4.71153081,446499,446499,-12
"Montezuma County, Colorado",Montezuma County,08083,00,08,083,26183,12.902166378295842,263,10.05063533,26183,279,10.66208083,26183,49,66,-17,1.87255183,2.52221267,-0.64966084,-16,-0.6114455,26183,26183,-2
"Marion County, Florida",Marion County,12083,00,12,083,365579,230.15316410121036,3495,9.64615582,365579,5162,14.24705475,365579,8151,8136,15,22.49665697,22.45525715,0.04139981,-1667,-4.60089893,365579,365579,33
"Dade County, Georgia",Dade County,13083,00,13,083,16116,92.63150169361634,151,9.33741459,16116,183,11.31620443,16116,-80,-73,-7,-4.94697462,-4.51411434,-0.43286028,-32,-1.97878985,16116,16116,1
"Twin Falls County, Idaho",Twin Falls County,16083,00,16,083,86878,45.208744078419926,1195,13.82245947,86878,778,8.9990573,86878,434,369,65,5.02003967,4.26819041,0.75184926,417,4.82340218,86878,86878,-2
"Jersey County, Illinois",Jersey County,17083,00,17,083,21773,58.90006002631383,211,9.68600808,21773,234,10.74182887,21773,2,-18,20,0.0918105,-0.82629453,0.91810503,-23,-1.05582079,21773,21773,-1
"Knox County, Indiana",Knox County,18083,00,18,083,36594,70.91581135060159,390,10.65719361,36594,394,10.76649816,36594,3,-17,20,0.08197841,-0.46454434,0.54652275,-4,-0.10930455,36594,36594,-1
"Hardin County, Iowa",Hardin County,19083,00,19,083,16846,29.590224848510903,169,10.00503212,16846,210,12.43228843,16846,-48,-58,10,-2.84166593,-3.43367966,0.59201373,-41,-2.42725631,16846,16846,-2
"Hodgeman County, Kansas",Hodgeman County,20083,00,20,083,1794,2.0860657581807382,17,9.40265487,1794,25,13.82743363,1794,-21,-27,6,-11.61504425,-14.93362832,3.31858407,-8,-4.42477876,1794,1794,1
"Graves County, Kentucky",Graves County,21083,00,21,083,37266,67.54073426579228,492,13.19300127,37266,420,11.26231816,37266,-125,-144,19,-3.3518804,-3.86136623,0.50948582,72,1.93068311,37266,37266,0
"Richland Parish, Louisiana",Richland Parish,22083,00,22,083,20122,36.20835118972438,249,12.34353699,20122,245,12.14524724,20122,-104,-103,-1,-5.15553352,-5.10596109,-0.04957244,4,0.19828975,20122,20122,-1
"Keweenaw County, Michigan",Keweenaw County,26083,00,26,083,2116,3.917706846262704,10,4.75511175,2116,23,10.93675701,2116,39,39,0,18.54493581,18.54493581,0,-13,-6.18164527,2116,2116,0
"Lyon County, Minnesota",Lyon County,27083,00,27,083,25474,35.6573604,343,13.43596373,25474,228,8.93119455,25474,-225,-319,94,-8.81367883,-12.49583798,3.68215916,115,4.50476918,25474,25474,1
"Leflore County, Mississippi",Leflore County,28083,00,28,083,28183,47.440180920870134,412,14.50729766,28183,363,12.78191517,28183,-483,-478,-5,-17.00734168,-16.83128224,-0.17605944,49,1.72538249,28183,28183,1
"Henry County, Missouri",Henry County,29083,00,29,083,21824,31.31382137487837,236,10.81774844,21824,290,13.29299597,21824,70,76,-6,3.2086542,3.4836817000000004,-0.2750275,-54,-2.47524752,21824,21824,0
"Richland County, Montana",Richland County,30083,00,30,083,10803,5.182398782152177,125,11.54307877,10803,81,7.47991504,10803,-94,-78,-16,-8.68039524,-7.20288115,-1.47751408,44,4.06316373,10803,10803,-2
"Harlan County, Nebraska",Harlan County,31083,00,31,083,3380,6.1069654553107835,31,9.16346438,3380,39,11.52822938,3380,3,3,0,0.88678688,0.88678688,0,-8,-2.364765,3380,3380,-1
"Rensselaer County, New York",Rensselaer County,36083,00,36,083,158714,243.25641188748335,1548,9.73594091,158714,1610,10.12588169,158714,-506,-632,126,-3.18241996,-3.97488027,0.79246031,-62,-0.38994079,158714,158714,-1
"Halifax County, North Carolina",Halifax County,37083,00,37,083,50010,69.09958191811667,540,10.73089305,50010,706,14.02964906,50010,-459,-468,9,-9.12125909,-9.30010731,0.17884822,-166,-3.29875601,50010,50010,1
"Sheridan County, North Dakota",Sheridan County,38083,00,38,083,1315,1.3525663243695487,12,9.0327437,1315,7,5.26910049,1315,-33,-33,0,-24.84004516,-24.84004516,0,5,3.76364321,1315,1315,1
"Knox County, Ohio",Knox County,39083,00,39,083,62322,118.59439729770946,741,11.9302539,62322,630,10.14313085,62322,314,319,-5,5.05546522,5.13596625,-0.08050104,111,1.78712305,62322,62322,-3
"Logan County, Oklahoma",Logan County,40083,00,40,083,48011,64.544591,494,10.37172341,48011,371,7.78929025,48011,640,639,1,13.43705057,13.41605518,0.02099539,123,2.58243316,48011,48011,0
"McKean County, Pennsylvania",McKean County,42083,00,42,083,40625,41.48874016411116,367,8.99785473,40625,507,12.43027888,40625,-184,-185,1,-4.51118603,-4.53570334,0.02451732,-140,-3.43242415,40625,40625,-1
"Spartanburg County, South Carolina",Spartanburg County,45083,00,45,083,319785,395.8987595968108,3897,12.29488801,319785,3178,10.02647013,319785,4914,4672,242,15.50348466,14.73998378,0.76350087,719,2.26841788,319785,319785,15
"Lincoln County, South Dakota",Lincoln County,46083,00,46,083,61128,105.88728840170135,866,14.44260067,61128,252,4.20269673,61128,1710,1727,-17,28.51829924,28.801814500000003,-0.28351526,614,10.23990394,61128,61128,9
"Houston County, Tennessee",Houston County,47083,00,47,083,8201,40.94487845377187,80,9.73532096,8201,93,11.31731062,8201,-19,-18,-1,-2.31213873,-2.19044722,-0.12169151,-13,-1.58198966,8201,8201,-1
"Coleman County, Texas",Coleman County,48083,00,48,083,8175,6.4731226551463665,83,10.03506227,8175,118,14.26671503,8175,-157,-160,3,-18.98198525,-19.34469834,0.36271309,-35,-4.23165276,8175,8175,0
"Halifax County, Virginia",Halifax County,51083,00,51,083,33911,41.46963281690899,359,10.54455736,33911,506,14.862245199999998,33911,-121,-115,-6,-3.55401516,-3.377783,-0.17623216,-147,-4.31768783,33911,33911,-2
"Randolph County, West Virginia",Randolph County,54083,00,54,083,28695,27.599305548299014,319,11.09391573,28695,385,13.38920865,28695,-51,-49,-2,-1.77363543,-1.7040811,-0.06955433,-66,-2.29529291,28695,28695,-2
"Oconto County, Wisconsin",Oconto County,55083,00,55,083,37930,38.025779288309934,369,9.74205983,37930,391,10.32288724,37930,129,117,12,3.40576075,3.0889458,0.31681495,-22,-0.58082742,37930,37930,-1
"Las Mar<ed>as Municipio, Puerto Rico",Las Mar<ed>as Municipio,72083,00,72,083,7927,0,,,7927,,,7927,,,,,,,,,7927,7927,
"Lowndes County, Alabama",Lowndes County,01085,00,01,085,9726,13.585483903007198,116,11.77664975,9726,141,14.31472081,9726,-224,-223,-1,-22.74111675,-22.63959391,-0.10152284,-25,-2.53807107,9726,9726,1
"Lonoke County, Arkansas",Lonoke County,05085,00,05,085,73309,95.03693535813836,858,11.69734151,73309,690,9.40695297,73309,-254,-242,-12,-3.46284935,-3.29925017,-0.16359918,168,2.29038855,73309,73309,4
"Santa Clara County, California",Santa Clara County,06085,00,06,085,1927852,1493.2046018378192,21713,11.24970824,1927852,11258,5.83287502,1927852,-15012,-28421,13409,-7.77785751,-14.72518574,6.94732823,10455,5.41683322,1927852,1927852,72
"Montrose County, Colorado",Montrose County,08085,00,08,085,42758,19.080334440399547,428,10.07485523,42758,434,10.21609152,42758,558,543,15,13.13497481,12.78188409,0.35309072,-6,-0.14123629,42758,42758,0
"Martin County, Florida",Martin County,12085,00,12,085,161000,296.0539370393349,1258,7.81993025,161000,2026,12.59394173,161000,1033,962,71,6.42129408,5.97994667,0.44134742,-768,-4.77401148,161000,161000,-7
"Dawson County, Georgia",Dawson County,13085,00,13,085,26108,123.83547920648374,271,10.57870596,26108,239,9.32955987,26108,943,937,6,36.81077389,36.57655899,0.23421489,32,1.24914609,26108,26108,6
"Valley County, Idaho",Valley County,16085,00,16,085,11392,3.108223408033777,102,9.10186053,11392,72,6.42484273,11392,340,354,-14,30.33953509,31.58881007,-1.24927497,30,2.6770178,11392,11392,1
"Jo Daviess County, Illinois",Jo Daviess County,17085,00,17,085,21235,35.33726100206845,165,7.75266645,21235,240,11.27660574,21235,-17,-8,-9,-0.79875957,-0.37588686,-0.42287272,-75,-3.52393929,21235,21235,-4
"Kosciusko County, Indiana",Kosciusko County,18085,00,18,085,79456,149.5119645096504,1029,12.95382446,79456,724,9.1142555,79456,-261,-346,85,-3.28566393,-4.35570774,1.07004381,305,3.83956896,79456,79456,-4
"Harrison County, Iowa",Harrison County,19085,00,19,085,14049,20.160928798394405,154,10.93983093,14049,181,12.85785324,14049,-29,-28,-1,-2.06009803,-1.98906017,-0.07103786,-27,-1.91802231,14049,14049,0
"Jackson County, Kansas",Jackson County,20085,00,20,085,13171,20.07103046747249,173,13.08573806,13171,131,9.90885367,13171,-141,-138,-3,-10.66525472,-10.4383344,-0.22692031,42,3.17688438,13171,13171,0
"Grayson County, Kentucky",Grayson County,21085,00,21,085,26427,52.861607890100395,300,11.38088012,26427,316,11.98786039,26427,151,152,-1,5.72837633,5.76631259,-0.03793627,-16,-0.60698027,26427,26427,-1
"Sabine Parish, Louisiana",Sabine Parish,22085,00,22,085,23884,27.55870349485209,262,10.96578424,23884,234,9.79386837,23884,-43,-41,-2,-1.79972795,-1.71601967,-0.08370828,28,1.17191587,23884,23884,-2
"Lake County, Michigan",Lake County,26085,00,26,085,11853,20.882983619616542,115,9.69278099,11853,162,13.65417843,11853,26,23,3,2.19141135,1.9385562,0.25285516,-47,-3.96139745,11853,11853,-2
"McLeod County, Minnesota",McLeod County,27085,00,27,085,35893,73.02953011474624,372,10.3736754,35893,325,9.06302287,35893,22,17,5,0.61349693,0.47406581,0.13943112,47,1.31065254,35893,35893,-3
"Lincoln County, Mississippi",Lincoln County,28085,00,28,085,34153,58.26096234858534,413,12.08255928,34153,403,11.79000336,34153,-65,-71,6,-1.90161345,-2.07714699,0.17553355,10,0.29255591,34153,34153,-2
"Hickory County, Missouri",Hickory County,29085,00,29,085,9544,23.931305328238604,87,9.15693085,9544,137,14.41953479,9544,135,138,-3,14.20903063,14.52478686,-0.31575624,-50,-5.26260394,9544,9544,1
"Roosevelt County, Montana",Roosevelt County,30085,00,30,085,11004,4.673400694347454,205,18.57472931,11004,170,15.40343406,11004,-101,-107,6,-9.151452,-9.69510261,0.54365061,35,3.17129525,11004,11004,1
"Hayes County, Nebraska",Hayes County,31085,00,31,085,922,1.293015504410114,20,21.7509516,922,5,5.4377379,922,-11,-12,1,-11.96302338,-13.05057096,1.08754758,15,16.3132137,922,922,1
"Richmond County, New York",Richmond County,36085,00,36,085,476143,8277.825681042956,5322,11.17594128,476143,4147,8.7084984,476143,-1291,-1599,308,-2.71103724,-3.35782227,0.64678503,1175,2.46744288,476143,476143,-1
"Harnett County, North Carolina",Harnett County,37085,00,37,085,135976,228.5225830388283,1873,13.85806032,135976,1105,8.17573767,135976,865,836,29,6.40001184,6.18544497,0.21456687,768,5.68232265,135976,135976,7
"Sioux County, North Dakota",Sioux County,38085,00,38,085,4230,3.8663623012001938,78,18.12478215,4230,74,17.19530615,4230,-154,-156,2,-35.7848263,-36.24956431,0.464738,4,0.92947601,4230,4230,3
"Lake County, Ohio",Lake County,39085,00,39,085,230149,1003.8327531623664,2192,9.52523732,230149,2481,10.78107381,230149,350,281,69,1.52090924,1.22107285,0.29983639,-289,-1.25583649,230149,230149,-14
"Love County, Oklahoma",Love County,40085,00,40,085,10253,19.950901242860983,113,11.07354598,10253,112,10.97555,10253,96,90,6,9.40761429,8.81963839,0.58797589,1,0.09799598,10253,10253,0
"Mercer County, Pennsylvania",Mercer County,42085,00,42,085,109424,162.70848725633698,1056,9.60458401,109424,1431,13.01530276,109424,-671,-691,20,-6.10291275,-6.28481775,0.181905,-375,-3.41071875,109424,109424,-1
"Sumter County, South Carolina",Sumter County,45085,00,45,085,106721,160.46490083254648,1343,12.60263689,106721,1075,10.08773988,106721,49,-40,89,0.45981326,-0.37535776,0.83517102,268,2.51489701,106721,106721,-5
"Lyman County, South Dakota",Lyman County,46085,00,46,085,3781,2.3024740818875946,65,17.13909031,3781,25,6.59195781,3781,-62,-62,0,-16.34805537,-16.34805537,0,40,10.5471325,3781,3781,-1
"Humphreys County, Tennessee",Humphreys County,47085,00,47,085,18582,35.01000435371884,230,12.38790294,18582,254,13.68055369,18582,55,59,-4,2.96232462,3.17776641,-0.21544179,-24,-1.29265074,18582,18582,0
"Collin County, Texas",Collin County,48085,00,48,085,1034730,1229.7687401545331,11299,11.08268266,1034730,4956,4.86111826,1034730,24052,19952,4100,23.59152875,19.57002252,4.02150623,6343,6.2215644,1034730,1034730,28
"Hanover County, Virginia",Hanover County,51085,00,51,085,107766,230.32549261731168,966,9.00061495,107766,907,8.45088795,107766,829,806,23,7.72413022,7.50982986,0.21430036,59,0.5497270000000001,107766,107766,-8
"Ritchie County, West Virginia",Ritchie County,54085,00,54,085,9554,21.137633390746352,82,8.49652886,9554,156,16.16412807,9554,-119,-120,1,-12.33032846,-12.43394467,0.10361621,-74,-7.66759921,9554,9554,-1
"Oneida County, Wisconsin",Oneida County,55085,00,55,085,35595,31.954079896640316,319,8.98098228,35595,461,12.9787863,35595,294,293,1,8.27714354,8.24898999,0.02815355,-142,-3.99780402,35595,35595,-1
"Las Piedras Municipio, Puerto Rico",Las Piedras Municipio,72085,00,72,085,37007,0,,,37007,,,37007,,,,,,,,,37007,37007,
"Miami-Dade County, Florida",Miami-Dade County,12086,00,12,086,2716940,1430.0879564421855,30789,11.33658603,2716940,21689,7.985943499999999,2716940,-7158,-45174,38016,-2.63559332,-16.63317865,13.99758533,9100,3.35064253,2716940,2716940,144
"Macon County, Alabama",Macon County,01087,00,01,087,18068,29.676719904946633,172,9.45340625,18068,264,14.50987936,18068,-161,-162,1,-8.84882794,-8.90378961,0.05496166,-92,-5.05647311,18068,18068,0
"Madison County, Arkansas",Madison County,05087,00,05,087,16576,19.869131487600175,207,12.56906916,16576,141,8.56153986,16576,147,152,-5,8.92586071,9.22946141,-0.3036007,66,4.0075293,16576,16576,1
"Santa Cruz County, California",Santa Cruz County,06087,00,06,087,273213,613.8286492153576,2540,9.28610338,273213,1885,6.89145861,273213,-1280,-1339,59,-4.67961115,-4.89531198,0.21570083,655,2.39464477,273213,273213,-3
"Morgan County, Colorado",Morgan County,08087,00,08,087,29068,22.70076946653085,438,15.1460138,29068,240,8.29918564,29068,101,-70,171,3.49257396,-2.42059581,5.91316977,198,6.84682815,29068,29068,0
"Monroe County, Florida",Monroe County,12087,00,12,087,74228,75.50943436759881,685,9.1955566,74228,736,9.88018928,74228,-477,-750,273,-6.40332919,-10.06812766,3.66479847,-51,-0.68463268,74228,74228,-1
"Decatur County, Georgia",Decatur County,13087,00,13,087,26404,44.215080790056234,361,13.62855579,26404,331,12.49598883,26404,-198,-194,-4,-7.47494196,-7.32393303,-0.15100893,30,1.13256696,26404,26404,-1
"Washington County, Idaho",Washington County,16087,00,16,087,10194,7.016541997503396,108,10.63567876,10194,86,8.46915161,10194,56,64,-8,5.514796400000001,6.30262445,-0.78782806,22,2.16652716,10194,10194,1
"Johnson County, Illinois",Johnson County,17087,00,17,087,12417,36.123785324277534,101,8.13204509,12417,144,11.5942029,12417,38,38,0,3.05958132,3.05958132,0,-43,-3.46215781,12417,12417,-1
"LaGrange County, Indiana",LaGrange County,18087,00,18,087,39614,104.3490622968953,727,18.40762638,39614,261,6.60851511,39614,-230,-230,0,-5.82359569,-5.82359569,0,466,11.79911127,39614,39614,3
"Henry County, Iowa",Henry County,19087,00,19,087,19954,45.94653709915614,215,10.75349489,19954,183,9.15297472,19954,-111,-117,6,-5.55180434,-5.85190187,0.30009753,32,1.60052017,19954,19954,0
"Jefferson County, Kansas",Jefferson County,20087,00,20,087,19043,35.75677684358258,171,9.0239848,19043,149,7.863004300000001,19043,165,167,-2,8.70735376,8.81289744,-0.10554368,22,1.1609805,19043,19043,0
"Green County, Kentucky",Green County,21087,00,21,087,10941,38.24868607543484,107,9.75431879,10941,137,12.48917453,10941,-26,-26,0,-2.3702083,-2.3702083,0,-30,-2.73485574,10941,10941,-1
"St. Bernard Parish, Louisiana",St. Bernard Parish,22087,00,22,087,47244,125.14574350129358,632,13.44337616,47244,398,8.46592359,47244,230,185,45,4.89236791,3.93516549,0.95720242,234,4.97745257,47244,47244,0
"Lapeer County, Michigan",Lapeer County,26087,00,26,087,87607,135.40872696919817,753,8.57982772,87607,892,10.16362062,87607,-173,-183,10,-1.97119548,-2.08513741,0.11394194,-139,-1.5837929,87607,87607,-2
"Mahnomen County, Minnesota",Mahnomen County,27087,00,27,087,5527,9.907384699140753,90,16.32801161,5527,60,10.88534107,5527,2,2,0,0.3628447,0.3628447,0,30,5.44267054,5527,5527,-2
"Lowndes County, Mississippi",Lowndes County,28087,00,28,087,58595,115.92789728427788,774,13.19074603,58595,610,10.39580759,58595,-328,-417,89,-5.58987687,-7.10664224,1.51676537,164,2.79493843,58595,58595,-1
"Holt County, Missouri",Holt County,29087,00,29,087,4403,9.516026616842312,43,9.75609756,4403,57,12.93250142,4403,6,6,0,1.36131594,1.36131594,0,-14,-3.17640386,4403,4403,-1
"Rosebud County, Montana",Rosebud County,30087,00,30,087,8937,1.7844965335209968,137,15.24169772,8937,98,10.90282027,8937,-142,-143,1,-15.79796407,-15.90921733,0.11125327,39,4.33887745,8937,8937,0
"Hitchcock County, Nebraska",Hitchcock County,31087,00,31,087,2762,3.890455555976818,20,7.19036491,2762,37,13.30217509,2762,-22,-22,0,-7.9094014,-7.9094014,0,-17,-6.11181017,2762,2762,0
"Rockland County, New York",Rockland County,36087,00,36,087,325789,1878.3505162692989,5370,16.48981823,325789,2457,7.54478275,325789,-2673,-3177,504,-8.20806036,-9.7557081,1.54764774,2913,8.94503547,325789,325789,27
"Haywood County, North Carolina",Haywood County,37087,00,37,087,62317,112.5749697861862,587,9.45196325,62317,766,12.33424847,62317,607,630,-23,9.774006300000002,10.14435579,-0.3703495,-179,-2.88228522,62317,62317,-1
"Slope County, North Dakota",Slope County,38087,00,38,087,750,0.6171496485441235,8,10.5890139,750,0,0,750,-19,-20,1,-25.14890801,-26.47253475,1.32362674,8,10.5890139,750,750,0
"Lawrence County, Ohio",Lawrence County,39087,00,39,087,59463,131.15757235889942,610,10.23232408,59463,793,13.302021300000002,59463,-119,-95,-24,-1.99614191,-1.59355867,-0.40258324,-183,-3.06969722,59463,59463,-2
"McClain County, Oklahoma",McClain County,40087,00,40,087,40474,70.91781289104998,414,10.30350543,40474,386,9.60664999,40474,560,551,9,13.937108800000004,13.71311955,0.22398925,28,0.69685544,40474,40474,-1
"Mifflin County, Pennsylvania",Mifflin County,42087,00,42,087,46138,112.24554754126304,574,12.43110375,46138,527,11.41322591,46138,-117,-128,11,-2.53386609,-2.77209282,0.23822673,47,1.01787783,46138,46138,-3
"Union County, South Carolina",Union County,45087,00,45,087,27316,53.126305053455674,294,10.761347,27316,378,13.83601757,27316,79,80,-1,2.89165447,2.92825769,-0.03660322,-84,-3.07467057,27316,27316,-3
"McCook County, South Dakota",McCook County,46087,00,46,087,5586,9.728227488312864,90,16.09010459,5586,65,11.62063109,5586,-40,-44,4,-7.15115759,-7.86627335,0.71511576,25,4.4694735,5586,5586,0
"Jackson County, Tennessee",Jackson County,47087,00,47,087,11786,38.188430735325035,94,7.97861053,11786,163,13.83525018,11786,78,77,1,6.62054917,6.53567033,0.08487884,-69,-5.85663965,11786,11786,0
"Collingsworth County, Texas",Collingsworth County,48087,00,48,087,2920,3.179302338578798,29,9.89423405,2920,34,11.60013647,2920,-16,-14,-2,-5.45888775,-4.77652678,-0.68236097,-5,-1.70590242,2920,2920,-1
"Henrico County, Virginia",Henrico County,51087,00,51,087,330818,1415.7121075854277,3862,11.70638259,330818,2832,8.58427641,330818,805,-113,918,2.44009269,-0.34252233,2.78261502,1030,3.12210618,330818,330818,-10
"Roane County, West Virginia",Roane County,54087,00,54,087,13688,28.30655019452974,119,8.62131421,13688,186,13.47533145,13688,-163,-163,0,-11.80902702,-11.80902702,0,-67,-4.85401724,13688,13688,0
"Outagamie County, Wisconsin",Outagamie County,55087,00,55,087,187885,294.68534237327594,2181,11.63932502,187885,1320,7.0444333,187885,152,48,104,0.81117717,0.25616121,0.55501596,861,4.59489172,187885,187885,-7
"Lo<ed>za Municipio, Puerto Rico",Lo<ed>za Municipio,72087,00,72,087,24553,0,,,24553,,,24553,,,,,,,,,24553,24553,
"Madison County, Alabama",Madison County,01089,00,01,089,372909,465.2108469838402,4242,11.46621292,372909,3305,8.93348272,372909,4951,4721,230,13.38265445,12.76095973,0.62169471,937,2.5327302000000005,372909,372909,17
"Marion County, Arkansas",Marion County,05089,00,05,089,16694,27.96517901162492,141,8.45349081,16694,278,16.66716628,16694,168,172,-4,10.07224437,10.31205971,-0.23981534,-137,-8.21367547,16694,16694,-2
"Shasta County, California",Shasta County,06089,00,06,089,180080,47.69744408768013,1977,10.98977456,180080,2297,12.76859493,180080,707,514,193,3.93008124,2.85723021,1.07285103,-320,-1.77882036,180080,180080,-16
"Otero County, Colorado",Otero County,08089,00,08,089,18278,14.483981791202435,216,11.79812104,18278,235,12.83591872,18278,-42,-49,7,-2.29407909,-2.67642561,0.38234652,-19,-1.03779768,18278,18278,1
"Nassau County, Florida",Nassau County,12089,00,12,089,88625,136.62350356102442,858,9.83037448,88625,979,11.21670935,88625,2798,2813,-15,32.05756154,32.22942123,-0.17185969,-121,-1.38633486,88625,88625,12
"DeKalb County, Georgia",DeKalb County,13089,00,13,089,759297,2836.041610310158,10825,14.2979508,759297,5028,6.64111747,759297,-1359,-5190,3831,-1.79500371,-6.85509142,5.06008772,5797,7.65683333,759297,759297,-47
"Kane County, Illinois",Kane County,17089,00,17,089,532403,1025.113750739935,6249,11.73385609,532403,3464,6.50441311,532403,-3107,-3026,-81,-5.83406799,-5.68197288,-0.15209511,2785,5.22944298,532403,532403,5
"Lake County, Indiana",Lake County,18089,00,18,089,485493,973.3431967382924,5438,11.21314565,485493,5029,10.36978843,485493,673,413,260,1.38772472,0.85160521,0.53611951,409,0.84335722,485493,485493,-29
"Howard County, Iowa",Howard County,19089,00,19,089,9158,19.35143650020745,117,12.76595745,9158,120,13.09328969,9158,-10,-6,-4,-1.09110747,-0.65466448,-0.43644299,-3,-0.32733224,9158,9158,-1
"Jewell County, Kansas",Jewell County,20089,00,20,089,2879,3.1638376970844786,31,10.8315863,2879,34,11.87980433,2879,38,38,0,13.27742837,13.27742837,0,-3,-1.04821803,2879,2879,-1
"Greenup County, Kentucky",Greenup County,21089,00,21,089,35098,101.8921251788065,352,9.99574045,35098,471,13.37498225,35098,-115,-112,-3,-3.26565384,-3.18046287,-0.08519097,-119,-3.3792418,35098,35098,0
"St. Charles Parish, Louisiana",St. Charles Parish,22089,00,22,089,53100,191.17850874942496,571,10.7863046,53100,446,8.42502952,53100,205,179,26,3.87249115,3.38134593,0.49114522,125,2.36127509,53100,53100,-5
"Leelanau County, Michigan",Leelanau County,26089,00,26,089,21761,62.67582676490559,175,8.0506038,21761,222,10.21276596,21761,96,87,9,4.41633122,4.00230017,0.41403105,-47,-2.16216216,21761,21761,-2
"Marshall County, Minnesota",Marshall County,27089,00,27,089,9336,5.259539987262481,106,11.32539131,9336,86,9.18852503,9336,-67,-69,2,-7.15850206,-7.37218869,0.21368663,20,2.13686629,9336,9336,0
"Madison County, Mississippi",Madison County,28089,00,28,089,106272,148.73165609781182,1267,11.95734239,106272,1107,10.44733862,106272,465,344,121,4.38844847,3.24650812,1.14194035,160,1.51000378,106272,106272,-1
"Howard County, Missouri",Howard County,29089,00,29,089,10001,21.563161579825294,107,10.66799601,10001,87,8.67397807,10001,-78,-78,0,-7.77666999,-7.77666999,0,20,1.99401795,10001,10001,0
"Sanders County, Montana",Sanders County,30089,00,30,089,12113,4.3881307575874695,112,9.34891486,12113,128,10.68447412,12113,281,282,-1,23.4557596,23.53923205,-0.08347245,-16,-1.33555927,12113,12113,1
"Holt County, Nebraska",Holt County,31089,00,31,089,10067,4.173027952740048,139,13.75216423,10067,120,11.872372,10067,-101,-107,6,-9.99257977,-10.58619837,0.5936186,19,1.87979223,10067,10067,1
"St. Lawrence County, New York",St. Lawrence County,36089,00,36,089,107740,40.20896857006941,988,9.14531141,107740,1082,10.01541189,107740,-495,-591,96,-4.58191209,-5.47052535,0.88861325,-94,-0.87010048,107740,107740,2
"Henderson County, North Carolina",Henderson County,37089,00,37,089,117417,314.8389510889729,1066,9.11434398,117417,1426,12.19235883,117417,1276,1296,-20,10.90985264,11.08085347,-0.17100083,-360,-3.07801485,117417,117417,1
"Stark County, North Dakota",Stark County,38089,00,38,089,31489,23.58880164687688,506,16.22262832,31489,234,7.50216409,31489,326,293,33,10.45173287,9.39373537,1.0579975,272,8.72046424,31489,31489,-2
"Licking County, Ohio",Licking County,39089,00,39,089,176862,259.1618698389331,1924,10.91544501,176862,1662,9.42903826,176862,943,886,57,5.34992965,5.02655108,0.32337857,262,1.48640675,176862,176862,-9
"McCurtain County, Oklahoma",McCurtain County,40089,00,40,089,32832,17.73873891,444,13.49564583,32832,429,13.03971185,32832,-149,-238,89,-4.52894421,-7.23415249,2.70520829,15,0.45593398,32832,32832,-1
"Monroe County, Pennsylvania",Monroe County,42089,00,42,089,170271,279.9324546519107,1545,9.09987778,170271,1618,9.52983965,170271,1064,911,153,6.266841400000001,5.36568845,0.90115295,-73,-0.42996186,170271,170271,-14
"Williamsburg County, South Carolina",Williamsburg County,45089,00,45,089,30368,32.50815739941699,302,9.90586151,30368,394,12.92354118,30368,-144,-172,28,-4.7233247,-5.64174894,0.91842425,-92,-3.01767967,30368,30368,-2
"McPherson County, South Dakota",McPherson County,46089,00,46,089,2379,2.0930046589212363,19,7.94979079,2379,20,8.36820084,2379,-20,-19,-1,-8.36820084,-7.94979079,-0.41841004,-1,-0.41841004,2379,2379,-1
"Jefferson County, Tennessee",Jefferson County,47089,00,47,089,54495,198.11124610490631,473,8.71833154,54495,668,12.3125697,54495,676,661,15,12.46002562,12.18354576,0.27647986,-195,-3.59423816,54495,54495,2
"Colorado County, Texas",Colorado County,48089,00,48,089,21493,22.38186779,257,12.00990701,21493,247,11.54259545,21493,178,116,62,8.31814571,5.42081406,2.89733165,10,0.46731156,21493,21493,0
"Henry County, Virginia",Henry County,51089,00,51,089,50557,132.22665619166727,400,7.87347328,50557,744,14.64466031,50557,-147,-143,-4,-2.89350143,-2.8147667,-0.07873473,-344,-6.77118702,50557,50557,-2
"Summers County, West Virginia",Summers County,54089,00,54,089,12573,34.86761678803144,98,7.76391365,12573,155,12.27965934,12573,-40,-39,-1,-3.16894435,-3.08972074,-0.07922361,-57,-4.51574569,12573,12573,-2
"Ozaukee County, Wisconsin",Ozaukee County,55089,00,55,089,89221,382.8927821294665,850,9.53556204,89221,836,9.37850572,89221,153,121,32,1.71640117,1.3574153,0.35898586,14,0.15705632,89221,89221,-5
"Luquillo Municipio, Puerto Rico",Luquillo Municipio,72089,00,72,089,17665,0,,,17665,,,17665,,,,,,,,,17665,17665,
"Fairbanks North Star Borough, Alaska",Fairbanks North Star Borough,02090,00,02,090,96849,13.213430474566778,1533,15.68976634,96849,506,5.17874871,96849,-2747,-2763,16,-28.11466937,-28.27842427,0.1637549,1027,10.51101763,96849,96849,4
"Marengo County, Alabama",Marengo County,01091,00,01,091,18863,19.30918428888634,209,11.02349746,18863,276,14.55734592,18863,-126,-129,3,-6.64574488,-6.8039769,0.15823202,-67,-3.53384847,18863,18863,0
"Miller County, Arkansas",Miller County,05091,00,05,091,43257,69.13026897807528,520,12.00660363,43257,471,10.87521214,43257,-151,-123,-28,-3.48653298,-2.84002355,-0.64650943,49,1.1313915,43257,43257,-3
"Sierra County, California",Sierra County,06091,00,06,091,3005,3.152643546560063,25,8.33055648,3005,37,12.32922359,3005,20,20,0,6.66444518,6.66444518,0,-12,-3.99866711,3005,3005,0
"Ouray County, Colorado",Ouray County,08091,00,08,091,4952,9.143397051432023,20,4.09249028,4952,34,6.95723348,4952,142,141,1,29.05668099,28.85205648,0.20462451,-14,-2.8647432,4952,4952,2
"Okaloosa County, Florida",Okaloosa County,12091,00,12,091,210738,226.54515203228385,2692,12.89049781,210738,1940,9.28958609,210738,3037,2961,76,14.54251183,14.1785899,0.36392193,752,3.60091172,210738,210738,15
"Dodge County, Georgia",Dodge County,13091,00,13,091,20605,41.54598131631271,215,10.38697522,20605,240,11.59476303,20605,-161,-166,5,-7.77815353,-8.0197111,0.24155756,-25,-1.20778782,20605,20605,-2
"Kankakee County, Illinois",Kankakee County,17091,00,17,091,109862,162.39877773645583,1240,11.28221459,109862,1167,10.618019699999998,109862,-163,-192,29,-1.4830653,-1.74692355,0.26385824,73,0.66419489,109862,109862,-1
"LaPorte County, Indiana",LaPorte County,18091,00,18,091,109888,183.6762043566561,1248,11.35221427,109888,1215,11.05203553,109888,-120,-127,7,-1.09155906,-1.15523334,0.06367428,33,0.30017874,109888,109888,-6
"Humboldt County, Iowa",Humboldt County,19091,00,19,091,9558,22.0042483,107,11.19422504,9558,106,11.08960611,9558,-2,-7,5,-0.20923785,-0.73233248,0.52309463,1,0.10461893,9558,9558,0
"Johnson County, Kansas",Johnson County,20091,00,20,091,602401,1271.9107401666738,7125,11.8697773,602401,4070,6.78034998,602401,1236,299,937,2.059094,0.49811416,1.56097984,3055,5.08942732,602401,602401,-17
"Hancock County, Kentucky",Hancock County,21091,00,21,091,8722,46.474391419256655,106,12.14203895,8722,77,8.82016037,8722,-47,-47,0,-5.38373425,-5.38373425,0,29,3.32187858,8722,8722,2
"St. Helena Parish, Louisiana",St. Helena Parish,22091,00,22,091,10132,24.808505054725774,99,9.74457404,10132,105,10.33515429,10132,-48,-46,-2,-4.72464196,-4.52778188,-0.19686008,-6,-0.59058025,10132,10132,-1
"Lenawee County, Michigan",Lenawee County,26091,00,26,091,98451,131.3347254794245,952,9.68503296,98451,1007,10.24456743,98451,372,367,5,3.78448767,3.733620900000001,0.05086677,-55,-0.55953447,98451,98451,-7
"Martin County, Minnesota",Martin County,27091,00,27,091,19683,27.631826947653323,234,11.8616145,19683,224,11.3547079,19683,-97,-98,1,-4.91699404,-4.9676847,0.05069066,10,0.5069066,19683,19683,-2
"Marion County, Mississippi",Marion County,28091,00,28,091,24573,45.30549133,278,11.27217435,24573,307,12.44804866,24573,-149,-154,5,-6.04156107,-6.24429802,0.20273695,-29,-1.1758743,24573,24573,-1
"Howell County, Missouri",Howell County,29091,00,29,091,40117,43.26456582059629,504,12.5618434,40117,508,12.66154057,40117,-2,-11,9,-0.04984858,-0.27416722,0.22431863,-4,-0.09969717,40117,40117,-3
"Sheridan County, Montana",Sheridan County,30091,00,30,091,3309,1.9745696110224331,41,12.24794623,3309,49,14.6377894,3309,-69,-69,0,-20.61239731,-20.61239731,0,-8,-2.38984317,3309,3309,0
"Hooker County, Nebraska",Hooker County,31091,00,31,091,682,0.9456983918057384,6,8.8365243,682,7,10.30927835,682,7,7,0,10.30927835,10.30927835,0,-1,-1.47275405,682,682,0
"Saratoga County, New York",Saratoga County,36091,00,36,091,229863,283.78297833541933,2103,9.14282236,229863,2050,8.91240411,229863,-358,-490,132,-1.55641008,-2.13028196,0.57387187,53,0.23041825,229863,229863,-2
"Hertford County, North Carolina",Hertford County,37091,00,37,091,23677,67.04259378491857,224,9.420670800000002,23677,287,12.07023447,23677,-138,-174,36,-5.80380612,-7.3178425,1.51403638,-63,-2.64956366,23677,23677,0
"Steele County, North Dakota",Steele County,38091,00,38,091,1890,2.6539617881735373,20,10.5764146,1890,6,3.17292438,1890,-17,-17,0,-8.98995241,-8.98995241,0,14,7.40349022,1890,1890,1
"Logan County, Ohio",Logan County,39091,00,39,091,45672,99.60968246,547,12.02144961,45672,496,10.90061975,45672,292,294,-2,6.41730034,6.46125445,-0.04395411,51,1.12082985,45672,45672,-3
"McIntosh County, Oklahoma",McIntosh County,40091,00,40,091,19596,31.69395406827321,183,9.3032714,19596,318,16.16634046,19596,-12,-13,1,-0.61005058,-0.66088813,0.05083755,-135,-6.86306906,19596,19596,-2
"Montgomery County, Pennsylvania",Montgomery County,42091,00,42,091,830915,1720.4402671427486,8602,10.37736475,830915,7831,9.44723824,830915,3282,1698,1584,3.95937121,2.04844982,1.91092139,771,0.93012651,830915,830915,-62
"York County, South Carolina",York County,45091,00,45,091,280979,412.79591827401816,2965,10.68928782,280979,2227,8.02868262,280979,6440,6252,188,23.21720525,22.5394359,0.67776935,738,2.6606052000000004,280979,280979,19
"Marshall County, South Dakota",Marshall County,46091,00,46,091,4935,5.8881689045411445,73,14.81331169,4935,41,8.31980519,4935,-18,-20,2,-3.6525974,-4.05844156,0.40584416,32,6.49350649,4935,4935,0
"Johnson County, Tennessee",Johnson County,47091,00,47,091,17788,59.60325766180837,154,8.66093021,17788,237,13.32883415,17788,98,104,-6,5.51150104,5.84893988,-0.33743884,-83,-4.66790394,17788,17788,-1
"Comal County, Texas",Comal County,48091,00,48,091,156209,279.1816190937044,1589,10.44192541,156209,1242,8.16165599,156209,7685,7600,85,50.50106785,49.94250041,0.55856744,347,2.28026943,156209,156209,36
"Highland County, Virginia",Highland County,51091,00,51,091,2190,5.275037786519287,17,7.73078672,2190,31,14.09731696,2190,-4,-4,0,-1.81900864,-1.81900864,0,-14,-6.36653024,2190,2190,0
"Taylor County, West Virginia",Taylor County,54091,00,54,091,16695,96.63075128727834,129,7.69620857,16695,199,11.87244578,16695,-62,-60,-2,-3.69895296,-3.57963189,-0.11932106,-70,-4.17623721,16695,16695,-1
"Pepin County, Wisconsin",Pepin County,55091,00,55,091,7287,31.408580020413304,78,10.69152217,7287,93,12.74758413,7287,-2,-8,6,-0.27414159,-1.09656638,0.82242478,-15,-2.05606196,7287,7287,0
"Manat<ed> Municipio, Puerto Rico",Manat<ed> Municipio,72091,00,72,091,37287,0,,,37287,,,37287,,,,,,,,,37287,37287,
"Marion County, Alabama",Marion County,01093,00,01,093,29709,40.02062859598173,302,10.15826031,29709,405,13.62283254,29709,65,62,3,2.18638053,2.08547066,0.10090987,-103,-3.46457223,29709,29709,-3
"Mississippi County, Arkansas",Mississippi County,05093,00,05,093,40651,45.13887721491252,580,14.16586271,40651,498,12.16310281,40651,-671,-652,-19,-16.38843773,-15.9243836,-0.46405412,82,2.0027599,40651,40651,4
"Siskiyou County, California",Siskiyou County,06093,00,06,093,43539,6.934322613196945,382,8.77263489,43539,525,12.05663172,43539,135,133,2,3.10027673,3.0543467,0.04593003,-143,-3.28399683,43539,43539,-3
"Park County, Colorado",Park County,08093,00,08,093,18845,8.589714014569184,134,7.17152796,18845,117,6.26170725,18845,300,307,-7,16.05565962,16.43029168,-0.37463206,17,0.90982071,18845,18845,3
"Okeechobee County, Florida",Okeechobee County,12093,00,12,093,42168,54.823645790375096,542,12.93216578,42168,447,10.66545776,42168,419,358,61,9.99737539,8.54191024,1.45546515,95,2.26670802,42168,42168,0
"Dooly County, Georgia",Dooly County,13093,00,13,093,13390,34.103298213912765,88,6.4947045999999995,13390,118,8.70880844,13390,-289,-287,-2,-21.32920034,-21.18159342,-0.14760692,-30,-2.21410384,13390,13390,0
"Kendall County, Illinois",Kendall County,17093,00,17,093,128990,402.7940867737845,1473,11.47611869,128990,580,4.51877043,128990,384,277,107,2.99173766,2.15810243,0.83363523,893,6.95734826,128990,128990,-4
"Lawrence County, Indiana",Lawrence County,18093,00,18,093,45370,101.0065954,465,10.21978022,45370,563,12.37362637,45370,-159,-164,5,-3.49450549,-3.6043956,0.10989011,-98,-2.15384615,45370,45370,-3
"Ida County, Iowa",Ida County,19093,00,19,093,6860,15.897745664760324,68,9.92266161,6860,103,15.02991391,6860,51,50,1,7.44199621,7.29607471,0.14592149,-35,-5.1072523,6860,6860,-2
"Kearny County, Kansas",Kearny County,20093,00,20,093,3838,4.408741202137197,59,15.16904486,3838,23,5.91335647,3838,-141,-146,5,-36.2514462,-37.53695848,1.28551228,36,9.25568839,3838,3838,2
"Hardin County, Kentucky",Hardin County,21093,00,21,093,110958,177.9894367669242,1443,13.04483427,110958,972,8.78695697,110958,212,271,-59,1.91649679,2.44986146,-0.53336467,471,4.2578773000000005,110958,110958,-4
"St. James Parish, Louisiana",St. James Parish,22093,00,22,093,21096,86.87154636977996,279,13.20803844,21096,226,10.69898454,21096,-108,-113,5,-5.11278907,-5.34949227,0.2367032,53,2.5090539,21096,21096,0
"Livingston County, Michigan",Livingston County,26093,00,26,093,191995,339.66254519445437,1760,9.18616334,191995,1607,8.38759346,191995,664,611,53,3.4656888999999995,3.18906011,0.27662878,153,0.79856988,191995,191995,-12
"Meeker County, Minnesota",Meeker County,27093,00,27,093,23222,38.18970464877036,268,11.55994565,23222,216,9.31697112,23222,26,11,15,1.12148726,0.47447538,0.64701188,52,2.24297453,23222,23222,-1
"Marshall County, Mississippi",Marshall County,28093,00,28,093,35294,49.97839230612461,393,11.11268203,35294,446,12.61133889,35294,-86,-81,-5,-2.43178284,-2.29040011,-0.14138272,-53,-1.49865686,35294,35294,-3
"Iron County, Missouri",Iron County,29093,00,29,093,10125,18.400243224665697,98,9.64946829,10125,152,14.96652225,10125,-7,-9,2,-0.68924774,-0.88617566,0.19692792,-54,-5.31705396,10125,10125,-1
"Silver Bow County, Montana",Silver Bow County,30093,00,30,093,34915,48.62926224210454,364,10.45166107,34915,419,12.03089557,34915,232,181,51,6.66149826,5.19711718,1.46438108,-55,-1.5792345,34915,34915,-1
"Howard County, Nebraska",Howard County,31093,00,31,093,6445,11.320165784147632,72,11.1610603,6445,59,9.14586886,6445,-25,-25,0,-3.87536816,-3.87536816,0,13,2.01519144,6445,6445,0
"Schenectady County, New York",Schenectady County,36093,00,36,093,155299,759.1072667410384,1792,11.54721018,155299,1486,9.57542094,155299,-82,-305,223,-0.52838797,-1.96534548,1.43695752,306,1.97178924,155299,155299,-4
"Hoke County, North Carolina",Hoke County,37093,00,37,093,55234,141.58061714148394,847,15.40994642,55234,362,6.58606919,55234,54,50,4,0.98245231,0.90967806,0.07277425,485,8.82387723,55234,55234,0
"Stutsman County, North Dakota",Stutsman County,38093,00,38,093,20704,9.318136183419758,223,10.7265687,20704,214,10.29365786,20704,-181,-189,8,-8.70631809,-9.09112773,0.38480964,9,0.43291084,20704,20704,1
"Lorain County, Ohio",Lorain County,39093,00,39,093,309833,630.7707451477764,3175,10.26038763,309833,3093,9.99539494,309833,720,612,108,2.32676507,1.97775031,0.34901476,82,0.26499269,309833,309833,-21
"Major County, Oklahoma",Major County,40093,00,40,093,7629,7.988481675,102,13.37178815,7629,90,11.7986366,7629,-10,-21,11,-1.31095962,-2.75301521,1.44205558,12,1.57315155,7629,7629,0
"Montour County, Pennsylvania",Montour County,42093,00,42,093,18230,139.96977821974548,211,11.57115437,18230,221,12.11955032,18230,1,-11,12,0.05483959,-0.60323554,0.65807513,-10,-0.54839594,18230,18230,-1
"Meade County, South Dakota",Meade County,46093,00,46,093,28332,8.162644788,257,9.09155229,28332,207,7.32276779,28332,78,87,-9,2.75930381,3.07768501,-0.31838121,50,1.76878449,28332,28332,0
"Knox County, Tennessee",Knox County,47093,00,47,093,470313,925.2188251380784,5154,11.00610632,470313,4548,9.71202397,470313,3445,2627,818,7.35662326,5.60982563,1.74679763,606,1.29408235,470313,470313,4
"Comanche County, Texas",Comanche County,48093,00,48,093,13635,14.540076261972274,139,10.2299908,13635,182,13.39466421,13635,138,131,7,10.15639374,9.64121435,0.51517939,-43,-3.16467341,13635,13635,0
"Isle of Wight County, Virginia",Isle of Wight County,51093,00,51,093,37109,117.55259898758734,376,10.15105088,37109,397,10.71799787,37109,163,156,7,4.40058854,4.21160621,0.18898233,-21,-0.56694699,37109,37109,-5
"Tucker County, West Virginia",Tucker County,54093,00,54,093,6839,16.320464971574324,60,8.71080139,6839,128,18.58304297,6839,-28,-28,0,-4.06504065,-4.06504065,0,-68,-9.87224158,6839,6839,-2
"Pierce County, Wisconsin",Pierce County,55093,00,55,093,42754,74.48194459035233,380,8.90492817,42754,290,6.79586624,42754,74,76,-2,1.73411759,1.78098563,-0.04686804,90,2.10906194,42754,42754,-2
"Maricao Municipio, Puerto Rico",Maricao Municipio,72093,00,72,093,5430,0,,,5430,,,5430,,,,,,,,,5430,5430,
"Marshall County, Alabama",Marshall County,01095,00,01,095,96774,171.02562463561685,1395,14.46015424,96774,1155,11.97238577,96774,368,303,65,3.81457832,3.1408077000000003,0.67377063,240,2.48776847,96774,96774,-4
"Monroe County, Arkansas",Monroe County,05095,00,05,095,6701,11.037114899441775,67,9.86672557,6701,114,16.78815993,6701,-133,-133,0,-19.58618658,-19.58618658,0,-47,-6.92143436,6701,6701,1
"Solano County, California",Solano County,06095,00,06,095,447643,544.7010143559376,5088,11.39060275,447643,3711,8.30788656,447643,557,277,280,1.24696654,0.62012519,0.62684135,1377,3.08271619,447643,447643,-16
"Phillips County, Colorado",Phillips County,08095,00,08,095,4265,6.1997774645060675,42,9.8245614,4265,57,13.33333333,4265,-5,-28,23,-1.16959064,-6.5497076,5.38011696,-15,-3.50877193,4265,4265,0
"Orange County, Florida",Orange County,12095,00,12,095,1393452,1545.0773301462186,16922,12.1960712,1393452,8890,6.40722568,1393452,3925,-3333,7258,2.82883698,-2.40216909,5.23100607,8032,5.78884552,1393452,1393452,-45
"Dougherty County, Georgia",Dougherty County,13095,00,13,095,87956,267.6332257405516,1255,14.16830364,87956,951,10.73630021,87956,-1553,-1601,48,-17.53257016,-18.07446544,0.54189528,304,3.43200343,87956,87956,5
"Knox County, Illinois",Knox County,17095,00,17,095,49699,69.37473634149472,559,11.21622842,49699,620,12.44018179,49699,-219,-296,77,-4.39419324,-5.93918356,1.54499032,-61,-1.22395337,49699,49699,1
"Madison County, Indiana",Madison County,18095,00,18,095,129569,286.70777715283714,1369,10.56563583,129569,1445,11.15218683,129569,80,16,64,0.61742211,0.12348442,0.49393769,-76,-0.586551,129569,129569,-8
"Iowa County, Iowa",Iowa County,19095,00,19,095,16184,27.596313714935796,182,11.2557593,16184,182,11.2557593,16184,32,34,-2,1.9790346,2.10272426,-0.12368966,0,0,16184,16184,-3
"Kingman County, Kansas",Kingman County,20095,00,20,095,7152,8.283346713784896,75,10.43696076,7152,93,12.94183134,7152,-49,-48,-1,-6.81881436,-6.67965488,-0.13915948,-18,-2.50487058,7152,7152,-1
"Harlan County, Kentucky",Harlan County,21095,00,21,095,26010,55.83572643775104,298,11.39165504,26010,400,15.29081213,26010,-197,-197,0,-7.53072498,-7.53072498,0,-102,-3.89915709,26010,26010,0
"St. John the Baptist Parish, Louisiana",St. John the Baptist Parish,22095,00,22,095,42837,199.87405601710933,534,12.42496161,42837,421,9.79570943,42837,-398,-413,15,-9.26055191,-9.60956769,0.34901578,113,2.62925218,42837,42837,3
"Luce County, Michigan",Luce County,26095,00,26,095,6229,6.928231699721223,60,9.55718382,6229,83,13.22077095,6229,-73,-74,1,-11.62790698,-11.78719337,0.1592864,-23,-3.66358713,6229,6229,-2
"Mille Lacs County, Minnesota",Mille Lacs County,27095,00,27,095,26277,45.90962426870995,319,12.18091911,26277,268,10.23349944,26277,126,119,7,4.81127212,4.54397923,0.2672929,51,1.94741967,26277,26277,0
"Monroe County, Mississippi",Monroe County,28095,00,28,095,35252,46.07571168925677,387,10.93297549,35252,413,11.66749064,35252,-266,-265,-1,-7.51465499,-7.48640441,-0.02825058,-26,-0.73451515,35252,35252,1
"Jackson County, Missouri",Jackson County,29095,00,29,095,703011,1162.9315457361652,8996,12.8166862,703011,6497,9.25633729,703011,-243,-845,602,-0.3462044,-1.20387948,0.85767509,2499,3.56034891,703011,703011,-29
"Stillwater County, Montana",Stillwater County,30095,00,30,095,9642,5.366367222650808,77,8.05228758,9642,82,8.575163400000001,9642,166,157,9,17.35947712,16.41830065,0.94117647,-5,-0.52287582,9642,9642,-2
"Jefferson County, Nebraska",Jefferson County,31095,00,31,095,7046,12.357694432577086,73,10.32239819,7046,82,11.59502262,7046,-44,-54,10,-6.22171946,-7.63574661,1.41402715,-9,-1.27262443,7046,7046,1
"Schoharie County, New York",Schoharie County,36095,00,36,095,30999,49.852134707894606,237,7.6273232,30999,313,10.07321587,30999,-70,-76,6,-2.25279588,-2.44589267,0.19309679,-76,-2.44589267,30999,30999,-1
"Hyde County, North Carolina",Hyde County,37095,00,37,095,4937,8.062444823982462,33,6.62451069,4937,49,9.83639466,4937,-73,-72,-1,-14.65422062,-14.45347787,-0.20074275,-16,-3.21188397,4937,4937,0
"Towner County, North Dakota",Towner County,38095,00,38,095,2189,2.135799507721127,20,9.14494742,2189,23,10.51668953,2189,7,-7,14,3.2007316,-3.2007316,6.40146319,-3,-1.37174211,2189,2189,0
"Lucas County, Ohio",Lucas County,39095,00,39,095,428348,1261.1260562052166,5298,12.35022612,428348,4561,10.63219731,428348,-2005,-2187,182,-4.67387757,-5.09813977,0.4242622,737,1.71802881,428348,428348,4
"Marshall County, Oklahoma",Marshall County,40095,00,40,095,16931,45.56225985257832,200,11.88424743,16931,170,10.10161032,16931,173,168,5,10.27987403,9.98276784,0.29710619,30,1.78263711,16931,16931,1
"Northampton County, Pennsylvania",Northampton County,42095,00,42,095,305285,825.5811935184691,2767,9.07437743,305285,2986,9.792588,305285,961,689,272,3.15159982,2.25957573,0.89202409,-219,-0.71821057,305285,305285,-21
"Mellette County, South Dakota",Mellette County,46095,00,46,095,2061,1.576501105082258,36,17.58241758,2061,26,12.6984127,2061,16,16,0,7.81440781,7.81440781,0,10,4.88400488,2061,2061,1
"Lake County, Tennessee",Lake County,47095,00,47,095,7016,42.31986339849983,57,7.90404215,7016,92,12.75740137,7016,-360,-360,0,-49.92026624,-49.92026624,0,-35,-4.85335922,7016,7016,4
"Concho County, Texas",Concho County,48095,00,48,095,2726,2.7710147833668075,24,8.87409872,2726,29,10.72286929,2726,48,22,26,17.74819745,8.1345905,9.61360695,-5,-1.84877057,2726,2726,0
"James City County, Virginia",James City County,51095,00,51,095,76523,537.5119040665069,721,9.45226671,76523,778,10.19953329,76523,553,516,37,7.2497968,6.76472902,0.48506778,-57,-0.74726658,76523,76523,-6
"Tyler County, West Virginia",Tyler County,54095,00,54,095,8591,33.51907942575916,74,8.539611099999998,8591,108,12.4632162,8591,-115,-113,-2,-13.27101725,-13.04021695,-0.2308003,-34,-3.9236051,8591,8591,0
"Polk County, Wisconsin",Polk County,55095,00,55,095,43783,47.885863343243734,402,9.20424494,43783,444,10.16588247,43783,259,255,4,5.93009811,5.83851358,0.09158453,-42,-0.96163753,43783,43783,-2
"Maunabo Municipio, Puerto Rico",Maunabo Municipio,72095,00,72,095,10321,0,,,10321,,,10321,,,,,,,,,10321,10321,
"Mobile County, Alabama",Mobile County,01097,00,01,097,413210,336.10416736377744,5443,13.16136271,413210,4576,11.06492665,413210,-1555,-1821,266,-3.76004391,-4.40324113,0.64319722,867,2.09643606,413210,413210,-10
"Montgomery County, Arkansas",Montgomery County,05097,00,05,097,8986,11.521687571904591,88,9.83459991,8986,148,16.54000894,8986,137,133,4,15.31068395,14.86365668,0.44702727,-60,-6.70540903,8986,8986,-1
"Sonoma County, California",Sonoma County,06097,00,06,097,494336,313.74621439471724,4509,9.08176306,494336,4379,8.81992469,494336,-4437,-4534,97,-8.93674489,-9.13211659,0.1953717,130,0.26183837,494336,494336,0
"Pitkin County, Colorado",Pitkin County,08097,00,08,097,17767,18.303260739094657,130,7.27415158,17767,55,3.07752567,17767,-287,-380,93,-16.05908849,-21.26290462,5.20381613,75,4.19662591,17767,17767,3
"Osceola County, Florida",Osceola County,12097,00,12,097,375751,283.03811888079866,4498,12.08803465,375751,2465,6.62450098,375751,5249,4041,1208,14.10629032,10.85988173,3.24640859,2033,5.46353367,375751,375751,13
"Douglas County, Georgia",Douglas County,13097,00,13,097,146343,731.2104629953515,1720,11.80641596,146343,1047,7.18681251,146343,653,615,38,4.48231955,4.22148013,0.26083942,673,4.61960346,146343,146343,-7
"Lake County, Illinois",Lake County,17097,00,17,097,696535,1569.1260587139277,7261,10.40166977,696535,4780,6.84753911,696535,-5587,-6404,817,-8.00359854,-9.17398336,1.17038482,2481,3.55413066,696535,696535,54
"Marion County, Indiana",Marion County,18097,00,18,097,964582,2432.316897708157,14203,14.76954498,964582,8190,8.51669178,964582,-107,-4866,4759,-0.11126813,-5.06010039,4.94883226,6013,6.2528532,964582,964582,-24
"Jackson County, Iowa",Jackson County,19097,00,19,097,19439,30.562377122362136,223,11.47532548,19439,231,11.88699635,19439,22,20,2,1.13209489,1.02917717,0.10291772,-8,-0.41167087,19439,19439,-2
"Kiowa County, Kansas",Kiowa County,20097,00,20,097,2475,3.424943835275932,29,11.68412571,2475,23,9.26672039,2475,-19,-20,1,-7.65511684,-8.05801773,0.40290089,6,2.41740532,2475,2475,-1
"Harrison County, Kentucky",Harrison County,21097,00,21,097,18886,61.63593298112029,234,12.42499867,18886,218,11.57542611,18886,92,94,-2,4.88504221,4.99123878,-0.10619657,16,0.84957256,18886,18886,-2
"St. Landry Parish, Louisiana",St. Landry Parish,22097,00,22,097,82124,88.88718409,1111,13.47434296,82124,1017,12.33429954,82124,-750,-756,6,-9.09609111,-9.16885984,0.07276873,94,1.14004342,82124,82124,-2
"Mackinac County, Michigan",Mackinac County,26097,00,26,097,10799,10.56793479,88,8.15569972,10799,138,12.78962002,10799,68,41,27,6.3021316,3.79981464,2.50231696,-50,-4.6339203,10799,10799,0
"Morrison County, Minnesota",Morrison County,27097,00,27,097,33386,29.673958735227476,345,10.36907911,33386,367,11.03029574,33386,254,251,3,7.63404665,7.54388074,0.09016591,-22,-0.66121664,33386,33386,-4
"Montgomery County, Mississippi",Montgomery County,28097,00,28,097,9775,24.01834441366713,120,12.14021954,9775,151,15.27644292,9775,-187,-189,2,-18.91850878,-19.12084577,0.20233699,-31,-3.13622338,9775,9775,-1
"Jasper County, Missouri",Jasper County,29097,00,29,097,121328,190.0185256400146,1543,12.76351108,121328,1192,9.86008115,121328,523,423,100,4.32619332,3.49900531,0.82718802,351,2.90342994,121328,121328,-1
"Sweet Grass County, Montana",Sweet Grass County,30097,00,30,097,3737,2.014007095651295,34,9.13978495,3737,33,8.87096774,3737,33,31,2,8.87096774,8.33333333,0.53763441,1,0.2688172,3737,3737,0
"Johnson County, Nebraska",Johnson County,31097,00,31,097,5071,13.484101784414756,41,8.05026507,5071,57,11.19183193,5071,-28,-30,2,-5.497742,-5.89043786,0.39269586,-16,-3.14156686,5071,5071,0
"Schuyler County, New York",Schuyler County,36097,00,36,097,17807,54.232857670248485,146,8.18133423,17807,187,10.4788322,17807,-34,-40,6,-1.90524222,-2.24146143,0.33621921,-41,-2.29749797,17807,17807,-2
"Iredell County, North Carolina",Iredell County,37097,00,37,097,181806,316.57176246703915,1872,10.39601486,181806,1685,9.35752406,181806,3281,3116,165,18.22079314,17.30447773,0.91631541,187,1.0384908000000002,181806,181806,6
"Traill County, North Dakota",Traill County,38097,00,38,097,8036,9.323901447033029,87,10.83707025,8036,83,10.33881415,8036,12,8,4,1.49476831,0.99651221,0.4982561,4,0.4982561,8036,8036,0
"Madison County, Ohio",Madison County,39097,00,39,097,44731,96.02814100139632,441,9.8967684,44731,394,8.84201077,44731,295,283,12,6.62028725,6.35098743,0.26929982,47,1.05475763,44731,44731,0
"Mayes County, Oklahoma",Mayes County,40097,00,40,097,41100,62.711977425333174,459,11.15295833,41100,534,12.97533714,41100,-34,-45,11,-0.82614506,-1.09342729,0.26728223,-75,-1.82237881,41100,41100,-1
"Northumberland County, Pennsylvania",Northumberland County,42097,00,42,097,90843,198.3440029216451,888,9.76237199,90843,1093,12.01607273,90843,-26,-18,-8,-0.28583522,-0.19788592,-0.0879493,-205,-2.25370074,90843,90843,-6
"Miner County, South Dakota",Miner County,46097,00,46,097,2216,3.886558184992619,27,12.21719457,2216,21,9.50226244,2216,7,8,-1,3.16742081,3.6199095,-0.45248869,6,2.71493213,2216,2216,-1
"Lauderdale County, Tennessee",Lauderdale County,47097,00,47,097,25633,54.31098530211176,283,10.96261863,25633,265,10.2653496,25633,-382,-381,-1,-14.7975983,-14.75886113,-0.03873717,18,0.69726903,25633,25633,0
"Cooke County, Texas",Cooke County,48097,00,48,097,41257,47.16062415549091,530,12.96461638,41257,417,10.20046232,41257,639,616,23,15.63092428,15.06830885,0.56261543,113,2.76415406,41257,41257,1
"King and Queen County, Virginia",King and Queen County,51097,00,51,097,7025,22.29005563915308,59,8.38663824,7025,94,13.36176262,7025,15,14,1,2.13219616,1.99004975,0.14214641,-35,-4.97512438,7025,7025,0
"Upshur County, West Virginia",Upshur County,54097,00,54,097,24176,68.17101735669313,221,9.10439153,24176,285,11.7409574,24176,-133,-131,-2,-5.47911345,-5.39672077,-0.08239268,-64,-2.63656587,24176,24176,1
"Portage County, Wisconsin",Portage County,55097,00,55,097,70772,88.36828650894388,658,9.29234159,70772,503,7.10341614,70772,-233,-283,50,-3.29044922,-3.99655421,0.70610498,155,2.18892545,70772,70772,0
"Mayag<fc>ez Municipio, Puerto Rico",Mayag<fc>ez Municipio,72097,00,72,097,71530,0,,,71530,,,71530,,,,,,,,,71530,71530,
"Monroe County, Alabama",Monroe County,01099,00,01,099,20733,20.214129549153217,199,9.52267018,20733,278,13.30302668,20733,-251,-249,-2,-12.0110061,-11.91530087,-0.09570523,-79,-3.7803565,20733,20733,1
"Nevada County, Arkansas",Nevada County,05099,00,05,099,8252,13.356142175325834,102,12.31884058,8252,104,12.56038647,8252,-54,-51,-3,-6.52173913,-6.15942029,-0.36231884,-2,-0.24154589,8252,8252,0
"Stanislaus County, California",Stanislaus County,06099,00,06,099,550660,368.0839403,7393,13.45666945,550660,4317,7.85776302,550660,-535,-679,144,-0.973802,-1.23590945,0.26210745,3076,5.59890643,550660,550660,-7
"Prowers County, Colorado",Prowers County,08099,00,08,099,12172,7.429211285472365,158,13.0303905,12172,115,9.48414498,12172,51,34,17,4.20601212,2.80400808,1.40200404,43,3.54624552,12172,12172,-1
"Palm Beach County, Florida",Palm Beach County,12099,00,12,099,1496770,761.9931162008538,14947,10.03273543,1496770,15460,10.37707164,1496770,14460,6712,7748,9.70585096,4.50523317,5.20061779,-513,-0.34433621,1496770,1496770,-53
"Early County, Georgia",Early County,13099,00,13,099,10190,19.879065506402327,128,12.50244188,10190,142,13.86989646,10190,-82,-86,4,-8.00937683,-8.40007814,0.39070131,-14,-1.36745458,10190,10190,0
"LaSalle County, Illinois",LaSalle County,17099,00,17,099,108669,95.72946591429414,1124,10.32006905,108669,1252,11.49530822,108669,-360,-389,29,-3.30536019,-3.57162532,0.26626513,-128,-1.17523918,108669,108669,-2
"Marshall County, Indiana",Marshall County,18099,00,18,099,46258,104.27397232380152,582,12.57644186,46258,477,10.30749616,46258,-143,-199,56,-3.09008795,-4.30019232,1.21010437,105,2.2689457,46258,46258,0
"Jasper County, Iowa",Jasper County,19099,00,19,099,37185,50.909556428356915,406,10.91779385,37185,378,10.16484255,37185,-30,-40,10,-0.80673354,-1.07564471,0.26891118,28,0.7529513000000001,37185,37185,-2
"Labette County, Kansas",Labette County,20099,00,20,099,19618,30.396971171982777,248,12.54933711,19618,222,11.2336808,19618,-315,-312,-3,-15.93968222,-15.78787572,-0.1518065,26,1.31565631,19618,19618,1
"Hart County, Kentucky",Hart County,21099,00,21,099,19035,46.138538953012635,276,14.55043889,19035,191,10.06932546,19035,47,47,0,2.47779213,2.47779213,0,85,4.48111342,19035,19035,1
"St. Martin Parish, Louisiana",St. Martin Parish,22099,00,22,099,53431,72.47614686517352,663,12.39333414,53431,537,10.03803987,53431,-254,-265,11,-4.74797417,-4.9535951,0.20562093,126,2.35529427,53431,53431,-3
"Macomb County, Michigan",Macomb County,26099,00,26,099,873972,1823.9201137112984,9132,10.45588793,873972,8548,9.78722405,873972,628,-653,1281,0.71904267,-0.74766698,1.46670964,584,0.66866388,873972,873972,-35
"Mower County, Minnesota",Mower County,27099,00,27,099,40062,56.31997100495727,535,13.3409805,40062,370,9.2264725,40062,-246,-372,126,-6.13435739,-9.27634532,3.14198793,165,4.114508,40062,40062,1
"Neshoba County, Mississippi",Neshoba County,28099,00,28,099,29118,51.07217376661224,435,14.9307522,29118,377,12.93998524,29118,-90,-87,-3,-3.08912115,-2.98615044,-0.1029707,58,1.99076696,29118,29118,-1
"Jefferson County, Missouri",Jefferson County,29099,00,29,099,225081,342.86704774088935,2464,10.96351206,225081,2150,9.56637619,225081,368,329,39,1.63740765,1.46387803,0.17352961,314,1.39713587,225081,225081,-11
"Teton County, Montana",Teton County,30099,00,30,099,6147,2.7060182898852996,77,12.55707763,6147,61,9.94781474,6147,15,9,6,2.44618395,1.46771037,0.97847358,16,2.60926288,6147,6147,-1
"Kearney County, Nebraska",Kearney County,31099,00,31,099,6495,12.58128039679702,80,12.27558693,6495,62,9.51357987,6495,-61,-60,-1,-9.36013503,-9.20669019,-0.15344484,18,2.76200706,6495,6495,-1
"Seneca County, New York",Seneca County,36099,00,36,099,34016,105.08188012193853,318,9.32619694,34016,313,9.17955862,34016,-167,-175,8,-4.89771977,-5.13234108,0.23462131,5,0.14663832,34016,34016,-1
"Jackson County, North Carolina",Jackson County,37099,00,37,099,43938,89.46727686876048,362,8.27069387,43938,371,8.47631886,43938,348,267,81,7.95083278,6.10020791,1.85062487,-9,-0.20562499,43938,43938,-1
"Walsh County, North Dakota",Walsh County,38099,00,38,099,10641,8.302858493,124,11.65085032,10641,128,12.02668421,10641,2,-11,13,0.18791694,-1.03354317,1.22146011,-4,-0.37583388,10641,10641,-2
"Mahoning County, Ohio",Mahoning County,39099,00,39,099,228683,555.7338820155289,2355,10.28611113,228683,2934,12.8150531,228683,60,38,22,0.26206653,0.16597547,0.09609106,-579,-2.52894197,228683,228683,-14
"Murray County, Oklahoma",Murray County,40099,00,40,099,14073,33.798980586462925,146,10.41332335,14073,187,13.33761278,14073,146,141,5,10.41332335,10.05670269,0.35662066,-41,-2.92428943,14073,14073,0
"Perry County, Pennsylvania",Perry County,42099,00,42,099,46272,83.90995081422334,493,10.66799385,46272,459,9.93227014,46272,88,83,5,1.90422608,1.79603142,0.10819466,34,0.73572371,46272,46272,-4
"Minnehaha County, South Dakota",Minnehaha County,46099,00,46,099,193134,239.37250072375912,2873,14.95863337,193134,1415,7.36737425,193134,686,414,272,3.57174469,2.15554271,1.41620198,1458,7.59125912,193134,193134,-2
"Lawrence County, Tennessee",Lawrence County,47099,00,47,099,44142,71.52788556132163,585,13.30861192,44142,539,12.26212278,44142,326,331,-5,7.41642305,7.53017187,-0.11374882,46,1.04648914,44142,44142,-1
"Coryell County, Texas",Coryell County,48099,00,48,099,75951,72.18314051527383,895,11.8785337,75951,468,6.211345,75951,778,769,9,10.32569745,10.20624851,0.11944894,427,5.6671887000000005,75951,75951,5
"King George County, Virginia",King George County,51099,00,51,099,26836,149.3977532625467,287,10.73941027,26836,169,6.32390361,26836,107,104,3,4.00389163,3.89163299,0.11225864,118,4.41550666,26836,26836,-1
"Wayne County, West Virginia",Wayne County,54099,00,54,099,39402,77.86856489193147,330,8.31621788,39402,537,13.53275456,39402,-354,-342,-12,-8.92103373,-8.61862581,-0.30240792,-207,-5.21653667,39402,39402,2
"Price County, Wisconsin",Price County,55099,00,55,099,13351,10.64626202884782,119,8.91118766,13351,142,10.63351805,13351,19,16,3,1.42279467,1.19814288,0.22465179,-23,-1.72233039,13351,13351,-2
"Moca Municipio, Puerto Rico",Moca Municipio,72099,00,72,099,34891,0,,,34891,,,34891,,,,,,,,,34891,34891,
"Haines Borough, Alaska",Haines Borough,02100,00,02,100,2530,1.0791087622605169,20,7.97130331,2530,7,2.78995616,2530,28,28,0,11.15982463,11.15982463,0,13,5.18134715,2530,2530,1
"Montgomery County, Alabama",Montgomery County,01101,00,01,101,226486,288.3927719220091,3058,13.501401800000002,226486,2164,9.5542948,226486,-914,-1235,321,-4.03540917,-5.452659,1.41724983,894,3.947107,226486,226486,2
"Newton County, Arkansas",Newton County,05101,00,05,101,7753,9.444461280840656,84,10.80177458,7753,108,13.88799589,7753,-22,-22,0,-2.8290362,-2.8290362,0,-24,-3.08622131,7753,7753,-1
"Sutter County, California",Sutter County,06101,00,06,101,96971,160.93959860443698,1267,13.10786834,96971,834,8.62822589,96971,195,95,100,2.01739094,0.98283149,1.03455946,433,4.47964246,96971,96971,-5
"Pueblo County, Colorado",Pueblo County,08101,00,08,101,168424,70.58553632,1808,10.76683956,168424,1834,10.92167243,168424,1033,968,65,6.15162902,5.76454685,0.38708217,-26,-0.15483287,168424,168424,-5
"Pasco County, Florida",Pasco County,12101,00,12,101,553947,741.9791665627722,5186,9.48915727,553947,6466,11.83125548,553947,16082,15563,519,29.42626828,28.47662065,0.94964763,-1280,-2.34209821,553947,553947,55
"Echols County, Georgia",Echols County,13101,00,13,101,4006,9.528858257619593,26,6.49512865,4006,12,2.99775169,4006,-7,-14,7,-1.74868848,-3.49737697,1.74868848,14,3.49737697,4006,4006,-1
"Lawrence County, Illinois",Lawrence County,17101,00,17,101,15678,42.12493459704028,145,9.20898034,15678,198,12.57502143,15678,-82,-86,4,-5.20783716,-5.461878,0.25404084,-53,-3.36604109,15678,15678,0
"Martin County, Indiana",Martin County,18101,00,18,101,10255,30.54260143038652,111,10.84302042,10255,102,9.9638566,10255,29,30,-1,2.83286119,2.93054606,-0.09768487,9,0.87916382,10255,10255,-2
"Jefferson County, Iowa",Jefferson County,19101,00,19,101,18295,42.006947687178055,158,8.6454543,18295,185,10.12284206,18295,68,-74,142,3.72082843,-4.04913682,7.76996525,-27,-1.47738776,18295,18295,-2
"Lane County, Kansas",Lane County,20101,00,20,101,1535,2.139644748105883,13,8.43881857,1535,17,11.03537812,1535,-7,-7,0,-4.54397923,-4.54397923,0,-4,-2.59655956,1535,1535,0
"Henderson County, Kentucky",Henderson County,21101,00,21,101,45210,103.57571524085996,521,11.48563744,45210,520,11.46359207,45210,-302,-297,-5,-6.65770155,-6.5474747,-0.11022685,1,0.02204537,45210,45210,-1
"St. Mary Parish, Louisiana",St. Mary Parish,22101,00,22,101,49348,88.82179627261995,647,13.04580145,49348,557,11.23108409,49348,-584,-622,38,-11.7754993,-12.54171329,0.7662140000000001,90,1.81471736,49348,49348,1
"Manistee County, Michigan",Manistee County,26101,00,26,101,24558,45.282773429850565,216,8.81398813,24558,308,12.56809418,24558,196,184,12,7.99787811,7.50821211,0.48966601,-92,-3.75410605,24558,24558,-1
"Murray County, Minnesota",Murray County,27101,00,27,101,8194,11.628222878905216,88,10.70038911,8194,86,10.45719844,8194,-63,-68,5,-7.66050584,-8.26848249,0.60797665,2,0.24319066,8194,8194,1
"Newton County, Mississippi",Newton County,28101,00,28,101,21018,36.37246681329351,284,13.40476247,21018,271,12.79116418,21018,-351,-351,0,-16.56715361,-16.56715361,0,13,0.61359828,21018,21018,1
"Johnson County, Missouri",Johnson County,29101,00,29,101,54062,65.19305812927254,686,12.7411012,54062,378,7.02060678,54062,135,94,41,2.50735956,1.74586518,0.76149439,308,5.72049441,54062,54062,-2
"Toole County, Montana",Toole County,30101,00,30,101,4736,2.473086240452142,63,13.16476857,4736,44,9.19444154,4736,-119,-115,-4,-24.86678508,-24.03092676,-0.83585832,19,3.97032703,4736,4736,1
"Keith County, Nebraska",Keith County,31101,00,31,101,8034,7.567820588874149,85,10.60048638,8034,82,10.22635156,8034,29,34,-5,3.61663653,4.24019455,-0.62355802,3,0.37413481,8034,8034,-1
"Steuben County, New York",Steuben County,36101,00,36,101,95379,68.59060811092554,981,10.25941361,95379,1022,10.68819645,95379,-440,-489,49,-4.60157186,-5.11401963,0.51244777,-41,-0.42878283,95379,95379,0
"Johnston County, North Carolina",Johnston County,37101,00,37,101,209339,264.5772119917657,2371,11.50884278,209339,1618,7.85377799,209339,5873,5752,121,28.50756375,27.9202293,0.58733445,753,3.65506479,209339,209339,21
"Ward County, North Dakota",Ward County,38101,00,38,101,67641,33.60325609787603,1099,16.23889948,67641,491,7.25504972,67641,-681,-798,117,-10.06250277,-11.79130281,1.72880004,608,8.98384976,67641,67641,1
"Marion County, Ohio",Marion County,39101,00,39,101,65093,161.19786610971312,734,11.24731842,65093,731,11.20134845,65093,-336,-364,28,-5.14863622,-5.57768924,0.42905302,3,0.04596997,65093,65093,-1
"Muskogee County, Oklahoma",Muskogee County,40101,00,40,101,67997,83.88231598507973,821,12.04509943,67997,906,13.29215601,67997,-243,-250,7,-3.56511469,-3.66781347,0.10269878,-85,-1.24705658,67997,67997,1
"Philadelphia County, Pennsylvania",Philadelphia County,42101,00,42,101,1584064,11796.782354806122,20924,13.21103049,1584064,15561,9.82493048,1584064,-4797,-10446,5649,-3.02873797,-6.59541314,3.56667517,5363,3.38610001,1584064,1584064,-94
"Moody County, South Dakota",Moody County,46101,00,46,101,6576,12.661166511429826,82,12.54014375,6576,55,8.41107203,6576,48,51,-3,7.34057195,7.799357700000001,-0.45878575,27,4.12907172,6576,6576,-1
"Lewis County, Tennessee",Lewis County,47101,00,47,101,12268,43.48936587293096,141,11.58491496,12268,142,11.66707748,12268,195,196,-1,16.021690900000003,16.10385342,-0.08216252,-1,-0.08216252,12268,12268,0
"Cottle County, Texas",Cottle County,48101,00,48,101,1398,1.5523613178136275,13,9.35251799,1398,12,8.63309353,1398,16,16,0,11.51079137,11.51079137,0,1,0.71942446,1398,1398,-1
"King William County, Virginia",King William County,51101,00,51,101,17148,62.60047994331589,204,11.97639945,17148,141,8.2778055,17148,167,166,1,9.80420935,9.74550151,0.05870784,63,3.69859395,17148,17148,-1
"Webster County, West Virginia",Webster County,54101,00,54,101,8114,14.660227212952014,65,7.93263363,8114,114,13.91261899,8114,-113,-113,0,-13.79057847,-13.79057847,0,-49,-5.97998536,8114,8114,2
"Racine County, Wisconsin",Racine County,55101,00,55,101,196311,590.2498580971084,2257,11.49571648,196311,1664,8.47535322,196311,-637,-633,-4,-3.24447116,-3.22409771,-0.02037345,593,3.02036326,196311,196311,-2
"Morovis Municipio, Puerto Rico",Morovis Municipio,72101,00,72,101,30335,0,,,30335,,,30335,,,,,,,,,30335,30335,
"Oglala Lakota County, South Dakota",Oglala Lakota County,46102,00,46,102,14177,6.771585342289349,284,19.92423179,14177,172,12.06678827,14177,-266,-261,-5,-18.66142837,-18.31064964,-0.35077873,112,7.85744352,14177,14177,0
"Morgan County, Alabama",Morgan County,01103,00,01,103,119679,206.4855376881088,1402,11.73801291,119679,1316,11.01799215,119679,398,285,113,3.33218911,2.38611532,0.94607379,86,0.72002076,119679,119679,-8
"Ouachita County, Arkansas",Ouachita County,05103,00,05,103,23382,31.90849842835789,249,10.59529382,23382,338,14.38236671,23382,-147,-147,0,-6.25505298,-6.25505298,0,-89,-3.78707289,23382,23382,-2
"Tehama County, California",Tehama County,06103,00,06,103,65084,22.068831053578975,739,11.44831219,65084,661,10.2399653,65084,985,1014,-29,15.25925237,15.70850955,-0.44925718,78,1.20834689,65084,65084,3
"Rio Blanco County, Colorado",Rio Blanco County,08103,00,08,103,6324,1.9633834214033932,62,9.79927296,6324,43,6.79626995,6324,-26,-37,11,-4.10937253,-5.84795322,1.73858069,19,3.003003,6324,6324,1
"Pinellas County, Florida",Pinellas County,12103,00,12,103,974996,3561.2782665806426,8104,8.3200979,974996,12833,13.17519946,974996,6687,5351,1336,6.86531277,5.49368755,1.37162522,-4729,-4.85510155,974996,974996,-20
"Effingham County, Georgia",Effingham County,13103,00,13,103,64296,134.28047121430936,795,12.56678575,64296,478,7.55587873,64296,1749,1719,30,27.64692865,27.17271032,0.47421833,317,5.01090702,64296,64296,2
"Lee County, Illinois",Lee County,17103,00,17,103,34096,47.04279907202642,338,9.88419698,34096,376,10.99543806,34096,-162,-169,7,-4.73739619,-4.94209849,0.2047023,-38,-1.11124108,34096,34096,0
"Miami County, Indiana",Miami County,18103,00,18,103,35516,95.00263697,382,10.736067,35516,364,10.23017903,35516,-149,-175,26,-4.18762823,-4.9183553,0.73072707,18,0.50588797,35516,35516,1
"Johnson County, Iowa",Johnson County,19103,00,19,103,151140,246.56142250381325,1730,11.46876419,151140,765,5.07144775,151140,-377,-855,478,-2.49926249,-5.66808866,3.16882618,965,6.39731644,151140,151140,3
"Leavenworth County, Kansas",Leavenworth County,20103,00,20,103,81758,176.42879136571446,940,11.51572693,81758,639,7.82824416,81758,-41,-58,17,-0.50228171,-0.71054485,0.20826315,301,3.68748277,81758,81758,1
"Henry County, Kentucky",Henry County,21103,00,21,103,16126,56.32653773017439,181,11.24677665,16126,166,10.31472334,16126,51,51,0,3.16898127,3.16898127,0,15,0.93205331,16126,16126,-1
"St. Tammany Parish, Louisiana",St. Tammany Parish,22103,00,22,103,260419,308.11583530297025,2822,10.8862117,260419,2423,9.34702018,260419,1999,1894,105,7.71138809,7.30633769,0.4050504,399,1.53919152,260419,260419,-14
"Marquette County, Michigan",Marquette County,26103,00,26,103,66699,36.86971876153237,570,8.56627592,66699,679,10.20438834,66699,427,397,30,6.41719267,5.96633604,0.45085663,-109,-1.63811241,66699,66699,0
"Nicollet County, Minnesota",Nicollet County,27103,00,27,103,34274,76.40047058356144,353,10.31063339,34274,259,7.56502563,34274,-19,-53,34,-0.55496327,-1.54805544,0.99309217,94,2.74560776,34274,34274,0
"Noxubee County, Mississippi",Noxubee County,28103,00,28,103,10417,14.985074202278858,161,15.35746649,10417,128,12.209662800000002,10417,-167,-173,6,-15.92979444,-16.50212238,0.57232794,33,3.14780369,10417,10417,1
"Knox County, Missouri",Knox County,29103,00,29,103,3959,7.855022225069404,52,13.1246845,3959,51,12.87228672,3959,-6,-6,0,-1.51438667,-1.51438667,0,1,0.25239778,3959,3959,-1
"Treasure County, Montana",Treasure County,30103,00,30,103,696,0.7118014802106853,8,11.68736304,696,2,2.92184076,696,18,18,0,26.29656684,26.29656684,0,6,8.76552228,696,696,-1
"Keya Paha County, Nebraska",Keya Paha County,31103,00,31,103,806,1.0425883247038528,6,7.44416873,806,8,9.92555831,806,2,2,0,2.48138958,2.48138958,0,-2,-2.48138958,806,806,0
"Suffolk County, New York",Suffolk County,36103,00,36,103,1476601,1619.4232805171362,15129,10.23117699,1476601,13146,8.89014824,1476601,-6239,-7842,1603,-4.21920241,-5.30325137,1.08404896,1983,1.34102875,1476601,1476601,27
"Jones County, North Carolina",Jones County,37103,00,37,103,9419,19.982272957403257,91,9.56284153,9419,118,12.40016814,9419,-168,-166,-2,-17.65447667,-17.44430433,-0.21017234,-27,-2.83732661,9419,9419,1
"Wells County, North Dakota",Wells County,38103,00,38,103,3834,3.01763157,45,11.62490313,3834,50,12.91655903,3834,-69,-70,1,-17.82485146,-18.08318264,0.25833118,-5,-1.2916559,3834,3834,0
"Medina County, Ohio",Medina County,39103,00,39,103,179746,426.48703812304825,1674,9.33308059,179746,1541,8.59156343,179746,647,635,12,3.60723007,3.54032627,0.0669038,133,0.74151716,179746,179746,-12
"Noble County, Oklahoma",Noble County,40103,00,40,103,11131,15.207974479131703,121,10.79875056,11131,126,11.24497992,11131,-143,-145,2,-12.76215975,-12.94065149,0.17849174,-5,-0.44622936,11131,11131,0
"Pike County, Pennsylvania",Pike County,42103,00,42,103,55809,102.40925525777574,411,7.36631747,55809,527,9.44537544,55809,150,144,6,2.68843703,2.58089955,0.10753748,-116,-2.07905797,55809,55809,-5
"Pennington County, South Dakota",Pennington County,46103,00,46,103,113775,40.97393708077369,1495,13.24620667,113775,920,8.1515118,113775,1240,1253,-13,10.98682025,11.10200465,-0.11518441,575,5.09469487,113775,113775,10
"Lincoln County, Tennessee",Lincoln County,47103,00,47,103,34366,60.25506424377588,386,11.26103129,34366,433,12.63219313,34366,226,212,14,6.593246300000001,6.18481511,0.40843119,-47,-1.37116184,34366,34366,-2
"Crane County, Texas",Crane County,48103,00,48,103,4797,6.110289753068845,59,12.35343384,4797,23,4.81574539,4797,7,0,7,1.46566164,0,1.46566164,36,7.53768844,4797,4797,-1
"Lancaster County, Virginia",Lancaster County,51103,00,51,103,10603,79.54388616,62,5.82186957,10603,206,19.34363116,10603,52,48,4,4.88285835,4.50725386,0.37560449,-144,-13.52176159,10603,10603,-1
"Wetzel County, West Virginia",Wetzel County,54103,00,54,103,15065,42.07313678574308,141,9.2995647,15065,243,16.02690938,15065,-91,-91,0,-6.00184672,-6.00184672,0,-102,-6.72734468,15065,15065,-1
"Richland County, Wisconsin",Richland County,55103,00,55,103,17252,29.432762352457036,164,9.46636267,17252,187,10.79396231,17252,-123,-138,15,-7.099772,-7.96559785,0.86582585,-23,-1.32759964,17252,17252,1
"Naguabo Municipio, Puerto Rico",Naguabo Municipio,72103,00,72,103,25761,0,,,25761,,,25761,,,,,,,,,25761,25761,
"Perry County, Alabama",Perry County,01105,00,01,105,8923,12.398978359905502,95,10.55966209,8923,121,13.44967487,8923,-122,-124,2,-13.56082921,-13.78313789,0.22230868,-26,-2.89001278,8923,8923,1
"Hoonah-Angoon Census Area, Alaska",Hoonah-Angoon Census Area,02105,00,02,105,2148,0.32761516026213655,20,9.29584011,2148,18,8.3662561,2148,-9,-13,4,-4.18312805,-6.04229607,1.85916802,2,0.92958401,2148,2148,0
"Perry County, Arkansas",Perry County,05105,00,05,105,10455,18.955370842886005,117,11.23110151,10455,138,13.24694024,10455,97,96,1,9.3112551,9.21526278,0.09599232,-21,-2.01583873,10455,10455,-1
"Trinity County, California",Trinity County,06105,00,06,105,12285,3.864097531307882,118,9.49621761,12285,161,12.95670369,12285,-240,-239,-1,-19.3143409,-19.23386448,-0.08047642,-43,-3.46048608,12285,12285,1
"Rio Grande County, Colorado",Rio Grande County,08105,00,08,105,11267,12.354757854519626,115,10.20498713,11267,113,10.0275091,11267,-5,-17,12,-0.44369509,-1.50856332,1.06486822,2,0.17747804,11267,11267,-1
"Polk County, Florida",Polk County,12105,00,12,105,724777,403.2052280689531,8043,11.23815299,724777,7237,10.11196235,724777,17311,16638,673,24.18794808,23.24759287,0.94035521,806,1.12619064,724777,724777,63
"Elbert County, Georgia",Elbert County,13105,00,13,105,19194,54.66855539099575,206,10.76027057,19194,266,13.89432996,19194,161,163,-2,8.40972603,8.51419468,-0.10446865,-60,-3.13405939,19194,19194,-2
"Livingston County, Illinois",Livingston County,17105,00,17,105,35648,34.15776732870143,422,11.82702279,35648,412,11.54676158,35648,-74,-106,32,-2.07393291,-2.97076876,0.89683585,10,0.2802612,35648,35648,-2
"Monroe County, Indiana",Monroe County,18105,00,18,105,148431,376.2300828152401,1205,8.15122725,148431,941,6.36539821,148431,936,-282,1218,6.33157569,-1.90759011,8.2391658,264,1.78582904,148431,148431,1
"Jones County, Iowa",Jones County,19105,00,19,105,20681,35.928315886489266,200,9.67258306,20681,202,9.76930889,20681,12,1,11,0.58035498,0.04836292,0.53199207,-2,-0.09672583,20681,20681,-2
"Lincoln County, Kansas",Lincoln County,20105,00,20,105,2962,4.117343603090362,21,7.04697987,2962,36,12.08053691,2962,-22,-22,0,-7.38255034,-7.38255034,0,-15,-5.03355705,2962,2962,1
"Hickman County, Kentucky",Hickman County,21105,00,21,105,4380,18.07866882482979,35,7.94461469,4380,63,14.30030644,4380,-24,-24,0,-5.44773578,-5.44773578,0,-28,-6.35569175,4380,4380,1
"Tangipahoa Parish, Louisiana",Tangipahoa Parish,22105,00,22,105,134758,170.29739495033482,1953,14.5423407,134758,1383,10.29803235,134758,351,350,1,2.6136004,2.60615425,0.00744615,570,4.24430835,134758,134758,0
"Mason County, Michigan",Mason County,26105,00,26,105,29144,58.88019445576161,285,9.7891049,29144,306,10.51040736,29144,83,79,4,2.85086213,2.71347118,0.13739095,-21,-0.72130247,29144,29144,-2
"Nobles County, Minnesota",Nobles County,27105,00,27,105,21629,30.246432829009233,382,17.61464506,21629,186,8.57676435,21629,-312,-399,87,-14.38683052,-18.39854287,4.01171236,196,9.03788071,21629,21629,1
"Oktibbeha County, Mississippi",Oktibbeha County,28105,00,28,105,49587,108.2120149023821,548,11.08907685,49587,366,7.40620826,49587,156,42,114,3.15674451,0.84989275,2.30685175,182,3.68286859,49587,49587,0
"Laclede County, Missouri",Laclede County,29105,00,29,105,35723,46.71931308710887,474,13.29239053,35723,396,11.10503512,35723,51,53,-2,1.43019392,1.48627995,-0.05608604,78,2.1873554,35723,35723,-2
"Valley County, Montana",Valley County,30105,00,30,105,7396,1.5013905225999942,85,11.48493447,7396,58,7.83677881,7396,-38,-40,2,-5.13444129,-5.40467504,0.27023375,27,3.64815565,7396,7396,1
"Kimball County, Nebraska",Kimball County,31105,00,31,105,3632,3.815744248444105,34,9.43134535,3632,43,11.92787795,3632,63,62,1,17.47572816,17.19833564,0.27739251,-9,-2.49653259,3632,3632,0
"Sullivan County, New York",Sullivan County,36105,00,36,105,75432,77.91457600447863,779,10.32944156,75432,779,10.32944156,75432,38,40,-2,0.5038752000000001,0.53039495,-0.02651975,0,0,75432,75432,-5
"Lee County, North Carolina",Lee County,37105,00,37,105,61779,242.21174437984797,774,12.58669615,61779,563,9.15543919,61779,360,304,56,5.85427728,4.94361193,0.91066535,211,3.43125696,61779,61779,0
"Williams County, North Dakota",Williams County,38105,00,38,105,37589,18.09254162977308,725,19.84724465,37589,234,6.40586931,37589,1624,1601,23,44.45782803,43.82819129999999,0.62963673,491,13.44137535,37589,37589,5
"Meigs County, Ohio",Meigs County,39105,00,39,105,22907,53.25951355966069,243,10.57188227,22907,307,13.35624633,22907,-92,-89,-3,-4.00252333,-3.87200626,-0.13051707,-64,-2.78436406,22907,22907,-1
"Nowata County, Oklahoma",Nowata County,40105,00,40,105,10076,17.80786384294104,126,12.3808588,10076,135,13.26520586,10076,-193,-195,2,-18.96433134,-19.1608529,0.19652157,-9,-0.88434706,10076,10076,0
"Potter County, Pennsylvania",Potter County,42105,00,42,105,16526,15.28313522111446,164,9.89471779,16526,216,13.03206733,16526,-44,-46,2,-2.65468038,-2.77534767,0.12066729,-52,-3.13734954,16526,16526,-1
"Perkins County, South Dakota",Perkins County,46105,00,46,105,2865,0.998097879,34,11.77897107,2865,21,7.27524684,2865,-57,-57,0,-19.74709856,-19.74709856,0,13,4.50372423,2865,2865,1
"Loudon County, Tennessee",Loudon County,47105,00,47,105,54068,235.82483529233951,483,9.01539897,54068,612,11.42323845,54068,1112,1082,30,20.7559496,20.19598693,0.55996267,-129,-2.40783948,54068,54068,3
"Crockett County, Texas",Crockett County,48105,00,48,105,3464,1.2339154057667592,31,8.9816022,3464,23,6.66376938,3464,17,14,3,4.92539476,4.05620745,0.86918731,8,2.31783283,3464,3464,0
"Lee County, Virginia",Lee County,51105,00,51,105,23423,53.79929259201081,197,8.36891183,23423,329,13.97650757,23423,-102,-95,-7,-4.33314217,-4.03576966,-0.2973725,-132,-5.60759574,23423,23423,1
"Wirt County, West Virginia",Wirt County,54105,00,54,105,5821,25.035359712820377,47,8.08115543,5821,54,9.28473177,5821,16,16,0,2.75103164,2.75103164,0,-7,-1.20357634,5821,5821,1
"Rock County, Wisconsin",Rock County,55105,00,55,105,163354,227.46670777919107,1877,11.50728938,163354,1471,9.01823265,163354,81,42,39,0.49658521,0.25748863,0.23909658,406,2.48905673,163354,163354,-7
"Naranjito Municipio, Puerto Rico",Naranjito Municipio,72105,00,72,105,27349,0,,,27349,,,27349,,,,,,,,,27349,27349,
"Pickens County, Alabama",Pickens County,01107,00,01,107,19930,22.613154895202985,205,10.27311451,19930,235,11.77649712,19930,-19,-33,14,-0.95214232,-1.65372087,0.70157855,-30,-1.50338261,19930,19930,-1
"Phillips County, Arkansas",Phillips County,05107,00,05,107,17782,25.56250018,267,14.90121665,17782,255,14.23149905,17782,-285,-281,-4,-15.90579306,-15.68255386,-0.2232392,12,0.6697175999999999,17782,17782,1
"Tulare County, California",Tulare County,06107,00,06,107,466195,96.63467060397925,7032,15.10984289,466195,3209,6.89526249,466195,-2230,-1960,-270,-4.7916595,-4.21150342,-0.58015608,3823,8.214580400000001,466195,466195,13
"Routt County, Colorado",Routt County,08107,00,08,107,25638,10.854269835975463,207,8.09463291,25638,133,5.200899400000001,25638,57,14,43,2.22895689,0.5474631,1.68149379,74,2.8937334999999997,25638,25638,0
"Putnam County, Florida",Putnam County,12107,00,12,107,74521,102.38269773487208,826,11.11978676,74521,1033,13.90646455,74521,681,705,-24,9.16776608,9.49085916,-0.32309308,-207,-2.7866778,74521,74521,4
"Emanuel County, Georgia",Emanuel County,13107,00,13,107,22646,33.27497090933713,295,13.03780965,22646,274,12.10969438,22646,20,22,-2,0.8839193000000001,0.97231123,-0.08839193,21,0.92811526,22646,22646,-2
"Logan County, Illinois",Logan County,17107,00,17,107,28618,46.303240761542966,286,9.94263862,28618,334,11.61133322,28618,-245,-258,13,-8.51729532,-8.96923344,0.45193812,-48,-1.66869459,28618,28618,-1
"Montgomery County, Indiana",Montgomery County,18107,00,18,107,38338,75.96990278345552,426,11.12097322,38338,389,10.15506709,38338,29,-15,44,0.75706156,-0.39158356,1.14864512,37,0.96590612,38338,38338,-2
"Keokuk County, Iowa",Keokuk County,19107,00,19,107,10246,17.690496519132807,121,11.82853512,10246,103,10.06891832,10246,16,12,4,1.56410382,1.17307786,0.39102595,18,1.75961679,10246,10246,-1
"Linn County, Kansas",Linn County,20107,00,20,107,9703,16.33278981094318,90,9.24309336,9703,121,12.42682551,9703,-36,-36,0,-3.69723734,-3.69723734,0,-31,-3.18373216,9703,9703,-1
"Hopkins County, Kentucky",Hopkins County,21107,00,21,107,44686,82.43647783460064,525,11.70438078,44686,545,12.15026196,44686,-318,-325,7,-7.08951065,-7.24556906,0.15605841,-20,-0.44588117,44686,44686,0
"Tensas Parish, Louisiana",Tensas Parish,22107,00,22,107,4334,7.1899660804690475,47,10.67696502,4334,56,12.72149023,4334,-128,-128,0,-29.07769196,-29.07769196,0,-9,-2.04452522,4334,4334,1
"Mecosta County, Michigan",Mecosta County,26107,00,26,107,43453,78.27574552,396,9.118856,43453,357,8.22078685,43453,15,-4,19,0.34541121,-0.09210966,0.43752087,39,0.89806915,43453,43453,-1
"Norman County, Minnesota",Norman County,27107,00,27,107,6375,7.304171891399954,81,12.60308075,6375,90,14.00342306,6375,-95,-103,8,-14.78139101,-16.02613972,1.24474872,-9,-1.40034231,6375,6375,0
"Panola County, Mississippi",Panola County,28107,00,28,107,34192,49.90257163139306,487,14.25059987,34192,411,12.02668695,34192,-38,-62,24,-1.11195646,-1.81424475,0.70228829,76,2.22391292,34192,34192,-2
"Lafayette County, Missouri",Lafayette County,29107,00,29,107,32708,52.04669059955667,356,10.91187739,32708,371,11.37164751,32708,185,192,-7,5.67049808,5.88505747,-0.21455939,-15,-0.45977011,32708,32708,-4
"Wheatland County, Montana",Wheatland County,30107,00,30,107,2126,1.4945719813922005,26,12.0649652,2126,21,9.74477958,2126,-63,-61,-2,-29.23433875,-28.3062645,-0.92807425,5,2.32018561,2126,2126,0
"Knox County, Nebraska",Knox County,31107,00,31,107,8332,7.516849431,100,11.9495728,8332,99,11.83007707,8332,-73,-75,2,-8.72318815,-8.9621796,0.23899146,1,0.11949573,8332,8332,-1
"Tioga County, New York",Tioga County,36107,00,36,107,48203,92.94646714006218,425,8.79516576,48203,492,10.18169778,48203,-170,-161,-9,-3.51806631,-3.33181574,-0.18625057,-67,-1.38653201,48203,48203,-1
"Lenoir County, North Carolina",Lenoir County,37107,00,37,107,55949,140.19256242660933,608,10.86305934,55949,768,13.72175917,55949,122,80,42,2.17975862,1.42934991,0.7504086999999999,-160,-2.85869983,55949,55949,-3
"Mercer County, Ohio",Mercer County,39107,00,39,107,41172,89.03139688169324,644,15.68360041,41172,385,9.37606546,41172,-37,-44,7,-0.90107642,-1.07155034,0.17047392,259,6.30753495,41172,41172,-2
"Okfuskee County, Oklahoma",Okfuskee County,40107,00,40,107,11993,19.392154387725423,151,12.54465398,11993,179,14.87081499,11993,-62,-67,5,-5.15078508,-5.56617097,0.41538589,-28,-2.326161,11993,11993,2
"Schuylkill County, Pennsylvania",Schuylkill County,42107,00,42,107,141359,181.54804635788585,1282,9.05450359,141359,1778,12.55765007,141359,50,27,23,0.35313977,0.19069547,0.16244429,-496,-3.50314648,141359,141359,-10
"Potter County, South Dakota",Potter County,46107,00,46,107,2153,2.500180701786343,21,9.63523744,2153,26,11.92934159,2153,-47,-48,1,-21.56457903,-22.02339986,0.45882083,-5,-2.29410415,2153,2153,-1
"McMinn County, Tennessee",McMinn County,47107,00,47,107,53794,125.06836508357488,591,11.033324,53794,656,12.24680295,53794,526,453,73,9.81984505,8.45701484,1.36283021,-65,-1.21347895,53794,53794,-3
"Crosby County, Texas",Crosby County,48107,00,48,107,5737,6.373038500010814,61,10.60777324,5737,62,10.78167116,5737,-26,-27,1,-4.52134597,-4.69524389,0.17389792,-1,-0.17389792,5737,5737,0
"Loudoun County, Virginia",Loudoun County,51107,00,51,107,413538,801.7946094707621,5016,12.24818695,413538,1602,3.91180133,413538,4605,3566,1039,11.24459747,8.70754279,2.53705467,3414,8.33638561,413538,413538,-3
"Wood County, West Virginia",Wood County,54107,00,54,107,83518,227.87495510933425,869,10.36386838,83518,1078,12.85644432,83518,-453,-429,-24,-5.4025689,-5.11634009,-0.28622882,-209,-2.49257594,83518,83518,0
"Rusk County, Wisconsin",Rusk County,55107,00,55,107,14178,15.519620205086207,139,9.82748869,14178,163,11.52432127,14178,94,82,12,6.645927599999999,5.79751131,0.84841629,-24,-1.69683258,14178,14178,-2
"Orocovis Municipio, Puerto Rico",Orocovis Municipio,72107,00,72,107,20220,0,,,20220,,,20220,,,,,,,,,20220,20220,
"Pike County, Alabama",Pike County,01109,00,01,109,33114,49.27181380270687,345,10.39845681,33114,339,10.21761408,33114,-131,-210,79,-3.94839954,-6.32949545,2.38109591,6,0.18084273,33114,33114,-3
"Pike County, Arkansas",Pike County,05109,00,05,109,10718,17.84474687060464,102,9.53984287,10718,130,12.15862327,10718,82,80,2,7.66928545,7.4822297,0.18705574,-28,-2.6187804,10718,10718,-2
"Tuolumne County, California",Tuolumne County,06109,00,06,109,54478,24.530014440420512,466,8.56106187,54478,621,11.40862536,54478,252,232,20,4.6295871,4.26215956,0.36742755,-155,-2.8475635,54478,54478,-6
"Saguache County, Colorado",Saguache County,08109,00,08,109,6824,2.153655684201329,69,10.09953162,6824,59,8.63583138,6824,-25,-34,9,-3.65925059,-4.9765808,1.31733021,10,1.46370023,6824,6824,-1
"St. Johns County, Florida",St. Johns County,12109,00,12,109,264672,440.7050457861535,2216,8.54796465,264672,2105,8.11979494,264672,10711,10628,83,41.31644827,40.99628534,0.32016294,111,0.42816971,264672,264672,36
"Evans County, Georgia",Evans County,13109,00,13,109,10654,58.25211779,127,11.89361304,10654,128,11.98726353,10654,-47,-47,0,-4.40157333,-4.40157333,0,-1,-0.0936505,10654,10654,0
"McDonough County, Illinois",McDonough County,17109,00,17,109,29682,50.36626268490945,258,8.64814132,29682,296,9.92189857,29682,-267,-344,77,-8.94982067,-11.53085509,2.58103442,-38,-1.27375725,29682,29682,3
"Morgan County, Indiana",Morgan County,18109,00,18,109,70489,174.54682544006735,780,11.09325445,70489,675,9.59993173,70489,253,208,45,3.59819664,2.95820119,0.63999545,105,1.49332271,70489,70489,-6
"Kossuth County, Iowa",Kossuth County,19109,00,19,109,14813,15.228258167387471,164,11.04711866,14813,152,10.2387929,14813,-78,-83,5,-5.25411741,-5.59091981,0.33680240000000006,12,0.80832576,14813,14813,1
"Logan County, Kansas",Logan County,20109,00,20,109,2794,2.603930552137831,41,14.62718516,2794,19,6.77845166,2794,-40,-40,0,-14.27042455,-14.27042455,0,22,7.848733500000001,2794,2794,0
"Jackson County, Kentucky",Jackson County,21109,00,21,109,13329,38.612936592217594,154,11.52177166,13329,168,12.56920545,13329,-61,-60,-1,-4.56381864,-4.48900195,-0.0748167,-14,-1.04743379,13329,13329,1
"Terrebonne Parish, Louisiana",Terrebonne Parish,22109,00,22,109,110461,89.81825079349356,1475,13.31083276,110461,1125,10.15233007,110461,-1053,-1052,-1,-9.50258095,-9.49355665,-0.00902429,350,3.15850269,110461,110461,1
"Menominee County, Michigan",Menominee County,26109,00,26,109,22780,21.819068717164928,166,7.26365765,22780,233,10.19537489,22780,-77,-75,-2,-3.36928698,-3.28177303,-0.08751395,-67,-2.93171724,22780,22780,-3
"Olmsted County, Minnesota",Olmsted County,27109,00,27,109,158293,242.1799839833618,2080,13.22099723,158293,1102,7.00458603,158293,960,537,423,6.10199872,3.41330554,2.68869319,978,6.2164112000000005,158293,158293,-3
"Pearl River County, Mississippi",Pearl River County,28109,00,28,109,55535,68.45153882258911,610,11.00506955,55535,681,12.28598748,55535,285,315,-30,5.14171282,5.68294575,-0.54123293,-71,-1.28091793,55535,55535,-2
"Lawrence County, Missouri",Lawrence County,29109,00,29,109,38355,62.69843757841566,502,13.10379932,38355,461,12.033568699999998,38355,53,75,-22,1.38346885,1.95773894,-0.57427009,41,1.07023062,38355,38355,-3
"Wibaux County, Montana",Wibaux County,30109,00,30,109,969,1.0892885285973215,10,10.0050025,969,10,10.0050025,969,-63,-63,0,-63.03151576,-63.03151576,0,0,0,969,969,2
"Lancaster County, Nebraska",Lancaster County,31109,00,31,109,319090,380.9756646415864,3883,12.21804955,319090,2145,6.74934748,319090,835,36,799,2.62736837,0.11327576,2.51409261,1738,5.46870206,319090,319090,-10
"Tompkins County, New York",Tompkins County,36109,00,36,109,102180,215.27841563084573,742,7.25321238,102180,636,6.21703918,102180,-350,-797,447,-3.42132659,-7.79084942,4.36952282,106,1.0361732,102180,102180,5
"Lincoln County, North Carolina",Lincoln County,37109,00,37,109,86111,291.0694879555792,834,9.80006228,86111,891,10.46985071,86111,2071,2031,40,24.33564626,23.86561929,0.47002697,-57,-0.66978843,86111,86111,5
"Miami County, Ohio",Miami County,39109,00,39,109,106987,263.1825313013232,1153,10.82481728,106987,1050,9.85781279,106987,850,807,43,7.98013416,7.57643326,0.4037009,103,0.96700449,106987,106987,-8
"Oklahoma County, Oklahoma",Oklahoma County,40109,00,40,109,797434,1124.9569293534769,11183,14.08414341,797434,7172,9.03259202,797434,2837,1522,1315,3.57298711,1.91684398,1.65614313,4011,5.05155139,797434,797434,-7
"Snyder County, Pennsylvania",Snyder County,42109,00,42,109,40372,122.79216096283052,426,10.53282235,40372,385,9.51910001,40372,-186,-191,5,-4.59883793,-4.7224626,0.12362468,41,1.01372234,40372,40372,-1
"Roberts County, South Dakota",Roberts County,46109,00,46,109,10394,9.440091018,167,16.08088589,10394,111,10.68849302,10394,-35,-37,2,-3.37024555,-3.56283101,0.19258546,56,5.39239287,10394,10394,-3
"McNairy County, Tennessee",McNairy County,47109,00,47,109,25694,45.65048816371217,263,10.20883472,25694,366,14.20697151,25694,-31,-33,2,-1.20332272,-1.28095645,0.07763372,-103,-3.99813679,25694,25694,-2
"Culberson County, Texas",Culberson County,48109,00,48,109,2171,0.569493934,26,11.91294387,2171,14,6.41466208,2171,-36,-36,0,-16.49484536,-16.49484536,0,12,5.49828179,2171,2171,1
"Louisa County, Virginia",Louisa County,51109,00,51,109,37591,75.76809283530119,388,10.43361345,37591,383,10.29915966,37591,799,799,0,21.48571429,21.48571429,0,5,0.13445378,37591,37591,3
"Wyoming County, West Virginia",Wyoming County,54109,00,54,109,20394,40.83129353218024,180,8.74253242,20394,346,16.8050901,20394,-227,-227,0,-11.02530477,-11.02530477,0,-166,-8.06255768,20394,20394,3
"St. Croix County, Wisconsin",St. Croix County,55109,00,55,109,90687,125.52631344173302,992,10.999307,90687,641,7.10741511,90687,651,622,29,7.21829522,6.8967429000000005,0.32155232,351,3.89189189,90687,90687,-3
"Patillas Municipio, Puerto Rico",Patillas Municipio,72109,00,72,109,16211,0,,,16211,,,16211,,,,,,,,,16211,16211,
"Juneau City and Borough, Alaska",Juneau City and Borough,02110,00,02,110,31974,11.824810906683629,340,10.62317414,31974,177,5.53029948,31974,-227,-247,20,-7.09253097,-7.71742357,0.6248925999999999,163,5.09287466,31974,31974,1
"Randolph County, Alabama",Randolph County,01111,00,01,111,22722,39.138789710085064,254,11.17736364,22722,285,12.54153007,22722,27,33,-6,1.18814495,1.45217717,-0.26403221,-31,-1.36416643,22722,22722,-1
"Poinsett County, Arkansas",Poinsett County,05111,00,05,111,23528,31.024751293902693,310,13.07161983,23528,334,14.083616199999998,23528,-352,-348,-4,-14.84261348,-14.67394742,-0.16866606,-24,-1.01199637,23528,23528,1
"Ventura County, California",Ventura County,06111,00,06,111,846006,459.1682444593073,9161,10.81487568,846006,6241,7.36771522,846006,-5053,-5193,140,-5.96524034,-6.13051516,0.16527482,2920,3.44716046,846006,846006,-3
"San Juan County, Colorado",San Juan County,08111,00,08,111,728,1.8786342219432657,4,5.36193029,728,4,5.36193029,728,-37,-37,0,-49.59785523,-49.59785523,0,0,0,728,728,1
"St. Lucie County, Florida",St. Lucie County,12111,00,12,111,328297,574.2966947621387,3082,9.50175884,328297,3501,10.79352943,328297,8259,7656,603,25.46237063,23.60333086,1.85903977,-419,-1.29177059,328297,328297,32
"Fannin County, Georgia",Fannin County,13111,00,13,111,26188,67.65089916510152,223,8.54913838,26188,349,13.37959325,26188,332,337,-5,12.72786521,12.91954992,-0.19168472,-126,-4.83045487,26188,26188,1
"McHenry County, Illinois",McHenry County,17111,00,17,111,307774,510.0701915733616,3090,10.03206039,307774,2198,7.13607402,307774,-1374,-1381,7,-4.46085792,-4.48358427,0.02272635,892,2.89598636,307774,307774,5
"Newton County, Indiana",Newton County,18111,00,18,111,13984,34.80730906246387,129,9.22416875,13984,142,10.15373615,13984,11,-14,25,0.78655703,-1.00107258,1.7876296000000005,-13,-0.92956739,13984,13984,0
"Lee County, Iowa",Lee County,19111,00,19,111,33657,65.03138412798523,370,10.95225409,33657,398,11.78107332,33657,-224,-219,-5,-6.63055383,-6.4825504,-0.14800343,-28,-0.82881923,33657,33657,0
"Lyon County, Kansas",Lyon County,20111,00,20,111,33195,39.16879038919829,389,11.70012783,33195,276,8.30137604,33195,-218,-265,47,-6.55688398,-7.9705241,1.41364012,113,3.39875179,33195,33195,0
"Jefferson County, Kentucky",Jefferson County,21111,00,21,111,766757,2014.0227870300464,9603,12.51320969,766757,7744,10.09083576,766757,-3170,-3669,499,-4.13067528,-4.7808983,0.65022302,1859,2.42237393,766757,766757,-33
"Union Parish, Louisiana",Union Parish,22111,00,22,111,22108,25.21042043551928,230,10.37180672,22108,249,11.22860815,22108,-115,-120,5,-5.18590336,-5.41137742,0.22547406,-19,-0.85680142,22108,22108,-1
"Midland County, Michigan",Midland County,26111,00,26,111,83156,161.06787611693923,855,10.27773938,83156,743,8.93141562,83156,-177,-241,64,-2.12767236,-2.89700022,0.76932786,112,1.34632375,83156,83156,-2
"Otter Tail County, Minnesota",Otter Tail County,27111,00,27,111,58746,29.79222040018317,648,11.037678,58746,684,11.65088233,58746,118,87,31,2.00994754,1.48191047,0.52803706,-36,-0.61320433,58746,58746,-6
"Perry County, Mississippi",Perry County,28111,00,28,111,11973,18.49947603926424,128,10.71533213,11973,115,9.62705621,11973,41,44,-3,3.43225482,3.68339542,-0.2511406,13,1.08827592,11973,11973,1
"Lewis County, Missouri",Lewis County,29111,00,29,111,9776,19.356807437694176,125,12.74534795,9776,103,10.50216671,9776,-83,-81,-2,-8.46291104,-8.25898547,-0.20392557,22,2.24318124,9776,9776,-2
"Yellowstone County, Montana",Yellowstone County,30111,00,30,111,161300,61.24990694565079,1857,11.55824715,161300,1485,9.24286323,161300,901,858,43,5.60795944,5.34032098,0.26763846,372,2.31538392,161300,161300,-2
"Lincoln County, Nebraska",Lincoln County,31111,00,31,111,34914,13.616300666677011,414,11.81810397,34914,346,9.87696612,34914,-303,-320,17,-8.64948189,-9.13476635,0.48528446,68,1.94113785,34914,34914,1
"Ulster County, New York",Ulster County,36111,00,36,111,177573,157.94992042122354,1433,8.05076533,177573,1743,9.79238239,177573,-529,-677,148,-2.97198525,-3.80346694,0.83148169,-310,-1.74161706,177573,177573,-6
"McDowell County, North Carolina",McDowell County,37111,00,37,111,45756,104.0016209277814,437,9.58112715,45756,513,11.24741014,45756,368,329,39,8.068317599999999,7.21325133,0.85506627,-76,-1.66628298,45756,45756,-1
"Monroe County, Ohio",Monroe County,39111,00,39,111,13654,29.961167039294285,116,8.45450239,13654,196,14.28519369,13654,-52,-50,-2,-3.78994935,-3.64418206,-0.14576728,-80,-5.8306913,13654,13654,-1
"Okmulgee County, Oklahoma",Okmulgee County,40111,00,40,111,38465,55.15132580620488,420,10.93949418,38465,547,14.24738885,38465,271,270,1,7.05857839,7.03253197,0.02604641,-127,-3.30789467,38465,38465,0
"Somerset County, Pennsylvania",Somerset County,42111,00,42,111,73447,68.36362380328003,638,8.66147612,73447,938,12.73427053,73447,-120,-137,17,-1.62911776,-1.85990945,0.23079168,-300,-4.07279441,73447,73447,-5
"Sanborn County, South Dakota",Sanborn County,46111,00,46,111,2344,4.1177106469530855,33,13.92405063,2344,17,7.17299578,2344,-69,-69,0,-29.11392405,-29.11392405,0,16,6.75105485,2344,2344,1
"Macon County, Tennessee",Macon County,47111,00,47,111,24602,80.09932909618904,341,13.94939764,24602,281,11.49495817,24602,251,247,4,10.26773844,10.10410914,0.16362929999999998,60,2.45443947,24602,24602,2
"Dallam County, Texas",Dallam County,48111,00,48,111,7287,4.847876192141395,151,20.69910898,7287,25,3.4270047999999997,7287,-141,-194,53,-19.32830706,-26.59355723,7.26525017,126,17.27210418,7287,7287,-1
"Lunenburg County, Virginia",Lunenburg County,51111,00,51,111,12196,28.25110349652169,117,9.58584245,12196,159,13.0269141,12196,25,17,8,2.04825693,1.39281471,0.65544222,-42,-3.44107165,12196,12196,-2
"Sauk County, Wisconsin",Sauk County,55111,00,55,111,64442,77.49690862,728,11.30785958,64442,606,9.41286114,64442,5,-14,19,0.07766387,-0.21745884,0.29512271,122,1.89499845,64442,64442,-3
"Pe<f1>uelas Municipio, Puerto Rico",Pe<f1>uelas Municipio,72111,00,72,111,19249,0,,,19249,,,19249,,,,,,,,,19249,19249,
"Russell County, Alabama",Russell County,01113,00,01,113,57961,90.39878738851309,810,13.99628494,57961,608,10.50585338,57961,-23,26,-49,-0.39742537,0.44926347,-0.84668884,202,3.49043155,57961,57961,-2
"Polk County, Arkansas",Polk County,05113,00,05,113,19964,23.282172893441036,215,10.75457069,19964,286,14.30608008,19964,18,21,-3,0.90038266,1.05044644,-0.15006378,-71,-3.55150939,19964,19964,-2
"Yolo County, California",Yolo County,06113,00,06,113,220500,217.2986644031389,2215,10.05406043,220500,1386,6.29116377,220500,-455,-1312,857,-2.06528104,-5.95527191,3.88999088,829,3.76289666,220500,220500,8
"San Miguel County, Colorado",San Miguel County,08113,00,08,113,8179,6.356440454638297,61,7.45766856,8179,24,2.93416468,8179,-38,-79,41,-4.64576074,-9.65829207,5.01253133,37,4.52350388,8179,8179,0
"Santa Rosa County, Florida",Santa Rosa County,12113,00,12,113,184313,182.05920614704743,1971,10.84134562,184313,1692,9.30672592,184313,4719,4787,-68,25.95652461,26.33055378,-0.37402917,279,1.5346197,184313,184313,20
"Fayette County, Georgia",Fayette County,13113,00,13,113,114421,588.6518974101009,875,7.68886038,114421,897,7.8821803,114421,1282,1116,166,11.26527886,9.80659221,1.45868665,-22,-0.19331992,114421,114421,-20
"McLean County, Illinois",McLean County,17113,00,17,113,171517,144.95427133480297,1877,10.91510698,171517,1246,7.24572366,171517,-1535,-2102,567,-8.92631285,-12.22352418,3.29721133,631,3.66938333,171517,171517,11
"Noble County, Indiana",Noble County,18113,00,18,113,47744,116.20954325254272,632,13.26518833,47744,455,9.55009603,47744,27,12,15,0.56670899,0.25187066,0.31483833,177,3.7150922999999993,47744,47744,-3
"Linn County, Iowa",Linn County,19113,00,19,113,226706,316.1523877292718,2734,12.08480581,226706,1801,7.96076637,226706,19,-149,168,0.08398365,-0.65860866,0.74259231,933,4.12403944,226706,226706,-9
"McPherson County, Kansas",McPherson County,20113,00,20,113,28542,31.773879018327975,305,10.688628,28542,336,11.77501314,28542,47,47,0,1.64710005,1.64710005,0,-31,-1.08638514,28542,28542,-2
"Jessamine County, Kentucky",Jessamine County,21113,00,21,113,54115,314.32038182712205,629,11.66196974,54115,430,7.97241175,54115,160,125,35,2.96647879,2.31756155,0.64891724,199,3.68955799,54115,54115,-1
"Vermilion Parish, Louisiana",Vermilion Parish,22113,00,22,113,59511,50.72485139869599,730,12.22811293,59511,602,10.08400546,59511,-503,-507,4,-8.42567234,-8.4926757,0.06700336,128,2.14410747,59511,59511,0
"Missaukee County, Michigan",Missaukee County,26113,00,26,113,15118,26.767576273712287,189,12.50868659,15118,160,10.58936431,15118,-13,-18,5,-0.86038585,-1.19130348,0.33091763,29,1.91932228,15118,15118,1
"Pennington County, Minnesota",Pennington County,27113,00,27,113,14119,22.898979401028058,164,11.59338329,14119,129,9.11918564,14119,-89,-98,9,-6.29153117,-6.92775343,0.63622225,35,2.47419765,14119,14119,0
"Pike County, Mississippi",Pike County,28113,00,28,113,39288,96.05455861201564,540,13.72858087,39288,531,13.49977119,39288,-100,-104,4,-2.54232979,-2.64402298,0.10169319,9,0.22880968,39288,39288,-1
"Lincoln County, Missouri",Lincoln County,29113,00,29,113,59013,94.18415311762078,790,13.54757944,59013,467,8.00850582,59013,1074,1072,2,18.41784851,18.38355084,0.03429767,323,5.53907362,59013,59013,3
"Logan County, Nebraska",Logan County,31113,00,31,113,748,1.3107617761507264,6,7.98403194,748,8,10.64537591,748,-4,-6,2,-5.32268796,-7.98403194,2.66134398,-2,-2.66134398,748,748,-1
"Warren County, New York",Warren County,36113,00,36,113,63944,73.73469267102875,529,8.25537028,63944,674,10.51818444,63944,-123,-146,23,-1.91949063,-2.27841978,0.35892914,-145,-2.26281416,63944,63944,-3
"Macon County, North Carolina",Macon County,37113,00,37,113,35858,69.54893762504805,333,9.36287466,35858,417,11.72468087,35858,666,622,44,18.72574931,17.48861272,1.23713659,-84,-2.36180622,35858,35858,2
"Montgomery County, Ohio",Montgomery County,39113,00,39,113,531687,1152.0394079914176,6522,12.26761918,531687,5966,11.22180559,531687,-440,-973,533,-0.82762227,-1.83017379,1.00255152,556,1.0458136,531687,531687,-29
"Osage County, Oklahoma",Osage County,40113,00,40,113,46963,20.90398869039902,418,8.88567663,46963,522,11.09646699,46963,-52,-58,6,-1.10539518,-1.23294078,0.1275456,-104,-2.21079036,46963,46963,-2
"Sullivan County, Pennsylvania",Sullivan County,42113,00,42,113,6066,13.481806644010998,41,6.75341789,6066,97,15.97759842,6066,47,45,2,7.74172295,7.41228793,0.32943502,-56,-9.22418053,6066,6066,-1
"Madison County, Tennessee",Madison County,47113,00,47,113,97984,175.8588843431716,1193,12.19917479,97984,985,10.07224407,97984,177,103,74,1.80993624,1.05323973,0.75669651,208,2.12693073,97984,97984,-4
"Dallas County, Texas",Dallas County,48113,00,48,113,2635516,3021.082587,38374,14.57738905,2635516,17047,6.47575836,2635516,-15147,-24389,9242,-5.7539926,-9.2648132,3.5108205999999997,21327,8.1016307,2635516,2635516,-14
"Madison County, Virginia",Madison County,51113,00,51,113,13261,41.35821039141382,129,9.73254366,13261,128,9.65709759,13261,13,2,11,0.98079897,0.15089215,0.82990682,1,0.07544607,13261,13261,-1
"Sawyer County, Wisconsin",Sawyer County,55113,00,55,113,16558,13.166077924412503,150,9.08485252,16558,204,12.35539943,16558,148,146,2,8.96372116,8.84258979,0.12113137,-54,-3.27054691,16558,16558,0
"Ponce Municipio, Puerto Rico",Ponce Municipio,72113,00,72,113,131881,0,,,131881,,,131881,,,,,,,,,131881,131881,
"St. Clair County, Alabama",St. Clair County,01115,00,01,115,89512,141.72690153801463,983,11.03465308,89512,975,10.94484919,89512,851,828,23,9.55288888,9.29470269,0.25818619,8,0.08980389,89512,89512,-1
"Pope County, Arkansas",Pope County,05115,00,05,115,64072,78.85627637,765,11.98439679,64072,593,9.28986574,64072,307,296,11,4.80942459,4.63709993,0.17232466,172,2.69453104,64072,64072,-1
"Yuba County, California",Yuba County,06115,00,06,115,78668,124.4715340972192,1149,14.70955353,78668,583,7.46359418,78668,542,542,0,6.93871019,6.93871019,0,566,7.24595935,78668,78668,3
"Sedgwick County, Colorado",Sedgwick County,08115,00,08,115,2248,4.101884598679155,13,5.74712644,2248,32,14.14677277,2248,-9,-8,-1,-3.97877984,-3.53669319,-0.44208665,-19,-8.39964633,2248,2248,0
"Sarasota County, Florida",Sarasota County,12115,00,12,115,433742,780.1305226910309,2835,6.59247899,433742,6127,14.24766095,433742,10669,9945,724,24.80957967,23.12599774,1.68358194,-3292,-7.65518196,433742,433742,36
"Floyd County, Georgia",Floyd County,13115,00,13,115,98498,193.20052474974665,1133,11.53403712,98498,1140,11.60529772,98498,543,391,152,5.52778654,3.98041352,1.54737303,-7,-0.0712606,98498,98498,-2
"Macon County, Illinois",Macon County,17115,00,17,115,104009,179.14804725576295,1258,12.06639394,104009,1223,11.73068346,104009,-530,-564,34,-5.08361589,-5.40973464,0.32611876,35,0.33571048,104009,104009,0
"Ohio County, Indiana",Ohio County,18115,00,18,115,5875,68.19520679571583,71,12.0809937,5875,76,12.93176791,5875,1,1,0,0.17015484,0.17015484,0,-5,-0.8507742,5875,5875,0
"Louisa County, Iowa",Louisa County,19115,00,19,115,11035,27.465842862011733,128,11.53776816,11035,113,10.18568596,11035,-134,-151,17,-12.07860105,-13.61096088,1.53235983,15,1.35208221,11035,11035,1
"Marion County, Kansas",Marion County,20115,00,20,115,11884,12.58499839025484,107,8.98895283,11884,142,11.9292645,11884,-5,-10,5,-0.42004452,-0.84008905,0.42004452,-35,-2.94031167,11884,11884,1
"Johnson County, Kentucky",Johnson County,21115,00,21,115,22188,84.69848675229676,253,11.35063595,22188,312,13.9976222,22188,-142,-138,-4,-6.37071267,-6.19125597,-0.17945669,-59,-2.64698625,22188,22188,-2
"Vernon Parish, Louisiana",Vernon Parish,22115,00,22,115,47429,35.71682452985995,828,17.33486863,47429,366,7.66251439,47429,-1130,-1161,31,-23.65748979,-24.30650058,0.64901078,462,9.67235423,47429,47429,-4
"Monroe County, Michigan",Monroe County,26115,00,26,115,150500,273.9600555654747,1459,9.70486307,150500,1481,9.85120097,150500,359,369,-10,2.38796836,2.45448559,-0.06651722,-22,-0.14633789,150500,150500,-11
"Pine County, Minnesota",Pine County,27115,00,27,115,29579,20.95885662467419,251,8.50170203,29579,278,9.41622775,29579,140,137,3,4.7419852,4.64037123,0.10161397,-27,-0.91452572,29579,29579,-2
"Pontotoc County, Mississippi",Pontotoc County,28115,00,28,115,32174,64.63711537862594,434,13.55085473,32174,282,8.80493326,32174,143,119,24,4.46491297,3.71555694,0.74935602,152,4.74592147,32174,32174,-2
"Linn County, Missouri",Linn County,29115,00,29,115,11920,19.36358841142993,124,10.35101632,11920,163,13.6065779,11920,-79,-84,5,-6.59459911,-7.0119788,0.41737969,-39,-3.25556158,11920,11920,-1
"Loup County, Nebraska",Loup County,31115,00,31,115,664,1.178304804,8,12.490242,664,6,9.3676815,664,44,44,0,68.69633099,68.69633099,0,2,3.1225605,664,664,1
"Washington County, New York",Washington County,36115,00,36,115,61204,73.63618757061964,545,8.89955747,61204,681,11.12036447,61204,70,63,7,1.14306243,1.02875618,0.11430624,-136,-2.220807,61204,61204,-4
"Madison County, North Carolina",Madison County,37115,00,37,115,21755,48.38582913391364,198,9.1202211,21755,240,11.05481345,21755,131,112,19,6.03408567,5.15891294,0.87517273,-42,-1.93459235,21755,21755,1
"Morgan County, Ohio",Morgan County,39115,00,39,115,14508,34.83932617519427,135,9.28185912,14508,160,11.00072192,14508,-47,-47,0,-3.23146206,-3.23146206,0,-25,-1.7188628,14508,14508,-1
"Ottawa County, Oklahoma",Ottawa County,40115,00,40,115,31127,66.11277218290735,409,13.09931781,31127,470,15.0530058,31127,-131,-146,15,-4.19562502,-4.6760401,0.48041508,-61,-1.95368799,31127,31127,0
"Susquehanna County, Pennsylvania",Susquehanna County,42115,00,42,115,40328,48.97170645138505,352,8.70339234,40328,472,11.67045792,40328,-110,-111,1,-2.71981011,-2.74453565,0.02472555,-120,-2.96706557,40328,40328,-2
"Spink County, South Dakota",Spink County,46115,00,46,115,6376,4.240738479445257,81,12.59720062,6376,69,10.73094868,6376,-121,-119,-2,-18.81804044,-18.50699844,-0.31104199,12,1.86625194,6376,6376,1
"Marion County, Tennessee",Marion County,47115,00,47,115,28907,58.016551560413035,325,11.30336492,28907,358,12.45109121,28907,341,340,1,11.85983827,11.82505869,0.03477958,-33,-1.14772628,28907,28907,1
"Dawson County, Texas",Dawson County,48115,00,48,115,12728,14.137416942429237,181,14.28966171,12728,127,10.02644772,12728,70,60,10,5.52638851,4.73690443,0.78948407,54,4.26321399,12728,12728,-1
"Mathews County, Virginia",Mathews County,51115,00,51,115,8834,102.82827228990026,67,7.60240554,8834,126,14.29706116,8834,104,103,1,11.80074889,11.68728015,0.11346874,-59,-6.69465562,8834,8834,-3
"Shawano County, Wisconsin",Shawano County,55115,00,55,115,40899,45.788019717932784,449,10.99546957,40899,376,9.20778744,40899,57,49,8,1.39586139,1.19995102,0.19591037,73,1.78768214,40899,40899,-2
"Quebradillas Municipio, Puerto Rico",Quebradillas Municipio,72115,00,72,115,22918,0,,,22918,,,22918,,,,,,,,,22918,22918,
"Shelby County, Alabama",Shelby County,01117,00,01,117,217702,277.19182544240516,2237,10.3257671,217702,1626,7.50545253,217702,1518,1381,137,7.00693539,6.37455716,0.63237823,611,2.82031457,217702,217702,-10
"Prairie County, Arkansas",Prairie County,05117,00,05,117,8062,12.443872155627387,80,9.91080278,8062,116,14.37066402,8062,17,19,-2,2.10604559,2.35381566,-0.24777007,-36,-4.45986125,8062,8062,-1
"Summit County, Colorado",Summit County,08117,00,08,117,31011,50.97651235182892,266,8.60451575,31011,69,2.23199845,31011,-4,-105,101,-0.12939121,-3.39651938,3.26712816,197,6.37251731,31011,31011,1
"Seminole County, Florida",Seminole County,12117,00,12,117,471826,1525.336236782373,4714,10.0303421,471826,3672,7.81319818,471826,2676,1840,836,5.693932,3.9151102,1.77882181,1042,2.21714393,471826,471826,-14
"Forsyth County, Georgia",Forsyth County,13117,00,13,117,244252,1087.7329615526503,2435,10.11958566,244252,1340,5.56888903,244252,6152,5743,409,25.56701888,23.86726096,1.69975792,1095,4.55069663,244252,244252,12
"Macoupin County, Illinois",Macoupin County,17117,00,17,117,44926,52.059520635248894,447,9.90647578,44926,561,12.43295953,44926,-279,-282,3,-6.18323656,-6.24972297,0.06648641,-114,-2.52648376,44926,44926,1
"Orange County, Indiana",Orange County,18117,00,18,117,19646,49.31496202750211,246,12.55294178,19646,226,11.5323774,19646,79,64,15,4.03122927,3.26580599,0.76542328,20,1.02056437,19646,19646,-1
"Lucas County, Iowa",Lucas County,19117,00,19,117,8600,19.97197451001459,118,13.70738224,8600,91,10.57094732,8600,-44,-42,-2,-5.11122728,-4.87889876,-0.23232851,27,3.13643492,8600,8600,0
"Marshall County, Kansas",Marshall County,20117,00,20,117,9707,10.783461111611352,117,12.04819277,9707,99,10.19462465,9707,-26,-29,3,-2.67737617,-2.98630419,0.30892802,18,1.85356812,9707,9707,0
"Kenton County, Kentucky",Kenton County,21117,00,21,117,166998,1041.8476051999562,2236,13.41774431,166998,1501,9.00717093,166998,-23,2,-25,-0.13801794,0.01200156,-0.1500195,735,4.41057337,166998,166998,-6
"Washington Parish, Louisiana",Washington Parish,22117,00,22,117,46194,68.98787274421046,600,12.93354314,46194,635,13.68799983,46194,-357,-341,-16,-7.69545817,-7.35056369,-0.34489448,-35,-0.75445668,46194,46194,-2
"Montcalm County, Michigan",Montcalm County,26117,00,26,117,63888,90.57901686458652,728,11.39066216,63888,613,9.59131306,63888,-160,-158,-2,-2.50344223,-2.47214921,-0.03129303,115,1.79934911,63888,63888,-3
"Pipestone County, Minnesota",Pipestone County,27117,00,27,117,9126,19.62344449625611,132,14.46337588,9126,112,12.271955300000002,9126,-20,-43,23,-2.19142059,-4.71155427,2.52013368,20,2.19142059,9126,9126,-1
"Prentiss County, Mississippi",Prentiss County,28117,00,28,117,25126,60.54674217254976,289,11.51073406,25126,280,11.15226829,25126,32,32,0,1.27454495,1.27454495,0,9,0.35846577,25126,25126,-3
"Livingston County, Missouri",Livingston County,29117,00,29,117,15227,28.605905554561176,153,10.06314128,15227,165,10.85240726,15227,58,55,3,3.81478558,3.61746909,0.1973165,-12,-0.78926598,15227,15227,0
"McPherson County, Nebraska",McPherson County,31117,00,31,117,494,0.5751043916916393,3,6.09756098,494,2,4.06504065,494,2,2,0,4.06504065,4.06504065,0,1,2.03252033,494,494,1
"Wayne County, New York",Wayne County,36117,00,36,117,89918,148.9127240918316,941,10.44870585,89918,873,9.69364528,89918,-349,-370,21,-3.87523734,-4.10841781,0.23318047,68,0.75506057,89918,89918,-1
"Martin County, North Carolina",Martin County,37117,00,37,117,22440,49.16470855133476,246,10.90909091,22440,313,13.88026608,22440,-153,-152,-1,-6.78492239,-6.7405765,-0.0443459,-67,-2.97117517,22440,22440,0
"Morrow County, Ohio",Morrow County,39117,00,39,117,35328,86.98616611,381,10.81756363,35328,316,8.97204753,35328,151,157,-6,4.28727588,4.45763121,-0.17035533,65,1.84551611,35328,35328,-1
"Pawnee County, Oklahoma",Pawnee County,40117,00,40,117,16376,28.813164447777822,192,11.73163876,16376,200,12.22045705,16376,27,23,4,1.6497616999999998,1.40535256,0.24440914,-8,-0.48881828,16376,16376,1
"Tioga County, Pennsylvania",Tioga County,42117,00,42,117,40591,35.801697030825906,402,9.89161059,40591,481,11.83548431,40591,-16,-24,8,-0.39369594,-0.59054392,0.19684797,-79,-1.94387372,40591,40591,-4
"Stanley County, South Dakota",Stanley County,46117,00,46,117,3098,2.144788242564049,37,12.10139002,3098,7,2.28945217,3098,51,51,0,16.68029436,16.68029436,0,30,9.81193786,3098,3098,0
"Marshall County, Tennessee",Marshall County,47117,00,47,117,34375,91.55384860225136,411,12.05614467,34375,344,10.09078776,34375,500,485,15,14.66684267,14.22683739,0.44000528,67,1.96535692,34375,34375,2
"Deaf Smith County, Texas",Deaf Smith County,48117,00,48,117,18546,12.39025265446873,320,17.17797998,18546,159,8.535308800000001,18546,-327,-325,-2,-17.55374829,-17.44638591,-0.10736237,161,8.64267118,18546,18546,1
"Mecklenburg County, Virginia",Mecklenburg County,51117,00,51,117,30587,48.91497180302881,312,10.19424613,30587,482,15.74880332,30587,134,136,-2,4.37829802,4.44364575,-0.06534773,-170,-5.55455719,30587,30587,-1
"Sheboygan County, Wisconsin",Sheboygan County,55117,00,55,117,115340,225.48136366470197,1226,10.6343761,115340,1079,9.35929185,115340,-35,-76,41,-0.30359149,-0.65922723,0.35563574,147,1.27508425,115340,115340,-5
"Rinc<f3>n Municipio, Puerto Rico",Rinc<f3>n Municipio,72117,00,72,117,13656,0,,,13656,,,13656,,,,,,,,,13656,13656,
"Sumter County, Alabama",Sumter County,01119,00,01,119,12427,13.749325242728936,136,10.85351742,12427,163,13.00825985,12427,-180,-207,27,-14.36494952,-16.51969195,2.15474243,-27,-2.15474243,12427,12427,0
"Pulaski County, Arkansas",Pulaski County,05119,00,05,119,391911,516.7358154301866,5067,12.92884035,391911,3795,9.68323448,391911,-1262,-1415,153,-3.2200901,-3.61048137,0.39039127,1272,3.24560587,391911,391911,-17
"Teller County, Colorado",Teller County,08119,00,08,119,25388,45.57645128069374,176,6.97015901,25388,198,7.84142888,25388,297,300,-3,11.76214332,11.88095285,-0.11880953,-22,-0.87126988,25388,25388,0
"Sumter County, Florida",Sumter County,12119,00,12,119,132420,237.6812863104223,478,3.66088558,132420,2017,15.44771176,132420,5212,5269,-57,39.91743861,40.35398772,-0.43654912,-1539,-11.78682617,132420,132420,28
"Franklin County, Georgia",Franklin County,13119,00,13,119,23349,89.26770638474672,287,12.37522368,23349,300,12.93577388,23349,327,301,26,14.09999353,12.97889313,1.1211004,-13,-0.5605502,23349,23349,1
"Madison County, Illinois",Madison County,17119,00,17,119,262966,367.52446793664205,2804,10.64152777,262966,2944,11.17284513,262966,-919,-920,1,-3.48771898,-3.4915141,0.00379512,-140,-0.53131736,262966,262966,-1
"Owen County, Indiana",Owen County,18119,00,18,119,20799,53.98189645708713,201,9.64931231,20799,262,12.57771057,20799,1,-4,5,0.04800653,-0.19202612,0.24003264,-61,-2.92839826,20799,20799,-3
"Lyon County, Iowa",Lyon County,19119,00,19,119,11755,20.003394244864648,171,14.5099703,11755,115,9.75816716,11755,-115,-120,5,-9.75816716,-10.1824353,0.42426814,56,4.75180314,11755,11755,-1
"Meade County, Kansas",Meade County,20119,00,20,119,4033,4.123373196487194,38,9.346943800000002,4033,34,8.36305497,4033,-71,-78,7,-17.46402656,-19.185832,1.72180544,4,0.98388882,4033,4033,2
"Knott County, Kentucky",Knott County,21119,00,21,119,14806,42.12016796567344,142,9.50404926,14806,205,13.7206345,14806,-207,-205,-2,-13.85449434,-13.7206345,-0.13385985,-63,-4.21658524,14806,14806,0
"Webster Parish, Louisiana",Webster Parish,22119,00,22,119,38340,64.63434249312049,452,11.72016802,38340,531,13.76860447,38340,-371,-376,5,-9.61987243,-9.7495203,0.12964788,-79,-2.04843645,38340,38340,-2
"Montmorency County, Michigan",Montmorency County,26119,00,26,119,9328,17.063162526367076,62,6.66559157,9328,166,17.84658388,9328,155,153,2,16.66397893,16.44895985,0.21501908,-104,-11.18099231,9328,9328,2
"Polk County, Minnesota",Polk County,27119,00,27,119,31364,15.912148285873307,421,13.41298288,31364,344,10.95977698,31364,-123,-158,35,-3.91875747,-5.03385106,1.11509359,77,2.45320589,31364,31364,-1
"Quitman County, Mississippi",Quitman County,28119,00,28,119,6792,16.769883867030103,80,11.55484943,6792,110,15.88791796,6792,-233,-236,3,-33.65349895,-34.08680581,0.43330685,-30,-4.33306853,6792,6792,0
"McDonald County, Missouri",McDonald County,29119,00,29,119,22837,42.33149157644275,364,15.89519651,22837,220,9.6069869,22837,-269,-293,24,-11.74672489,-12.79475983,1.04803493,144,6.28820961,22837,22837,-1
"Madison County, Nebraska",Madison County,31119,00,31,119,35099,61.29521430866135,497,14.14181653,35099,369,10.49965855,35099,-220,-291,71,-6.25995903,-8.28021853,2.0202595000000003,128,3.64215798,35099,35099,2
"Westchester County, New York",Westchester County,36119,00,36,119,967506,2246.9376627756087,10183,10.52115519,967506,7582,7.83378166,967506,-3330,-5390,2060,-3.44058203,-5.56899013,2.1284081,2601,2.68737353,967506,967506,22
"Mecklenburg County, North Carolina",Mecklenburg County,37119,00,37,119,1110356,2120.695278452635,14736,13.37140773,1110356,6883,6.24561614,1110356,8717,4382,4335,7.90978292,3.9762153,3.93356762,7853,7.12579159,1110356,1110356,36
"Muskingum County, Ohio",Muskingum County,39119,00,39,119,86215,129.73520745927595,1002,11.62777204,86215,971,11.26803059,86215,58,15,43,0.67306465,0.17406844,0.49899621,31,0.35974145,86215,86215,-5
"Payne County, Oklahoma",Payne County,40119,00,40,119,81784,119.40993706678834,815,9.94169167,81784,592,7.22144966,81784,-618,-1014,396,-7.53860792,-12.36917222,4.8305643,223,2.72024202,81784,81784,7
"Union County, Pennsylvania",Union County,42119,00,42,119,44923,142.18097291462342,402,8.93929286,44923,422,9.3840338,44923,-74,-76,2,-1.64554147,-1.69001557,0.04447409,-20,-0.44474094,44923,44923,0
"Sully County, South Dakota",Sully County,46119,00,46,119,1391,1.381711146591715,16,11.56069364,1391,11,7.94797688,1391,9,9,0,6.50289017,6.50289017,0,5,3.61271676,1391,1391,0
"Maury County, Tennessee",Maury County,47119,00,47,119,96387,157.20257950045325,1244,13.04940732,96387,937,9.829015,96387,1797,1778,19,18.85030945,18.65100178,0.19930767,307,3.22039232,96387,96387,10
"Delta County, Texas",Delta County,48119,00,48,119,5331,20.756749357612843,65,12.19169089,5331,61,11.44143299,5331,-5,-5,0,-0.93782238,-0.93782238,0,4,0.7502579,5331,5331,0
"Middlesex County, Virginia",Middlesex County,51119,00,51,119,10582,81.19365363622443,88,8.25709594,10582,147,13.79310345,10582,-91,-92,1,-8.53858785,-8.63241848,0.09383064,-59,-5.53600751,10582,10582,-1
"Taylor County, Wisconsin",Taylor County,55119,00,55,119,20343,20.863518294560834,210,10.31763579,20343,188,9.23674061,20343,-45,-55,10,-2.21092195,-2.70223794,0.49131599,22,1.08089518,20343,20343,2
"R<ed>o Grande Municipio, Puerto Rico",R<ed>o Grande Municipio,72119,00,72,119,48025,0,,,48025,,,48025,,,,,,,,,48025,48025,
"Talladega County, Alabama",Talladega County,01121,00,01,121,79978,108.5483514414372,844,10.54242263,79978,1044,13.04062705,79978,46,14,32,0.57458702,0.17487431,0.39971271,-200,-2.49820442,79978,79978,-5
"Randolph County, Arkansas",Randolph County,05121,00,05,121,17958,27.533500929063287,235,13.08171899,17958,255,14.19505678,17958,7,13,-6,0.38966823,0.72366956,-0.33400134,-20,-1.11333779,17958,17958,1
"Washington County, Colorado",Washington County,08121,00,08,121,4908,1.949101184197782,47,9.59575337,4908,48,9.79991833,4908,20,21,-1,4.08329931,4.28746427,-0.20416497,-1,-0.20416497,4908,4908,1
"Suwannee County, Florida",Suwannee County,12121,00,12,121,44417,64.50781368005644,444,10.02302587,44417,561,12.66422863,44417,356,361,-5,8.0364802,8.14935212,-0.11287191,-117,-2.64120276,44417,44417,-1
"Fulton County, Georgia",Fulton County,13121,00,13,121,1063937,2019.9143608985703,12612,11.93149889,1063937,7418,7.01774967,1063937,8559,5556,3003,8.09718514,5.25621692,2.84096822,5194,4.91374923,1063937,1063937,53
"Marion County, Illinois",Marion County,17121,00,17,121,37205,64.98262504694601,451,12.09342236,37205,461,12.3615692,37205,-166,-176,10,-4.4512375,-4.71938433,0.26814684,-10,-0.26814684,37205,37205,0
"Parke County, Indiana",Parke County,18121,00,18,121,16937,38.084545949870375,203,11.97110423,16937,175,10.31991744,16937,-68,-73,5,-4.01002506,-4.30487985,0.29485478,28,1.65118679,16937,16937,-1
"Madison County, Iowa",Madison County,19121,00,19,121,16338,29.122674637777735,158,9.70993117,16338,154,9.46411013,16338,129,126,3,7.92772861,7.74336283,0.18436578,4,0.24582104,16338,16338,-1
"Miami County, Kansas",Miami County,20121,00,20,121,34237,59.45174738251386,390,11.47497573,34237,294,8.65036632,34237,404,392,12,11.88689793,11.53382176,0.35307618,96,2.82460941,34237,34237,0
"Knox County, Kentucky",Knox County,21121,00,21,121,31145,80.62299742898301,385,12.33085115,31145,419,13.41980943,31145,-120,-117,-3,-3.84338218,-3.74729762,-0.09608455,-34,-1.08895828,31145,31145,-1
"West Baton Rouge Parish, Louisiana",West Baton Rouge Parish,22121,00,22,121,26465,137.5575322812962,346,13.08994609,26465,218,8.24742268,26465,-61,-52,-9,-2.30776506,-1.96727513,-0.34048993,128,4.84252341,26465,26465,-2
"Muskegon County, Michigan",Muskegon County,26121,00,26,121,173566,344.4360479,2071,11.93092622,173566,1770,10.19688045,173566,-330,-362,32,-1.9011133,-2.08546368,0.18435038,301,1.73404577,173566,173566,-4
"Pope County, Minnesota",Pope County,27121,00,27,121,11249,16.801328327249543,121,10.83064805,11249,122,10.92015754,11249,156,151,5,13.96348013,13.51593269,0.44754744,-1,-0.08950949,11249,11249,-1
"Rankin County, Mississippi",Rankin County,28121,00,28,121,155271,200.2217793242739,1696,10.958868699999998,155271,1261,8.14807396,155271,590,498,92,3.8123423,3.21787536,0.59446693,435,2.81079474,155271,155271,-4
"Macon County, Missouri",Macon County,29121,00,29,121,15117,18.867769560184612,182,12.01954828,15117,193,12.74600449,15117,-38,-44,6,-2.50957601,-2.90582486,0.39624884,-11,-0.72645621,15117,15117,-1
"Merrick County, Nebraska",Merrick County,31121,00,31,121,7755,15.961657225525602,86,11.1053719,7755,81,10.45971074,7755,19,19,0,2.4535124,2.4535124,0,5,0.64566116,7755,7755,-2
"Wyoming County, New York",Wyoming County,36121,00,36,121,39859,67.24402073,328,8.21211287,39859,345,8.63774067,39859,-146,-147,1,-3.6553917,-3.68042863,0.02503693,-17,-0.4256278,39859,39859,-1
"Mitchell County, North Carolina",Mitchell County,37121,00,37,121,14964,67.63373504944008,139,9.27903872,14964,221,14.75300401,14964,50,31,19,3.33778371,2.0694258999999997,1.26835781,-82,-5.47396529,14964,14964,0
"Noble County, Ohio",Noble County,39121,00,39,121,14424,36.24010840619568,143,9.94056515,14424,143,9.94056515,14424,79,81,-2,5.49164089,5.63066977,-0.13902888,0,0,14424,14424,-2
"Pittsburg County, Oklahoma",Pittsburg County,40121,00,40,121,43654,33.43801653510765,508,11.6082446,43654,616,14.07613912,43654,-108,-111,3,-2.46789452,-2.53644715,0.06855263,-108,-2.46789452,43654,43654,0
"Venango County, Pennsylvania",Venango County,42121,00,42,121,50668,75.14336415,452,8.87414228,50668,680,13.35047954,50668,-305,-306,1,-5.98808273,-6.00771579,0.01963306,-228,-4.47633726,50668,50668,0
"Todd County, South Dakota",Todd County,46121,00,46,121,10177,7.328988391942103,238,23.30819704,10177,131,12.82930173,10177,-176,-186,10,-17.23631378,-18.21564979,0.97933601,107,10.47889531,10177,10177,1
"Meigs County, Tennessee",Meigs County,47121,00,47,121,12422,63.658449829751646,133,10.76095311,12422,154,12.46005097,12422,146,148,-2,11.8127756,11.97459444,-0.16181884,-21,-1.69909786,12422,12422,0
"Denton County, Texas",Denton County,48121,00,48,121,887207,1008.6743140688284,9893,11.33252537,887207,4243,4.86039676,887207,22716,21053,1663,26.02139354,24.11641126,1.90498228,5650,6.47212861,887207,887207,100
"Montgomery County, Virginia",Montgomery County,51121,00,51,121,98535,254.7150225222933,804,8.15966143,98535,669,6.78956903,98535,-136,-412,276,-1.38024124,-4.18131904,2.80107781,135,1.37009241,98535,98535,4
"Trempealeau County, Wisconsin",Trempealeau County,55121,00,55,121,29649,40.44859451,425,14.37194596,29649,253,8.55553489,29649,-16,-71,55,-0.5410615,-2.40096038,1.85989889,172,5.81641107,29649,29649,-1
"Sabana Grande Municipio, Puerto Rico",Sabana Grande Municipio,72121,00,72,121,21712,0,,,21712,,,21712,,,,,,,,,21712,21712,
"Kenai Peninsula Borough, Alaska",Kenai Peninsula Borough,02122,00,02,122,58708,3.663939479320348,665,11.34144574,58708,541,9.22664984,58708,26,6,20,0.44342495,0.10232883,0.34109611,124,2.1147959,58708,58708,-3
"Tallapoosa County, Alabama",Tallapoosa County,01123,00,01,123,40367,56.33743535602432,385,9.51768807,40367,534,13.20115696,40367,-16,-18,2,-0.39554028,-0.44498282,0.04944254,-149,-3.68346889,40367,40367,-3
"St. Francis County, Arkansas",St. Francis County,05123,00,05,123,24994,39.375553046342674,305,12.07849039,24994,315,12.47450646,24994,-506,-508,2,-20.03841356,-20.11761678,0.07920322,-10,-0.39601608,24994,24994,1
"Weld County, Colorado",Weld County,08123,00,08,123,324492,81.42980308498757,4360,13.63976931,324492,1856,5.80628712,324492,7141,6778,363,22.33981483,21.20421018,1.13560465,2504,7.83348219,324492,324492,32
"Taylor County, Florida",Taylor County,12123,00,12,123,21569,20.67347173973503,216,10.01994712,21569,258,11.96827017,21569,66,62,4,3.06165051,2.87609593,0.18555458,-42,-1.94832305,21569,21569,0
"Gilmer County, Georgia",Gilmer County,13123,00,13,123,31369,73.59932728785996,313,10.0636615,31369,367,11.79988425,31369,585,586,-1,18.8090798,18.84123208,-0.03215227,-54,-1.73622275,31369,31369,3
"Marshall County, Illinois",Marshall County,17123,00,17,123,11438,29.569779400835465,117,10.20897867,11438,151,13.17569041,11438,-10,-11,1,-0.87256228,-0.95981851,0.08725623,-34,-2.96671175,11438,11438,-1
"Perry County, Indiana",Perry County,18123,00,18,123,19169,50.21478710171933,205,10.7200753,19169,184,9.62192125,19169,73,74,-1,3.81739267,3.86968572,-0.05229305,21,1.09815406,19169,19169,-2
"Mahaska County, Iowa",Mahaska County,19123,00,19,123,22095,38.70484499542925,266,12.05993698,22095,217,9.83836964,22095,30,15,15,1.36014327,0.68007163,0.68007163,49,2.22156734,22095,22095,-2
"Mitchell County, Kansas",Mitchell County,20123,00,20,123,5979,8.519617702,72,11.91165522,5979,102,16.8748449,5979,-101,-103,2,-16.70940524,-17.04028456,0.33087931,-30,-4.96318968,5979,5979,0
"Larue County, Kentucky",Larue County,21123,00,21,123,14398,55.04812096467818,174,12.12670314,14398,157,10.9419103,14398,83,86,-3,5.78457679,5.99365787,-0.20908109,17,1.18479284,14398,14398,-1
"West Carroll Parish, Louisiana",West Carroll Parish,22123,00,22,123,10830,30.11294983282814,92,8.43765763,10830,149,13.66533682,10830,-90,-96,6,-8.25423029,-8.80451231,0.55028202,-57,-5.22767919,10830,10830,0
"Newaygo County, Michigan",Newaygo County,26123,00,26,123,48980,58.38691025724883,539,11.02035392,48980,532,10.87723244,48980,137,126,11,2.80109181,2.57618663,0.22490518,7,0.14312148,48980,48980,-3
"Ramsey County, Minnesota",Ramsey County,27123,00,27,123,550321,3614.7494245500584,7591,13.81195113,550321,4234,7.70383363,550321,-1890,-3770,1880,-3.43888653,-6.85957789,3.42069136,3357,6.1081175000000005,550321,550321,-18
"Scott County, Mississippi",Scott County,28123,00,28,123,28124,46.163080084571206,451,15.98072392,28124,312,11.05540102,28124,-335,-355,20,-11.87038251,-12.57906206,0.70867955,139,4.92532289,28124,28124,1
"Madison County, Missouri",Madison County,29123,00,29,123,12088,24.450448222680176,135,11.1220959,12088,177,14.58230351,12088,-57,-55,-2,-4.69599605,-4.53122425,-0.16477179,-42,-3.46020761,12088,12088,-1
"Morrill County, Nebraska",Morrill County,31123,00,31,123,4642,3.2602040024605468,45,9.66079863,4642,42,9.01674538,4642,-36,-39,3,-7.7286389,-8.37269214,0.64405324,3,0.64405324,4642,4642,1
"Yates County, New York",Yates County,36123,00,36,123,24913,73.67465884316546,316,12.67447457,24913,267,10.70912883,24913,-88,-98,10,-3.52960051,-3.93069148,0.40109097,49,1.96534574,24913,24913,1
"Montgomery County, North Carolina",Montgomery County,37123,00,37,123,27173,55.28166855853029,268,9.88018433,27173,269,9.91705069,27173,98,102,-4,3.61290323,3.76036866,-0.14746544,-1,-0.03686636,27173,27173,-1
"Ottawa County, Ohio",Ottawa County,39123,00,39,123,40525,159.10018847513658,324,7.97106798,40525,519,12.76847,40525,-44,-39,-5,-1.08249071,-0.9594804,-0.12301031,-195,-4.79740202,40525,40525,-5
"Pontotoc County, Oklahoma",Pontotoc County,40123,00,40,123,38284,53.14245807050308,487,12.72271279,38284,509,13.29745546,38284,36,-6,42,0.94048801,-0.156748,1.09723601,-22,-0.57474267,38284,38284,-2
"Warren County, Pennsylvania",Warren County,42123,00,42,123,39191,44.326763049363215,417,10.59155216,39191,531,13.4870844,39191,-245,-250,5,-6.22285439,-6.34985141,0.12699703,-114,-2.89553224,39191,39191,-1
"Tripp County, South Dakota",Tripp County,46123,00,46,123,5441,3.3743509287198417,86,15.73362605,5441,56,10.24515185,5441,-81,-80,-1,-14.81888035,-14.63593121,-0.18294914,30,5.4884742,5441,5441,1
"Monroe County, Tennessee",Monroe County,47123,00,47,123,46545,73.20952884270612,484,10.42946107,46545,575,12.39037214,46545,367,397,-30,7.9082897,8.5547439,-0.6464542,-91,-1.96091107,46545,46545,0
"DeWitt County, Texas",DeWitt County,48123,00,48,123,20160,22.178794143615224,229,11.3743605,20160,232,11.52336959,20160,57,59,-2,2.8311727,2.93051209,-0.09933939,-3,-0.14900909,20160,20160,0
"Vernon County, Wisconsin",Vernon County,55123,00,55,123,30822,38.93820609995412,412,13.37792642,30822,326,10.58544663,30822,-34,-35,1,-1.10400364,-1.13647433,0.0324707,86,2.79247979,30822,30822,-2
"Salinas Municipio, Puerto Rico",Salinas Municipio,72123,00,72,123,27128,0,,,27128,,,27128,,,,,,,,,27128,27128,
"Tuscaloosa County, Alabama",Tuscaloosa County,01125,00,01,125,209355,158.49908321996807,2431,11.64065755,209355,1872,8.96392881,209355,482,261,221,2.30802013,1.24977854,1.0582416,559,2.67672874,209355,209355,-5
"Saline County, Arkansas",Saline County,05125,00,05,125,122437,169.2115051228879,1280,10.51287211,122437,1100,9.03449947,122437,1188,1197,-9,9.75725943,9.83117806,-0.07391863,180,1.47837264,122437,122437,-5
"Yuma County, Colorado",Yuma County,08125,00,08,125,10019,4.237441473947853,135,13.52298908,10019,93,9.31583692,10019,30,-17,47,3.00510868,-1.70289492,4.70800361,42,4.20715216,10019,10019,0
"Union County, Florida",Union County,12125,00,12,125,15237,62.56081584696191,149,9.74971372,15237,224,14.65728775,15237,-16,-16,0,-1.04694912,-1.04694912,0,-75,-4.90757402,15237,15237,0
"Glascock County, Georgia",Glascock County,13125,00,13,125,2971,20.66846671113702,29,9.75117687,2971,35,11.76866174,2971,0,0,0,0,0,0,-6,-2.01748487,2971,2971,0
"Mason County, Illinois",Mason County,17125,00,17,125,13359,24.768617299069874,127,9.44518816,13359,175,13.01502306,13359,-128,-128,0,-9.51955972,-9.51955972,0,-48,-3.5698349,13359,13359,2
"Pike County, Indiana",Pike County,18125,00,18,125,12389,37.05926484469283,131,10.57432296,12389,145,11.70440328,12389,15,4,11,1.21080034,0.32288009,0.88792025,-14,-1.13008032,12389,12389,0
"Marion County, Iowa",Marion County,19125,00,19,125,33253,59.97049694141382,340,10.22371903,33253,327,9.83281212,33253,-19,-23,4,-0.57132548,-0.69160452,0.12027905,13,0.39090690000000006,33253,33253,0
"Montgomery County, Kansas",Montgomery County,20125,00,20,125,31829,49.455110463704784,322,10.07509387,31829,356,11.13892365,31829,-229,-290,61,-7.16520651,-9.0738423,1.90863579,-34,-1.06382979,31829,31829,1
"Laurel County, Kentucky",Laurel County,21125,00,21,125,60813,140.12591331071457,724,11.92034444,60813,673,11.08065167,60813,106,115,-9,1.7452438,1.89342488,-0.14818108,51,0.83969277,60813,60813,-4
"West Feliciana Parish, Louisiana",West Feliciana Parish,22125,00,22,125,15568,38.59977138,124,7.98454604,15568,120,7.72698004,15568,73,66,7,4.70057952,4.24983902,0.4507405,4,0.25756599999999996,15568,15568,-1
"Oakland County, Michigan",Oakland County,26125,00,26,125,1257584,1450.2364597890623,13042,10.37435001,1257584,10978,8.73252679,1257584,-1164,-4781,3617,-0.92591193,-3.80307985,2.87716792,2064,1.64182322,1257584,1257584,-10
"Red Lake County, Minnesota",Red Lake County,27125,00,27,125,4055,9.377736100280632,42,10.4386728,4055,29,7.20765503,4055,49,48,1,12.1784516,11.92991177,0.24853983,13,3.23101777,4055,4055,1
"Sharkey County, Mississippi",Sharkey County,28125,00,28,125,4321,10.008801265491176,65,14.94940202,4321,50,11.49954002,4321,-69,-70,1,-15.86936523,-16.09935603,0.2299908,15,3.44986201,4321,4321,0
"Maries County, Missouri",Maries County,29125,00,29,125,8697,16.503528661244466,76,8.70212401,8697,91,10.41964848,8697,-57,-61,4,-6.526593,-6.98459953,0.45800653,-15,-1.71752447,8697,8697,-1
"Nance County, Nebraska",Nance County,31125,00,31,125,3519,7.968787888002168,37,10.53380783,3519,28,7.97153025,3519,4,3,1,1.13879004,0.85409253,0.28469751,9,2.56227758,3519,3519,0
"Moore County, North Carolina",Moore County,37125,00,37,125,100880,144.59421981075053,1139,11.40796755,100880,1169,11.70844079,100880,2101,2023,78,21.04314295,20.26191251,0.78123044,-30,-0.30047325,100880,100880,4
"Paulding County, Ohio",Paulding County,39125,00,39,125,18672,44.837746469831565,218,11.65339178,18672,203,10.85155289,18672,-86,-89,3,-4.5972096,-4.75757738,0.16036778,15,0.80183888,18672,18672,1
"Pottawatomie County, Oklahoma",Pottawatomie County,40125,00,40,125,72592,92.14620114,846,11.66052169,72592,841,11.59160608,72592,78,58,20,1.07508356,0.79942111,0.27566245,5,0.06891561,72592,72592,-4
"Washington County, Pennsylvania",Washington County,42125,00,42,125,206865,241.3863234630823,1926,9.30697806,206865,2509,12.12419935,206865,449,402,47,2.1696953,1.94257797,0.22711733,-583,-2.81722129,206865,206865,-19
"Turner County, South Dakota",Turner County,46125,00,46,125,8384,13.586920721975924,102,12.13852196,8384,91,10.82946567,8384,-49,-50,1,-5.83125074,-5.95025586,0.11900512,11,1.30905629,8384,8384,0
"Montgomery County, Tennessee",Montgomery County,47125,00,47,125,208993,387.6235144636243,3490,16.84749158,208993,1415,6.830716499999999,208993,1591,1576,15,7.68033212,7.6079217,0.07241042,2075,10.01677508,208993,208993,15
"Dickens County, Texas",Dickens County,48125,00,48,125,2211,2.4519694530497405,16,7.22510725,2211,20,9.03138406,2211,-4,-4,0,-1.80627681,-1.80627681,0,-4,-1.80627681,2211,2211,1
"Nelson County, Virginia",Nelson County,51125,00,51,125,14930,31.715668592929315,147,9.86842105,14930,159,10.67400644,14930,81,82,-1,5.4377014,5.50483351,-0.06713212,-12,-0.80558539,14930,14930,-1
"Vilas County, Wisconsin",Vilas County,55125,00,55,125,22195,25.877126890280543,182,8.24966571,22195,308,13.96097274,22195,393,383,10,17.81383859,17.36056025,0.45327834,-126,-5.71130703,22195,22195,0
"San Germ<e1>n Municipio, Puerto Rico",San Germ<e1>n Municipio,72125,00,72,125,30227,0,,,30227,,,30227,,,,,,,,,30227,30227,
"Walker County, Alabama",Walker County,01127,00,01,127,63521,80.30446074736305,750,11.79337998,63521,969,15.23704694,63521,74,75,-1,1.16361349,1.179338,-0.01572451,-219,-3.44366695,63521,63521,-3
"Scott County, Arkansas",Scott County,05127,00,05,127,10281,11.521057143980808,112,10.86323957,10281,117,11.34820563,10281,-53,-48,-5,-5.14064016,-4.6556741,-0.48496605,-5,-0.48496605,10281,10281,0
"Volusia County, Florida",Volusia County,12127,00,12,127,553284,502.4180375124552,4933,8.97410825,553284,7178,13.05820982,553284,9395,8975,420,17.09137381,16.32731027,0.76406354,-2245,-4.08410157,553284,553284,33
"Glynn County, Georgia",Glynn County,13127,00,13,127,85292,203.2935086276776,916,10.75957173,85292,923,10.84179553,85292,326,318,8,3.8292799,3.73530984,0.09397006,-7,-0.0822238,85292,85292,-2
"Massac County, Illinois",Massac County,17127,00,17,127,13772,58.05047325,138,9.9298435,13772,178,12.808059,13772,-210,-207,-3,-15.11063141,-14.89476525,-0.21586616,-40,-2.87821551,13772,13772,-1
"Porter County, Indiana",Porter County,18127,00,18,127,170389,407.54706439167217,1618,9.52109145,170389,1635,9.62112764,170389,931,828,103,5.4784525,4.87235088,0.60610162,-17,-0.10003619,170389,170389,-13
"Marshall County, Iowa",Marshall County,19127,00,19,127,39369,68.76644566194273,514,12.97046318,39369,478,12.06202607,39369,-556,-591,35,-14.03030647,-14.91350922,0.88320275,36,0.90843711,39369,39369,1
"Morris County, Kansas",Morris County,20127,00,20,127,5620,8.082345438817397,75,13.42041693,5620,70,12.52572247,5620,58,50,8,10.37845576,8.94694462,1.43151114,5,0.89469446,5620,5620,0
"Lawrence County, Kentucky",Lawrence County,21127,00,21,127,15317,36.85553293638039,174,11.26213592,15317,225,14.5631068,15317,-214,-210,-4,-13.85113269,-13.59223301,-0.25889968,-51,-3.30097087,15317,15317,-1
"Winn Parish, Louisiana",Winn Parish,22127,00,22,127,13904,14.634460931505949,151,10.76955995,13904,215,15.33414164,13904,-171,-169,-2,-12.19599173,-12.05334855,-0.14264318,-64,-4.5645817,13904,13904,1
"Oceana County, Michigan",Oceana County,26127,00,26,127,26467,49.18619450556929,256,9.65636905,26467,267,10.07129116,26467,-76,-118,42,-2.86673456,-4.45098261,1.58424805,-11,-0.41492211,26467,26467,-1
"Redwood County, Minnesota",Redwood County,27127,00,27,127,15170,17.26663702116476,192,12.62244428,15170,159,10.45296167,15170,-114,-118,4,-7.49457629,-7.75754388,0.26296759,33,2.16948261,15170,15170,-1
"Simpson County, Mississippi",Simpson County,28127,00,28,127,26658,45.24706992,305,11.42857143,26658,313,11.72833724,26658,-50,-53,3,-1.8735363,-1.98594848,0.11241218,-8,-0.29976581,26658,26658,-1
"Marion County, Missouri",Marion County,29127,00,29,127,28530,65.29766010750245,346,12.12545996,28530,310,10.86385141,28530,-44,-56,12,-1.54196601,-1.96250219,0.42053618,36,1.26160855,28530,28530,-2
"Nemaha County, Nebraska",Nemaha County,31127,00,31,127,6972,17.11438305336807,101,14.50211788,6972,67,9.62021681,6972,-19,-22,3,-2.72812119,-3.15887716,0.43075598,34,4.88190107,6972,6972,0
"Nash County, North Carolina",Nash County,37127,00,37,127,94298,174.48255116249916,1061,11.26374793,94298,1041,11.05142469,94298,190,159,31,2.01707079,1.68796977,0.32910102,20,0.21232324,94298,94298,-6
"Perry County, Ohio",Perry County,39127,00,39,127,36134,88.57806298710723,420,11.63870145,36134,369,10.22543056,36134,46,40,6,1.27471492,1.10844776,0.16626716,51,1.41327089,36134,36134,-2
"Pushmataha County, Oklahoma",Pushmataha County,40127,00,40,127,11096,7.951061205071028,110,9.87078248,11096,144,12.92175162,11096,-61,-66,5,-5.47379756,-5.92246949,0.44867193,-34,-3.05096913,11096,11096,-1
"Wayne County, Pennsylvania",Wayne County,42127,00,42,127,51361,70.78413335937589,376,7.31830745,51361,615,11.97010394,51361,207,206,1,4.02896181,4.00949823,0.01946358,-239,-4.65179649,51361,51361,-2
"Union County, South Dakota",Union County,46127,00,46,127,15932,34.577896338858494,185,11.74528601,15932,112,7.11065964,15932,291,277,14,18.47501746,17.586185,0.88883246,73,4.63462637,15932,15932,-2
"Moore County, Tennessee",Moore County,47127,00,47,127,6488,50.20795540865696,59,9.11548861,6488,50,7.72499034,6488,22,6,16,3.39899575,0.92699884,2.47199691,9,1.39049826,6488,6488,0
"Dimmit County, Texas",Dimmit County,48127,00,48,127,10124,7.618418987007707,124,12.20532507,10124,85,8.36655347,10124,-110,-108,-2,-10.82730449,-10.63044441,-0.19686008,39,3.83877159,10124,10124,0
"New Kent County, Virginia",New Kent County,51127,00,51,127,23091,109.93842644586744,233,10.26250881,23091,165,7.26744186,23091,702,702,0,30.91966173,30.91966173,0,68,2.99506695,23091,23091,4
"Walworth County, Wisconsin",Walworth County,55127,00,55,127,103868,187.0083028680917,924,8.90954498,103868,947,9.13131936,103868,343,366,-23,3.30733109,3.52910548,-0.22177439,-23,-0.22177439,103868,103868,-2
"San Juan Municipio, Puerto Rico",San Juan Municipio,72127,00,72,127,318441,0,,,318441,,,318441,,,,,,,,,318441,318441,
"Washington County, Alabama",Washington County,01129,00,01,129,16326,15.113784795131046,165,10.08310926,16326,191,11.67196285,16326,-51,-65,14,-3.11659741,-3.97213395,0.85553654,-26,-1.58885358,16326,16326,1
"Searcy County, Arkansas",Searcy County,05129,00,05,129,7881,11.83316958,73,9.23407754,7881,111,14.04085763,7881,-9,-11,2,-1.13844792,-1.39143634,0.25298843,-38,-4.80678009,7881,7881,-2
"Wakulla County, Florida",Wakulla County,12129,00,12,129,33739,55.63652719953742,329,9.94678921,33739,276,8.34441891,33739,1261,1263,-2,38.12431975,38.18478655,-0.0604668,53,1.6023703,33739,33739,12
"Gordon County, Georgia",Gordon County,13129,00,13,129,57963,162.6151888947822,669,11.57529565,57963,571,9.87966191,57963,240,217,23,4.15257243,3.75461757,0.39795486,98,1.69563374,57963,57963,-3
"Menard County, Illinois",Menard County,17129,00,17,129,12196,38.79243756291272,122,9.96528487,12196,127,10.37369818,12196,-89,-85,-4,-7.26975699,-6.94302634,-0.32673065,-5,-0.40841331,12196,12196,1
"Posey County, Indiana",Posey County,18129,00,18,129,25427,62.112737349439264,242,9.49373296,25427,261,10.23910869,25427,-107,-111,4,-4.19764226,-4.35456346,0.15692121,-19,-0.74537573,25427,25427,-1
"Mills County, Iowa",Mills County,19129,00,19,129,15109,34.540246828414844,137,9.07976273,15109,134,8.88093581,15109,37,34,3,2.45219869,2.25337177,0.19882692,3,0.19882692,15109,15109,1
"Morton County, Kansas",Morton County,20129,00,20,129,2587,3.545143668313914,35,13.25757576,2587,23,8.71212121,2587,-118,-116,-2,-44.6969697,-43.93939394,-0.75757576,12,4.54545455,2587,2587,0
"Lee County, Kentucky",Lee County,21129,00,21,129,7403,35.44497671974394,72,9.96195088,7403,98,13.55932203,7403,373,373,0,51.60843999,51.60843999,0,-26,-3.59737115,7403,7403,4
"Ogemaw County, Michigan",Ogemaw County,26129,00,26,129,20997,37.26154297072377,192,9.16927338,20997,281,13.41961365,20997,204,199,5,9.74235297,9.50356981,0.23878316,-89,-4.25034027,20997,20997,0
"Renville County, Minnesota",Renville County,27129,00,27,129,14548,14.800834643505224,188,12.89570258,14548,167,11.45522516,14548,-82,-90,8,-5.62472134,-6.17347464,0.5487533,21,1.44047742,14548,14548,0
"Smith County, Mississippi",Smith County,28129,00,28,129,15916,25.014623469919073,186,11.64501487,15916,180,11.26936923,15916,-121,-122,1,-7.57552043,-7.63812803,0.06260761,6,0.37564564,15916,15916,2
"Mercer County, Missouri",Mercer County,29129,00,29,129,3617,7.969853284910665,48,13.25417645,3617,42,11.59740439,3617,-14,-15,1,-3.86580146,-4.14193014,0.27612868,6,1.65677206,3617,3617,-1
"Nuckolls County, Nebraska",Nuckolls County,31129,00,31,129,4148,7.211965518822193,43,10.29323758,4148,61,14.60203471,4148,-42,-46,4,-10.05385996,-11.01137044,0.95751047,-18,-4.30879713,4148,4148,1
"New Hanover County, North Carolina",New Hanover County,37129,00,37,129,234473,1219.6195828088687,2197,9.41445678,234473,2034,8.71597865,234473,2041,1915,126,8.74597464,8.20604676,0.53992788,163,0.69847813,234473,234473,13
"Pickaway County, Ohio",Pickaway County,39129,00,39,129,58457,116.6274995360518,604,10.36607342,58457,587,10.07431308,58457,366,367,-1,6.281428599999999,6.29859097,-0.01716237,17,0.29176034,58457,58457,-3
"Roger Mills County, Oklahoma",Roger Mills County,40129,00,40,129,3583,3.139880527670525,39,10.78987412,3583,25,6.91658597,3583,-77,-76,-1,-21.3030848,-21.02642136,-0.27666344,14,3.87328814,3583,3583,0
"Westmoreland County, Pennsylvania",Westmoreland County,42129,00,42,129,348899,339.3824944556978,2869,8.20466771,348899,4435,12.68306075,348899,34,-8,42,0.09723203,-0.02287813,0.12011016,-1566,-4.47839304,348899,348899,-28
"Walworth County, South Dakota",Walworth County,46129,00,46,129,5435,7.669599384689059,78,14.29618768,5435,65,11.91348974,5435,-54,-60,6,-9.8973607,-10.99706745,1.09970674,13,2.38269795,5435,5435,-1
"Morgan County, Tennessee",Morgan County,47129,00,47,129,21403,40.98779214752796,199,9.26939469,21403,229,10.66679088,21403,-101,-102,1,-4.70456716,-4.75114703,0.04657987,-30,-1.39739619,21403,21403,0
"Donley County, Texas",Donley County,48129,00,48,129,3278,3.536495735,33,10.01061732,3278,39,11.83072956,3278,-32,-34,2,-9.70726528,-10.31396936,0.60670408,-6,-1.82011224,3278,3278,1
"Washburn County, Wisconsin",Washburn County,55129,00,55,129,15720,19.721140668723955,133,8.42919162,15720,225,14.25991064,15720,-23,-26,3,-1.45767975,-1.6478119,0.19013214,-92,-5.83071902,15720,15720,-2
"San Lorenzo Municipio, Puerto Rico",San Lorenzo Municipio,72129,00,72,129,35989,0,,,35989,,,35989,,,,,,,,,35989,35989,
"Ketchikan Gateway Borough, Alaska",Ketchikan Gateway Borough,02130,00,02,130,13901,2.862098789150439,153,11.02424614,13901,88,6.34074288,13901,-18,-42,24,-1.29697013,-3.02626365,1.72929351,65,4.68350326,13901,13901,-2
"Wilcox County, Alabama",Wilcox County,01131,00,01,131,10373,11.675388761178445,133,12.6835781,10373,162,15.44917032,10373,-197,-197,0,-18.78695403,-18.78695403,0,-29,-2.76559222,10373,10373,0
"Sebastian County, Arkansas",Sebastian County,05131,00,05,131,127827,240.65235718517584,1780,13.93908307,127827,1276,9.99228652,127827,-245,-194,-51,-1.91858166,-1.51920344,-0.39937822,504,3.94679656,127827,127827,-2
"Walton County, Florida",Walton County,12131,00,12,131,74071,71.37706472685866,780,10.77325746,74071,718,9.91692161,74071,3257,3252,5,44.98525583,44.91619649,0.06905934,62,0.85633585,74071,74071,20
"Grady County, Georgia",Grady County,13131,00,13,131,24633,54.19785604,299,12.10354808,24633,264,10.68674479,24633,-178,-178,0,-7.20545672,-7.20545672,0,35,1.41680329,24633,24633,2
"Mercer County, Illinois",Mercer County,17131,00,17,131,15437,27.50517658212795,140,9.03575578,15437,194,12.52097586,15437,-60,-60,0,-3.87246676,-3.87246676,0,-54,-3.48522009,15437,15437,0
"Pulaski County, Indiana",Pulaski County,18131,00,18,131,12353,28.484470987587557,122,9.82088951,12353,135,10.86737774,12353,-127,-141,14,-10.22338499,-11.35037231,1.12698732,-13,-1.04648823,12353,12353,1
"Mitchell County, Iowa",Mitchell County,19131,00,19,131,10586,22.565025340943695,129,12.19454554,10586,123,11.62735738,10586,11,10,1,1.03984497,0.94531361,0.09453136,6,0.56718816,10586,10586,-2
"Nemaha County, Kansas",Nemaha County,20131,00,20,131,10231,14.260679470574583,152,14.93417174,10231,84,8.25309491,10231,41,36,5,4.02829633,3.53704068,0.49125565,68,6.68107683,10231,10231,-3
"Leslie County, Kentucky",Leslie County,21131,00,21,131,9877,24.63991984877242,95,9.48671859,9877,163,16.2772119,9877,-207,-206,-1,-20.67106052,-20.57120032,-0.0998602,-68,-6.79049331,9877,9877,1
"Ontonagon County, Michigan",Ontonagon County,26131,00,26,131,5720,4.363156369628163,28,4.86068918,5720,106,18.40118045,5720,-3,-5,2,-0.52078813,-0.86798021,0.34719208,-78,-13.54049128,5720,5720,0
"Rice County, Minnesota",Rice County,27131,00,27,131,66972,135.06823863766454,743,11.12791864,66972,490,7.33873504,66972,156,-25,181,2.33641361,-0.37442526,2.71083886,253,3.7891836,66972,66972,-3
"Stone County, Mississippi",Stone County,28131,00,28,131,18336,41.159658914822145,204,11.22946082,18336,168,9.24779126,18336,301,302,-1,16.56895935,16.62400572,-0.05504638,36,1.98166956,18336,18336,2
"Miller County, Missouri",Miller County,29131,00,29,131,25619,43.231385855193466,301,11.81921703,25619,276,10.83755448,25619,281,285,-4,11.03388699,11.190953,-0.15706601,25,0.98166254,25619,25619,-2
"Otoe County, Nebraska",Otoe County,31131,00,31,131,16012,26.00770533736676,192,12.00187529,16012,154,9.62650414,16012,-8,-39,31,-0.50007814,-2.43788092,1.93780278,38,2.37537115,16012,16012,-1
"Northampton County, North Carolina",Northampton County,37131,00,37,131,19483,36.30299867291002,173,8.83081085,19483,297,15.16040938,19483,-90,-97,7,-4.59406345,-4.9513795,0.35731605,-124,-6.32959853,19483,19483,-1
"Pike County, Ohio",Pike County,39131,00,39,131,27772,63.07778783520214,334,11.99195749,27772,379,13.60764038,27772,-116,-114,-2,-4.16487146,-4.09306333,-0.07180813,-45,-1.6156829,27772,27772,1
"Rogers County, Oklahoma",Rogers County,40131,00,40,131,92459,136.8477787696848,1004,10.89764463,92459,898,9.74709649,92459,558,524,34,6.05665907,5.68761533,0.36904374,106,1.15054814,92459,92459,-6
"Wyoming County, Pennsylvania",Wyoming County,42131,00,42,131,26794,67.43893371021912,259,9.61377851,26794,321,11.91514634,26794,-231,-234,3,-8.57445111,-8.68580761,0.11135651,-62,-2.30136783,26794,26794,0
"Obion County, Tennessee",Obion County,47131,00,47,131,30069,55.18792228,328,10.87118638,30069,417,13.82099001,30069,-116,-121,5,-3.84468787,-4.01040717,0.1657193,-89,-2.94980362,30069,30069,0
"Duval County, Texas",Duval County,48131,00,48,131,11157,6.2208760777682475,142,12.73314204,11157,124,11.11908178,11157,-9,-8,-1,-0.80703013,-0.71736011,-0.08967001,18,1.61406026,11157,11157,1
"Northampton County, Virginia",Northampton County,51131,00,51,131,11710,55.309165299420584,120,10.22538452,11710,188,16.01976908,11710,18,16,2,1.53380768,1.3633846,0.17042308,-68,-5.79438456,11710,11710,-1
"Washington County, Wisconsin",Washington County,55131,00,55,131,136034,315.88521652983223,1285,9.46666225,136034,1161,8.55314776,136034,475,453,22,3.49934986,3.33727471,0.16207515,124,0.91351449,136034,136034,-10
"San Sebasti<e1>n Municipio, Puerto Rico",San Sebasti<e1>n Municipio,72131,00,72,131,35528,0,,,35528,,,35528,,,,,,,,,35528,35528,
"Winston County, Alabama",Winston County,01133,00,01,133,23629,38.54767095967026,243,10.27006466,23629,325,13.73568319,23629,19,17,2,0.80300917,0.71848189,0.08452728,-82,-3.46561853,23629,23629,-1
"Sevier County, Arkansas",Sevier County,05133,00,05,133,17007,30.084667699566506,246,14.44170483,17007,149,8.74721146,17007,-152,-130,-22,-8.92332981,-7.63179523,-1.29153458,97,5.69449337,17007,17007,1
"Washington County, Florida",Washington County,12133,00,12,133,25473,43.567658540328175,257,10.22559981,25473,305,12.13543946,25473,724,715,9,28.806748100000004,28.44865317,0.35809493,-48,-1.90983965,25473,25473,4
"Greene County, Georgia",Greene County,13133,00,13,133,18324,47.267826134874184,176,9.76232077,18324,228,12.64664282,18324,641,616,25,35.55481599,34.16812269,1.38669329,-52,-2.88432205,18324,18324,2
"Monroe County, Illinois",Monroe County,17133,00,17,133,34637,89.89022130547963,359,10.40428923,34637,319,9.24503695,34637,227,227,0,6.5787567,6.5787567,0,40,1.15925228,34637,34637,-3
"Putnam County, Indiana",Putnam County,18133,00,18,133,37576,78.19579916408017,356,9.48549199,37576,344,9.16575631,37576,78,38,40,2.07828195,1.01249634,1.06578562,12,0.31973569,37576,37576,0
"Monona County, Iowa",Monona County,19133,00,19,133,8615,12.412258740445775,86,9.95716105,8615,137,15.86198912,8615,7,7,0,0.8104666,0.8104666,0,-51,-5.90482807,8615,8615,0
"Neosho County, Kansas",Neosho County,20133,00,20,133,16007,28.00966726044838,182,11.36363636,16007,171,10.67682318,16007,-29,-67,38,-1.81068931,-4.18331668,2.37262737,11,0.68681319,16007,16007,0
"Letcher County, Kentucky",Letcher County,21133,00,21,133,21553,63.77941322290316,233,10.74574551,21553,310,14.29691463,21553,-184,-185,1,-8.48591062,-8.5320297,0.04611908,-77,-3.55116912,21553,21553,1
"Osceola County, Michigan",Osceola County,26133,00,26,133,23460,41.42782003769765,265,11.31584004,23460,251,10.71802208,23460,72,64,8,3.07449239,2.73288212,0.34161027,14,0.59781796,23460,23460,-3
"Rock County, Minnesota",Rock County,27133,00,27,133,9315,19.307374926530063,104,11.11348579,9315,94,10.04488138,9315,-96,-91,-5,-10.25860227,-9.72430006,-0.5343022,10,1.0686044,9315,9315,0
"Sunflower County, Mississippi",Sunflower County,28133,00,28,133,25110,35.98664495116856,275,10.71686054,25110,307,11.96391341,25110,-1078,-1081,3,-42.01009333,-42.12700454,0.11691121,-32,-1.24705286,25110,25110,9
"Mississippi County, Missouri",Mississippi County,29133,00,29,133,13180,32.02269011,141,10.61187627,13180,190,14.29969143,13180,-164,-164,0,-12.34289155,-12.34289155,0,-49,-3.68781516,13180,13180,-1
"Pawnee County, Nebraska",Pawnee County,31133,00,31,133,2613,6.061595188374122,33,12.60504202,2613,31,11.84110008,2613,-11,-11,0,-4.20168067,-4.20168067,0,2,0.76394194,2613,2613,-1
"Onslow County, North Carolina",Onslow County,37133,00,37,133,197938,259.73695913532293,3951,20.01251099,197938,1094,5.54130271,197938,-1815,-1813,-2,-9.19329472,-9.18316437,-0.01013035,2857,14.47120827,197938,197938,-19
"Portage County, Ohio",Portage County,39133,00,39,133,162466,333.32936086146805,1356,8.34543709,162466,1462,8.99780902,162466,74,-229,303,0.45542946,-1.40936954,1.864799,-106,-0.65237193,162466,162466,-4
"Seminole County, Oklahoma",Seminole County,40133,00,40,133,24258,38.33244283235444,304,12.4646357,24258,354,14.51474025,24258,-213,-214,1,-8.73344541,-8.7744475,0.04100209,-50,-2.05010456,24258,24258,1
"York County, Pennsylvania",York County,42133,00,42,133,449058,496.54395561899554,4868,10.85510729,449058,4121,9.18937903,449058,491,291,200,1.09487627,0.64889816,0.44597811,747,1.66572825,449058,449058,-27
"Overton County, Tennessee",Overton County,47133,00,47,133,22241,51.30739985317271,233,10.51705071,22241,314,14.17319281,22241,256,254,2,11.55521452,11.4649394,0.09027511,-81,-3.65614209,22241,22241,-2
"Eastland County, Texas",Eastland County,48133,00,48,133,18360,19.816341442912567,187,10.19657024,18360,245,13.35914283,18360,99,99,0,5.39818425,5.39818425,0,-58,-3.16257259,18360,18360,0
"Northumberland County, Virginia",Northumberland County,51133,00,51,133,12095,63.17896745245644,88,7.253843300000001,12095,181,14.91983679,12095,21,21,0,1.73103079,1.73103079,0,-93,-7.66599349,12095,12095,-1
"Waukesha County, Wisconsin",Waukesha County,55133,00,55,133,404198,735.2785934179354,3851,9.54730266,404198,3587,8.89280048,404198,1451,1300,151,3.59728282,3.22292741,0.37435541,264,0.65450218,404198,404198,-39
"Santa Isabel Municipio, Puerto Rico",Santa Isabel Municipio,72133,00,72,133,21209,0,,,21209,,,21209,,,,,,,,,21209,21209,
"Sharp County, Arkansas",Sharp County,05135,00,05,135,17442,28.858137634977588,193,11.11367039,17442,240,13.82010826,17442,201,199,2,11.57434067,11.4591731,0.11516757,-47,-2.70643787,17442,17442,-2
"Gwinnett County, Georgia",Gwinnett County,13135,00,13,135,936250,2174.175318284281,11368,12.20012803,936250,4729,5.07515882,936250,2289,-59,2348,2.45655287,-0.06331875,2.51987162,6639,7.12496921,936250,936250,-15
"Montgomery County, Illinois",Montgomery County,17135,00,17,135,28414,40.374635983439234,301,10.54198406,28414,365,12.78346905,28414,-213,-213,0,-7.45994221,-7.45994221,0,-64,-2.24148498,28414,28414,0
"Randolph County, Indiana",Randolph County,18135,00,18,135,24665,54.522837728014515,283,11.44104627,24665,269,10.87505811,24665,-155,-165,10,-6.26629743,-6.67057468,0.40427725,14,0.56598815,24665,24665,0
"Monroe County, Iowa",Monroe County,19135,00,19,135,7707,17.769668713642144,78,10.08077544,7707,79,10.21001616,7707,-59,-63,4,-7.62520194,-8.14216478,0.51696284,-1,-0.12924071,7707,7707,-1
"Ness County, Kansas",Ness County,20135,00,20,135,2750,2.5587598737657262,14,5.04868374,2750,36,12.98232961,2750,-23,-30,7,-8.29426614,-10.81860801,2.52434187,-22,-7.93364587,2750,2750,-1
"Lewis County, Kentucky",Lewis County,21135,00,21,135,13275,27.493605927964943,164,12.35730701,13275,164,12.35730701,13275,9,10,-1,0.6781449,0.75349433,-0.07534943,0,0,13275,13275,-2
"Oscoda County, Michigan",Oscoda County,26135,00,26,135,8241,14.56846926380433,71,8.62435469,8241,114,13.84755542,8241,59,58,1,7.16671728,7.04524749,0.12146978,-43,-5.22320073,8241,8241,1
"Roseau County, Minnesota",Roseau County,27135,00,27,135,15165,9.07204588,168,11.08069782,15165,123,8.11265376,15165,-38,-44,6,-2.50634832,-2.90208752,0.39573921,45,2.96804406,15165,15165,0
"Tallahatchie County, Mississippi",Tallahatchie County,28135,00,28,135,13809,21.401900138440418,162,11.66726683,13809,162,11.66726683,13809,-151,-144,-7,-10.87504501,-10.37090385,-0.50414116,0,0,13809,13809,-1
"Moniteau County, Missouri",Moniteau County,29135,00,29,135,16132,38.86966520726508,205,12.68642862,16132,165,10.21102791,16132,-93,-110,17,-5.75530664,-6.80735194,1.0520453,40,2.47540071,16132,16132,-1
"Perkins County, Nebraska",Perkins County,31135,00,31,135,2891,3.2728225752902027,33,11.39306059,2891,26,8.97635077,2891,-19,-20,1,-6.55964095,-6.90488521,0.34524426,7,2.41670982,2891,2891,1
"Orange County, North Carolina",Orange County,37135,00,37,135,148476,373.4691327660899,1158,7.81228918,148476,855,5.76814097,148476,194,-305,499,1.30879456,-2.05764093,3.36643549,303,2.0441482,148476,148476,-1
"Preble County, Ohio",Preble County,39135,00,39,135,40882,96.36835893691485,441,10.77015129,40882,463,11.30743775,40882,-107,-122,15,-2.61316596,-2.97949764,0.36633168,-22,-0.53728646,40882,40882,0
"Sequoyah County, Oklahoma",Sequoyah County,40135,00,40,135,41569,61.72325523309537,512,12.31450081,41569,545,13.10820887,41569,20,-3,23,0.48103519,-0.07215528,0.55319047,-33,-0.79370806,41569,41569,-3
"Yankton County, South Dakota",Yankton County,46135,00,46,135,22814,43.772975875972854,261,11.45415048,22814,207,9.08432625,22814,3,2,1,0.1316569,0.08777127,0.04388563,54,2.36982424,22814,22814,-2
"Perry County, Tennessee",Perry County,47135,00,47,135,8076,19.471410873687056,102,12.65037827,8076,104,12.8984249,8076,28,21,7,3.47265286,2.60448964,0.86816321,-2,-0.24804663,8076,8076,0
"Ector County, Texas",Ector County,48135,00,48,135,166223,185.1423214,2915,17.76447896,166223,1228,7.48362956,166223,2562,2324,238,15.61324017,14.16282988,1.45041029,1687,10.2808494,166223,166223,14
"Nottoway County, Virginia",Nottoway County,51135,00,51,135,15232,48.44942293292456,170,11.09950379,15232,224,14.62522852,15232,-114,-114,0,-7.44319666,-7.44319666,0,-54,-3.52572473,15232,15232,0
"Waupaca County, Wisconsin",Waupaca County,55135,00,55,135,50990,68.19638386666288,511,10.00783392,50990,724,14.17939679,50990,76,59,17,1.48844497,1.15550333,0.33294164,-213,-4.17156287,50990,50990,-3
"Toa Alta Municipio, Puerto Rico",Toa Alta Municipio,72135,00,72,135,72025,0,,,72025,,,72025,,,,,,,,,72025,72025,
"Stone County, Arkansas",Stone County,05137,00,05,137,12506,20.62090719659516,111,8.89423077,12506,166,13.30128205,12506,107,115,-8,8.57371795,9.21474359,-0.64102564,-55,-4.40705128,12506,12506,0
"Habersham County, Georgia",Habersham County,13137,00,13,137,45328,163.74087694882908,537,11.84110429,45328,449,9.90066262,45328,-132,-134,2,-2.91066251,-2.95476345,0.04410095,88,1.94044167,45328,45328,-1
"Morgan County, Illinois",Morgan County,17137,00,17,137,33658,59.15767812950861,355,10.48976878,33658,391,11.55351998,33658,-333,-377,44,-9.8396986,-11.13983896,1.30014036,-36,-1.0637512,33658,33658,0
"Ripley County, Indiana",Ripley County,18137,00,18,137,28324,63.446503513713054,343,12.08299574,28324,300,10.56821785,28324,-170,-179,9,-5.98865678,-6.30570331,0.31704654,43,1.51477789,28324,28324,1
"Montgomery County, Iowa",Montgomery County,19137,00,19,137,9917,23.38380891263791,107,10.76567059,9917,135,13.58285542,9917,-16,-17,1,-1.6098199,-1.71043365,0.10061374,-28,-2.81718483,9917,9917,0
"Norton County, Kansas",Norton County,20137,00,20,137,5361,6.1056186529724865,51,9.4619666,5361,62,11.50278293,5361,-48,-49,1,-8.90538033,-9.09090909,0.18552876,-11,-2.04081633,5361,5361,1
"Lincoln County, Kentucky",Lincoln County,21137,00,21,137,24549,73.75542957485686,329,13.38459348,24549,288,11.71660463,24549,-105,-104,-1,-4.27167877,-4.23099611,-0.04068265,41,1.66798885,24549,24549,1
"Otsego County, Michigan",Otsego County,26137,00,26,137,24668,47.89843307519141,253,10.26181833,24668,286,11.60031637,24668,61,62,-1,2.47419335,2.5147539,-0.04056055,-33,-1.33849804,24668,24668,-1
"St. Louis County, Minnesota",St. Louis County,27137,00,27,137,199070,31.864877002675993,1876,9.4092864,199070,2084,10.45253351,199070,-398,-480,82,-1.99621321,-2.40749332,0.41128011,-208,-1.04324711,199070,199070,-9
"Tate County, Mississippi",Tate County,28137,00,28,137,28321,69.96926086734595,347,12.24677066,28321,320,11.29385191,28321,-51,-45,-6,-1.79995765,-1.58819792,-0.21175972,27,0.95291875,28321,28321,-2
"Monroe County, Missouri",Monroe County,29137,00,29,137,8644,13.346540968460223,87,10.06944444,8644,92,10.64814815,8644,15,15,0,1.73611111,1.73611111,0,-5,-0.5787037,8644,8644,-2
"Phelps County, Nebraska",Phelps County,31137,00,31,137,9034,16.736150163394868,116,12.86031042,9034,92,10.19955654,9034,4,-1,5,0.44345898,-0.11086475,0.55432373,24,2.66075388,9034,9034,0
"Pamlico County, North Carolina",Pamlico County,37137,00,37,137,12726,37.81806019520932,79,6.2305296,12726,157,12.38219173,12726,171,169,2,13.48633621,13.32860129,0.15773493,-78,-6.15166213,12726,12726,0
"Putnam County, Ohio",Putnam County,39137,00,39,137,33861,70.17181614,428,12.65093182,33861,317,9.36996586,33861,-51,-58,7,-1.50747085,-1.71437861,0.20690776,111,3.28096596,33861,33861,-1
"Stephens County, Oklahoma",Stephens County,40137,00,40,137,43143,49.578462342584125,491,11.37601075,43143,571,13.22953592,43143,47,25,22,1.08894604,0.57922662,0.50971942,-80,-1.85352517,43143,43143,-3
"Ziebach County, South Dakota",Ziebach County,46137,00,46,137,2756,1.4052331683583978,23,8.36363636,2756,25,9.09090909,2756,14,14,0,5.09090909,5.09090909,0,-2,-0.72727273,2756,2756,0
"Pickett County, Tennessee",Pickett County,47137,00,47,137,5048,30.97335253631713,35,6.93000693,5048,67,13.26601327,5048,28,29,-1,5.54400554,5.74200574,-0.1980002,-32,-6.33600634,5048,5048,-1
"Edwards County, Texas",Edwards County,48137,00,48,137,1932,0.9122370342225836,18,9.375,1932,15,7.8125,1932,20,21,-1,10.41666667,10.9375,-0.52083333,3,1.5625,1932,1932,1
"Orange County, Virginia",Orange County,51137,00,51,137,37051,108.61836162665342,467,12.68177436,37051,362,9.83041182,37051,346,331,15,9.39591848,8.98858097,0.40733751,105,2.85136254,37051,37051,2
"Waushara County, Wisconsin",Waushara County,55137,00,55,137,24443,39.03624366935948,205,8.417162800000002,24443,243,9.97741737,24443,216,202,14,8.86881544,8.29398481,0.57483063,-38,-1.56025457,24443,24443,-2
"Toa Baja Municipio, Puerto Rico",Toa Baja Municipio,72137,00,72,137,74271,0,,,74271,,,74271,,,,,,,,,74271,74271,
"Union County, Arkansas",Union County,05139,00,05,139,38682,37.22092424,480,12.33600185,38682,550,14.13500212,38682,-387,-386,-1,-9.94590149,-9.92020149,-0.0257,-70,-1.79900027,38682,38682,0
"Hall County, Georgia",Hall County,13139,00,13,139,204441,520.2074399250616,2586,12.7395752,204441,1600,7.8821811,204441,1903,1830,73,9.37486914,9.01524463,0.35962451,986,4.8573941,204441,204441,14
"Moultrie County, Illinois",Moultrie County,17139,00,17,139,14501,43.162779611367746,174,11.93865999,14501,160,10.97807815,14501,-163,-166,3,-11.18391712,-11.38975608,0.20583897,14,0.96058184,14501,14501,2
"Rush County, Indiana",Rush County,18139,00,18,139,16581,40.62739247383387,183,11.01878613,16581,184,11.07899807,16581,-52,-59,7,-3.13102119,-3.55250482,0.42148362,-1,-0.06021195,16581,16581,-1
"Muscatine County, Iowa",Muscatine County,19139,00,19,139,42664,97.52998717193486,526,12.29862751,42664,372,8.69788866,42664,-365,-412,47,-8.53421871,-9.6331455,1.09892679,154,3.60073885,42664,42664,1
"Osage County, Kansas",Osage County,20139,00,20,139,15949,22.606454631353632,170,10.66265249,15949,209,13.10879042,15949,51,48,3,3.19879575,3.01063129,0.18816446,-39,-2.44613792,15949,15949,-1
"Livingston County, Kentucky",Livingston County,21139,00,21,139,9194,29.361761068320632,94,10.19633366,9194,122,13.23353943,9194,-21,-21,0,-2.27790433,-2.27790433,0,-28,-3.03720577,9194,9194,-1
"Ottawa County, Michigan",Ottawa County,26139,00,26,139,291830,517.8777093,3267,11.23379146,291830,1968,6.76709568,291830,733,438,295,2.52046806,1.50609142,1.01437664,1299,4.46669578,291830,291830,-10
"Scott County, Minnesota",Scott County,27139,00,27,139,149013,418.2777338709968,1765,11.91746229,149013,677,4.57117392,149013,737,611,126,4.97630012,4.1255351000000005,0.85076501,1088,7.34628837,149013,149013,-3
"Tippah County, Mississippi",Tippah County,28139,00,28,139,22015,48.08632704894025,262,11.89449312,22015,243,11.03191538,22015,-44,-44,0,-1.99754846,-1.99754846,0,19,0.86257775,22015,22015,1
"Montgomery County, Missouri",Montgomery County,29139,00,29,139,11551,21.58875774137284,127,11.02478406,11551,140,12.15330526,11551,74,72,2,6.42388993,6.25027128,0.17361865,-13,-1.1285212,11551,11551,2
"Pierce County, Nebraska",Pierce County,31139,00,31,139,7148,12.469282132326644,87,12.17379137,7148,67,9.37521864,7148,-18,-18,0,-2.51871546,-2.51871546,0,20,2.79857273,7148,7148,1
"Pasquotank County, North Carolina",Pasquotank County,37139,00,37,139,39824,175.5289219908497,463,11.66144043,39824,370,9.31907766,39824,146,112,34,3.67725767,2.82091,0.85634768,93,2.34236276,39824,39824,2
"Richland County, Ohio",Richland County,39139,00,39,139,121154,244.65823623563563,1319,10.89447884,121154,1397,11.53873157,121154,251,240,11,2.07317224,1.98231609,0.09085615,-78,-0.64425273,121154,121154,-6
"Texas County, Oklahoma",Texas County,40139,00,40,139,19983,9.789477310043134,350,17.29505361,19983,149,7.362751400000001,19983,-714,-775,61,-35.28190937,-38.29619015,3.01428077,201,9.93230222,19983,19983,5
"Polk County, Tennessee",Polk County,47139,00,47,139,16832,38.72938735491075,166,9.83703704,16832,235,13.92592593,16832,-17,-19,2,-1.00740741,-1.12592593,0.11851852,-69,-4.08888889,16832,16832,0
"Ellis County, Texas",Ellis County,48139,00,48,139,184826,197.5353965490609,2272,12.48928077,184826,1342,7.37703116,184826,4880,4841,39,26.82556784,26.61118318,0.21438466,930,5.11224961,184826,184826,10
"Page County, Virginia",Page County,51139,00,51,139,23902,77.09809508172063,244,10.19342441,23902,299,12.49112253,23902,-13,-14,1,-0.54309228,-0.58486861,0.04177633,-55,-2.29769812,23902,23902,-2
"Winnebago County, Wisconsin",Winnebago County,55139,00,55,139,171907,395.46405836277467,1783,10.403022300000002,171907,1497,8.73433785,171907,748,683,65,4.36425164,3.98500518,0.37924647,286,1.66868445,171907,171907,-5
"Trujillo Alto Municipio, Puerto Rico",Trujillo Alto Municipio,72139,00,72,139,63674,0,,,63674,,,63674,,,,,,,,,63674,63674,
"Van Buren County, Arkansas",Van Buren County,05141,00,05,141,16545,23.31101899489248,141,8.49909584,16545,250,15.06931887,16545,20,9,11,1.20554551,0.54249548,0.66305003,-109,-6.57022303,16545,16545,-1
"Hancock County, Georgia",Hancock County,13141,00,13,141,8457,17.95285841308506,49,5.82466568,8457,120,14.26448737,8457,159,155,4,18.90044577,18.42496285,0.47548291,-71,-8.43982169,8457,8457,1
"Ogle County, Illinois",Ogle County,17141,00,17,141,50643,66.75378367486925,525,10.35257927,50643,495,9.76100331,50643,-167,-172,5,-3.29310617,-3.39170216,0.09859599,30,0.59157596,50643,50643,-1
"St. Joseph County, Indiana",St. Joseph County,18141,00,18,141,271826,593.6437693923898,3429,12.63453439,271826,2460,9.06414541,271826,-112,-914,802,-0.41267654,-3.36773533,2.95505879,969,3.57038898,271826,271826,-3
"O'Brien County, Iowa",O'Brien County,19141,00,19,141,13753,24.000272670879433,170,12.34074988,13753,182,13.21186164,13753,-32,-33,1,-2.32296468,-2.39555733,0.07259265,-12,-0.87111176,13753,13753,-1
"Osborne County, Kansas",Osborne County,20141,00,20,141,3421,3.8329858550690465,41,11.91860465,3421,36,10.46511628,3421,-44,-45,1,-12.79069767,-13.08139535,0.29069767,5,1.45348837,3421,3421,1
"Logan County, Kentucky",Logan County,21141,00,21,141,27102,49.07892488,360,13.31237866,27102,307,11.35250069,27102,67,70,-3,2.47758158,2.58851807,-0.11093649,53,1.95987797,27102,27102,-1
"Presque Isle County, Michigan",Presque Isle County,26141,00,26,141,12592,19.115941619412062,100,7.90826414,12592,181,14.31395809,12592,-24,-27,3,-1.89798339,-2.13523132,0.23724792,-81,-6.40569395,12592,12592,-1
"Sherburne County, Minnesota",Sherburne County,27141,00,27,141,97238,224.61508329093112,1217,12.59866974,97238,533,5.51774114,97238,602,582,20,6.23204534,6.02500065,0.2070447,684,7.080928599999999,97238,97238,-5
"Tishomingo County, Mississippi",Tishomingo County,28141,00,28,141,19383,45.68201244,195,10.06036217,19383,283,14.60042305,19383,89,86,3,4.59165248,4.43687768,0.1547748,-88,-4.54006088,19383,19383,-1
"Morgan County, Missouri",Morgan County,29141,00,29,141,20627,34.51439456508185,271,13.20630589,20627,289,14.0834775,20627,229,235,-6,11.15957214,11.45196267,-0.29239054,-18,-0.87717161,20627,20627,2
"Platte County, Nebraska",Platte County,31141,00,31,141,33470,49.65139782399344,461,13.81128571,33470,281,8.41859281,33470,4,-69,73,0.11983762,-2.06719895,2.18703657,180,5.3926929,33470,33470,-1
"Pender County, North Carolina",Pender County,37141,00,37,141,63060,72.37497362578797,647,10.34562709,63060,556,8.89052344,63060,955,957,-2,15.27059331,15.30257361,-0.0319803,91,1.45510366,63060,63060,-3
"Ross County, Ohio",Ross County,39141,00,39,141,76666,111.24118465311028,844,10.99316184,76666,849,11.0582872,76666,-211,-220,9,-2.74829046,-2.86551612,0.11722566,-5,-0.06512537,76666,76666,-2
"Tillman County, Oklahoma",Tillman County,40141,00,40,141,7250,8.322483921,75,10.29300762,7250,78,10.70472792,7250,-70,-86,16,-9.60680711,-11.80264873,2.19584162,-3,-0.4117203,7250,7250,0
"Putnam County, Tennessee",Putnam County,47141,00,47,141,80245,200.05917471300535,879,11.06523326,80245,781,9.83156676,80245,1512,1305,207,19.03371183,16.42790604,2.60580579,98,1.23366651,80245,80245,4
"El Paso County, Texas",El Paso County,48141,00,48,141,839238,828.2659532,11617,13.86224742,839238,5552,6.625049300000001,839238,-3651,-3818,167,-4.35663815,-4.55591466,0.19927652,6065,7.23719812,839238,839238,-1
"Patrick County, Virginia",Patrick County,51141,00,51,141,17608,36.45892811894765,153,8.67568257,17608,240,13.60891384,17608,33,37,-4,1.87122565,2.09804088,-0.22681523,-87,-4.93323127,17608,17608,-1
"Wood County, Wisconsin",Wood County,55141,00,55,141,72999,92.05238944025103,798,10.93502703,72999,724,9.92100197,72999,-25,-42,17,-0.34257603,-0.57552774,0.23295170000000004,74,1.01402506,72999,72999,-4
"Utuado Municipio, Puerto Rico",Utuado Municipio,72141,00,72,141,27395,0,,,27395,,,27395,,,,,,,,,27395,27395,
"Washington County, Arkansas",Washington County,05143,00,05,143,239187,253.9201658952422,3203,13.46369678,239187,1599,6.72133973,239187,966,802,164,4.060546700000001,3.37117853,0.68936818,1604,6.74235705,239187,239187,6
"Haralson County, Georgia",Haralson County,13143,00,13,143,29792,105.5835178727732,350,11.79384361,29792,347,11.69275353,29792,230,235,-5,7.75024009,7.91872357,-0.16848348,3,0.10109009,29792,29792,-2
"Peoria County, Illinois",Peoria County,17143,00,17,143,179179,289.5986481240798,2445,13.590921599999998,179179,1826,10.15011159,179179,-2063,-2321,258,-11.46751381,-12.90164786,1.43413406,619,3.44081001,179179,179179,3
"Scott County, Indiana",Scott County,18143,00,18,143,23873,125.38268390622116,262,10.9952368,23873,310,13.00963132,23873,137,117,20,5.74941771,4.91008666,0.83933105,-48,-2.01439453,23873,23873,0
"Osceola County, Iowa",Osceola County,19143,00,19,143,5958,14.944064856493709,59,9.84481896,5958,67,11.17970966,5958,-60,-62,2,-10.01168029,-10.34540297,0.33372268,-8,-1.33489071,5958,5958,-2
"Ottawa County, Kansas",Ottawa County,20143,00,20,143,5704,7.914193627663316,39,6.80865922,5704,57,9.95111732,5704,-31,-32,1,-5.41201117,-5.58659218,0.17458101,-18,-3.1424581,5704,5704,1
"Lyon County, Kentucky",Lyon County,21143,00,21,143,8210,38.39280555036445,45,5.49417008,8210,122,14.89530554,8210,117,120,-3,14.2848422,14.6511202,-0.36627801,-77,-9.40113546,8210,8210,-1
"Roscommon County, Michigan",Roscommon County,26143,00,26,143,24019,46.19955980215046,161,6.73203571,24019,376,15.72202128,24019,421,419,2,17.60364617,17.520018399999998,0.08362777,-215,-8.98998557,24019,24019,1
"Sibley County, Minnesota",Sibley County,27143,00,27,143,14865,25.24479080612082,167,11.18478334,14865,131,8.77369232,14865,-168,-174,6,-11.25175809,-11.65360659,0.4018485,36,2.41109102,14865,14865,0
"Tunica County, Mississippi",Tunica County,28143,00,28,143,9632,21.184210884872886,169,17.28546589,9632,102,10.43264805,9632,-359,-362,3,-36.71882991,-37.0256725,0.30684259,67,6.85281784,9632,9632,2
"New Madrid County, Missouri",New Madrid County,29143,00,29,143,17076,25.30310874596518,204,11.87842087,17076,242,14.09106789,17076,-160,-160,0,-9.31640852,-9.31640852,0,-38,-2.21264702,17076,17076,2
"Polk County, Nebraska",Polk County,31143,00,31,143,5213,11.89244254391397,61,11.67129054,5213,63,12.0539558,5213,-26,-29,3,-4.97464843,-5.54864632,0.5739979000000001,-2,-0.38266526,5213,5213,1
"Perquimans County, North Carolina",Perquimans County,37143,00,37,143,13463,54.46840992592872,116,8.64252719,13463,146,10.87766354,13463,114,122,-8,8.4935181,9.08955446,-0.59603636,-30,-2.23513634,13463,13463,-2
"Sandusky County, Ohio",Sandusky County,39143,00,39,143,58518,143.34021564297785,603,10.28501254,58518,624,10.64319705,58518,-199,-201,2,-3.3942247,-3.42833751,0.03411281,-21,-0.35818452,58518,58518,-2
"Tulsa County, Oklahoma",Tulsa County,40143,00,40,143,651552,1142.9120174180405,8762,13.48793713,651552,6147,9.46249139,651552,1277,150,1127,1.96577217,0.23090511,1.73486706,2615,4.02544574,651552,651552,-23
"Rhea County, Tennessee",Rhea County,47143,00,47,143,33167,105.1642189999524,388,11.74369684,33167,405,12.25824026,33167,272,263,9,8.23269469,7.96028936,0.27240534,-17,-0.51454342,33167,33167,1
"Erath County, Texas",Erath County,48143,00,48,143,42698,39.41920023368741,480,11.3046243,42698,335,7.88968571,42698,329,336,-7,7.748377900000001,7.91323701,-0.1648591,145,3.41493859,42698,42698,1
"Pittsylvania County, Virginia",Pittsylvania County,51143,00,51,143,60354,62.284649255467734,491,8.09863511,60354,766,12.63453053,60354,-270,-269,-1,-4.4534246,-4.43693044,-0.01649417,-275,-4.53589543,60354,60354,-2
"Vega Alta Municipio, Puerto Rico",Vega Alta Municipio,72143,00,72,143,36061,0,,,36061,,,36061,,,,,,,,,36061,36061,
"White County, Arkansas",White County,05145,00,05,145,78753,76.08444400573018,881,11.2133593,78753,837,10.65332773,78753,333,360,-27,4.23842071,4.58207644,-0.34365573,44,0.56003157,78753,78753,-5
"Harris County, Georgia",Harris County,13145,00,13,145,35236,75.96834,307,8.79706573,35236,332,9.51343917,35236,705,707,-2,20.20173076,20.25904063,-0.05730987,-25,-0.71637343,35236,35236,-4
"Perry County, Illinois",Perry County,17145,00,17,145,20916,47.33808628216968,188,8.93961008,20916,228,10.84165478,20916,-189,-193,4,-8.9871612,-9.17736567,0.19020447,-40,-1.9020447,20916,20916,1
"Shelby County, Indiana",Shelby County,18145,00,18,145,44729,108.7930252744432,492,11.02508655,44729,442,9.90465093,44729,158,126,32,3.54057658,2.82349778,0.7170788,50,1.12043563,44729,44729,-1
"Page County, Iowa",Page County,19145,00,19,145,15107,28.24036010659345,140,9.22995781,15107,194,12.79008439,15107,-67,-68,1,-4.41719409,-4.48312236,0.06592827,-54,-3.56012658,15107,15107,-1
"Pawnee County, Kansas",Pawnee County,20145,00,20,145,6414,8.503667226,76,11.7040117,6414,81,12.47401247,6414,-156,-155,-1,-24.02402402,-23.87002387,-0.15400015,-5,-0.77000077,6414,6414,2
"McCracken County, Kentucky",McCracken County,21145,00,21,145,65418,263.0149914041676,734,11.22968063,65418,823,12.59131765,65418,204,213,-9,3.12105565,3.25874928,-0.13769363,-89,-1.36163702,65418,65418,-4
"Saginaw County, Michigan",Saginaw County,26145,00,26,145,190539,237.9643474743828,2188,11.47562479,190539,2138,11.21338473,190539,-296,-421,125,-1.55246112,-2.20806126,0.65560014,50,0.26224005,190539,190539,-6
"Stearns County, Minnesota",Stearns County,27145,00,27,145,161075,119.95486260193118,2039,12.71470485,161075,1044,6.51012843,161075,429,-127,556,2.67513898,-0.79194091,3.46707989,995,6.20457642,161075,161075,-5
"Union County, Mississippi",Union County,28145,00,28,145,28815,69.33228104846754,355,12.36287655,28815,284,9.89030124,28815,130,94,36,4.52725057,3.27355041,1.25370016,71,2.47257531,28815,28815,-1
"Newton County, Missouri",Newton County,29145,00,29,145,58236,93.21422117,692,11.89064728,58236,619,10.63628709,58236,9,3,6,0.15464715,0.05154905,0.1030981,73,1.25436019,58236,58236,-4
"Red Willow County, Nebraska",Red Willow County,31145,00,31,145,10724,14.956643342118522,135,12.59974801,10724,123,11.4797704,10724,8,1,7,0.74665173,0.09333147,0.65332027,12,1.1199776,10724,10724,-1
"Person County, North Carolina",Person County,37145,00,37,145,39490,100.65405423989642,417,10.5668601,39490,448,11.35240605,39490,86,94,-8,2.17925652,2.38197806,-0.20272154,-31,-0.78554595,39490,39490,-1
"Scioto County, Ohio",Scioto County,39145,00,39,145,75314,123.41903032893848,825,10.94207992,75314,958,12.70607584,75314,-31,-39,8,-0.41115694,-0.51726196,0.10610502,-133,-1.76399591,75314,75314,-2
"Wagoner County, Oklahoma",Wagoner County,40145,00,40,145,81289,144.72434730610107,853,10.56922658,81289,696,8.62389413,81289,1012,976,36,12.53934032,12.09327683,0.44606349,157,1.94533244,81289,81289,-3
"Roane County, Tennessee",Roane County,47145,00,47,145,53382,147.97193507823374,473,8.87096774,53382,725,13.59714929,53382,377,390,-13,7.07051763,7.31432858,-0.24381095,-252,-4.72618155,53382,53382,-1
"Falls County, Texas",Falls County,48145,00,48,145,17297,22.596723262786593,186,10.77386469,17297,166,9.61538462,17297,47,50,-3,2.72242817,2.89620019,-0.17377201,20,1.15848007,17297,17297,-1
"Powhatan County, Virginia",Powhatan County,51145,00,51,145,29652,113.9563362945301,241,8.18864463,29652,236,8.01875573,29652,438,440,-2,14.882267,14.95022255,-0.06795556,5,0.16988889,29652,29652,-1
"Vega Baja Municipio, Puerto Rico",Vega Baja Municipio,72145,00,72,145,50023,0,,,50023,,,50023,,,,,,,,,50023,50023,
"Woodruff County, Arkansas",Woodruff County,05147,00,05,147,6320,10.770528408371662,70,10.94947599,6320,102,15.95495073,6320,-112,-112,0,-17.51916158,-17.51916158,0,-32,-5.00547474,6320,6320,-2
"Hart County, Georgia",Hart County,13147,00,13,147,26205,112.74742238701252,249,9.52636009,26205,312,11.93664397,26205,197,199,-2,7.53691943,7.61343638,-0.07651695,-63,-2.41028388,26205,26205,0
"Piatt County, Illinois",Piatt County,17147,00,17,147,16344,37.21411701138145,173,10.57780495,16344,159,9.72179762,16344,-36,-35,-1,-2.20116172,-2.14001834,-0.06114338,14,0.85600734,16344,16344,0
"Spencer County, Indiana",Spencer County,18147,00,18,147,20277,51.10546264423381,212,10.4274261,20277,235,11.55870346,20277,-86,-84,-2,-4.22999361,-4.13162166,-0.09837194,-23,-1.13127736,20277,20277,1
"Palo Alto County, Iowa",Palo Alto County,19147,00,19,147,8886,15.75912395564357,106,11.91747709,8886,108,12.14233515,8886,-15,-27,12,-1.68643544,-3.03558379,1.34914835,-2,-0.22485806,8886,8886,0
"Phillips County, Kansas",Phillips County,20147,00,20,147,5234,5.908308416780274,49,9.3244529,5234,64,12.17887726,5234,-27,-27,0,-5.13796384,-5.13796384,0,-15,-2.85442436,5234,5234,0
"McCreary County, Kentucky",McCreary County,21147,00,21,147,17231,40.37218014,191,11.06572811,17231,192,11.12366386,17231,-58,-54,-4,-3.36027346,-3.12853046,-0.231743,-1,-0.05793575,17231,17231,0
"St. Clair County, Michigan",St. Clair County,26147,00,26,147,159128,220.60177271499984,1426,8.96407142,159128,1741,10.94421343,159128,425,403,22,2.67162016,2.53332453,0.13829563,-315,-1.980142,159128,159128,-13
"Steele County, Minnesota",Steele County,27147,00,27,147,36649,85.30063313774349,391,10.65583823,36649,308,8.39385722,36649,-172,-166,-6,-4.68747871,-4.52396201,-0.1635167,83,2.261981,36649,36649,0
"Walthall County, Mississippi",Walthall County,28147,00,28,147,14286,35.36766979552611,165,11.4894506,14286,193,13.43917554,14286,-120,-118,-2,-8.35596407,-8.216698,-0.13926607,-28,-1.94972495,14286,14286,-2
"Nodaway County, Missouri",Nodaway County,29147,00,29,147,22092,25.191451026403413,195,8.80063184,22092,186,8.39444883,22092,-141,-145,4,-6.36353379,-6.54405957,0.18052578,9,0.40618301,22092,22092,1
"Richardson County, Nebraska",Richardson County,31147,00,31,147,7865,14.252296750456043,90,11.39024236,7865,118,14.93387332,7865,-45,-46,1,-5.69512118,-5.82167943,0.12655825,-28,-3.54363096,7865,7865,0
"Pitt County, North Carolina",Pitt County,37147,00,37,147,180742,277.05461582124883,2053,11.39552117,180742,1432,7.94855641,180742,545,444,101,3.025114,2.46449654,0.56061746,621,3.44696476,180742,180742,1
"Seneca County, Ohio",Seneca County,39147,00,39,147,55178,100.13676892021458,589,10.67299677,55178,561,10.16562172,55178,-42,-76,34,-0.76106259,-1.37716087,0.61609829,28,0.50737506,55178,55178,-2
"Washington County, Oklahoma",Washington County,40147,00,40,147,51527,124.00493864408206,586,11.34361873,51527,677,13.10517044,51527,-172,-255,83,-3.32952632,-4.93621634,1.60669002,-91,-1.76155171,51527,51527,-1
"Robertson County, Tennessee",Robertson County,47147,00,47,147,71813,150.76809560204478,869,12.15452613,71813,664,9.28723285,71813,429,383,46,6.00033568,5.35694305,0.64339264,205,2.86729328,71813,71813,0
"Fannin County, Texas",Fannin County,48147,00,48,147,35514,39.86598385042995,321,9.08075079,35514,437,12.36226821,35514,446,405,41,12.6168687,11.45702202,1.15984667,-116,-3.28151742,35514,35514,-1
"Prince Edward County, Virginia",Prince Edward County,51147,00,51,147,22802,65.15574669608652,210,9.18876345,22802,236,10.32641988,22802,-77,-96,19,-3.36921327,-4.20057758,0.83136431,-26,-1.13765643,22802,22802,-1
"Vieques Municipio, Puerto Rico",Vieques Municipio,72147,00,72,147,8386,0,,,8386,,,8386,,,,,,,,,8386,8386,
"Yell County, Arkansas",Yell County,05149,00,05,149,21341,22.944738339146664,258,12.05522977,21341,244,11.40107002,21341,-135,-133,-2,-6.30796907,-6.21451767,-0.09345139,14,0.65415976,21341,21341,0
"Heard County, Georgia",Heard County,13149,00,13,149,11923,40.28418075152249,125,10.50685047,11923,128,10.75901488,11923,55,57,-2,4.62301421,4.79112381,-0.16810961,-3,-0.25216441,11923,11923,0
"Pike County, Illinois",Pike County,17149,00,17,149,15561,18.717711687179925,194,12.45346001,15561,176,11.29798434,15561,-51,-50,-1,-3.27384773,-3.20965464,-0.06419309,18,1.15547567,15561,15561,-1
"Starke County, Indiana",Starke County,18149,00,18,149,22995,74.3827575,262,11.40469247,22995,284,12.3623384,22995,67,69,-2,2.91646716,3.00352588,-0.08705872,-22,-0.95764593,22995,22995,-1
"Plymouth County, Iowa",Plymouth County,19149,00,19,149,25177,29.17961337327604,276,10.9957969,25177,231,9.20300392,25177,112,95,17,4.46206251,3.78478516,0.67727735,45,1.79279297,25177,25177,-4
"Pottawatomie County, Kansas",Pottawatomie County,20149,00,20,149,24383,29.001823634771256,347,14.28218637,24383,195,8.02601251,24383,23,17,6,0.94665789,0.69970365,0.24695423,152,6.25617386,24383,24383,-1
"McLean County, Kentucky",McLean County,21149,00,21,149,9207,36.459517207287405,108,11.69780666,9207,113,12.23937178,9207,-44,-44,0,-4.76577308,-4.76577308,0,-5,-0.54156512,9207,9207,-2
"St. Joseph County, Michigan",St. Joseph County,26149,00,26,149,60964,121.7829516285352,726,11.9137484,60964,582,9.55069087,60964,-91,-113,22,-1.49332108,-1.85434376,0.36102268,144,2.36305753,60964,60964,-1
"Stevens County, Minnesota",Stevens County,27149,00,27,149,9805,17.396766842888507,131,13.39673774,9805,78,7.97668354,9805,1,-30,31,0.10226517,-3.06795521,3.17022038,53,5.4200542,9805,9805,-1
"Warren County, Mississippi",Warren County,28149,00,28,149,45381,77.10902453,576,12.59374248,45381,518,11.32562258,45381,-770,-786,16,-16.83538492,-17.1852111,0.34982618,58,1.2681199,45381,45381,0
"Oregon County, Missouri",Oregon County,29149,00,29,149,10529,13.33128202369918,111,10.52781334,10529,146,13.84739413,10529,7,6,1,0.66391616,0.56907099,0.09484517,-35,-3.31958078,10529,10529,-1
"Rock County, Nebraska",Rock County,31149,00,31,149,1357,1.3458392436404911,13,9.60118168,1357,14,10.33973412,1357,8,8,0,5.9084195,5.9084195,0,-1,-0.73855244,1357,1357,-1
"Polk County, North Carolina",Polk County,37149,00,37,149,20724,87.19032017,155,7.48936993,20724,308,14.88210282,20724,208,195,13,10.05025126,9.42211055,0.6281406999999999,-153,-7.3927329,20724,20724,1
"Shelby County, Ohio",Shelby County,39149,00,39,149,48590,119.18202448572998,613,12.61161174,48590,442,9.09352755,48590,-205,-239,34,-4.21758631,-4.91708843,0.69950212,171,3.51808419,48590,48590,2
"Washita County, Oklahoma",Washita County,40149,00,40,149,10916,10.882379796255671,121,11.02405248,10916,145,13.210641399999998,10916,-95,-98,3,-8.65524781,-8.92857143,0.27332362,-24,-2.18658892,10916,10916,-1
"Rutherford County, Tennessee",Rutherford County,47149,00,47,149,332285,536.5783729687439,4109,12.50966615,332285,2071,6.30506658,332285,5590,5039,551,17.0185042,15.34100942,1.67749478,2038,6.20459956,332285,332285,10
"Fayette County, Texas",Fayette County,48149,00,48,149,25346,26.681861668750788,237,9.36314791,25346,291,11.49652339,25346,123,118,5,4.85935525,4.66182048,0.19753477,-54,-2.13337547,25346,25346,-1
"Prince George County, Virginia",Prince George County,51149,00,51,149,38353,144.5418386004751,327,8.56626411,38353,257,6.73250727,38353,295,280,15,7.72797527,7.33502738,0.3929479,70,1.83375684,38353,38353,-5
"Villalba Municipio, Puerto Rico",Villalba Municipio,72149,00,72,149,21372,0,,,21372,,,21372,,,,,,,,,21372,21372,
"Kodiak Island Borough, Alaska",Kodiak Island Borough,02150,00,02,150,12998,1.964820144867258,168,12.80097531,12998,53,4.03840293,12998,-367,-400,33,-27.96403536,-30.47851265,2.51447729,115,8.76257239,12998,12998,0
"Henry County, Georgia",Henry County,13151,00,13,151,234561,736.1114876221594,2602,11.20853606,234561,1679,7.2325642,234561,3920,3894,26,16.88603434,16.77403514,0.11199921,923,3.97597186,234561,234561,-10
"Pope County, Illinois",Pope County,17151,00,17,151,4177,11.32427305,25,5.98014592,4177,39,9.32902763,4177,7,7,0,1.67444086,1.67444086,0,-14,-3.34888171,4177,4177,0
"Steuben County, Indiana",Steuben County,18151,00,18,151,34594,112.03546625562412,336,9.72771095,34594,348,10.0751292,34594,121,106,15,3.5031339999999997,3.06886119,0.43427281,-12,-0.34741825,34594,34594,-2
"Pocahontas County, Iowa",Pocahontas County,19151,00,19,151,6619,11.466615123886651,71,10.65026626,6619,85,12.75031876,6619,-81,-81,0,-12.15030376,-12.15030376,0,-14,-2.1000525,6619,6619,0
"Pratt County, Kansas",Pratt County,20151,00,20,151,9164,12.467373934338417,95,10.26805015,9164,87,9.40337224,9164,-185,-189,4,-19.99567661,-20.42801556,0.43233895,8,0.86467791,9164,9164,1
"Madison County, Kentucky",Madison County,21151,00,21,151,92987,212.61316868350423,984,10.63243541,92987,767,8.28768085,92987,663,661,2,7.16392752,7.14231688,0.02161064,217,2.34475456,92987,92987,0
"Sanilac County, Michigan",Sanilac County,26151,00,26,151,41170,42.770877068012126,426,10.34457638,41170,491,11.92297419,41170,46,42,4,1.11701998,1.01988781,0.09713217,-65,-1.5783978,41170,41170,-3
"Swift County, Minnesota",Swift County,27151,00,27,151,9266,12.488155167076854,112,12.05013718,9266,98,10.54387003,9266,-70,-74,4,-7.53133574,-7.96169778,0.43036204,14,1.50626715,9266,9266,-1
"Washington County, Mississippi",Washington County,28151,00,28,151,43909,60.51054220984394,565,12.704480300000002,43909,608,13.67136995,43909,-1088,-1107,19,-24.46455675,-24.89178706,0.42723031,-43,-0.96688965,43909,43909,4
"Osage County, Missouri",Osage County,29151,00,29,151,13615,22.445522595986414,142,10.41552059,13615,131,9.60868449,13615,-48,-48,0,-3.52073936,-3.52073936,0,11,0.8068361,13615,13615,0
"Saline County, Nebraska",Saline County,31151,00,31,151,14224,24.777834659855277,190,13.30532213,14224,131,9.17366947,14224,-173,-233,60,-12.11484594,-16.31652661,4.20168067,59,4.13165266,14224,14224,2
"Randolph County, North Carolina",Randolph County,37151,00,37,151,143667,183.6394767120902,1538,10.72090786,143667,1573,10.96488171,143667,462,414,48,3.22045477,2.88586206,0.3345927,-35,-0.24397385,143667,143667,-9
"Stark County, Ohio",Stark County,39151,00,39,151,370606,644.1802297424333,3985,10.74335381,370606,4092,11.03182028,370606,-518,-545,27,-1.3965012,-1.4692918,0.0727906,-107,-0.28846646,370606,370606,-17
"Woods County, Oklahoma",Woods County,40151,00,40,151,8793,6.835018375593894,96,10.85604433,8793,100,11.30837951,8793,-97,-103,6,-10.96912812,-11.64763089,0.67850277,-4,-0.45233518,8793,8793,1
"Scott County, Tennessee",Scott County,47151,00,47,151,22068,41.457777949007784,257,11.65638607,22068,287,13.0170537,22068,72,72,0,3.26560232,3.26560232,0,-30,-1.36066763,22068,22068,-2
"Fisher County, Texas",Fisher County,48151,00,48,151,3830,4.260521772476218,36,9.41053457,3830,45,11.76316821,3830,20,14,6,5.22807476,3.65965233,1.56842243,-9,-2.35263364,3830,3830,-2
"Yabucoa Municipio, Puerto Rico",Yabucoa Municipio,72151,00,72,151,32282,0,,,32282,,,32282,,,,,,,,,32282,32282,
"Houston County, Georgia",Houston County,13153,00,13,153,157863,419.8000212299958,1958,12.49577199,157863,1284,8.19436733,157863,1669,1528,141,10.65140115,9.7515524,0.89984875,674,4.30140466,157863,157863,-3
"Pulaski County, Illinois",Pulaski County,17153,00,17,153,5335,26.766585374517543,56,10.40022286,5335,75,13.9288699,5335,-80,-82,2,-14.85746123,-15.22889776,0.37143653,-19,-3.52864704,5335,5335,0
"Sullivan County, Indiana",Sullivan County,18153,00,18,153,20669,46.22155687233322,207,10.00846126,20669,209,10.10516137,20669,-26,-24,-2,-1.25710141,-1.16040131,-0.09670011,-2,-0.09670011,20669,20669,1
"Polk County, Iowa",Polk County,19153,00,19,153,490161,856.6053684727796,6750,13.83205225,490161,3580,7.33611067,490161,1162,777,385,2.38116218,1.5922229,0.78893928,3170,6.49594157,490161,490161,-4
"Rawlins County, Kansas",Rawlins County,20153,00,20,153,2530,2.3657763645406127,33,13.11605723,2530,20,7.9491256,2530,17,10,7,6.75675676,3.9745628,2.78219396,13,5.16693164,2530,2530,-2
"Magoffin County, Kentucky",Magoffin County,21153,00,21,153,12161,39.426906573290715,127,10.37412188,12161,172,14.04999183,12161,-120,-121,1,-9.80231988,-9.88400588,0.081686,-45,-3.67586996,12161,12161,3
"Schoolcraft County, Michigan",Schoolcraft County,26153,00,26,153,8094,6.906872085875735,64,7.93159004,8094,108,13.38455819,8094,93,94,-1,11.52559177,11.64952287,-0.12393109,-44,-5.45296815,8094,8094,1
"Todd County, Minnesota",Todd County,27153,00,27,153,24664,26.09710270768072,321,13.03976927,24664,204,8.28695617,24664,-22,-16,-6,-0.89369135,-0.64995735,-0.243734,117,4.752813099999999,24664,24664,-1
"Wayne County, Mississippi",Wayne County,28153,00,28,153,20183,24.895266404005728,257,12.69794214,20183,217,10.72160874,20183,-154,-153,-1,-7.60888362,-7.55947528,-0.04940834,40,1.97633341,20183,20183,1
"Ozark County, Missouri",Ozark County,29153,00,29,153,9174,12.314565110330795,80,8.77000658,9174,131,14.36088577,9174,155,155,0,16.99188774,16.99188774,0,-51,-5.59087919,9174,9174,0
"Sarpy County, Nebraska",Sarpy County,31153,00,31,153,187196,786.0348759459205,2490,13.41385236,187196,1069,5.75879846,187196,1714,1607,107,9.23347106,8.65705251,0.57641856,1421,7.6550539,187196,187196,-1
"Richmond County, North Carolina",Richmond County,37153,00,37,153,44829,94.63798916,559,12.46140642,44829,556,12.39452946,44829,-61,-64,3,-1.35983147,-1.42670843,0.06687696,3,0.06687696,44829,44829,-1
"Summit County, Ohio",Summit County,39153,00,39,153,541013,1310.6276526328973,5840,10.79117415,541013,5734,10.59530695,541013,-428,-961,533,-0.79086002,-1.77573944,0.98487942,106,0.1958672,541013,541013,-18
"Woodward County, Oklahoma",Woodward County,40153,00,40,153,20211,16.262656491536802,247,12.1906078,20211,222,10.95674062,20211,-126,-148,22,-6.21869062,-7.30449374,1.08580312,25,1.23386719,20211,20211,0
"Sequatchie County, Tennessee",Sequatchie County,47153,00,47,153,15026,56.5203854,166,11.09736939,15026,168,11.23107263,15026,137,138,-1,9.15867233,9.22552395,-0.06685162,-2,-0.13370325,15026,15026,0
"Floyd County, Texas",Floyd County,48153,00,48,153,5712,5.757237394436498,70,12.17920835,5712,52,9.04741192,5712,-89,-91,2,-15.48499348,-15.83297086,0.34797738,18,3.13179643,5712,5712,0
"Prince William County, Virginia",Prince William County,51153,00,51,153,470335,1400.8711286938787,6503,13.88684241,470335,2152,4.59549206,470335,-265,-1529,1264,-0.5658947,-3.26510565,2.69921095,4351,9.29135035,470335,470335,14
"Yauco Municipio, Puerto Rico",Yauco Municipio,72153,00,72,153,33575,0,,,33575,,,33575,,,,,,,,,33575,33575,
"Irwin County, Georgia",Irwin County,13155,00,13,155,9416,26.571642984636775,104,11.05677227,9416,114,12.11992345,9416,30,31,-1,3.18945354,3.29576866,-0.10631512,-10,-1.06315118,9416,9416,0
"Putnam County, Illinois",Putnam County,17155,00,17,155,5739,35.847017718159265,47,8.19172113,5739,55,9.58605664,5739,12,12,0,2.09150327,2.09150327,0,-8,-1.39433551,5739,5739,-1
"Switzerland County, Indiana",Switzerland County,18155,00,18,155,10751,48.72039108107675,110,10.24113211,10751,109,10.14803091,10751,20,7,13,1.86202402,0.65170841,1.21031561,1,0.0931012,10751,10751,-1
"Pottawattamie County, Iowa",Pottawattamie County,19155,00,19,155,93206,98.05884132396672,1110,11.90540033,93206,941,10.09277632,93206,-224,-216,-8,-2.40253124,-2.31672655,-0.08580469,169,1.81262401,93206,93206,-3
"Reno County, Kansas",Reno County,20155,00,20,155,61998,49.38868618515462,670,10.77785553,61998,699,11.24435972,61998,-302,-340,38,-4.85807816,-5.46935952,0.61128136,-29,-0.46650419,61998,61998,-2
"Marion County, Kentucky",Marion County,21155,00,21,155,19273,56.18331589367246,236,12.22829607,19273,197,10.20751833,19273,-92,-88,-4,-4.76696287,-4.55970362,-0.20725926,39,2.02077774,19273,19273,0
"Shiawassee County, Michigan",Shiawassee County,26155,00,26,155,68122,128.2998405147669,676,9.92257165,68122,734,10.77391655,68122,51,43,8,0.74859638,0.6311694999999999,0.11742688,-58,-0.8513449,68122,68122,-4
"Traverse County, Minnesota",Traverse County,27155,00,27,155,3259,5.6789690624064395,37,11.29770992,3259,38,11.60305344,3259,-33,-34,1,-10.07633588,-10.38167939,0.30534351,-1,-0.30534351,3259,3259,2
"Webster County, Mississippi",Webster County,28155,00,28,155,9689,23.006333588307776,112,11.50074447,9689,151,15.50546799,9689,-60,-57,-3,-6.16111311,-5.85305745,-0.30805566,-39,-4.00472352,9689,9689,0
"Pemiscot County, Missouri",Pemiscot County,29155,00,29,155,15805,32.08380002339232,224,13.97336328,15805,236,14.72193631,15805,-441,-433,-8,-27.51005895,-27.01101026,-0.49904869,-12,-0.74857303,15805,15805,2
"Saunders County, Nebraska",Saunders County,31155,00,31,155,21578,28.79791547552359,247,11.52805003,21578,202,9.427798,21578,261,258,3,12.18146178,12.04144497,0.1400168,45,2.10025203,21578,21578,-2
"Robeson County, North Carolina",Robeson County,37155,00,37,155,130625,137.89527237563678,1697,12.92908053,130625,1378,10.49868766,130625,-1578,-1636,58,-12.02244494,-12.46433456,0.44188961,319,2.43039286,130625,130625,0
"Trumbull County, Ohio",Trumbull County,39155,00,39,155,197974,320.30123190729967,2039,10.28465649,197974,2477,12.49391571,197974,-115,-98,-17,-0.58005664,-0.49430914,-0.0857475,-438,-2.20925922,197974,197974,-12
"Sevier County, Tennessee",Sevier County,47155,00,47,155,98250,165.82597918501406,1025,10.45145173,98250,1063,10.83892019,98250,399,230,169,4.06841877,2.3452037999999997,1.72321497,-38,-0.38746845,98250,98250,-6
"Foard County, Texas",Foard County,48155,00,48,155,1155,1.6397013976374148,6,5.11508951,1155,12,10.23017903,1155,-31,-31,0,-26.42796249,-26.42796249,0,-6,-5.11508951,1155,1155,1
"Pulaski County, Virginia",Pulaski County,51155,00,51,155,34027,106.38817906509227,308,9.04724837,34027,452,13.27713073,34027,112,115,-3,3.2899085,3.37803105,-0.08812255,-144,-4.22988236,34027,34027,-1
"Jackson County, Georgia",Jackson County,13157,00,13,157,72977,214.8476424766679,918,12.81210311,72977,614,8.56931515,72977,2337,2311,26,32.61643243,32.25356241,0.36287002,304,4.24278796,72977,72977,11
"Randolph County, Illinois",Randolph County,17157,00,17,157,31782,55.23776936,320,10.00641036,31782,379,11.85134227,31782,-336,-344,8,-10.50673087,-10.75689113,0.25016026,-59,-1.84493191,31782,31782,0
"Tippecanoe County, Indiana",Tippecanoe County,18157,00,18,157,195732,392.3215328818093,2196,11.2745765,195732,1204,6.18150733,195732,911,-1159,2070,4.67720364,-5.95047093,10.62767457,992,5.09306916,195732,195732,12
"Poweshiek County, Iowa",Poweshiek County,19157,00,19,157,18504,31.634898259895326,166,8.98001136,18504,198,10.71109789,18504,70,61,9,3.78675178,3.29988369,0.48686809,-32,-1.73108653,18504,18504,-1
"Republic County, Kansas",Republic County,20157,00,20,157,4636,6.462429560397665,59,12.70456503,4636,61,13.13522825,4636,-13,-18,5,-2.79931094,-3.87596899,1.07665805,-2,-0.43066322,4636,4636,-1
"Marshall County, Kentucky",Marshall County,21157,00,21,157,31100,102.9101871799724,296,9.50210266,31100,435,13.96423871,31100,38,37,1,1.21986453,1.18776283,0.0321017,-139,-4.46213605,31100,31100,-1
"Tuscola County, Michigan",Tuscola County,26157,00,26,157,52245,64.92474185048489,536,10.2214001,52245,650,12.3953546,52245,-274,-281,7,-5.22511871,-5.35860714,0.13348843,-114,-2.1739545,52245,52245,0
"Wabasha County, Minnesota",Wabasha County,27157,00,27,157,21627,41.35572091718241,235,10.86152708,21627,186,8.59678314,21627,-68,-72,4,-3.14290996,-3.32778702,0.18487706,49,2.26474395,21627,21627,1
"Wilkinson County, Mississippi",Wilkinson County,28157,00,28,157,8630,12.72661894009348,88,10.10855206,8630,122,14.014129,8630,-117,-116,-1,-13.43977945,-13.32490954,-0.11486991,-34,-3.90557693,8630,8630,0
"Perry County, Missouri",Perry County,29157,00,29,157,19136,40.34108343403349,222,11.55948972,19136,222,11.55948972,19136,-140,-150,10,-7.28976829,-7.81046602,0.52069773,0,0,19136,19136,2
"Scotts Bluff County, Nebraska",Scotts Bluff County,31157,00,31,157,35618,48.17043110641081,454,12.69166795,35618,388,10.84662371,35618,-374,-397,23,-10.45525069,-11.09822065,0.64296996,66,1.84504424,35618,35618,1
"Rockingham County, North Carolina",Rockingham County,37157,00,37,157,91010,160.89778571669817,871,9.59108503,91010,1174,12.92759336,91010,698,696,2,7.68608192,7.66405876,0.02202316,-303,-3.33650834,91010,91010,-2
"Tuscarawas County, Ohio",Tuscarawas County,39157,00,39,157,91987,162.1111225128813,1098,11.93050319,91987,1048,11.3872198,91987,-137,-163,26,-1.48859648,-1.77110384,0.28250736,50,0.54328339,91987,91987,-5
"Shelby County, Tennessee",Shelby County,47157,00,47,157,937166,1227.3643232306406,12894,13.76438394,937166,8484,9.05669562,937166,-3609,-5190,1581,-3.8526184,-5.54034067,1.68772227,4410,4.70768832,937166,937166,0
"Fort Bend County, Texas",Fort Bend County,48157,00,48,157,811688,941.8922424877968,9532,11.91672048,811688,3762,4.70317902,811688,17847,13487,4360,22.31197129,16.86118433,5.45078696,5770,7.21354146,811688,811688,-10
"Rappahannock County, Virginia",Rappahannock County,51157,00,51,157,7370,27.668046898396813,52,7.06761808,7370,71,9.65001699,7370,44,41,3,5.98029222,5.57254502,0.4077472,-19,-2.58239891,7370,7370,0
"Kusilvak Census Area, Alaska",Kusilvak Census Area,02158,00,02,158,8314,0.48693302298478874,233,28.00985755,8314,103,12.38204003,8314,-139,-146,7,-16.70974334,-17.55124121,0.84149787,130,15.62781752,8314,8314,0
"Jasper County, Georgia",Jasper County,13159,00,13,159,14219,38.59598569707224,145,10.26621354,14219,138,9.77060323,14219,179,180,-1,12.67346361,12.74426508,-0.07080147,7,0.49561031,14219,14219,4
"Richland County, Illinois",Richland County,17159,00,17,159,15513,43.087579430356975,162,10.38195335,15513,187,11.98410664,15513,-156,-157,1,-9.99743655,-10.06152269,0.06408613,-25,-1.60215329,15513,15513,-1
"Tipton County, Indiana",Tipton County,18159,00,18,159,15148,58.140598744208134,144,9.51751487,15148,157,10.37673496,15148,50,43,7,3.30469266,2.84203569,0.46265697,-13,-0.85922009,15148,15148,-1
"Ringgold County, Iowa",Ringgold County,19159,00,19,159,4894,9.13916294,52,10.5755542,4894,63,12.81269067,4894,-35,-36,1,-7.11816148,-7.32153752,0.20337604,-11,-2.23713647,4894,4894,0
"Rice County, Kansas",Rice County,20159,00,20,159,9537,13.132139636478549,103,10.83070452,9537,94,9.88433228,9537,47,40,7,4.94216614,4.20609884,0.7360673000000001,9,0.94637224,9537,9537,-2
"Martin County, Kentucky",Martin County,21159,00,21,159,11195,48.75481483982077,99,8.79218472,11195,148,13.14387211,11195,-82,-81,-1,-7.28241563,-7.19360568,-0.08880995,-49,-4.35168739,11195,11195,1
"Van Buren County, Michigan",Van Buren County,26159,00,26,159,75677,124.50408343705394,865,11.4449781,75677,802,10.61141322,75677,138,99,39,1.82590402,1.30988767,0.51601635,63,0.83356488,75677,75677,-5
"Wadena County, Minnesota",Wadena County,27159,00,27,159,13682,25.51294432654072,186,13.574165300000002,13682,177,12.91735085,13682,-48,-49,1,-3.5030104,-3.57598978,0.07297938,9,0.65681445,13682,13682,-2
"Winston County, Mississippi",Winston County,28159,00,28,159,17955,29.56766687743732,190,10.52077854,17955,250,13.84312965,17955,-150,-150,0,-8.30587779,-8.30587779,0,-60,-3.32235112,17955,17955,1
"Pettis County, Missouri",Pettis County,29159,00,29,159,42339,62.06020629890151,577,13.61170087,42339,424,10.00235905,42339,-255,-270,15,-6.01556971,-6.36942675,0.35385704,153,3.60934183,42339,42339,0
"Seward County, Nebraska",Seward County,31159,00,31,159,17284,30.246947385375947,194,11.22782649,17284,162,9.37581387,17284,-21,-30,9,-1.21538328,-1.73626183,0.52087855,32,1.85201262,17284,17284,0
"Rowan County, North Carolina",Rowan County,37159,00,37,159,142088,277.7977242367161,1575,11.12225298,142088,1570,11.08694424,142088,957,906,51,6.75809276,6.39794362,0.36014914,5,0.03530874,142088,142088,-2
"Union County, Ohio",Union County,39159,00,39,159,58988,136.63334883040685,689,11.80097628,58988,379,6.49139334,58988,895,859,36,15.32927978,14.71268305,0.61659673,310,5.30958294,58988,58988,1
"Smith County, Tennessee",Smith County,47159,00,47,159,20157,64.13399280034163,223,11.11221846,20157,232,11.56069364,20157,187,190,-3,9.31831772,9.46780945,-0.14949173,-9,-0.44847518,20157,20157,0
"Franklin County, Texas",Franklin County,48159,00,48,159,10725,37.71211244372615,115,10.69618193,10725,135,12.55638748,10725,-32,-32,0,-2.97632888,-2.97632888,0,-20,-1.86020555,10725,10725,-1
"Richmond County, Virginia",Richmond County,51159,00,51,159,9023,47.122934137772894,71,7.89195798,9023,105,11.67120547,9023,87,83,4,9.67042739,9.22581004,0.44461735,-34,-3.77924749,9023,9023,0
"Jeff Davis County, Georgia",Jeff Davis County,13161,00,13,161,15115,45.67598080254028,190,12.59821636,15115,150,9.94596028,15115,27,18,9,1.79027285,1.19351523,0.59675762,40,2.65225608,15115,15115,0
"Rock Island County, Illinois",Rock Island County,17161,00,17,161,141879,331.91723835417395,1661,11.67662566,141879,1543,10.84710018,141879,-860,-1158,298,-6.0456942,-8.14059754,2.09490334,118,0.82952548,141879,141879,0
"Union County, Indiana",Union County,18161,00,18,161,7054,43.76196960173272,66,9.37300291,7054,66,9.37300291,7054,27,37,-10,3.83441028,5.25456224,-1.42015196,0,0,7054,7054,-2
"Sac County, Iowa",Sac County,19161,00,19,161,9721,16.905439149166433,106,10.9132091,9721,117,12.04571193,9721,29,29,0,2.98568928,2.98568928,0,-11,-1.13250283,9721,9721,-2
"Riley County, Kansas",Riley County,20161,00,20,161,74232,121.75160558800184,854,11.46739714,74232,360,4.83403158,74232,-982,-1398,416,-13.18616393,-18.77215598,5.58599205,494,6.63336556,74232,74232,8
"Mason County, Kentucky",Mason County,21161,00,21,161,17070,71.08756846,208,12.18155198,17070,190,11.12737921,17070,-26,-37,11,-1.522694,-2.16691069,0.64421669,18,1.05417277,17070,17070,-2
"Washtenaw County, Michigan",Washtenaw County,26161,00,26,161,367601,520.7081328262601,3473,9.42362065,367601,2448,6.64239083,367601,-2938,-4098,1160,-7.97195435,-11.11949249,3.14753814,1025,2.78122982,367601,367601,31
"Waseca County, Minnesota",Waseca County,27161,00,27,161,18612,43.96227282547041,204,10.94538041,18612,149,7.99442,18612,-107,-103,-4,-5.74095933,-5.52634403,-0.2146153,55,2.9509604,18612,18612,0
"Yalobusha County, Mississippi",Yalobusha County,28161,00,28,161,12108,25.91883113701605,145,11.85173076,12108,165,13.48645225,12108,-234,-231,-3,-19.12624137,-18.88103314,-0.24520822,-20,-1.63472148,12108,12108,1
"Phelps County, Missouri",Phelps County,29161,00,29,161,44573,66.34994908,461,10.34513711,44573,421,9.44751133,44573,-18,-191,173,-0.4039316,-4.2861631,3.8822315,40,0.89762578,44573,44573,0
"Sheridan County, Nebraska",Sheridan County,31161,00,31,161,5246,2.1491544654362817,57,10.9247724,5246,63,12.07474844,5246,62,59,3,11.88308577,11.30809775,0.57498802,-6,-1.14997604,5246,5246,1
"Rutherford County, North Carolina",Rutherford County,37161,00,37,161,67029,118.54363120708852,662,9.8950704,67029,862,12.88451765,67029,455,461,-6,6.8009925,6.89067591,-0.08968342,-200,-2.98944725,67029,67029,-1
"Van Wert County, Ohio",Van Wert County,39161,00,39,161,28275,69.10612893806172,339,11.99405604,28275,295,10.43730541,28275,-21,-20,-1,-0.74299462,-0.70761393,-0.0353807,44,1.55675064,28275,28275,-1
"Stewart County, Tennessee",Stewart County,47161,00,47,161,13715,29.82973717609313,136,9.95097681,13715,174,12.7313968,13715,135,142,-7,9.87780786,10.38999049,-0.51218263,-38,-2.78041999,13715,13715,-1
"Freestone County, Texas",Freestone County,48161,00,48,161,19717,22.46361108424261,219,11.08692351,19717,223,11.28942439,19717,-66,-79,13,-3.34126462,-3.9993925,0.65812788,-4,-0.20250089,19717,19717,-2
"Roanoke County, Virginia",Roanoke County,51161,00,51,161,94186,375.9257695,697,7.40418118,94186,1059,11.24968131,94186,469,354,115,4.98215348,3.7605167,1.22163678,-362,-3.84550013,94186,94186,-7
"Jefferson County, Georgia",Jefferson County,13163,00,13,163,15362,29.174763773918915,179,11.62866238,15362,226,14.68199831,15362,-14,-19,5,-0.90950432,-1.23432729,0.32482297,-47,-3.05333593,15362,15362,-1
"St. Clair County, Illinois",St. Clair County,17163,00,17,163,259686,394.83771648492626,3095,11.87994918,259686,2723,10.45205222,259686,-2054,-2115,61,-7.88414075,-8.11828514,0.23414439,372,1.42789696,259686,259686,8
"Vanderburgh County, Indiana",Vanderburgh County,18163,00,18,163,181451,776.5086295984747,2058,11.35225928,181451,1889,10.42002808,181451,170,-47,217,0.93774737,-0.25925957,1.19700693,169,0.9322312,181451,181451,-8
"Scott County, Iowa",Scott County,19163,00,19,163,172943,377.5337128436828,2069,11.96832357,172943,1509,8.72895131,172943,-416,-481,65,-2.40639082,-2.78238938,0.37599857,560,3.23937226,172943,172943,-4
"Rooks County, Kansas",Rooks County,20163,00,20,163,4920,5.524818589545971,49,9.88401412,4920,70,14.12002017,4920,-55,-55,0,-11.09430156,-11.09430156,0,-21,-4.23600605,4920,4920,1
"Meade County, Kentucky",Meade County,21163,00,21,163,28572,93.54282350374012,271,9.47635283,28572,253,8.84692718,28572,-68,-54,-14,-2.37783023,-1.88827695,-0.48955328,18,0.62942565,28572,28572,-1
"Wayne County, Michigan",Wayne County,26163,00,26,163,1749343,2859.4342108072374,22766,12.9950488,1749343,18385,10.49433243,1749343,-9519,-12052,2533,-5.43353551,-6.87939595,1.44586043,4381,2.50071637,1749343,1749343,28
"Washington County, Minnesota",Washington County,27163,00,27,163,262440,682.7074758936445,2722,10.44234174,262440,1712,6.56770355,262440,2544,2420,124,9.75948471,9.28378656,0.47569815,1010,3.87463819,262440,262440,-13
"Yazoo County, Mississippi",Yazoo County,28163,00,28,163,29690,32.189891663400964,312,10.61531395,29690,278,9.45851692,29690,558,515,43,18.98508072,17.52207271,1.46300801,34,1.15679703,29690,29690,5
"Pike County, Missouri",Pike County,29163,00,29,163,18302,27.298537662718363,206,11.19443539,18302,189,10.27062276,18302,-217,-217,0,-11.7921965,-11.7921965,0,17,0.92381263,18302,18302,0
"Sherman County, Nebraska",Sherman County,31163,00,31,163,3001,5.3037267,37,12.24152192,3001,38,12.57237386,3001,-42,-42,0,-13.89578164,-13.89578164,0,-1,-0.33085194,3001,3001,0
"Sampson County, North Carolina",Sampson County,37163,00,37,163,63531,67.17865239569043,825,13.00482361,63531,685,10.79794445,63531,50,-78,128,0.78817113,-1.22954696,2.01771809,140,2.20687916,63531,63531,-4
"Vinton County, Ohio",Vinton County,39163,00,39,163,13085,31.732290533190262,144,10.97979413,13085,157,11.97102554,13085,-47,-47,0,-3.58368281,-3.58368281,0,-13,-0.99123141,13085,13085,0
"Sullivan County, Tennessee",Sullivan County,47163,00,47,163,158348,383.0230981043087,1517,9.60287643,158348,1967,12.45145547,158348,1202,1220,-18,7.60887111,7.72281427,-0.11394316,-450,-2.84857903,158348,158348,-3
"Frio County, Texas",Frio County,48163,00,48,163,20306,17.91441084,251,12.38986105,20306,158,7.7991954,20306,1,-235,236,0.049362,-11.60006911,11.6494311,93,4.59066565,20306,20306,1
"Rockbridge County, Virginia",Rockbridge County,51163,00,51,163,22573,37.839715409218954,122,5.38227379,22573,255,11.24983456,22573,-51,-54,3,-2.24996691,-2.38231791,0.13235099,-133,-5.86756077,22573,22573,-4
"Lake and Peninsula Borough, Alaska",Lake and Peninsula Borough,02164,00,02,164,1592,0.066597713,31,19.44792974,1592,10,6.27352572,1592,-25,-28,3,-15.6838143,-17.56587202,1.88205772,21,13.17440402,1592,1592,0
"Jenkins County, Georgia",Jenkins County,13165,00,13,165,8676,24.979491778637698,97,11.12321541,8676,107,12.26993865,8676,-79,-88,9,-9.05911358,-10.0911645,1.03205091,-10,-1.14672324,8676,8676,0
"Saline County, Illinois",Saline County,17165,00,17,165,23491,61.819999836164605,278,11.75972927,23491,343,14.50930626,23491,-233,-231,-2,-9.85617597,-9.7715736,-0.08460237,-65,-2.74957699,23491,23491,0
"Vermillion County, Indiana",Vermillion County,18165,00,18,165,15498,60.33536986415947,170,10.96491228,15498,199,12.83539732,15498,18,1,17,1.16099071,0.06449948,1.09649123,-29,-1.87048504,15498,15498,-1
"Shelby County, Iowa",Shelby County,19165,00,19,165,11454,19.387960914208566,110,9.55981402,11454,132,11.47177682,11454,-82,-81,-1,-7.12640681,-7.03949941,-0.0869074,-22,-1.9119628,11454,11454,-1
"Rush County, Kansas",Rush County,20165,00,20,165,3036,4.2298084436431855,28,9.19238345,3036,27,8.86408404,3036,-22,-22,0,-7.222587,-7.222587,0,1,0.32829941,3036,3036,1
"Menifee County, Kentucky",Menifee County,21165,00,21,165,6489,31.873634844255715,61,9.43834133,6489,91,14.08014854,6489,82,82,0,12.68760637,12.68760637,0,-30,-4.64180721,6489,6489,0
"Wexford County, Michigan",Wexford County,26165,00,26,165,33631,59.53180397440288,362,10.7935656,33631,341,10.16741953,33631,166,160,6,4.94953561,4.77063673,0.17889888,21,0.62614607,33631,33631,-2
"Watonwan County, Minnesota",Watonwan County,27165,00,27,165,10897,25.05320762231012,162,14.79181885,10897,113,10.31775018,10897,-160,-203,43,-14.6092038,-18.53542732,3.92622352,49,4.47406866,10897,10897,1
"Platte County, Missouri",Platte County,29165,00,29,165,104418,248.7410549897474,1191,11.49713778,104418,693,6.68977035,104418,1154,946,208,11.1399639,9.13206746,2.00789644,498,4.80736744,104418,104418,2
"Sioux County, Nebraska",Sioux County,31165,00,31,165,1166,0.5641847952050265,12,10.20408163,1166,3,2.55102041,1166,-28,-28,0,-23.80952381,-23.80952381,0,9,7.65306122,1166,1166,-1
"Scotland County, North Carolina",Scotland County,37165,00,37,165,34823,109.11494993686884,436,12.53341766,34823,427,12.27470032,34823,66,53,13,1.89726047,1.52355765,0.37370282,9,0.25871734,34823,34823,-3
"Warren County, Ohio",Warren County,39165,00,39,165,234602,584.7664761320561,2316,9.92826018,234602,1858,7.96489957,234602,2206,2019,187,9.45671069,8.65507655,0.80163413,458,1.9633606,234602,234602,-7
"Sumner County, Tennessee",Sumner County,47165,00,47,165,191283,361.2811926272359,2173,11.47389069,191283,1701,8.981632800000002,191283,3316,3175,141,17.50916776,16.76465852,0.74450924,472,2.4922579,191283,191283,5
"Gaines County, Texas",Gaines County,48165,00,48,165,21492,14.305452148664118,430,20.32520325,21492,121,5.71941766,21492,362,295,67,17.11098506,13.94403479,3.16695027,309,14.60578559,21492,21492,1
"Rockingham County, Virginia",Rockingham County,51165,00,51,165,81948,96.43333590702254,855,10.47736338,81948,772,9.46026261,81948,606,568,38,7.42606106,6.96040047,0.46566059,83,1.01710077,81948,81948,-2
"Johnson County, Georgia",Johnson County,13167,00,13,167,9643,31.823101718324775,105,10.85327407,9643,113,11.68019019,9643,-56,-54,-2,-5.78841284,-5.58168381,-0.20672903,-8,-0.82691612,9643,9643,1
"Sangamon County, Illinois",Sangamon County,17167,00,17,167,194672,224.20717645777796,2201,11.27818586,194672,2101,10.76577396,194672,-1069,-1272,203,-5.47768318,-6.51787933,1.04019615,100,0.5124119,194672,194672,2
"Vigo County, Indiana",Vigo County,18167,00,18,167,107038,265.24071345494474,1192,11.11914368,107038,1169,10.90459644,107038,-353,-547,194,-3.29283366,-5.10249295,1.80965929,23,0.21454724,107038,107038,1
"Sioux County, Iowa",Sioux County,19167,00,19,167,34855,45.38919353361887,487,13.98280144,34855,254,7.29287796,34855,-181,-205,24,-5.19689335,-5.88598418,0.68909083,233,6.68992348,34855,34855,1
"Russell County, Kansas",Russell County,20167,00,20,167,6856,7.735878776492574,71,10.32126763,6856,95,13.81014682,6856,-22,-15,-7,-3.19813926,-2.1805495,-1.01758977,-24,-3.4888792,6856,6856,0
"Mercer County, Kentucky",Mercer County,21167,00,21,167,21933,88.06264340648151,248,11.36702189,21933,298,13.65876017,21933,282,276,6,12.92540392,12.65039532,0.27500859,-50,-2.29173828,21933,21933,-1
"Wilkin County, Minnesota",Wilkin County,27167,00,27,167,6207,8.264984728605114,73,11.72596579,6207,83,13.33226247,6207,-28,-23,-5,-4.49763071,-3.69448237,-0.80314834,-10,-1.60629668,6207,6207,1
"Polk County, Missouri",Polk County,29167,00,29,167,32149,50.58639955,399,12.39842767,32149,388,12.05661638,32149,-76,-63,-13,-2.36160527,-1.95764647,-0.4039588,11,0.34181129,32149,32149,0
"Stanton County, Nebraska",Stanton County,31167,00,31,167,5920,13.844441781623342,68,11.43818335,5920,38,6.39192599,5920,-81,-84,3,-13.62489487,-14.12952061,0.50462574,30,5.04625736,5920,5920,1
"Stanly County, North Carolina",Stanly County,37167,00,37,167,62806,158.9488665580762,709,11.34527067,62806,715,11.44128142,62806,633,623,10,10.12913446,9.96911654,0.16001792,-6,-0.09601075,62806,62806,-1
"Washington County, Ohio",Washington County,39167,00,39,167,59911,94.79977705800982,594,9.89818533,59911,725,12.08111846,59911,-66,-76,10,-1.09979837,-1.26643449,0.16663612,-131,-2.18293313,59911,59911,-3
"Tipton County, Tennessee",Tipton County,47167,00,47,167,61599,134.37569760855018,660,10.71646032,61599,605,9.82342196,61599,-29,-30,1,-0.47087477,-0.48711183,0.01623706,55,0.89303836,61599,61599,-3
"Galveston County, Texas",Galveston County,48167,00,48,167,342139,902.9767107104184,3944,11.60005118,342139,2935,8.63239103,342139,3278,2949,329,9.64121901,8.67356768,0.96765133,1009,2.96766015,342139,342139,-6
"Russell County, Virginia",Russell County,51167,00,51,167,26586,56.14504170420754,229,8.57983178,26586,357,13.37554561,26586,-79,-79,0,-2.95985463,-2.95985463,0,-128,-4.79571383,26586,26586,-2
"Jones County, Georgia",Jones County,13169,00,13,169,28735,72.94227450056862,216,7.52416616,28735,292,10.17155796,28735,133,133,0,4.63293564,4.63293564,0,-76,-2.6473918,28735,28735,-2
"Schuyler County, Illinois",Schuyler County,17169,00,17,169,6768,15.47677362044532,54,7.91904971,6768,93,13.6383634,6768,-62,-68,6,-9.09224226,-9.97213668,0.87989441,-39,-5.71931368,6768,6768,-1
"Wabash County, Indiana",Wabash County,18169,00,18,169,30996,75.13492548,306,9.84017751,30996,406,13.05592179,30996,-103,-113,10,-3.31221661,-3.63379104,0.32157443,-100,-3.21574428,30996,30996,1
"Story County, Iowa",Story County,19169,00,19,169,97117,169.62373317743638,872,8.99441975,97117,526,5.42553301,97117,-14,-369,355,-0.14440582,-3.80612487,3.66171905,346,3.56888673,97117,97117,4
"Saline County, Kansas",Saline County,20169,00,20,169,54224,75.28580625561155,682,12.55858062,54224,500,9.20717054,54224,-344,-346,2,-6.33453333,-6.37136202,0.03682868,182,3.35141008,54224,54224,-1
"Metcalfe County, Kentucky",Metcalfe County,21169,00,21,169,10071,34.77065654867601,113,11.22089271,10071,128,12.71039174,10071,16,17,-1,1.58879897,1.6880988999999995,-0.09929994,-15,-1.48949903,10071,10071,0
"Winona County, Minnesota",Winona County,27169,00,27,169,50484,80.63016334646674,456,9.01016608,50484,440,8.6940199,50484,-267,-292,25,-5.27568935,-5.76966775,0.4939784,16,0.31614618,50484,50484,0
"Pulaski County, Missouri",Pulaski County,29169,00,29,169,52607,96.15400829172096,676,12.92493595,52607,297,5.67855914,52607,231,183,48,4.41665711,3.49891018,0.91774693,379,7.24637681,52607,52607,0
"Thayer County, Nebraska",Thayer County,31169,00,31,169,5003,8.718959406904654,47,9.36068512,5003,73,14.53893647,5003,-10,-12,2,-1.99163513,-2.38996216,0.39832703,-26,-5.17825134,5003,5003,0
"Stokes County, North Carolina",Stokes County,37169,00,37,169,45591,101.5357526547921,387,8.49597155,45591,556,12.20609866,45591,253,231,22,5.55421396,5.07123883,0.48297513,-169,-3.71012711,45591,45591,-4
"Wayne County, Ohio",Wayne County,39169,00,39,169,115710,208.5596063864944,1446,12.4924406,115710,1150,9.93520518,115710,-377,-424,47,-3.25701944,-3.66306695,0.40604752,296,2.55723542,115710,115710,1
"Trousdale County, Tennessee",Trousdale County,47169,00,47,169,11284,98.68667103534378,111,9.947573599999998,11284,95,8.51368912,11284,234,234,0,20.97056056,20.97056056,0,16,1.43388448,11284,11284,1
"Garza County, Texas",Garza County,48169,00,48,169,6229,6.972133514773607,52,8.33867864,6229,34,5.45221296,6229,-32,-70,38,-5.13149455,-11.22514432,6.09364978,18,2.88646568,6229,6229,0
"Scott County, Virginia",Scott County,51169,00,51,169,21566,40.24804023695195,176,8.14098709,21566,302,13.96919376,21566,22,23,-1,1.01762339,1.063879,-0.04625561,-126,-5.82820667,21566,21566,-2
"Matanuska-Susitna Borough, Alaska",Matanuska-Susitna Borough,02170,00,02,170,108317,4.382799019,1368,12.70006313,108317,646,5.99725203,108317,482,466,16,4.47472985,4.326191099999999,0.14853875,722,6.702811099999999,108317,108317,-2
"Lamar County, Georgia",Lamar County,13171,00,13,171,19077,103.9614897781438,215,11.30448499,19077,236,12.40864399,19077,138,113,25,7.25590199,5.94142699,1.314475,-21,-1.104159,19077,19077,-1
"Scott County, Illinois",Scott County,17171,00,17,171,4951,19.74164825000044,43,8.70621583,4951,47,9.51609638,4951,27,21,6,5.46669366,4.25187285,1.21482081,-4,-0.80988054,4951,4951,1
"Warren County, Indiana",Warren County,18171,00,18,171,8265,22.663055116254764,86,10.39589,8265,84,10.15412511,8265,-15,-19,4,-1.81323663,-2.29676639,0.48352977,2,0.24176488,8265,8265,-2
"Tama County, Iowa",Tama County,19171,00,19,171,16854,23.375500770376895,219,12.98816831,16854,193,11.44619399,16854,-39,-42,3,-2.31296148,-2.49088159,0.17792011,26,1.54197432,16854,16854,-2
"Scott County, Kansas",Scott County,20171,00,20,171,4823,6.721153635966578,58,11.91944102,4823,59,12.12494862,4823,-85,-83,-2,-17.46814632,-17.05713111,-0.41101521,-1,-0.2055076,4823,4823,0
"Monroe County, Kentucky",Monroe County,21171,00,21,171,10650,32.32852332197321,144,13.46927322,10650,142,13.28219998,10650,-84,-82,-2,-7.85707605,-7.67000281,-0.18707324,2,0.18707324,10650,10650,0
"Wright County, Minnesota",Wright County,27171,00,27,171,138377,209.30734102619803,1734,12.62514107,138377,832,6.05773781,138377,1173,1132,41,8.5405366,8.24201828,0.29851833,902,6.56740325,138377,138377,-11
"Putnam County, Missouri",Putnam County,29171,00,29,171,4696,9.077612322074028,55,11.64760695,4696,55,11.64760695,4696,-53,-53,0,-11.2240576,-11.2240576,0,0,0,4696,4696,1
"Thomas County, Nebraska",Thomas County,31171,00,31,171,722,1.012764035293346,6,8.35654596,722,0,0,722,3,3,0,4.17827298,4.17827298,0,6,8.35654596,722,722,-1
"Surry County, North Carolina",Surry County,37171,00,37,171,71783,134.49000935752576,736,10.24056991,71783,874,12.16067677,71783,-32,-72,40,-0.44524217,-1.00179488,0.55655271,-138,-1.92010686,71783,71783,-6
"Williams County, Ohio",Williams County,39171,00,39,171,36692,87.22487436866942,408,11.11247293,36692,393,10.70392613,36692,-59,-53,-6,-1.60695074,-1.44353202,-0.16341872,15,0.4085468,36692,36692,-3
"Unicoi County, Tennessee",Unicoi County,47171,00,47,171,17883,96.11221108958392,173,9.69051954,17883,281,15.74009242,17883,169,157,12,9.46646128,8.79428651,0.67217477,-108,-6.04957289,17883,17883,0
"Gillespie County, Texas",Gillespie County,48171,00,48,171,26988,25.503645492311037,248,9.23821941,26988,373,13.89458,26988,409,397,12,15.23561185,14.78860123,0.44701062,-125,-4.65636059,26988,26988,2
"Shenandoah County, Virginia",Shenandoah County,51171,00,51,171,43616,85.84609692258235,452,10.38018579,43616,484,11.1150662,43616,177,170,7,4.06480727,3.90405218,0.16075509,-32,-0.73488041,43616,43616,-2
"Lanier County, Georgia",Lanier County,13173,00,13,173,10423,53.033496855715065,116,11.16565598,10423,114,10.97314467,10423,66,70,-4,6.35287323,6.73789585,-0.38502262,2,0.19251131,10423,10423,0
"Shelby County, Illinois",Shelby County,17173,00,17,173,21634,28.52169289331973,228,10.51660517,21634,246,11.34686347,21634,-73,-73,0,-3.36715867,-3.36715867,0,-18,-0.8302583,21634,21634,-1
"Warrick County, Indiana",Warrick County,18173,00,18,173,62998,163.71008023332067,627,9.99426167,62998,617,9.83486356,62998,518,460,58,8.25682224,7.33231319,0.92450905,10,0.15939811,62998,62998,-4
"Taylor County, Iowa",Taylor County,19173,00,19,173,6121,11.50776603653813,70,11.39972315,6121,62,10.09689765,6121,-47,-48,1,-7.65409983,-7.81695302,0.16285319,8,1.3028255,6121,6121,0
"Sedgwick County, Kansas",Sedgwick County,20173,00,20,173,516042,517.6320820959354,6705,13.02541169,516042,4511,8.7632561,516042,382,-240,622,0.74208908,-0.46623398,1.20832305,2194,4.26215559,516042,516042,-18
"Montgomery County, Kentucky",Montgomery County,21173,00,21,173,28157,142.67583139746836,350,12.440905699999998,28157,291,10.34372445,28157,-9,1,-10,-0.319909,0.03554544,-0.35545445,59,2.09718125,28157,28157,-2
"Yellow Medicine County, Minnesota",Yellow Medicine County,27173,00,27,173,9709,12.790126069440223,108,11.07238056,9709,95,9.73959401,9709,-102,-104,2,-10.45724831,-10.66229239,0.20504408,13,1.33278655,9709,9709,-1
"Ralls County, Missouri",Ralls County,29173,00,29,173,10309,21.94399795,101,9.83303315,10309,76,7.39911405,10309,49,49,0,4.77048143,4.77048143,0,25,2.4339191,10309,10309,1
"Thurston County, Nebraska",Thurston County,31173,00,31,173,7224,18.354415341360088,152,20.96840944,7224,83,11.44985515,7224,-119,-120,1,-16.41605739,-16.55400745,0.13795006,69,9.51855428,7224,7224,0
"Swain County, North Carolina",Swain County,37173,00,37,173,14271,27.042313571209156,143,10.02805049,14271,221,15.49789621,14271,100,103,-3,7.01262272,7.223001400000001,-0.21037868,-78,-5.46984572,14271,14271,0
"Wood County, Ohio",Wood County,39173,00,39,173,130817,211.9563857364503,1319,10.09729846,130817,1115,8.53562379,130817,179,96,83,1.37029297,0.73490573,0.63538724,204,1.56167467,130817,130817,-7
"Union County, Tennessee",Union County,47173,00,47,173,19972,89.32892941916762,201,10.13590177,19972,214,10.7914576,19972,295,291,4,14.87607473,14.67436525,0.20170949,-13,-0.65555584,19972,19972,1
"Glasscock County, Texas",Glasscock County,48173,00,48,173,1409,1.565177041,16,11.42857143,1409,8,5.71428571,1409,11,2,9,7.85714286,1.42857143,6.42857143,8,5.71428571,1409,1409,-1
"Smyth County, Virginia",Smyth County,51173,00,51,173,30104,66.69762519565784,286,9.44549027,30104,485,16.01770204,30104,-149,-147,-2,-4.92090228,-4.8548499,-0.06605238,-199,-6.57221176,30104,30104,-2
"Laurens County, Georgia",Laurens County,13175,00,13,175,47546,58.892901518095954,615,12.96347042,47546,561,11.82521448,47546,157,155,2,3.30937375,3.26721612,0.04215763,54,1.13825594,47546,47546,-1
"Stark County, Illinois",Stark County,17175,00,17,175,5342,18.54265369,57,10.59479554,5342,76,14.12639405,5342,-57,-59,2,-10.59479554,-10.96654275,0.37174721,-19,-3.53159851,5342,5342,0
"Washington County, Indiana",Washington County,18175,00,18,175,28036,54.57752064768457,321,11.47084048,28036,302,10.79188107,28036,87,87,0,3.10891938,3.10891938,0,19,0.67895941,28036,28036,-2
"Union County, Iowa",Union County,19175,00,19,175,12241,28.894465669365893,130,10.59537878,12241,138,11.24740209,12241,-49,-53,4,-3.99364277,-4.31965443,0.32601165,-8,-0.65202331,12241,12241,0
"Seward County, Kansas",Seward County,20175,00,20,175,21428,33.49941856321039,403,18.60143088,21428,110,5.07731364,21428,-772,-878,106,-35.63351027,-40.52619432,4.89268405,293,13.52411724,21428,21428,5
"Morgan County, Kentucky",Morgan County,21175,00,21,175,13309,34.92012278553017,105,7.87076946,13309,158,11.84363405,13309,-9,-10,1,-0.67463738,-0.74959709,0.07495971,-53,-3.97286459,13309,13309,-1
"Randolph County, Missouri",Randolph County,29175,00,29,175,24748,51.26868098388734,292,11.80274859,24748,239,9.66046888,24748,-37,-42,5,-1.49555376,-1.69765562,0.20210186,53,2.14227971,24748,24748,0
"Valley County, Nebraska",Valley County,31175,00,31,175,4158,7.318981721419897,46,11.01137044,4158,46,11.01137044,4158,-39,-47,8,-9.33572711,-11.25074806,1.91502095,0,0,4158,4158,0
"Transylvania County, North Carolina",Transylvania County,37175,00,37,175,34385,90.88068047768492,261,7.61399107,34385,394,11.49391756,34385,346,349,-3,10.09364334,10.18116048,-0.08751714,-133,-3.87992649,34385,34385,-1
"Wyandot County, Ohio",Wyandot County,39175,00,39,175,21772,53.509737997443565,221,10.11673152,21772,253,11.58159762,21772,-113,-108,-5,-5.17280842,-4.94392309,-0.22888533,-32,-1.4648661,21772,21772,-1
"Van Buren County, Tennessee",Van Buren County,47175,00,47,175,5872,21.476485424654435,69,11.86076493,5872,55,9.45423292,5872,95,95,0,16.33003868,16.33003868,0,14,2.40653202,5872,5872,0
"Goliad County, Texas",Goliad County,48175,00,48,175,7658,8.988145723,72,9.44510035,7658,62,8.13328086,7658,60,61,-1,7.87091696,8.00209891,-0.13118195,10,1.31181949,7658,7658,0
"Southampton County, Virginia",Southampton County,51175,00,51,175,17631,29.424441514672733,122,6.90357628,17631,205,11.60027162,17631,2,2,0,0.11317338,0.11317338,0,-83,-4.69669534,17631,17631,-1
"Lee County, Georgia",Lee County,13177,00,13,177,29992,84.27504089721154,325,10.87993572,29992,245,8.2017977,29992,164,161,3,5.49018295,5.38975277,0.10043018,80,2.67813802,29992,29992,-3
"Stephenson County, Illinois",Stephenson County,17177,00,17,177,44498,78.86267565222009,476,10.66129123,44498,547,12.25152584,44498,-228,-252,24,-5.10666891,-5.644213,0.5375441,-71,-1.59023462,44498,44498,0
"Wayne County, Indiana",Wayne County,18177,00,18,177,65884,163.99070149082877,757,11.47578261,65884,866,13.12817403,65884,-52,-122,70,-0.78829682,-1.84946563,1.0611688,-109,-1.65239142,65884,65884,-1
"Van Buren County, Iowa",Van Buren County,19177,00,19,177,7044,14.529470109902435,88,12.52045244,7044,96,13.65867539,7044,40,40,0,5.69111475,5.69111475,0,-8,-1.13822295,7044,7044,-1
"Shawnee County, Kansas",Shawnee County,20177,00,20,177,176875,325.1241519388166,2002,11.30546497,176875,1800,10.16475372,176875,-611,-743,132,-3.45036918,-4.19578445,0.74541527,202,1.14071125,176875,176875,-6
"Muhlenberg County, Kentucky",Muhlenberg County,21177,00,21,177,30622,65.52151431480925,340,11.06896945,30622,394,12.82698224,30622,-135,-133,-2,-4.39503199,-4.3299204,-0.06511158,-54,-1.75801279,30622,30622,0
"Ray County, Missouri",Ray County,29177,00,29,177,23018,40.46699203197297,262,11.40047429,23018,279,12.14019973,23018,89,93,-4,3.872680200000001,4.04673324,-0.17405304,-17,-0.73972543,23018,23018,1
"Washington County, Nebraska",Washington County,31177,00,31,177,20729,53.15708462704818,207,10.01306051,20729,176,8.51352005,20729,83,73,10,4.01489866,3.53117593,0.48372273,31,1.49954046,20729,20729,-2
"Tyrrell County, North Carolina",Tyrrell County,37177,00,37,177,4016,10.277000143382253,31,7.62513836,4016,48,11.80666585,4016,-83,-83,0,-20.41569303,-20.41569303,0,-17,-4.18152749,4016,4016,1
"Warren County, Tennessee",Warren County,47177,00,47,177,41277,95.39988171686176,473,11.52211247,41277,471,11.47339318,41277,450,413,37,10.96184061,10.06053372,0.90130689,2,0.04871929,41277,41277,-1
"Gonzales County, Texas",Gonzales County,48177,00,48,177,20837,19.534326089929444,272,13.07126724,20837,198,9.51511365,20837,-16,7,-23,-0.76889807,0.33639291,-1.10529098,74,3.55615359,20837,20837,-2
"Spotsylvania County, Virginia",Spotsylvania County,51177,00,51,177,136215,339.26236715275473,1481,10.96119544,136215,1017,7.52703293,136215,1743,1711,32,12.90031307,12.66347428,0.23683879,464,3.43416252,136215,136215,-3
"Liberty County, Georgia",Liberty County,13179,00,13,179,61435,118.95161024423372,1361,22.30397981,61435,384,6.29296712,61435,-146,-101,-45,-2.39263854,-1.65518146,-0.73745708,977,16.01101269,61435,61435,-2
"Tazewell County, Illinois",Tazewell County,17179,00,17,179,131803,203.8827804022706,1375,10.40669359,131803,1444,10.92892039,131803,-577,-644,67,-4.36702705,-4.87411685,0.5070898,-69,-0.52222681,131803,131803,-1
"Wells County, Indiana",Wells County,18179,00,18,179,28296,76.87310387059497,321,11.38721865,28296,246,8.72665354,28296,140,109,31,4.96638819,3.86668795,1.09970024,75,2.6605651000000003,28296,28296,-2
"Wapello County, Iowa",Wapello County,19179,00,19,179,34969,80.97727208803796,436,12.46426529,34969,392,11.20640366,34969,-67,-154,87,-1.91538022,-4.40251572,2.48713551,44,1.25786164,34969,34969,1
"Sheridan County, Kansas",Sheridan County,20179,00,20,179,2521,2.8137506248568567,31,12.29426928,2521,21,8.32837597,2521,-12,-14,2,-4.75907198,-5.55225064,0.79317866,10,3.96589332,2521,2521,1
"Nelson County, Kentucky",Nelson County,21179,00,21,179,46233,110.7329652,552,11.994003,46233,419,9.10414358,46233,287,294,-7,6.23601243,6.38811029,-0.15209786,133,2.88985942,46233,46233,0
"Reynolds County, Missouri",Reynolds County,29179,00,29,179,6270,7.755320418680499,64,10.19757808,6270,91,14.49968133,6270,17,17,0,2.70873168,2.70873168,0,-27,-4.30210325,6270,6270,-2
"Wayne County, Nebraska",Wayne County,31179,00,31,179,9385,21.18912155,95,10.15879805,9385,68,7.27156071,9385,41,40,1,4.38432337,4.27738865,0.10693472,27,2.88723734,9385,9385,-1
"Union County, North Carolina",Union County,37179,00,37,179,239859,379.08990021548175,2431,10.2209637,239859,1521,6.39493451,239859,3134,3115,19,13.17667636,13.09679223,0.07988413,910,3.82602919,239859,239859,-15
"Washington County, Tennessee",Washington County,47179,00,47,179,129375,396.2598267877498,1223,9.47929746,129375,1365,10.57991908,129375,860,678,182,6.66573656,5.25508069,1.41065588,-142,-1.10062162,129375,129375,-4
"Gray County, Texas",Gray County,48179,00,48,179,21886,23.635651303898403,259,11.78960785,21886,254,11.56200924,21886,-171,-170,-1,-7.78387236,-7.73835264,-0.04551972,5,0.22759861,21886,21886,1
"Stafford County, Virginia",Stafford County,51179,00,51,179,152882,567.9021994823214,1773,11.71433668,152882,813,5.37154863,152882,2109,2018,91,13.9343125,13.33306905,0.60124345,960,6.34278805,152882,152882,-11
"Nome Census Area, Alaska",Nome Census Area,02180,00,02,180,10004,0.4355242269772504,197,19.64401456,10004,101,10.0712968,10004,-145,-147,2,-14.45879244,-14.65822406,0.19943162,96,9.57271775,10004,10004,0
"Lincoln County, Georgia",Lincoln County,13181,00,13,181,7921,37.65070351190952,75,9.46611132,7921,94,11.86419286,7921,16,14,2,2.01943708,1.76700745,0.25242964,-19,-2.39808153,7921,7921,-1
"Union County, Illinois",Union County,17181,00,17,181,16653,40.28192813312331,173,10.33298492,16653,224,13.37912498,16653,-129,-129,0,-7.70494251,-7.70494251,0,-51,-3.04614006,16653,16653,1
"White County, Indiana",White County,18181,00,18,181,24102,47.71348937041461,291,12.06592723,24102,282,11.69275422,24102,-38,-66,28,-1.57561936,-2.73660205,1.16098269,9,0.37317301,24102,24102,-2
"Warren County, Iowa",Warren County,19181,00,19,181,51466,90.31692409,586,11.43637783,51466,439,8.56752537,51466,309,308,1,6.03044496,6.01092896,0.019516,147,2.86885246,51466,51466,-4
"Sherman County, Kansas",Sherman County,20181,00,20,181,5917,5.6028796673600905,72,12.16832854,5917,74,12.50633767,5917,4,5,-1,0.67601825,0.84502282,-0.16900456,-2,-0.33800913,5917,5917,-2
"Nicholas County, Kentucky",Nicholas County,21181,00,21,181,7269,37.24609043292003,84,11.61504425,7269,96,13.27433628,7269,86,86,0,11.89159292,11.89159292,0,-12,-1.65929204,7269,7269,0
"Ripley County, Missouri",Ripley County,29181,00,29,181,13288,21.10776867709109,137,10.2590984,13288,204,15.2763217,13288,-67,-65,-2,-5.0172233,-4.86745544,-0.14976786,-67,-5.0172233,13288,13288,2
"Webster County, Nebraska",Webster County,31181,00,31,181,3487,6.0652646205014005,39,11.10952856,3487,47,13.38840621,3487,-40,-40,0,-11.39438826,-11.39438826,0,-8,-2.27887765,3487,3487,1
"Vance County, North Carolina",Vance County,37181,00,37,181,44535,176.44596153591547,571,12.80699787,44535,525,11.77526074,44535,-145,-177,32,-3.25221487,-3.96994505,0.71773018,46,1.03173713,44535,44535,-1
"Wayne County, Tennessee",Wayne County,47181,00,47,181,16673,22.711882061025417,125,7.50570434,16673,197,11.82899003,16673,111,110,1,6.66506545,6.60501982,0.06004563,-72,-4.3232857,16673,16673,-1
"Grayson County, Texas",Grayson County,48181,00,48,181,136212,146.0197043406709,1630,12.07411879,136212,1494,11.06670765,136212,2283,2193,90,16.91117375,16.24450461,0.66666914,136,1.00741114,136212,136212,6
"Surry County, Virginia",Surry County,51181,00,51,181,6422,23.02209129012749,56,8.69227784,6422,68,10.55490881,6422,-30,-30,0,-4.65657742,-4.65657742,0,-12,-1.86263097,6422,6422,1
"Long County, Georgia",Long County,13183,00,13,183,19559,48.84948237,270,13.97153946,19559,113,5.84734799,19559,311,310,1,16.093143599999998,16.04139715,0.05174644,157,8.12419146,19559,19559,0
"Vermilion County, Illinois",Vermilion County,17183,00,17,183,75758,84.33309102323642,918,12.04250295,75758,945,12.39669421,75758,-918,-937,19,-12.04250295,-12.29174866,0.24924570000000004,-27,-0.35419126,75758,75758,1
"Whitley County, Indiana",Whitley County,18183,00,18,183,33964,101.20933426855352,409,12.02746615,33964,312,9.1749864,33964,-180,-192,12,-5.29326138,-5.64614548,0.35288409,97,2.85247975,33964,33964,0
"Washington County, Iowa",Washington County,19183,00,19,183,21965,38.61557818978747,275,12.49346932,21965,225,10.22192945,21965,-143,-142,-1,-6.49660405,-6.45117325,-0.0454308,50,2.27153988,21965,21965,0
"Smith County, Kansas",Smith County,20183,00,20,183,3583,4.001276234,41,11.43175798,3583,39,10.87411125,3583,-10,-10,0,-2.78823365,-2.78823365,0,2,0.55764673,3583,3583,1
"Ohio County, Kentucky",Ohio County,21183,00,21,183,23994,40.85583413963939,279,11.61097008,23994,271,11.27803904,23994,-76,-69,-7,-3.1628449,-2.87153023,-0.29131466,8,0.33293104,23994,23994,-2
"St. Charles County, Missouri",St. Charles County,29183,00,29,183,402022,717.2410255695479,4289,10.71176146,402022,2988,7.46251882,402022,1954,1567,387,4.88010769,3.91357664,0.96653105,1301,3.24924263,402022,402022,-13
"Wheeler County, Nebraska",Wheeler County,31183,00,31,183,783,1.361305197063224,7,8.83280757,783,5,6.30914826,783,-20,-20,0,-25.23659306,-25.23659306,0,2,2.52365931,783,783,-1
"Wake County, North Carolina",Wake County,37183,00,37,183,1111761,1331.7238351405158,12634,11.46963687,1111761,6210,5.63767967,1111761,14022,10857,3165,12.72971729,9.85640712,2.87331017,6424,5.8319572,1111761,1111761,42
"Weakley County, Tennessee",Weakley County,47183,00,47,183,33328,57.42709680920464,311,9.31960864,33328,359,10.75800482,33328,-34,-68,34,-1.01886397,-2.03772793,1.01886397,-48,-1.43839619,33328,33328,-3
"Gregg County, Texas",Gregg County,48183,00,48,183,123945,453.3790928733803,1625,13.14746193,123945,1307,10.57460477,123945,379,356,23,3.06639266,2.88030551,0.18608715,318,2.57285717,123945,123945,-3
"Sussex County, Virginia",Sussex County,51183,00,51,183,11159,22.762978438369196,86,7.67857143,11159,129,11.51785714,11159,-39,-41,2,-3.48214286,-3.66071429,0.17857143,-43,-3.83928571,11159,11159,0
"North Slope Borough, Alaska",North Slope Borough,02185,00,02,185,9832,0.11069024934981916,151,15.34396911,9832,57,5.7920943,9832,-113,-114,1,-11.48257291,-11.5841886,0.10161569,94,9.55187481,9832,9832,1
"Lowndes County, Georgia",Lowndes County,13185,00,13,185,117406,236.15375518287468,1643,14.05985923,117406,993,8.49752904,117406,448,336,112,3.83372911,2.87529684,0.95843228,650,5.56233019,117406,117406,-1
"Wabash County, Illinois",Wabash County,17185,00,17,185,11520,51.58446617411304,131,11.3700473,11520,114,9.89454498,11520,-21,-55,34,-1.82267934,-4.77368398,2.95100464,17,1.47550232,11520,11520,1
"Wayne County, Iowa",Wayne County,19185,00,19,185,6441,12.257121701442628,80,12.45523898,6441,88,13.70076288,6441,43,43,0,6.69469095,6.69469095,0,-8,-1.2455239,6441,6441,1
"Stafford County, Kansas",Stafford County,20185,00,20,185,4156,5.247169851740965,51,12.26256312,4156,49,11.78167829,4156,-9,-9,0,-2.16398173,-2.16398173,0,2,0.48088483,4156,4156,1
"Oldham County, Kentucky",Oldham County,21185,00,21,185,66799,356.75311727323333,606,9.09152283,66799,414,6.21104035,66799,99,100,-1,1.48524878,1.50025129,-0.01500251,192,2.88048248,66799,66799,-4
"St. Clair County, Missouri",St. Clair County,29185,00,29,185,9397,13.921869207150229,92,9.79452784,9397,134,14.26594272,9397,51,56,-5,5.42957522,5.96188651,-0.5323113,-42,-4.47141488,9397,9397,-1
"York County, Nebraska",York County,31185,00,31,185,13679,23.89303202855777,170,12.39654355,13679,135,9.844314,13679,-103,-104,1,-7.51084698,-7.58376782,0.07292084,35,2.55222955,13679,13679,-1
"Warren County, North Carolina",Warren County,37185,00,37,185,19731,45.95113033618443,161,8.14159292,19731,267,13.50189633,19731,21,27,-6,1.0619469,1.3653603,-0.3034134,-106,-5.36030341,19731,19731,-3
"White County, Tennessee",White County,47185,00,47,185,27345,72.59511794222989,292,10.72918006,27345,369,13.55845015,27345,335,330,5,12.30916206,12.12544322,0.18371884,-77,-2.82927009,27345,27345,1
"Grimes County, Texas",Grimes County,48185,00,48,185,28880,36.67456785668168,306,10.70472792,28880,246,8.60576166,28880,529,518,11,18.50588585,18.12107537,0.38481048,60,2.09896626,28880,28880,0
"Tazewell County, Virginia",Tazewell County,51185,00,51,185,40595,78.24927163574776,408,9.99350912,40595,621,15.21070873,40595,-249,-240,-9,-6.09897983,-5.87853478,-0.22044505,-213,-5.21719961,40595,40595,-1
"Ste. Genevieve County, Missouri",Ste. Genevieve County,29186,00,29,186,17894,35.848722274203716,204,11.40588745,17894,199,11.12633139,17894,14,15,-1,0.78275698,0.83866819,-0.05591121,5,0.27955606,17894,17894,-2
"Lumpkin County, Georgia",Lumpkin County,13187,00,13,187,33610,118.78740970406164,279,8.38984198,33610,300,9.02133546,33610,725,738,-13,21.80156069,22.19248523,-0.39092454,-21,-0.63149348,33610,33610,7
"Warren County, Illinois",Warren County,17187,00,17,187,16844,31.055482966652153,204,12.0581629,16844,178,10.52133822,16844,-175,-212,37,-10.34401229,-12.53103204,2.18701974,26,1.53682468,16844,16844,1
"Webster County, Iowa",Webster County,19187,00,19,187,35904,50.16565815340249,421,11.65510845,35904,418,11.57205542,35904,-439,-467,28,-12.15342663,-12.92858824,0.77516161,3,0.08305303,35904,35904,1
"Stanton County, Kansas",Stanton County,20187,00,20,187,2006,2.9484740401938265,29,14.38848921,2006,20,9.92309601,2006,-30,-42,12,-14.88464401,-20.83850161,5.953857599999999,9,4.4653932,2006,2006,2
"Owen County, Kentucky",Owen County,21187,00,21,187,10901,31.04743494713303,109,10.0082637,10901,109,10.0082637,10901,20,20,0,1.83637866,1.83637866,0,0,0,10901,10901,0
"St. Francois County, Missouri",St. Francois County,29187,00,29,187,67215,148.74296020693933,693,10.34698997,67215,774,11.5563784,67215,559,566,-7,8.34627329,8.45078834,-0.10451505,-81,-1.20938844,67215,67215,0
"Washington County, North Carolina",Washington County,37187,00,37,187,11580,33.41896860900056,129,11.04972376,11580,155,13.27679986,11580,-162,-154,-8,-13.87639728,-13.19114309,-0.68525419,-26,-2.22707611,11580,11580,-1
"Williamson County, Tennessee",Williamson County,47187,00,47,187,238412,409.03186206599014,2357,10.02147154,238412,1325,5.63362316,238412,5409,4835,574,22.99793788,20.55740981,2.44052807,1032,4.38784838,238412,238412,-7
"Guadalupe County, Texas",Guadalupe County,48187,00,48,187,166847,234.58187093377637,1840,11.14736023,166847,1158,7.01556693,166847,2887,2866,21,17.49045053,17.36322522,0.12722531,682,4.1317933,166847,166847,2
"Warren County, Virginia",Warren County,51187,00,51,187,40164,187.21489668993263,457,11.40077336,40164,395,9.85406012,40164,96,94,2,2.39491081,2.34501684,0.04989398,62,1.54671323,40164,40164,0
"Northwest Arctic Borough, Alaska",Northwest Arctic Borough,02188,00,02,188,7621,0.2136891079865069,167,21.8086843,7621,90,11.75318315,7621,-149,-156,7,-19.45804767,-20.37218413,0.91413647,77,10.05550114,7621,7621,-1
"McDuffie County, Georgia",McDuffie County,13189,00,13,189,21312,82.77413257153098,261,12.18373635,21312,251,11.71692652,21312,-231,-220,-11,-10.78330688,-10.26981608,-0.5134908,10,0.46680982,21312,21312,1
"Washington County, Illinois",Washington County,17189,00,17,189,13887,24.684183272443224,154,11.0449688,13887,143,10.25604246,13887,-123,-123,0,-8.82163093,-8.82163093,0,11,0.78892634,13887,13887,0
"Winnebago County, Iowa",Winnebago County,19189,00,19,189,10354,25.85338743283188,95,9.09395491,10354,119,11.3913751,10354,-161,-162,1,-15.41186043,-15.50758627,0.09572584,-24,-2.29742019,10354,10354,0
"Stevens County, Kansas",Stevens County,20189,00,20,189,5485,7.542010048657106,62,11.25124762,5485,32,5.80709554,5485,-83,-106,23,-15.06215407,-19.23600399,4.17384992,30,5.44415207,5485,5485,2
"Owsley County, Kentucky",Owsley County,21189,00,21,189,4415,22.364652554244874,60,13.49983125,4415,65,14.62481719,4415,-55,-55,0,-12.37484531,-12.37484531,0,-5,-1.12498594,4415,4415,1
"St. Louis County, Missouri",St. Louis County,29189,00,29,189,994205,1959.2566108149904,11089,11.14795036,994205,10264,10.31856457,994205,-1826,-3548,1722,-1.83570722,-3.56686156,1.73115434,825,0.82938579,994205,994205,-13
"Watauga County, North Carolina",Watauga County,37189,00,37,189,56177,179.8006569415716,381,6.79077809,56177,401,7.14724938,56177,164,121,43,2.92306458,2.15665131,0.76641327,-20,-0.35647129,56177,56177,-1
"Wilson County, Tennessee",Wilson County,47189,00,47,189,144657,253.3007928,1635,11.44913886,144657,1167,8.17195416,144657,3226,3070,156,22.59016635,21.49777144,1.0923949,468,3.2771847000000003,144657,144657,9
"Hale County, Texas",Hale County,48189,00,48,189,33406,33.250384385723095,427,12.73923356,33406,299,8.92044692,33406,-354,-354,0,-10.5613318,-10.5613318,0,128,3.81878664,33406,33406,1
"McIntosh County, Georgia",McIntosh County,13191,00,13,191,14378,33.33224409217912,111,7.73519164,14378,141,9.82578397,14378,85,86,-1,5.92334495,5.99303136,-0.06968641,-30,-2.09059233,14378,14378,1
"Wayne County, Illinois",Wayne County,17191,00,17,191,16215,22.715501651676995,187,11.4931932,16215,211,12.96825543,16215,-87,-90,3,-5.34710058,-5.53148336,0.18438278,-24,-1.47506223,16215,16215,0
"Winneshiek County, Iowa",Winneshiek County,19191,00,19,191,19991,28.97935680360168,174,8.69826035,19991,187,9.34813037,19991,-12,-16,4,-0.59988002,-0.79984003,0.19996001,-13,-0.64987003,19991,19991,-1
"Sumner County, Kansas",Sumner County,20191,00,20,191,22836,19.32543714859674,249,10.86032058,22836,252,10.99116781,22836,-180,-189,9,-7.85083415,-8.24337586,0.39254171,-3,-0.13084724,22836,22836,0
"Pendleton County, Kentucky",Pendleton County,21191,00,21,191,14590,52.64140923489645,179,12.26951813,14590,164,11.24134622,14590,-12,-15,3,-0.82253753,-1.02817191,0.20563438,15,1.02817191,14590,14590,-1
"Wayne County, North Carolina",Wayne County,37191,00,37,191,123131,222.29064566573757,1608,13.05364333,123131,1384,11.23522535,123131,-328,-542,214,-2.66268347,-4.39992207,1.7372386000000002,224,1.81841798,123131,123131,-2
"Hall County, Texas",Hall County,48191,00,48,191,2964,3.3548690709784843,24,8.0146936,2964,27,9.01653031,2964,-58,-57,-1,-19.36884288,-19.03489731,-0.33394557,-3,-1.0018367,2964,2964,0
"Washington County, Virginia",Washington County,51191,00,51,191,53740,95.76577222,446,8.27404528,53740,692,12.83775636,53740,-78,-71,-7,-1.44703034,-1.31716864,-0.1298617,-246,-4.56371108,53740,53740,-3
"Macon County, Georgia",Macon County,13193,00,13,193,12947,32.31401393643563,124,9.49936799,12947,160,12.25724901,12947,-178,-182,4,-13.63618953,-13.94262075,0.30643123,-36,-2.75788103,12947,12947,1
"White County, Illinois",White County,17193,00,17,193,13537,27.348430752855514,132,9.72196649,13537,199,14.65660099,13537,-14,-16,2,-1.03111766,-1.17842018,0.14730252,-67,-4.93463451,13537,13537,0
"Woodbury County, Iowa",Woodbury County,19193,00,19,193,103107,118.12056008261492,1390,13.51995409,103107,900,8.75392711,103107,107,7,100,1.04074467,0.0680861,0.97265857,490,4.76602698,103107,103107,-5
"Thomas County, Kansas",Thomas County,20193,00,20,193,7777,7.236528820631743,115,14.85116549,7777,58,7.49015303,7777,10,-1,11,1.2914057,-0.12914057,1.42054626,57,7.36101246,7777,7777,0
"Perry County, Kentucky",Perry County,21193,00,21,193,25758,75.82573267121175,321,12.35423161,25758,409,15.74106146,25758,-363,-368,5,-13.97067313,-14.16310665,0.19243351,-88,-3.38682985,25758,25758,1
"Wilkes County, North Carolina",Wilkes County,37193,00,37,193,68412,90.66714942,670,9.78280708,68412,817,11.92918416,68412,2,-50,52,0.02920241,-0.73006023,0.75926264,-147,-2.14637708,68412,68412,-6
"Hamilton County, Texas",Hamilton County,48193,00,48,193,8461,10.121847971293604,91,10.74507026,8461,116,13.69701263,8461,10,4,6,1.18077695,0.47231078,0.70846617,-25,-2.95194238,8461,8461,-1
"Westmoreland County, Virginia",Westmoreland County,51193,00,51,193,18015,78.55640988414066,181,10.1027015,18015,222,12.39115874,18015,239,245,-6,13.34003126,13.67492744,-0.33489618,-41,-2.28845724,18015,18015,0
"Petersburg Borough, Alaska",Petersburg Borough,02195,00,02,195,3266,1.1259529542729243,30,9.21658986,3266,29,8.9093702,3266,21,19,2,6.4516129,5.83717358,0.61443932,1,0.30721966,3266,3266,0
"Madison County, Georgia",Madison County,13195,00,13,195,29880,105.83442768202625,317,10.65152381,29880,308,10.34911461,29880,231,212,19,7.76183596,7.12341655,0.63841941,9,0.30240919,29880,29880,-2
"Whiteside County, Illinois",Whiteside County,17195,00,17,195,55175,80.65349527666281,610,11.01799003,55175,649,11.7224189,55175,-337,-330,-7,-6.08698793,-5.96055198,-0.12643595,-39,-0.70442887,55175,55175,-2
"Worth County, Iowa",Worth County,19195,00,19,195,7381,18.446807149130382,77,10.40962552,7381,69,9.32810599,7381,-40,-40,0,-5.40759767,-5.40759767,0,8,1.08151953,7381,7381,0
"Trego County, Kansas",Trego County,20195,00,20,195,2803,3.151300227322258,19,6.78571429,2803,41,14.64285714,2803,28,26,2,10,9.28571429,0.71428571,-22,-7.85714286,2803,2803,0
"Pike County, Kentucky",Pike County,21195,00,21,195,57876,73.56524281082048,583,10.01993675,57876,808,13.88697924,57876,-391,-390,-1,-6.7200605,-6.70287364,-0.01718686,-225,-3.86704249,57876,57876,0
"Saline County, Missouri",Saline County,29195,00,29,195,22761,30.12735780348236,240,10.51455609,22761,241,10.55836674,22761,-129,-174,45,-5.6515739,-7.62305316,1.97147927,-1,-0.04381065,22761,22761,1
"Wilson County, North Carolina",Wilson County,37195,00,37,195,81801,222.55825868103815,944,11.56912368,81801,944,11.56912368,81801,413,336,77,5.06149161,4.11782368,0.94366793,0,0,81801,81801,-4
"Hansford County, Texas",Hansford County,48195,00,48,195,5399,5.869690884625956,74,13.61670807,5399,35,6.4403349,5399,-112,-135,23,-20.60907167,-24.84129175,4.23222008,39,7.17637317,5399,5399,2
"Wise County, Virginia",Wise County,51195,00,51,195,37383,92.66076531132872,336,8.92928327,37383,479,12.7295437,37383,-349,-348,-1,-9.27476149,-9.24818624,-0.02657525,-143,-3.80026044,37383,37383,0
"Marion County, Georgia",Marion County,13197,00,13,197,8359,22.837740959940195,86,10.27970356,8359,90,10.75782931,8359,-11,-8,-3,-1.3148458,-0.95625149,-0.35859431,-4,-0.47812575,8359,8359,1
"Will County, Illinois",Will County,17197,00,17,197,690743,826.3752711591783,7311,10.58114527,690743,4812,6.9643648,690743,-2921,-3092,171,-4.22753732,-4.4750241,0.24748678,2499,3.61678047,690743,690743,16
"Wright County, Iowa",Wright County,19197,00,19,197,12562,21.643119541394597,154,12.1970537,12562,161,12.75146523,12562,-121,-132,11,-9.58339933,-10.45461746,0.87121812,-7,-0.55441153,12562,12562,0
"Wabaunsee County, Kansas",Wabaunsee County,20197,00,20,197,6931,8.725526074882273,74,10.69132413,6931,51,7.36834501,6931,-5,-7,2,-0.72238677,-1.01134147,0.28895471,23,3.32297912,6931,6931,1
"Powell County, Kentucky",Powell County,21197,00,21,197,12359,69.05199176381603,147,11.88839466,12359,154,12.45450869,12359,-5,-7,2,-0.40436717,-0.56611403,0.16174687,-7,-0.56611403,12359,12359,0
"Schuyler County, Missouri",Schuyler County,29197,00,29,197,4660,15.164085145125432,76,16.42532959,4660,49,10.59001513,4660,39,37,2,8.42878755,7.99654204,0.43224552,27,5.83531446,4660,4660,0
"Yadkin County, North Carolina",Yadkin County,37197,00,37,197,37667,112.45822979861114,379,10.08676212,37667,426,11.33762708,37667,236,218,18,6.28093895,5.80188428,0.47905467,-47,-1.25086496,37667,37667,-3
"Hardeman County, Texas",Hardeman County,48197,00,48,197,3933,5.658063118598343,31,7.88603409,3933,40,10.17552786,3933,12,6,6,3.05265836,1.52632918,1.52632918,-9,-2.28949377,3933,3933,1
"Wythe County, Virginia",Wythe County,51197,00,51,197,28684,62.09678543,299,10.4213865,28684,397,13.83709177,28684,87,94,-7,3.03230978,3.27628873,-0.24397895,-98,-3.41570527,28684,28684,-3
"Prince of Wales-Hyder Census Area, Alaska",Prince of Wales-Hyder Census Area,02198,00,02,198,6203,1.178433381133944,59,9.39266099,6203,53,8.43747513,6203,-164,-166,2,-26.1084136,-26.42680888,0.31839529,6,0.95518586,6203,6203,1
"Meriwether County, Georgia",Meriwether County,13199,00,13,199,21167,42.23067095110547,239,11.31066468,21167,268,12.68308843,21167,102,102,0,4.8271456,4.8271456,0,-29,-1.37242375,21167,21167,0
"Williamson County, Illinois",Williamson County,17199,00,17,199,66597,158.48352712171976,716,10.72024794,66597,769,11.51378585,66597,-331,-359,28,-4.95586881,-5.37509638,0.41922757,-53,-0.79353791,66597,66597,-1
"Wallace County, Kansas",Wallace County,20199,00,20,199,1518,1.661463699184423,17,11.30695045,1518,9,5.98603259,1518,21,21,0,13.96740938,13.96740938,0,8,5.32091786,1518,1518,0
"Pulaski County, Kentucky",Pulaski County,21199,00,21,199,64979,98.69071621,755,11.65456187,64979,791,12.21027608,64979,432,434,-2,6.6685705,6.69944351,-0.03087301,-36,-0.55571421,64979,64979,-1
"Scotland County, Missouri",Scotland County,29199,00,29,199,4902,11.230056041657592,73,14.83739837,4902,40,8.130081299999999,4902,-69,-69,0,-14.02439024,-14.02439024,0,33,6.70731707,4902,4902,0
"Yancey County, North Carolina",Yancey County,37199,00,37,199,18069,57.80374676572468,181,10.07178232,18069,211,11.7411385,18069,225,227,-2,12.52017139,12.6314618,-0.11129041,-30,-1.66935618,18069,18069,1
"Hardin County, Texas",Hardin County,48199,00,48,199,57602,64.67861146929405,661,11.52481497,57602,595,10.37407701,57602,431,434,-3,7.51466755,7.56697382,-0.05230627,66,1.15073795,57602,57602,-2
"York County, Virginia",York County,51199,00,51,199,68280,652.7179643966032,596,8.74823861,68280,523,7.67672616,68280,238,171,67,3.49342414,2.50998121,0.98344293,73,1.07151245,68280,68280,-7
"Miller County, Georgia",Miller County,13201,00,13,201,5718,20.246237046206616,69,12.1031398,5718,85,14.90966497,5718,49,49,0,8.59498334,8.59498334,0,-16,-2.80652517,5718,5718,1
"Winnebago County, Illinois",Winnebago County,17201,00,17,201,282572,550.6549586199358,3445,12.16880195,282572,2928,10.34259858,282572,-1578,-1907,329,-5.57398243,-6.73611185,1.16212942,517,1.82620337,282572,282572,3
"Washington County, Kansas",Washington County,20201,00,20,201,5406,6.041840671962117,72,13.26455416,5406,85,15.65954311,5406,-31,-34,3,-5.71112749,-6.26381724,0.55268976,-13,-2.39498895,5406,5406,0
"Robertson County, Kentucky",Robertson County,21201,00,21,201,2108,21.096602436380863,22,10.38225578,2108,22,10.38225578,2108,-22,-22,0,-10.38225578,-10.38225578,0,0,0,2108,2108,0
"Scott County, Missouri",Scott County,29201,00,29,201,38280,91.14471148675946,482,12.54865206,38280,454,11.81968472,38280,-286,-280,-6,-7.44588068,-7.2896734,-0.15620729,28,0.72896734,38280,38280,-3
"Harris County, Texas",Harris County,48201,00,48,201,4713325,2762.5491582971936,66937,14.25196708,4713325,28172,5.99827325,4713325,-5560,-30449,24889,-1.18381369,-6.48308328,5.29926959,38765,8.25369383,4713325,4713325,75
"Woodford County, Illinois",Woodford County,17203,00,17,203,38459,72.87587955925119,418,10.85911724,38459,391,10.15769101,38459,-94,-100,6,-2.44200244,-2.59787494,0.1558725,27,0.70142623,38459,38459,-1
"Wichita County, Kansas",Wichita County,20203,00,20,203,2119,2.9489274220968995,28,13.23564169,2119,16,7.56322382,2119,-7,-7,0,-3.30891042,-3.30891042,0,12,5.67241787,2119,2119,2
"Rockcastle County, Kentucky",Rockcastle County,21203,00,21,203,16695,52.740922644067695,164,9.78578674,16695,243,14.49967182,16695,-48,-48,0,-2.8641327,-2.8641327,0,-79,-4.71388508,16695,16695,-1
"Shannon County, Missouri",Shannon County,29203,00,29,203,8166,8.13491612,92,11.25038215,8166,81,9.90522776,8166,-35,-35,0,-4.28003669,-4.28003669,0,11,1.34515439,8166,8166,1
"Harrison County, Texas",Harrison County,48203,00,48,203,66553,73.94302896806961,725,10.89103705,66553,701,10.53050617,66553,-53,-93,40,-0.79617236,-1.39705717,0.6008848000000001,24,0.36053088,66553,66553,-2
"Mitchell County, Georgia",Mitchell County,13205,00,13,205,21863,42.68799695681081,245,11.13686986,21863,236,10.72776035,21863,-281,-289,8,-12.77330788,-13.13696077,0.36365289,9,0.4091095,21863,21863,0
"Wilson County, Kansas",Wilson County,20205,00,20,205,8525,14.945079025940233,107,12.44837415,8525,110,12.79739399,8525,-140,-141,1,-16.28759234,-16.40393229,0.11633995,-3,-0.34901984,8525,8525,2
"Rowan County, Kentucky",Rowan County,21205,00,21,205,24460,87.40717669808724,268,10.94704164,24460,215,8.78214162,24460,-96,-91,-5,-3.92132835,-3.7170925,-0.20423585,53,2.16490003,24460,24460,0
"Shelby County, Missouri",Shelby County,29205,00,29,205,5930,11.839555377152683,76,12.74419385,5930,51,8.55202482,5930,-93,-93,0,-15.59486879,-15.59486879,0,25,4.19216903,5930,5930,1
"Hartley County, Texas",Hartley County,48205,00,48,205,5576,3.8140815086326314,64,11.44185215,5576,25,4.4694735,5576,-72,-85,13,-12.87208367,-15.19620989,2.32412622,39,6.97237865,5576,5576,-2
"Monroe County, Georgia",Monroe County,13207,00,13,207,27578,69.62531183718106,241,8.7507489,27578,342,12.4180752,27578,179,187,-8,6.49951889,6.79000018,-0.29048129,-101,-3.6673263,27578,27578,-3
"Woodson County, Kansas",Woodson County,20207,00,20,207,3138,6.303500096428989,35,11.07244543,3138,40,12.65422335,3138,-40,-40,0,-12.65422335,-12.65422335,0,-5,-1.58177792,3138,3138,-1
"Russell County, Kentucky",Russell County,21207,00,21,207,17923,70.64852847860489,203,11.36840926,17923,224,12.5444516,17923,156,149,7,8.73631451,8.34430039,0.39201411,-21,-1.17604234,17923,17923,-2
"Stoddard County, Missouri",Stoddard County,29207,00,29,207,29025,35.25797726994189,328,11.25426753,29025,388,13.312975,29025,-179,-177,-2,-6.14181063,-6.07318705,-0.06862358,-60,-2.05870747,29025,29025,0
"Haskell County, Texas",Haskell County,48207,00,48,207,5658,6.264857606968796,42,7.39631945,5658,66,11.62278771,5658,-16,-52,36,-2.8176455,-9.15734789,6.33970239,-24,-4.22646826,5658,5658,-1
"Montgomery County, Georgia",Montgomery County,13209,00,13,209,9172,38.03518229193197,102,11.12322792,9172,86,9.37840785,9172,-11,-14,3,-1.19956379,-1.52671756,0.32715376,16,1.74482007,9172,9172,-1
"Wyandotte County, Kansas",Wyandotte County,20209,00,20,209,165429,1090.9501501250086,2477,14.97808012,165429,1423,8.60468632,165429,-945,-1445,500,-5.71428571,-8.73771731,3.02343159,1054,6.3733938,165429,165429,-1
"Scott County, Kentucky",Scott County,21209,00,21,209,57004,202.3086506305618,702,12.42785823,57004,437,7.73643027,57004,770,776,-6,13.63169635,13.73791736,-0.10622101,265,4.69142796,57004,57004,1
"Stone County, Missouri",Stone County,29209,00,29,209,31952,68.87971434016754,253,7.94935038,31952,403,12.66240397,31952,401,406,-5,12.59956326,12.75666504,-0.15710179,-150,-4.71305359,31952,31952,0
"Hays County, Texas",Hays County,48209,00,48,209,230191,339.50234076572735,2638,11.64944789,230191,1147,5.06516934,230191,5963,5751,212,26.33269816,25.39650296,0.93619521,1491,6.58427854,230191,230191,31
"Morgan County, Georgia",Morgan County,13211,00,13,211,19276,55.485930865796526,215,11.28401606,19276,172,9.02721285,19276,400,399,1,20.99351825,20.94103446,0.0524838,43,2.25680321,19276,19276,2
"Shelby County, Kentucky",Shelby County,21211,00,21,211,49024,129.08718966575046,550,11.33051101,49024,389,8.01376142,49024,801,776,25,16.50134421,15.98632098,0.51502323,161,3.31674959,49024,49024,3
"Sullivan County, Missouri",Sullivan County,29211,00,29,211,6089,9.396868695564862,86,13.95877293,6089,71,11.52410323,6089,-159,-169,10,-25.80749878,-27.43061191,1.62311313,15,2.4346697,6089,6089,0
"Hemphill County, Texas",Hemphill County,48211,00,48,211,3819,4.213901238171353,43,11.22129436,3819,20,5.21920668,3819,-48,-49,1,-12.52609603,-12.78705637,0.26096033,23,6.00208768,3819,3819,-1
"Murray County, Georgia",Murray County,13213,00,13,213,40096,116.39102131333848,475,11.86921376,40096,416,10.39493247,40096,97,76,21,2.42381839,1.8990742,0.52474419,59,1.47428129,40096,40096,-3
"Simpson County, Kentucky",Simpson County,21213,00,21,213,18572,79.29791590724668,228,12.332657199999998,18572,180,9.73630832,18572,121,118,3,6.54496281,6.38269101,0.16227181,48,2.59634888,18572,18572,0
"Taney County, Missouri",Taney County,29213,00,29,213,55928,88.44182558843667,615,11.01686566,55928,555,9.9420495,55928,152,145,7,2.72286761,2.59747239,0.12539522,60,1.07481616,55928,55928,-3
"Henderson County, Texas",Henderson County,48213,00,48,213,82737,94.69136263,894,10.84688182,82737,1105,13.40694006,82737,845,836,9,10.25236593,10.14316913,0.1091968,-211,-2.56005824,82737,82737,0
"Muscogee County, Georgia",Muscogee County,13215,00,13,215,195769,904.3316768849288,2774,14.2279029,195769,1922,9.85797742,195769,748,544,204,3.83650734,2.79018716,1.04632018,852,4.36992548,195769,195769,0
"Spencer County, Kentucky",Spencer County,21215,00,21,215,19351,103.63457173898566,205,10.68487439,19351,147,7.66183676,19351,272,262,10,14.17700407,13.65579068,0.52121338,58,3.02303763,19351,19351,0
"Texas County, Missouri",Texas County,29215,00,29,215,25398,21.573720883933905,268,10.52962439,25398,290,11.39399654,25398,-86,-75,-11,-3.37890932,-2.94672324,-0.43218608,-22,-0.86437215,25398,25398,0
"Hidalgo County, Texas",Hidalgo County,48215,00,48,215,868707,553.0289832367225,14054,16.23796581,868707,4597,5.31136536,868707,-3056,-3038,-18,-3.53089679,-3.51009962,-0.02079717,9457,10.92660044,868707,868707,8
"Newton County, Georgia",Newton County,13217,00,13,217,111744,408.1215527941449,1373,12.41606945,111744,906,8.19297809,111744,1859,1822,37,16.81097823,16.47638641,0.33459182,467,4.22309136,111744,111744,-3
"Taylor County, Kentucky",Taylor County,21217,00,21,217,25769,96.74185314575952,324,12.63576624,25769,302,11.77778211,25769,234,227,7,9.12583117,8.85283622,0.27299495,22,0.85798413,25769,25769,-1
"Vernon County, Missouri",Vernon County,29217,00,29,217,20563,24.88288181694034,242,11.78906345,20563,227,11.05833638,20563,58,55,3,2.82547802,2.6793326,0.14614541,15,0.73072707,20563,20563,-2
"Hill County, Texas",Hill County,48217,00,48,217,36649,38.221571309410926,404,11.09676711,36649,427,11.72851375,36649,506,510,-4,13.89842613,14.00829511,-0.10986898,-23,-0.63174664,36649,36649,1
"Oconee County, Georgia",Oconee County,13219,00,13,219,40280,218.5154123974479,359,9.00223175,40280,249,6.24388776,40280,697,693,4,17.47787056,17.37756714,0.10030342,110,2.75834399,40280,40280,-5
"Todd County, Kentucky",Todd County,21219,00,21,219,12294,32.827508203010595,170,13.82113821,12294,126,10.24390244,12294,-57,-62,5,-4.63414634,-5.04065041,0.40650407,44,3.57723577,12294,12294,1
"Warren County, Missouri",Warren County,29219,00,29,219,35649,83.17403837089319,416,11.81566428,35649,313,8.89015125,35649,778,771,7,22.09756444,21.89874317,0.19882127,103,2.92551303,35649,35649,2
"Hockley County, Texas",Hockley County,48219,00,48,219,23021,25.34258768272077,306,13.30666203,23021,201,8.74065055,23021,-55,-54,-1,-2.3917203,-2.34823448,-0.04348582,105,4.56601148,23021,23021,0
"Sitka City and Borough, Alaska",Sitka City and Borough,02220,00,02,220,8493,2.959217590484453,77,9.0338476,8493,58,6.80471637,8493,-80,-96,16,-9.38581569,-11.26297882,1.87716314,19,2.22913123,8493,8493,0
"Oglethorpe County, Georgia",Oglethorpe County,13221,00,13,221,15259,34.75360396841747,163,10.74524539,15259,154,10.15194964,15259,169,166,3,11.1407759,10.94301065,0.19776525,9,0.59329576,15259,15259,1
"Trigg County, Kentucky",Trigg County,21221,00,21,221,14651,33.180015578057194,153,10.44047903,14651,163,11.12286328,14651,3,4,-1,0.20471528,0.2729537,-0.06823843,-10,-0.68238425,14651,14651,0
"Washington County, Missouri",Washington County,29221,00,29,221,24730,32.545210726892215,274,11.03437167,24730,271,10.91355738,24730,-207,-206,-1,-8.33618589,-8.29591446,-0.04027143,3,0.12081429,24730,24730,1
"Hood County, Texas",Hood County,48221,00,48,221,61643,146.52183800989135,627,10.29387621,61643,736,12.08340174,61643,1567,1565,2,25.72648169,25.69364636,0.03283533,-109,-1.78952553,61643,61643,8
"Paulding County, Georgia",Paulding County,13223,00,13,223,168667,540.0298342902045,1860,11.18057225,168667,1079,6.48593412,168667,3825,3820,5,22.99230584,22.96225054,0.0300553,781,4.69463813,168667,168667,8
"Trimble County, Kentucky",Trimble County,21223,00,21,223,8471,55.85962974731753,82,9.6817994,8471,94,11.09864809,8471,15,16,-1,1.77106087,1.88913159,-0.11807072,-12,-1.41684869,8471,8471,0
"Wayne County, Missouri",Wayne County,29223,00,29,223,12873,16.956329125321904,124,9.53662757,12873,201,15.45856566,12873,-182,-180,-2,-13.99730821,-13.84349164,-0.15381657,-77,-5.92193809,12873,12873,0
"Hopkins County, Texas",Hopkins County,48223,00,48,223,37084,48.322453686269235,444,12.02893446,37084,386,10.45758717,37084,287,296,-9,7.77545989,8.01928964,-0.24382975,58,1.57134729,37084,37084,1
"Peach County, Georgia",Peach County,13225,00,13,225,27546,183.2925042,339,12.34770256,27546,283,10.30796409,27546,130,119,11,4.73510718,4.33444426,0.40066292,56,2.03973848,27546,27546,-3
"Union County, Kentucky",Union County,21225,00,21,225,14381,41.94472840583962,151,10.46721198,14381,160,11.09108554,14381,-81,-72,-9,-5.61486205,-4.99098849,-0.62387356,-9,-0.62387356,14381,14381,0
"Webster County, Missouri",Webster County,29225,00,29,225,39592,66.81481724108274,572,14.523111300000002,39592,378,9.59744068,39592,218,218,0,5.53503193,5.53503193,0,194,4.92567061,39592,39592,1
"Houston County, Texas",Houston County,48225,00,48,225,22968,18.657979422400857,209,9.07985055,22968,300,13.0332783,22968,-8,-14,6,-0.34755409,-0.60821965,0.26066557,-91,-3.95342775,22968,22968,-1
"Pickens County, Georgia",Pickens County,13227,00,13,227,32591,140.44249789785067,297,9.194334800000002,32591,349,10.80411733,32591,627,625,2,19.41026236,19.34834765,0.06191471,-52,-1.60978252,32591,32591,2
"Warren County, Kentucky",Warren County,21227,00,21,227,132896,245.32231999405107,1723,13.07055673,132896,1000,7.58592962,132896,1419,1308,111,10.76443413,9.92239594,0.84203819,723,5.48462711,132896,132896,4
"Worth County, Missouri",Worth County,29227,00,29,227,2013,7.5498268433596545,23,11.38895766,2013,18,8.9130973,2013,-18,-18,0,-8.9130973,-8.9130973,0,5,2.47586036,2013,2013,0
"Howard County, Texas",Howard County,48227,00,48,227,36664,40.70198246875984,438,12.06794418,36664,349,9.61578201,36664,649,568,81,17.8814972,15.64975409,2.2317431,89,2.45216217,36664,36664,1
"Pierce County, Georgia",Pierce County,13229,00,13,229,19465,57.17439267,263,13.53820812,19465,226,11.63359329,19465,39,47,-8,2.00756698,2.4193756,-0.41180861,37,1.90461483,19465,19465,1
"Washington County, Kentucky",Washington County,21229,00,21,229,12095,40.72773071143875,146,12.1071399,12095,132,10.94618128,12095,58,53,5,4.80968571,4.39505763,0.41462808,14,1.16095862,12095,12095,0
"Wright County, Missouri",Wright County,29229,00,29,229,18289,26.825579067726295,243,13.32382937,18289,243,13.32382937,18289,104,111,-7,5.70237965,6.08619366,-0.38381401,0,0,18289,18289,-2
"Hudspeth County, Texas",Hudspeth County,48229,00,48,229,4886,1.069023707870018,37,7.64936944,4886,17,3.51457515,4886,76,18,58,15.71221832,3.72131486,11.99090345,20,4.13479429,4886,4886,2
"Skagway Municipality, Alaska",Skagway Municipality,02230,00,02,230,1183,2.7262276168383193,8,6.80272109,1183,14,11.9047619,1183,20,20,0,17.00680272,17.00680272,0,-6,-5.10204082,1183,1183,0
"Pike County, Georgia",Pike County,13231,00,13,231,18962,87.75204972382713,205,10.90164588,18962,189,10.05078572,18962,299,299,0,15.90044936,15.90044936,0,16,0.85086017,18962,18962,0
"Wayne County, Kentucky",Wayne County,21231,00,21,231,20333,44.37738078959387,216,10.59784609,20333,208,10.20533327,20333,-106,-107,1,-5.20079484,-5.24985894,0.0490641,8,0.39251282,20333,20333,1
"Hunt County, Texas",Hunt County,48231,00,48,231,98594,117.31581037439348,1206,12.35655738,98594,981,10.05122951,98594,1759,1686,73,18.02254098,17.27459016,0.74795082,225,2.30532787,98594,98594,4
"Polk County, Georgia",Polk County,13233,00,13,233,42613,137.3138122861759,580,13.6536447,42613,489,11.51143493,42613,176,181,-5,4.14317494,4.26087878,-0.11770383,91,2.14220977,42613,42613,0
"Webster County, Kentucky",Webster County,21233,00,21,233,12942,38.970321485991455,178,13.69599508,12942,142,10.92601854,12942,-143,-145,2,-11.00296234,-11.15684992,0.15388759,36,2.76997653,12942,12942,-2
"Hutchinson County, Texas",Hutchinson County,48233,00,48,233,20938,23.59422857573605,256,12.1739544,20938,215,10.22421951,20938,-224,-226,2,-10.6522101,-10.74731911,0.09510902,41,1.94973488,20938,20938,2
"Pulaski County, Georgia",Pulaski County,13235,00,13,235,11137,44.68000837,92,8.28194626,11137,114,10.26241167,11137,77,79,-2,6.93162893,7.11167124,-0.18004231,-22,-1.98046541,11137,11137,2
"Whitley County, Kentucky",Whitley County,21235,00,21,235,36264,82.82650877639196,528,14.59268984,36264,473,13.07261798,36264,109,115,-6,3.01250605,3.17833207,-0.16582602,55,1.52007186,36264,36264,-1
"Irion County, Texas",Irion County,48235,00,48,235,1536,1.4607094502862523,15,9.82961992,1536,11,7.20838794,1536,17,17,0,11.14023591,11.14023591,0,4,2.62123198,1536,1536,-1
"Putnam County, Georgia",Putnam County,13237,00,13,237,22119,64.17222631761523,212,9.64974169,22119,276,12.56287125,22119,360,357,3,16.38635381,16.24980086,0.13655295,-64,-2.91312957,22119,22119,3
"Wolfe County, Kentucky",Wolfe County,21237,00,21,237,7157,32.21398649782341,86,11.98105322,7157,101,14.0707718,7157,-28,-24,-4,-3.90080802,-3.34354974,-0.55725829,-15,-2.08971858,7157,7157,1
"Jack County, Texas",Jack County,48237,00,48,237,8935,9.808549384211195,82,9.23423423,8935,76,8.55855856,8935,102,102,0,11.48648649,11.48648649,0,6,0.67567568,8935,8935,2
"Quitman County, Georgia",Quitman County,13239,00,13,239,2299,15.201265197631638,16,7.01908313,2299,24,10.528624699999998,2299,46,46,0,20.17986401,20.17986401,0,-8,-3.50954157,2299,2299,1
"Woodford County, Kentucky",Woodford County,21239,00,21,239,26734,140.62281051318064,280,10.52137154,26734,232,8.71770784,26734,196,195,1,7.36496008,7.32738375,0.03757633,48,1.80366369,26734,26734,-1
"Jackson County, Texas",Jackson County,48239,00,48,239,14760,17.79507991043144,221,14.93545989,14760,155,10.4750963,14760,-140,-151,11,-9.46137731,-10.20477124,0.74339393,66,4.46036359,14760,14760,0
"Southeast Fairbanks Census Area, Alaska",Southeast Fairbanks Census Area,02240,00,02,240,6893,0.27768842040130404,109,15.76283442,6893,35,5.06146059,6893,-117,-129,12,-16.9197397,-18.65509761,1.73535792,74,10.70137383,6893,6893,-1
"Rabun County, Georgia",Rabun County,13241,00,13,241,17137,46.298680688664426,144,8.47208331,17137,212,12.47278932,17137,347,347,0,20.41536742,20.41536742,0,-68,-4.00070601,17137,17137,1
"Jasper County, Texas",Jasper County,48241,00,48,241,35529,37.850963965296664,422,11.8376392,35529,430,12.06204943,35529,-231,-219,-12,-6.47984516,-6.14322982,-0.33661533,-8,-0.22441022,35529,35529,-1
"Randolph County, Georgia",Randolph County,13243,00,13,243,6778,15.82771918694961,63,9.27152318,6778,71,10.44885946,6778,-26,-25,-1,-3.8263429,-3.67917586,-0.14716703,-8,-1.17733628,6778,6778,0
"Jeff Davis County, Texas",Jeff Davis County,48243,00,48,243,2274,1.0041705028882166,15,6.64157627,2274,18,7.96989152,2274,34,32,2,15.05423954,14.16869604,0.8855434999999999,-3,-1.32831525,2274,2274,0
"Richmond County, Georgia",Richmond County,13245,00,13,245,202518,624.4157207511571,2893,14.31522694,202518,2040,10.09438747,202518,6,-76,82,0.02968937,-0.37606542,0.40575479,853,4.22083947,202518,202518,-8
"Jefferson County, Texas",Jefferson County,48245,00,48,245,251565,287.0527353870326,3323,13.16563622,251565,2538,10.05548743,251565,-2464,-2823,359,-9.76230143,-11.18464973,1.4223483,785,3.11014879,251565,251565,10
"Rockdale County, Georgia",Rockdale County,13247,00,13,247,90896,700.1777379606415,971,10.70556392,90896,750,8.26897316,90896,174,136,38,1.91840177,1.49944047,0.41896131,221,2.43659076,90896,90896,-4
"Jim Hogg County, Texas",Jim Hogg County,48247,00,48,247,5200,4.5767674130515825,56,10.77752117,5200,57,10.96997691,5200,9,-11,20,1.73210162,-2.11701309,3.8491147,-1,-0.19245574,5200,5200,0
"Schley County, Georgia",Schley County,13249,00,13,249,5257,31.49628578637695,46,8.77276628,5257,38,7.2470678,5257,19,7,12,3.6235339,1.33498617,2.28854773,8,1.52569848,5257,5257,0
"Jim Wells County, Texas",Jim Wells County,48249,00,48,249,40482,46.79081824749747,510,12.55570053,40482,407,10.01994141,40482,-377,-424,47,-9.28137079,-10.43846476,1.15709397,103,2.53575913,40482,40482,0
"Screven County, Georgia",Screven County,13251,00,13,251,13966,21.626845312807173,196,14.03709804,13966,176,12.6047411,13966,-14,-17,3,-1.00264986,-1.2175034,0.21485354,20,1.43235694,13966,13966,0
"Johnson County, Texas",Johnson County,48251,00,48,251,175817,242.49883704201136,2155,12.42296895,175817,1464,8.43954828,175817,4000,4018,-18,23.05887507,23.16264001,-0.10376494,691,3.98342067,175817,175817,5
"Seminole County, Georgia",Seminole County,13253,00,13,253,8090,34.05800919410248,94,11.49144254,8090,116,14.1809291,8090,-158,-157,-1,-19.31540342,-19.19315403,-0.12224939,-22,-2.68948655,8090,8090,0
"Jones County, Texas",Jones County,48253,00,48,253,20083,21.62786361925585,156,7.809957700000001,20083,156,7.809957700000001,20083,219,218,1,10.96397907,10.91391524,0.05006383,0,0,20083,20083,-2
"Spalding County, Georgia",Spalding County,13255,00,13,255,66703,340.33316597393787,824,12.40870416,66703,827,12.45388148,66703,598,595,3,9.00534598,8.96016866,0.04517732,-3,-0.04517732,66703,66703,1
"Karnes County, Texas",Karnes County,48255,00,48,255,15601,20.870986514156822,165,10.55628419,15601,157,10.04446435,15601,-68,-154,86,-4.35046864,-9.85253191,5.50206327,8,0.51181984,15601,15601,1
"Stephens County, Georgia",Stephens County,13257,00,13,257,25925,144.71096829275854,317,12.20827236,25925,356,13.71023646,25925,-42,-42,0,-1.61749981,-1.61749981,0,-39,-1.50196411,25925,25925,-1
"Kaufman County, Texas",Kaufman County,48257,00,48,257,136154,174.4021854422011,1796,13.58378115,136154,1056,7.98690027,136154,7120,7124,-4,53.85107003,53.88132344,-0.03025341,740,5.59688087,136154,136154,15
"Stewart County, Georgia",Stewart County,13259,00,13,259,6621,14.432745553399451,34,5.20833333,6621,62,9.49754902,6621,215,45,170,32.93504902,6.89338235,26.04166667,-28,-4.28921569,6621,6621,-1
"Kendall County, Texas",Kendall County,48259,00,48,259,47431,71.59894247508556,403,8.66349937,47431,392,8.42702668,47431,1816,1789,27,39.03949094,38.45905798,0.58043296,11,0.23647269,47431,47431,1
"Valdez-Cordova Census Area, Alaska",Valdez-Cordova Census Area,02261,00,02,261,9202,0.2688924613699486,118,12.85193051,9202,58,6.31705059,9202,-19,-13,-6,-2.06937864,-1.41589065,-0.65348799,60,6.53487992,9202,9202,0
"Sumter County, Georgia",Sumter County,13261,00,13,261,29524,61.141831578263485,377,12.71072151,29524,339,11.42953473,29524,-313,-340,27,-10.55293324,-11.46325017,0.91031693,38,1.28118678,29524,29524,3
"Kenedy County, Texas",Kenedy County,48261,00,48,261,404,0.27700584056425503,6,14.26872771,404,0,0,404,-39,-48,9,-92.74673008,-114.1498216,21.40309156,6,14.26872771,404,404,0
"Talbot County, Georgia",Talbot County,13263,00,13,263,6195,15.828711181704303,63,10.09211053,6195,91,14.57749299,6195,-67,-67,0,-10.73287946,-10.73287946,0,-28,-4.48538246,6195,6195,0
"Kent County, Texas",Kent County,48263,00,48,263,762,0.8443148773223024,4,5.37634409,762,6,8.06451613,762,39,39,0,52.41935484,52.41935484,0,-2,-2.68817204,762,762,-1
"Taliaferro County, Georgia",Taliaferro County,13265,00,13,265,1537,7.897949128243858,13,8.25658939,1537,27,17.14830105,1537,-61,-62,1,-38.74245792,-39.37758018,0.63512226,-14,-8.89171165,1537,1537,0
"Kerr County, Texas",Kerr County,48265,00,48,265,52600,47.67399380469271,530,10.09379612,52600,747,14.22653907,52600,403,374,29,7.67509403,7.12279198,0.55230205,-217,-4.13274294,52600,52600,-1
"Tattnall County, Georgia",Tattnall County,13267,00,13,267,25286,52.58893524199323,254,10.00571192,25286,245,9.65117882,25286,-210,-242,32,-8.27243899,-9.53300112,1.26056213,9,0.3545331,25286,25286,2
"Kimble County, Texas",Kimble County,48267,00,48,267,4337,3.466868148526322,48,11.06628242,4337,66,15.21613833,4337,16,16,0,3.68876081,3.68876081,0,-18,-4.14985591,4337,4337,1
"Taylor County, Georgia",Taylor County,13269,00,13,269,8020,21.29092335,86,10.72319202,8020,83,10.34912718,8020,-2,-2,0,-0.24937656,-0.24937656,0,3,0.37406484,8020,8020,-1
"King County, Texas",King County,48269,00,48,269,272,0.2986147904663276,4,14.59854015,272,0,0,272,-8,-8,0,-29.19708029,-29.19708029,0,4,14.59854015,272,272,0
"Telfair County, Georgia",Telfair County,13271,00,13,271,15860,36.267389157240025,137,8.60714959,15860,156,9.80084187,15860,-96,-146,50,-6.0312873,-9.17258277,3.14129547,-19,-1.19369228,15860,15860,1
"Kinney County, Texas",Kinney County,48271,00,48,271,3667,2.6962148688393888,37,10.05571409,3667,40,10.87104226,3667,-22,-42,20,-5.97907324,-11.41459437,5.43552113,-3,-0.81532817,3667,3667,0
"Terrell County, Georgia",Terrell County,13273,00,13,273,8531,25.40962698513983,98,11.44993574,8531,115,13.43614908,8531,-38,-38,0,-4.439771,-4.439771,0,-17,-1.98621334,8531,8531,-1
"Kleberg County, Texas",Kleberg County,48273,00,48,273,30680,34.81196380356112,402,13.09403602,30680,245,7.98019608,30680,-200,-241,41,-6.51444578,-7.84990717,1.33546139,157,5.11383994,30680,30680,1
"Wrangell City and Borough, Alaska",Wrangell City and Borough,02275,00,02,275,2502,0.9788750159154952,21,8.33333333,2502,34,13.49206349,2502,-25,-30,5,-9.92063492,-11.9047619,1.98412698,-13,-5.15873016,2502,2502,2
"Thomas County, Georgia",Thomas County,13275,00,13,275,44451,81.61792865105333,531,11.96147998,44451,516,11.62358507,44451,105,87,18,2.3652644,1.95979051,0.4054739,15,0.33789491,44451,44451,-3
"Knox County, Texas",Knox County,48275,00,48,275,3664,4.307440485565429,41,11.19301119,3664,37,10.1010101,3664,-2,-6,4,-0.54600055,-1.63800164,1.09200109,4,1.09200109,3664,3664,0
"Tift County, Georgia",Tift County,13277,00,13,277,40644,155.79031620171918,554,13.64767324,40644,419,10.3219767,40644,-34,-30,-4,-0.83758283,-0.73904368,-0.09853916,135,3.32569655,40644,40644,1
"Lamar County, Texas",Lamar County,48277,00,48,277,49859,54.95945477175631,619,12.43121661,49859,661,13.27469173,49859,174,172,2,3.49439692,3.45423143,0.04016548,-42,-0.84347512,49859,49859,-2
"Toombs County, Georgia",Toombs County,13279,00,13,279,26830,73.70699295756995,372,13.84649743,26830,308,11.46430433,26830,-135,-118,-17,-5.02493858,-4.39216854,-0.63277004,64,2.38219311,26830,26830,-1
"Lamb County, Texas",Lamb County,48279,00,48,279,12893,12.687695370733197,167,12.84813048,12893,141,10.84782274,12893,-236,-236,0,-18.15663948,-18.15663948,0,26,2.00030774,12893,12893,0
"Towns County, Georgia",Towns County,13281,00,13,281,12037,72.30995342448853,94,7.86512153,12037,181,15.14454253,12037,257,253,4,21.50357696,21.16889093,0.33468602,-87,-7.27942099,12037,12037,1
"Lampasas County, Texas",Lampasas County,48281,00,48,281,21428,30.059983767714087,204,9.58601569,21428,210,9.86795733,21428,299,298,1,14.05009163,14.00310136,0.04699027,-6,-0.28194164,21428,21428,1
"Yakutat City and Borough, Alaska",Yakutat City and Borough,02282,00,02,282,579,0.075951576,4,6.80851064,579,1,1.70212766,579,-21,-22,1,-35.74468085,-37.44680851,1.70212766,3,5.10638298,579,579,1
"Treutlen County, Georgia",Treutlen County,13283,00,13,283,6901,34.60307884079088,71,10.35438238,6901,74,10.7918915,6901,91,85,6,13.27110981,12.39609159,0.87501823,-3,-0.43750911,6901,6901,0
"La Salle County, Texas",La Salle County,48283,00,48,283,7520,5.058168597299632,92,12.25604476,7520,41,5.46193299,7520,-24,-45,21,-3.19722907,-5.9948045,2.79757543,51,6.79411177,7520,7520,0
"Troup County, Georgia",Troup County,13285,00,13,285,69922,168.89065720550445,886,12.65714286,69922,763,10.9,69922,-283,-377,94,-4.04285714,-5.38571429,1.34285714,123,1.75714286,69922,69922,4
"Lavaca County, Texas",Lavaca County,48285,00,48,285,20154,20.78354975630229,224,11.12545942,20154,241,11.96980232,20154,59,47,12,2.93036654,2.33435979,0.59600675,-17,-0.8443429,20154,20154,-2
"Turner County, Georgia",Turner County,13287,00,13,287,7985,27.976777944008056,111,13.96841377,7985,92,11.57742402,7985,59,59,0,7.42465236,7.42465236,0,19,2.39098974,7985,7985,-1
"Lee County, Texas",Lee County,48287,00,48,287,17239,27.406053819708923,208,12.11556384,17239,164,9.5526561,17239,99,108,-9,5.7665424000000005,6.29077353,-0.52423113,44,2.56290774,17239,17239,-1
"Twiggs County, Georgia",Twiggs County,13289,00,13,289,8120,22.602039598481817,72,8.83760894,8120,141,17.30698417,8120,16,2,14,1.9639131,0.24548914,1.71842396,-69,-8.46937523,8120,8120,-1
"Leon County, Texas",Leon County,48289,00,48,289,17404,16.217580636850286,196,11.3085622,17404,212,12.23171013,17404,159,155,4,9.1737826,8.94299562,0.23078698,-16,-0.92314793,17404,17404,1
"Yukon-Koyukuk Census Area, Alaska",Yukon-Koyukuk Census Area,02290,00,02,290,5230,0.035926371117739254,76,14.35451884,5230,69,13.03239211,5230,-137,-139,2,-25.87590896,-26.25365946,0.3777505,7,1.32212674,5230,5230,1
"Union County, Georgia",Union County,13291,00,13,291,24511,76.10093030240868,167,6.89854594,24511,305,12.59914078,24511,741,747,-6,30.6097158,30.85756775,-0.24785195,-138,-5.70059484,24511,24511,3
"Liberty County, Texas",Liberty County,48291,00,48,291,88219,76.15961893320265,1208,13.88338189,88219,828,9.51609289,88219,2043,2050,-7,23.47992484,23.5603749,-0.08045006,380,4.36728901,88219,88219,-6
"Upson County, Georgia",Upson County,13293,00,13,293,26320,81.36849810795127,306,11.65603276,26320,400,15.23664413,26320,234,238,-4,8.91343682,9.06580326,-0.15236644,-94,-3.58061137,26320,26320,-5
"Limestone County, Texas",Limestone County,48293,00,48,293,23437,25.88493536751022,253,10.81658829,23437,279,11.92817443,23437,120,114,6,5.13039761,4.87387773,0.25651988,-26,-1.11158615,23437,23437,0
"Walker County, Georgia",Walker County,13295,00,13,295,69761,156.27807319922167,745,10.70371541,69761,835,11.9967817,69761,409,391,18,5.87626792,5.61765467,0.25861326,-90,-1.29306629,69761,69761,-1
"Lipscomb County, Texas",Lipscomb County,48295,00,48,295,3233,3.468088520748274,38,11.55893536,3233,34,10.34220532,3233,-113,-119,6,-34.37262357,-36.19771863,1.82509506,4,1.21673004,3233,3233,0
"Walton County, Georgia",Walton County,13297,00,13,297,94593,289.43895,1174,12.50299529,94593,937,9.97896643,94593,1153,1162,-9,12.27934716,12.37519636,-0.0958492,237,2.52402886,94593,94593,1
"Live Oak County, Texas",Live Oak County,48297,00,48,297,12207,11.740946620941042,129,10.59330733,12207,106,8.70457812,12207,38,26,12,3.12050914,2.1350852,0.98542394,23,1.88872921,12207,12207,-2
"Ware County, Georgia",Ware County,13299,00,13,299,35734,39.73868111198233,476,13.34810224,35734,455,12.75921538,35734,127,133,-6,3.56136341,3.7296168,-0.16825339,21,0.58888686,35734,35734,-1
"Llano County, Texas",Llano County,48299,00,48,299,21795,23.333797278822484,161,7.420209700000001,21795,348,16.03871414,21795,379,383,-4,17.46745017,17.6518032,-0.18435304,-187,-8.61850444,21795,21795,3
"Warren County, Georgia",Warren County,13301,00,13,301,5254,18.476714775098092,61,11.61794115,5254,68,12.95114751,5254,14,13,1,2.66641272,2.47595467,0.19045805,-7,-1.33320636,5254,5254,0
"Loving County, Texas",Loving County,48301,00,48,301,169,0.25268465859961814,1,6.30914826,169,0,0,169,20,20,0,126.1829653,126.1829653,0,1,6.30914826,169,169,0
"Washington County, Georgia",Washington County,13303,00,13,303,20374,30.027403293367872,219,10.73950569,20374,227,11.1318164,20374,-27,-28,1,-1.32404865,-1.37308749,0.04903884,-8,-0.39231071,20374,20374,-1
"Lubbock County, Texas",Lubbock County,48303,00,48,303,310569,346.7721240426197,3936,12.73382552,310569,2609,8.44068871,310569,1616,1366,250,5.22811536,4.41931038,0.80880497,1327,4.293136799999999,310569,310569,-1
"Wayne County, Georgia",Wayne County,13305,00,13,305,29927,46.61985652092723,360,12.05283158,29927,358,11.9858714,29927,116,108,8,3.88369018,3.61584947,0.26784070000000004,2,0.06696018,29927,29927,-1
"Lynn County, Texas",Lynn County,48305,00,48,305,5951,6.672519524410483,71,12.03491821,5951,43,7.28875328,5951,76,75,1,12.88244767,12.71294177,0.16950589,28,4.74616493,5951,5951,-1
"Webster County, Georgia",Webster County,13307,00,13,307,2607,12.452439551289787,23,8.82409361,2607,22,8.44043737,2607,0,0,0,0,0,0,1,0.38365624,2607,2607,0
"McCulloch County, Texas",McCulloch County,48307,00,48,307,7984,7.492485797711481,86,10.7728924,7984,108,13.52874859,7984,25,22,3,3.13165477,2.75585619,0.37579857,-22,-2.75585619,7984,7984,-1
"Wheeler County, Georgia",Wheeler County,13309,00,13,309,7855,26.58300320513019,64,8.12543642,7855,63,7.99847648,7855,-44,-44,0,-5.58623754,-5.58623754,0,1,0.12695994,7855,7855,0
"McLennan County, Texas",McLennan County,48309,00,48,309,256623,247.4311677107455,3460,13.54687277,256623,2231,8.73499224,256623,1197,1033,164,4.68659153,4.04448542,0.64210611,1229,4.81188053,256623,256623,1
"White County, Georgia",White County,13311,00,13,311,30798,127.92876069166718,288,9.47586615,30798,316,10.39713092,30798,832,830,2,27.37472444,27.30891982,0.06580463,-28,-0.92126476,30798,30798,6
"McMullen County, Texas",McMullen County,48311,00,48,311,743,0.6518692794889793,6,8.14111262,743,6,8.14111262,743,13,11,2,17.63907734,14.92537313,2.71370421,0,0,743,743,-1
"Whitfield County, Georgia",Whitfield County,13313,00,13,313,104628,360.24224517023043,1305,12.49539202,104628,837,8.01428592,104628,-89,-130,41,-0.85217616,-1.2447517,0.39257553,468,4.48110611,104628,104628,0
"Madison County, Texas",Madison County,48313,00,48,313,14284,30.64806734561169,170,11.86860753,14284,138,9.6345167,14284,-111,-121,10,-7.74950257,-8.44765595,0.69815338,32,2.23409083,14284,14284,0
"Wilcox County, Georgia",Wilcox County,13315,00,13,315,8635,22.85535565775538,78,8.93368457,8635,88,10.07902875,8635,-183,-184,1,-20.95979842,-21.07433284,0.11453442,-10,-1.14534418,8635,8635,1
"Marion County, Texas",Marion County,48315,00,48,315,9854,25.871391659898944,70,7.08179473,9854,138,13.96125247,9854,9,9,0,0.91051647,0.91051647,0,-68,-6.87945774,9854,9854,-2
"Wilkes County, Georgia",Wilkes County,13317,00,13,317,9777,20.824245957093986,95,9.67364187,9777,147,14.96868795,9777,-33,-39,6,-3.3603177,-3.97128456,0.61096686,-52,-5.29504608,9777,9777,-2
"Martin County, Texas",Martin County,48317,00,48,317,5771,6.307408438174337,86,15.01921062,5771,50,8.7320992,5771,57,57,0,9.95459308,9.95459308,0,36,6.28711142,5771,5771,-3
"Wilkinson County, Georgia",Wilkinson County,13319,00,13,319,8954,19.93257624717414,104,11.5574818,8954,127,14.11346336,8954,-65,-65,0,-7.22342613,-7.22342613,0,-23,-2.55598155,8954,8954,-1
"Mason County, Texas",Mason County,48319,00,48,319,4274,4.6014581764061875,34,7.96906129,4274,41,9.60975038,4274,22,15,7,5.15645142,3.51576233,1.64068909,-7,-1.64068909,4274,4274,0
"Worth County, Georgia",Worth County,13321,00,13,321,20247,35.47672799497955,213,10.50580779,20247,230,11.34429949,20247,-38,-38,0,-1.87427557,-1.87427557,0,-17,-0.8384917,20247,20247,0
"Matagorda County, Texas",Matagorda County,48321,00,48,321,36643,33.52815949416149,520,14.20590365,36643,371,10.13536587,36643,-72,-79,7,-1.96697127,-2.15820459,0.19123332,149,4.07053778,36643,36643,0
"Maverick County, Texas",Maverick County,48323,00,48,323,58722,45.89548398754865,1042,17.8122703,58722,393,6.71806356,58722,-204,-283,79,-3.4872391,-4.83768953,1.35045044,649,11.09420674,58722,58722,1
"Medina County, Texas",Medina County,48325,00,48,325,51584,38.92078233902432,595,11.61587568,51584,454,8.86320598,51584,582,578,4,11.36208344,11.28399352,0.07808992,141,2.7526697,51584,51584,-1
"Menard County, Texas",Menard County,48327,00,48,327,2138,2.370218481158454,16,7.51526538,2138,26,12.21230625,2138,28,27,1,13.15171442,12.68201033,0.46970409,-10,-4.69704086,2138,2138,0
"Midland County, Texas",Midland County,48329,00,48,329,176832,196.40196186695837,2998,17.16394198,176832,1140,6.52664905,176832,2452,2124,328,14.03802059,12.16017771,1.87784289,1858,10.63729293,176832,176832,17
"Milam County, Texas",Milam County,48331,00,48,331,24823,24.409933683851232,268,10.74837571,24823,285,11.43017566,24823,-203,-208,5,-8.14149354,-8.34202294,0.2005294,-17,-0.68179995,24823,24823,-2
"Mills County, Texas",Mills County,48333,00,48,333,4873,6.512836300601611,30,6.1500615,4873,71,14.55514555,4873,32,33,-1,6.560065600000001,6.76506765,-0.20500205,-41,-8.40508405,4873,4873,-1
"Mitchell County, Texas",Mitchell County,48335,00,48,335,8545,9.378880601979288,100,11.71646163,8545,64,7.49853544,8545,-15,-14,-1,-1.75746924,-1.64030463,-0.11716462,36,4.21792619,8545,8545,-1
"Montague County, Texas",Montague County,48337,00,48,337,19818,21.28894471851124,204,10.35480432,19818,258,13.09578194,19818,288,294,-6,14.61854728,14.92310035,-0.30455307,-54,-2.74097762,19818,19818,0
"Montgomery County, Texas",Montgomery County,48339,00,48,339,607391,582.7469638171398,7387,12.34086309,607391,4165,6.95812844,607391,14365,13423,942,23.99844298,22.42471982,1.57372317,3222,5.38273465,607391,607391,34
"Moore County, Texas",Moore County,48341,00,48,341,20940,23.27447501816914,369,17.56181139,20940,130,6.18708802,20940,-386,-415,29,-18.37089213,-19.75108869,1.38019656,239,11.37472337,20940,20940,4
"Morris County, Texas",Morris County,48343,00,48,343,12388,49.16083470360501,141,11.42116561,12388,153,12.3931797,12388,99,101,-2,8.01911628,8.18111863,-0.16200235,-12,-0.97201409,12388,12388,-2
"Motley County, Texas",Motley County,48345,00,48,345,1200,1.2126529200431653,12,9.86842105,1200,15,12.33552632,1200,-28,-28,0,-23.02631579,-23.02631579,0,-3,-2.46710526,1200,1200,-1
"Nacogdoches County, Texas",Nacogdoches County,48347,00,48,347,65204,68.88541323774469,770,11.81298661,65204,604,9.2662908,65204,-123,-125,2,-1.88700955,-1.91769263,0.03068308,166,2.54669582,65204,65204,0
"Navarro County, Texas",Navarro County,48349,00,48,349,50113,49.63414141241945,678,13.60776325,50113,537,10.77783018,50113,437,428,9,8.77078546,8.59015143,0.18063403,141,2.82993307,50113,50113,-1
"Newton County, Texas",Newton County,48351,00,48,351,13595,14.560708033003852,112,8.19132597,13595,176,12.87208367,13595,-94,-94,0,-6.87486287,-6.87486287,0,-64,-4.6807577,13595,13595,2
"Nolan County, Texas",Nolan County,48353,00,48,353,14714,16.133821598239933,187,12.67238166,14714,173,11.72364721,14714,-100,-115,15,-6.77667469,-7.79317589,1.0165011999999998,14,0.94873446,14714,14714,1
"Nueces County, Texas",Nueces County,48355,00,48,355,362294,432.1790450614552,4467,12.33432737,362294,2976,8.21736249,362294,-1225,-1571,346,-3.38248288,-4.33786172,0.95537884,1491,4.11696488,362294,362294,2
"Ochiltree County, Texas",Ochiltree County,48357,00,48,357,9836,10.718279807897977,139,14.11024261,9836,64,6.49680236,9836,-106,-100,-6,-10.7603289,-10.15125368,-0.60907522,75,7.61344026,9836,9836,1
"Oldham County, Texas",Oldham County,48359,00,48,359,2112,1.4075090670685664,24,11.34751773,2112,12,5.67375887,2112,-19,-19,0,-8.98345154,-8.98345154,0,12,5.67375887,2112,2112,1
"Orange County, Texas",Orange County,48361,00,48,361,83396,249.8489030070973,1014,12.15317313,83396,940,11.26625517,83396,-150,-147,-3,-1.79780668,-1.76185054,-0.03595613,74,0.88691796,83396,83396,-2
"Palo Pinto County, Texas",Palo Pinto County,48363,00,48,363,29189,30.643040710306252,352,12.12476104,29189,343,11.81475294,29189,306,304,2,10.54027522,10.47138453,0.06889069,9,0.31000809,29189,29189,0
"Panola County, Texas",Panola County,48365,00,48,365,23194,28.586730346112553,254,10.96339779,23194,267,11.52451657,23194,68,53,15,2.93508287,2.28763812,0.64744475,-13,-0.56111878,23194,23194,-3
"Parker County, Texas",Parker County,48367,00,48,367,142878,158.09984838465735,1548,11.01983285,142878,1152,8.20080584,142878,4404,4369,35,31.35099734,31.10184091,0.24915643,396,2.81902701,142878,142878,8
"Parmer County, Texas",Parmer County,48369,00,48,369,9605,10.904616810570989,137,14.17925895,9605,52,5.38190851,9605,-200,-219,19,-20.69964811,-22.66611468,1.96646657,85,8.79735045,9605,9605,1
"Pecos County, Texas",Pecos County,48371,00,48,371,15823,3.3214836638434067,189,11.9878219,15823,99,6.27933528,15823,24,25,-1,1.5222631000000002,1.58569073,-0.06342763,90,5.70848662,15823,15823,0
"Polk County, Texas",Polk County,48373,00,48,373,51353,48.58166844914105,495,9.77217989,51353,641,12.65447941,51353,1531,1423,108,30.22466143,28.09254945,2.13211198,-146,-2.88229952,51353,51353,13
"Potter County, Texas",Potter County,48375,00,48,375,117415,129.2561804666635,1641,13.89935882,117415,1135,9.61351143,117415,-1805,-2221,416,-15.28844769,-18.81199021,3.52354252,506,4.28584739,117415,117415,3
"Presidio County, Texas",Presidio County,48377,00,48,377,6704,1.7389263354061024,95,14.01179941,6704,46,6.78466077,6704,-202,-221,19,-29.79351032,-32.59587021,2.80235988,49,7.22713864,6704,6704,1
"Rains County, Texas",Rains County,48379,00,48,379,12514,54.538368862095616,143,11.59725883,12514,138,11.19176027,12514,359,354,5,29.11479664,28.70929808,0.40549856,5,0.40549856,12514,12514,3
"Randall County, Texas",Randall County,48381,00,48,381,137713,151.0121225876218,1587,11.60919372,137713,1102,8.06133049,137713,1540,1474,66,11.26538017,10.78257816,0.48280201,485,3.54786324,137713,137713,-3
"Reagan County, Texas",Reagan County,48383,00,48,383,3849,3.2748696221878877,57,15.02966381,3849,17,4.48253131,3849,75,37,38,19.77587343,9.75609756,10.01977587,40,10.5471325,3849,3849,-2
"Real County, Texas",Real County,48385,00,48,385,3452,4.937361774551555,32,9.23654207,3452,53,15.2980228,3452,-4,-5,1,-1.15456776,-1.4432097,0.28864194,-21,-6.06148073,3452,3452,0
"Red River County, Texas",Red River County,48387,00,48,387,12023,11.517649086691192,120,9.93130845,12023,178,14.73144087,12023,-59,-55,-4,-4.88289332,-4.55184971,-0.33104361,-58,-4.80013242,12023,12023,-3
"Reeves County, Texas",Reeves County,48389,00,48,389,15976,6.062184228891086,186,11.81364921,15976,106,6.73250977,15976,381,330,51,24.19892661,20.95970021,3.2392263999999997,80,5.08113945,15976,15976,2
"Refugio County, Texas",Refugio County,48391,00,48,391,6948,9.017702531873192,66,9.4637224,6948,51,7.312876400000001,6948,-66,-67,1,-9.4637224,-9.60711213,0.14338973,15,2.150846,6948,6948,-1
"Roberts County, Texas",Roberts County,48393,00,48,393,854,0.9241846734446684,8,9.13242009,854,9,10.2739726,854,-45,-45,0,-51.36986301,-51.36986301,0,-1,-1.14155251,854,854,2
"Robertson County, Texas",Robertson County,48395,00,48,395,17074,19.967069159946092,211,12.30571837,17074,170,9.91455982,17074,-186,-198,12,-10.84769486,-11.54754615,0.69985128,41,2.39115855,17074,17074,0
"Rockwall County, Texas",Rockwall County,48397,00,48,397,104915,825.3606051555768,1067,10.38639937,104915,639,6.22015857,104915,3935,3871,64,38.30410638,37.6811171,0.62298928,428,4.1662408,104915,104915,6
"Runnels County, Texas",Runnels County,48399,00,48,399,10264,9.765285033727366,106,10.3708052,10264,123,12.03404755,10264,106,98,8,10.3708052,9.58810293,0.78270228,-17,-1.66324234,10264,10264,-3
"Rusk County, Texas",Rusk County,48401,00,48,401,54406,58.87859938633056,562,10.33972053,54406,557,10.24773014,54406,104,117,-13,1.91340024,2.15257527,-0.23917503,5,0.0919904,54406,54406,-4
"Sabine County, Texas",Sabine County,48403,00,48,403,10542,21.439458740957797,100,9.47059381,10542,144,13.63765508,10542,12,16,-4,1.13647126,1.51529501,-0.37882375,-44,-4.16706127,10542,10542,-2
"San Augustine County, Texas",San Augustine County,48405,00,48,405,8237,15.522268193677592,78,9.45970529,8237,118,14.31083621,8237,24,23,1,2.91067855,2.78940028,0.12127827,-40,-4.85113092,8237,8237,-1
"San Jacinto County, Texas",San Jacinto County,48407,00,48,407,28859,50.69716107134141,298,10.35153536,28859,315,10.94205919,28859,159,169,-10,5.52313464,5.8705016,-0.34736696,-17,-0.59052383,28859,28859,0
"San Patricio County, Texas",San Patricio County,48409,00,48,409,66730,96.23093784701268,915,13.7180381,66730,584,8.75555656,66730,-272,-318,46,-4.07793045,-4.76758045,0.68965,331,4.96248154,66730,66730,0
"San Saba County, Texas",San Saba County,48411,00,48,411,6055,5.333331039545899,65,10.73049938,6055,79,13.04168386,6055,9,2,7,1.48576145,0.33016921,1.15559224,-14,-2.31118448,6055,6055,0
"Schleicher County, Texas",Schleicher County,48413,00,48,413,2793,2.131017355675484,21,7.40349022,2793,26,9.16622598,2793,-81,-81,0,-28.55631941,-28.55631941,0,-5,-1.76273577,2793,2793,-1
"Scurry County, Texas",Scurry County,48415,00,48,415,16703,18.447292626669867,203,12.11397882,16703,182,10.86080859,16703,-130,-136,6,-7.75772042,-8.11576906,0.35804863,21,1.25317022,16703,16703,0
"Shackelford County, Texas",Shackelford County,48417,00,48,417,3265,3.571093307264204,29,8.89434136,3265,31,9.50774421,3265,11,11,0,3.37371569,3.37371569,0,-2,-0.61340285,3265,3265,0
"Shelby County, Texas",Shelby County,48419,00,48,419,25274,31.76765692123725,340,13.44378324,25274,296,11.70399953,25274,-75,-62,-13,-2.96554042,-2.45151341,-0.51402701,44,1.73978371,25274,25274,-2
"Sherman County, Texas",Sherman County,48421,00,48,421,3022,3.2746037832733492,39,12.7388535,3022,14,4.57292177,3022,-104,-111,7,-33.97027601,-36.25673689,2.28646089,25,8.16593173,3022,3022,0
"Smith County, Texas",Smith County,48423,00,48,423,232751,252.58578266544305,2969,12.83891892,232751,2177,9.41405405,232751,2212,2120,92,9.56540541,9.16756757,0.39783784,792,3.42486486,232751,232751,-2
"Somervell County, Texas",Somervell County,48425,00,48,425,9128,48.95219454969472,85,9.36226457,9128,105,11.56515035,9128,118,120,-2,12.9970261,13.21731468,-0.22028858,-20,-2.20288578,9128,9128,0
"Starr County, Texas",Starr County,48427,00,48,427,64633,52.840177867231894,1178,18.28028739,64633,400,6.20722832,64633,-397,-387,-10,-6.1606741,-6.0054934,-0.15518071,778,12.07305908,64633,64633,3
"Stephens County, Texas",Stephens County,48429,00,48,429,9366,10.444717323806255,108,11.50711203,9366,98,10.4416387,9366,-50,-44,-6,-5.32736668,-4.68808268,-0.639284,10,1.06547334,9366,9366,1
"Sterling County, Texas",Sterling County,48431,00,48,431,1291,1.3980192988747897,12,9.24855491,1291,18,13.87283237,1291,-7,-7,0,-5.39499037,-5.39499037,0,-6,-4.62427746,1291,1291,0
"Stonewall County, Texas",Stonewall County,48433,00,48,433,1350,1.4732963046496252,10,7.4019245,1350,14,10.3626943,1350,3,3,0,2.22057735,2.22057735,0,-4,-2.9607698,1350,1350,-1
"Sutton County, Texas",Sutton County,48435,00,48,435,3776,2.597089643484223,40,10.62699256,3776,30,7.97024442,3776,15,1,14,3.98512221,0.26567481,3.7194474,10,2.65674814,3776,3776,-1
"Swisher County, Texas",Swisher County,48437,00,48,437,7397,8.309745738,80,10.80351114,7397,66,8.91289669,7397,-29,-27,-2,-3.91627279,-3.64618501,-0.27008778,14,1.89061445,7397,7397,-1
"Tarrant County, Texas",Tarrant County,48439,00,48,439,2102515,2434.430179364604,27512,13.15117421,2102515,13796,6.59470774,2102515,7402,2546,4856,3.5382739,1.21702855,2.32124535,13716,6.55646647,2102515,2102515,-49
"Taylor County, Texas",Taylor County,48441,00,48,441,138034,150.76844948463176,2062,14.97849837,138034,1423,10.33676197,138034,107,-107,214,0.77725477,-0.77725477,1.55450953,639,4.6417364,138034,138034,-6
"Terrell County, Texas",Terrell County,48443,00,48,443,776,0.3290983800905221,6,7.56620429,776,8,10.08827238,776,-31,-32,1,-39.09205549,-40.35308953,1.26103405,-2,-2.5220681,776,776,-1
"Terry County, Texas",Terry County,48445,00,48,445,12337,13.87989845869707,181,14.66715287,12337,119,9.64304526,12337,-69,-67,-2,-5.59134557,-5.42927758,-0.16206799,62,5.02410761,12337,12337,0
"Throckmorton County, Texas",Throckmorton County,48447,00,48,447,1501,1.6448373300544117,10,6.65557404,1501,11,7.32113145,1501,-5,-5,0,-3.32778702,-3.32778702,0,-1,-0.6655574,1501,1501,3
"Titus County, Texas",Titus County,48449,00,48,449,32750,80.65254828208852,473,14.44429176,32750,264,8.06193028,32750,-204,-181,-23,-6.2296734,-5.52730826,-0.70236514,209,6.38236147,32750,32750,2
"Tom Green County, Texas",Tom Green County,48451,00,48,451,119200,78.31792725129681,1498,12.62994596,119200,1071,9.02982117,119200,756,802,-46,6.37399142,6.76182687,-0.38783546,427,3.60012478,119200,119200,3
"Travis County, Texas",Travis County,48453,00,48,453,1273954,1283.9265294362178,15147,12.01891986,1273954,6196,4.91643411,1273954,18260,13964,4296,14.48903919,11.08022691,3.40881229,8951,7.10248575,1273954,1273954,171
"Trinity County, Texas",Trinity County,48455,00,48,455,14651,21.117142871721192,139,9.47544224,14651,232,15.81512662,14651,57,48,9,3.88561301,3.27209516,0.61351784,-93,-6.33968438,14651,14651,-1
"Tyler County, Texas",Tyler County,48457,00,48,457,21672,23.444652709861156,187,8.64120515,21672,268,12.38418706,21672,145,145,0,6.70039971,6.70039971,0,-81,-3.74298191,21672,21672,-1
"Upshur County, Texas",Upshur County,48459,00,48,459,41753,71.61997005300296,452,10.90049679,41753,437,10.53875464,41753,562,566,-4,13.55327256,13.64973713,-0.09646457,15,0.36174215,41753,41753,-3
"Upton County, Texas",Upton County,48461,00,48,461,3657,2.946051176551284,42,11.51631478,3657,18,4.93556348,3657,-4,-10,6,-1.09679188,-2.74197971,1.64518783,24,6.580751299999999,3657,3657,0
"Uvalde County, Texas",Uvalde County,48463,00,48,463,26741,17.230906700004894,378,14.12344941,26741,253,9.45299656,26741,-171,-135,-36,-6.38917949,-5.04408907,-1.34509042,125,4.67045285,26741,26741,0
"Val Verde County, Texas",Val Verde County,48465,00,48,465,49025,15.589476941584955,759,15.48774142,49025,379,7.73366798,49025,-344,-329,-15,-7.01947701,-6.71339516,-0.30608185,380,7.75407344,49025,49025,1
"Van Zandt County, Texas",Van Zandt County,48467,00,48,467,56590,67.16350014368317,635,11.28327233,56590,656,11.65641992,56590,649,602,47,11.53203739,10.69689754,0.83513984,-21,-0.37314759,56590,56590,-4
"Victoria County, Texas",Victoria County,48469,00,48,469,92084,104.39103677436688,1175,12.77437732,92084,835,9.07796175,92084,-131,-156,25,-1.42420717,-1.69600244,0.27179526,340,3.69641556,92084,92084,-3
"Walker County, Texas",Walker County,48471,00,48,471,72971,93.04893783326844,592,8.10365006,72971,593,8.11733866,72971,-168,-319,151,-2.29968448,-4.36666279,2.06697831,-1,-0.0136886,72971,72971,4
"Waller County, Texas",Waller County,48473,00,48,473,55246,107.63802865121528,683,12.55999559,55246,336,6.17885581,55246,1384,1359,25,25.45100131,24.99126501,0.4597363,347,6.38113978,55246,55246,3
"Ward County, Texas",Ward County,48475,00,48,475,11998,14.358497981997026,192,16.197747500000002,11998,90,7.59269414,11998,186,180,6,15.69156789,15.18538828,0.50617961,102,8.60505336,11998,11998,1
"Washington County, Texas",Washington County,48477,00,48,477,35882,59.38821872222289,364,10.19922105,35882,383,10.73159797,35882,407,409,-2,11.40407408,11.46011376,-0.05603968,-19,-0.53237692,35882,35882,-2
"Webb County, Texas",Webb County,48479,00,48,479,276652,82.30071353597589,4735,17.16288612,276652,1378,4.9948167,276652,-1831,-2208,377,-6.63679926,-8.00330571,1.36650646,3357,12.16806942,276652,276652,6
"Wharton County, Texas",Wharton County,48481,00,48,481,41556,38.25988219264944,564,13.58136175,41556,420,10.11378003,41556,-85,-70,-15,-2.04683643,-1.68563,-0.36120643,144,3.46758172,41556,41556,-2
"Wheeler County, Texas",Wheeler County,48483,00,48,483,5056,5.528505329155195,53,10.37791267,5056,64,12.53181907,5056,-93,-93,0,-18.21029959,-18.21029959,0,-11,-2.1539064,5056,5056,2
"Wichita County, Texas",Wichita County,48485,00,48,485,132230,210.69366245193044,1585,12.00589311,132230,1363,10.32431061,132230,205,45,160,1.55281267,0.34086132,1.21195136,222,1.68158251,132230,132230,-4
"Wilbarger County, Texas",Wilbarger County,48487,00,48,487,12769,13.151093693434431,154,12.05668206,12769,143,11.19549049,12769,-18,-20,2,-1.40922258,-1.56580287,0.15658029,11,0.86119158,12769,12769,-1
"Willacy County, Texas",Willacy County,48489,00,48,489,21358,36.163102005772174,252,11.77350028,21358,183,8.54980377,21358,-163,-168,5,-7.61539899,-7.84900019,0.2336012,69,3.22369651,21358,21358,2
"Williamson County, Texas",Williamson County,48491,00,48,491,590551,528.0604132101504,6685,11.5556078,590551,3009,5.20131995,590551,20312,19513,799,35.11107039,33.72992894,1.38114146,3676,6.35428785,590551,590551,100
"Wilson County, Texas",Wilson County,48493,00,48,493,51070,63.54087862089715,534,10.54648154,51070,415,8.19623566,51070,757,740,17,14.95072384,14.61497442,0.33574941,119,2.35024589,51070,51070,-2
"Winkler County, Texas",Winkler County,48495,00,48,495,8010,9.521332552874672,127,16.08816823,8010,49,6.20724601,8010,152,131,21,19.25513048,16.59488219,2.66024829,78,9.88092222,8010,8010,2
"Wise County, Texas",Wise County,48497,00,48,497,69984,77.38222010221907,789,11.41261897,69984,635,9.1850609,69984,1544,1530,14,22.33343941,22.13093413,0.20250528,154,2.22755808,69984,69984,2
"Wood County, Texas",Wood County,48499,00,48,499,45539,70.57654027,403,8.88683073,45539,647,14.26744289,45539,625,629,-4,13.78230572,13.87051248,-0.08820676,-244,-5.38061215,45539,45539,1
"Yoakum County, Texas",Yoakum County,48501,00,48,501,8713,10.89513019315656,151,17.45362076,8713,52,6.01051841,8713,24,-24,48,2.77408542,-2.77408542,5.54817084,99,11.44310235,8713,8713,0
"Young County, Texas",Young County,48503,00,48,503,18010,19.693857249291053,198,11.00122236,18010,234,13.0014446,18010,61,52,9,3.38926547,2.88920991,0.50005556,-36,-2.00022225,18010,18010,-1
"Zapata County, Texas",Zapata County,48505,00,48,505,14179,14.20154616805281,214,15.10872635,14179,110,7.76616775,14179,-75,-66,-9,-5.29511437,-4.65970065,-0.63541372,104,7.342558599999999,14179,14179,1
"Zavala County, Texas",Zavala County,48507,00,48,507,11840,9.125894223181584,153,12.85228275,11840,104,8.7361922,11840,-177,-175,-2,-14.8683271,-14.70032341,-0.1680037,49,4.11609055,11840,11840,-1
"Baltimore city, Maryland",Baltimore city,24510,00,24,510,593490,7331.862178947948,7555,12.63448705,593490,6873,11.49395493,593490,-9629,-10919,1290,-16.10290877,-18.26022026,2.15731149,682,1.14053212,593490,593490,-6
"St. Louis city, Missouri",St. Louis city,29510,00,29,510,300576,4868.133970043201,3938,13.03984305,300576,3079,10.19544864,300576,-3680,-4414,734,-12.18553134,-14.61601503,2.4304837000000004,859,2.84439441,300576,300576,-22
"Carson City, Nevada",Carson City,32510,00,32,510,55916,386.5306293885387,598,10.76333267,55916,637,11.46528915,55916,752,795,-43,13.53516082,14.30911284,-0.77395201,-39,-0.70195648,55916,55916,1
"Alexandria city, Virginia",Alexandria city,51510,00,51,510,159428,10675.367157489029,2566,16.1131816,159428,782,4.91056431,159428,-1407,-2615,1208,-8.83524806,-16.42087681,7.58562875,1784,11.20261729,159428,159428,-18
"Bristol city, Virginia",Bristol city,51520,00,51,520,16762,1299.017066743294,126,7.53430801,16762,235,14.0520824,16762,186,194,-8,11.12207373,11.60044249,-0.47836876,-109,-6.51777439,16762,16762,0
"Buena Vista city, Virginia",Buena Vista city,51530,00,51,530,6478,1006.1886340577136,91,14.03021893,6478,74,11.40918902,6478,-32,-27,-5,-4.93370336,-4.16281221,-0.77089115,17,2.62102991,6478,6478,-1
"Charlottesville city, Virginia",Charlottesville city,51540,00,51,540,47266,4613.716673707359,568,11.98666273,47266,312,6.58422319,47266,-497,-681,184,-10.48832989,-14.37133331,3.88300342,256,5.40243954,47266,47266,1
"Chesapeake city, Virginia",Chesapeake city,51550,00,51,550,244835,723.2717083521565,2865,11.76122859,244835,1920,7.88187047,244835,1552,1458,94,6.37117863,5.98529539,0.38588324,945,3.87935812,244835,244835,-21
"Colonial Heights city, Virginia",Colonial Heights city,51570,00,51,570,17370,2310.015763454582,281,16.11515742,17370,210,12.04335608,17370,-205,-212,7,-11.75660951,-12.15805471,0.4014452,71,4.07180134,17370,17370,0
"Covington city, Virginia",Covington city,51580,00,51,580,5538,1012.6738944123886,67,12.05469593,5538,73,13.13422094,5538,-33,-39,6,-5.93738755,-7.01691256,1.07952501,-6,-1.07952501,5538,5538,-1
"Danville city, Virginia",Danville city,51590,00,51,590,40044,935.6662864208386,443,10.97988673,40044,658,16.30872566,40044,-389,-410,21,-9.64148067,-10.16197192,0.52049124,-215,-5.32883893,40044,40044,-1
"Emporia city, Virginia",Emporia city,51595,00,51,595,5346,774.3426728,51,9.52469885,5346,72,13.44663367,5346,6,9,-3,1.12055281,1.68082921,-0.5602764,-21,-3.92193482,5346,5346,-2
"Fairfax city, Virginia",Fairfax city,51600,00,51,600,24019,3848.912092828391,673,28.19202413,24019,203,8.50368633,24019,-175,-315,140,-7.33076408,-13.19537534,5.86461126,470,19.6883378,24019,24019,-1
"Falls Church city, Virginia",Falls Church city,51610,00,51,610,14617,7142.638131752639,201,13.82203273,14617,80,5.50130656,14617,30,8,22,2.06298996,0.55013066,1.5128593,121,8.32072617,14617,14617,-1
"Franklin city, Virginia",Franklin city,51620,00,51,620,7967,962.5070646409404,155,19.30742402,7967,110,13.70204285,7967,-167,-166,-1,-20.80219233,-20.6776283,-0.12456403,45,5.60538117,7967,7967,0
"Fredericksburg city, Virginia",Fredericksburg city,51630,00,51,630,29036,2778.3805616632803,429,14.74049513,29036,201,6.90638583,29036,-363,-399,36,-12.47272665,-13.70969127,1.23696463,228,7.8341093,29036,29036,0
"Galax city, Virginia",Galax city,51640,00,51,640,6347,770.6073528,69,10.87042143,6347,116,18.27491138,6347,48,53,-5,7.5620323,8.34974399,-0.7877117,-47,-7.40448996,6347,6347,-2
"Hampton city, Virginia",Hampton city,51650,00,51,650,134510,2613.9698490078163,1686,12.54277637,134510,1307,9.72325547,134510,-194,-264,70,-1.44323761,-1.96399345,0.52075584,379,2.8195209,134510,134510,-5
"Harrisonburg city, Virginia",Harrisonburg city,51660,00,51,660,53016,3057.5759671261376,580,10.8916097,53016,283,5.31435439,53016,-775,-994,219,-14.553444,-18.6659656,4.1125216,297,5.57725531,53016,53016,6
"Hopewell city, Virginia",Hopewell city,51670,00,51,670,22529,2175.798085,347,15.41982358,22529,296,13.15350945,22529,2,-25,27,0.08887506,-1.1109383,1.19981336,51,2.26631413,22529,22529,-2
"Lexington city, Virginia",Lexington city,51678,00,51,678,7446,2979.306370861344,115,15.60062402,7446,58,7.86814081,7446,91,91,0,12.34484162,12.34484162,0,57,7.73248321,7446,7446,1
"Lynchburg city, Virginia",Lynchburg city,51680,00,51,680,82168,1677.7821053540863,1197,14.64426188,82168,792,9.68943643,82168,453,248,205,5.54206402,3.03406595,2.50799807,405,4.95482545,82168,82168,1
"Manassas city, Virginia",Manassas city,51683,00,51,683,41085,4171.3780211104095,750,18.26350586,41085,207,5.04072762,41085,-503,-601,98,-12.2487246,-14.63515603,2.38643143,543,13.22277824,41085,41085,-1
"Manassas Park city, Virginia",Manassas Park city,51685,00,51,685,17478,6923.039577025095,14,0.79554495,17478,37,2.10251165,17478,-216,-314,98,-12.27412206,-17.8429367,5.56881464,-23,-1.3069667,17478,17478,-1
"Martinsville city, Virginia",Martinsville city,51690,00,51,690,12554,1145.827791536968,183,14.53476828,12554,239,18.98256622,12554,-17,-27,10,-1.35022438,-2.14447401,0.79424963,-56,-4.44779794,12554,12554,0
"Newport News city, Virginia",Newport News city,51700,00,51,700,179225,2597.756749237085,2633,14.71985867,179225,1538,8.59823116,179225,-383,-575,192,-2.141172,-3.21455326,1.07338126,1095,6.12162751,179225,179225,-10
"Norfolk city, Virginia",Norfolk city,51710,00,51,710,242742,4556.402126552455,3321,13.65747738,242742,2077,8.54157799,242742,-2069,-2334,265,-8.50867832,-9.59848004,1.08980172,1244,5.11589938,242742,242742,-18
"Norton city, Virginia",Norton city,51720,00,51,720,3981,532.4115558473164,39,9.80761977,3981,46,11.56796178,3981,17,16,1,4.27511631,4.02363888,0.25147743,-7,-1.76034201,3981,3981,-1
"Petersburg city, Virginia",Petersburg city,51730,00,51,730,31346,1379.6479297513636,686,21.98647479,31346,495,15.86487613,31346,100,85,15,3.20502548,2.72427166,0.48075382,191,6.12159867,31346,31346,-1
"Poquoson city, Virginia",Poquoson city,51735,00,51,735,12271,797.7826705789015,107,8.75613748,12271,113,9.24713584,12271,110,111,-1,9.00163666,9.08346972,-0.08183306,-6,-0.49099836,12271,12271,-2
"Portsmouth city, Virginia",Portsmouth city,51740,00,51,740,94398,2834.721908256982,1415,14.96182883,94398,1050,11.10241715,94398,-706,-796,90,-7.46505382,-8.41668958,0.95163576,365,3.85941168,94398,94398,-11
"Radford city, Virginia",Radford city,51750,00,51,750,18249,1885.9312173635112,144,7.92297111,18249,97,5.33700138,18249,102,91,11,5.61210454,5.00687758,0.60522696,47,2.58596974,18249,18249,-1
"Richmond city, Virginia",Richmond city,51760,00,51,760,230436,3845.531654548893,3037,13.21420102,230436,2046,8.90229019,230436,231,-143,374,1.00509728,-0.62220308,1.62730036,991,4.31191084,230436,230436,-7
"Roanoke city, Virginia",Roanoke city,51770,00,51,770,99143,2331.6122466208108,1319,13.31301223,99143,1218,12.2935928,99143,40,-195,235,0.40373047,-1.96818604,2.37191651,101,1.01941944,99143,99143,-7
"Salem city, Virginia",Salem city,51775,00,51,775,25301,1742.6745899068942,300,11.85911373,25301,331,13.08455548,25301,41,30,11,1.62074554,1.18591137,0.43483417,-31,-1.22544175,25301,25301,-2
"Staunton city, Virginia",Staunton city,51790,00,51,790,24932,1251.5758619818018,338,13.6582212,24932,348,14.06231058,24932,378,356,22,15.27457874,14.38558209,0.88899665,-10,-0.40408938,24932,24932,2
"Suffolk city, Virginia",Suffolk city,51800,00,51,800,92108,230.75835800878951,1136,12.40967212,92108,845,9.23078604,92108,838,827,11,9.15431799,9.03415391,0.12016408,291,3.17888608,92108,92108,4
"Virginia Beach city, Virginia",Virginia Beach city,51810,00,51,810,449974,1838.7105925444343,5514,12.25574363,449974,3319,7.37700637,449974,-2071,-2367,296,-4.6031275,-5.26103467,0.65790717,2195,4.87873726,449974,449974,1
"Waynesboro city, Virginia",Waynesboro city,51820,00,51,820,22630,1511.7105326696808,357,15.81010164,22630,249,11.02721375,22630,-7,-60,53,-0.31000199,-2.65715994,2.34715795,108,4.78288789,22630,22630,-2
"Williamsburg city, Virginia",Williamsburg city,51830,00,51,830,14954,1672.647953406012,77,5.14087328,14954,74,4.94057952,14954,-50,-90,40,-3.3382294,-6.00881293,2.67058352,3,0.20029376,14954,14954,-1
"Winchester city, Virginia",Winchester city,51840,00,51,840,28078,3054.3143871664074,338,12.06281228,28078,256,9.13633119,28078,36,-44,80,1.28479657,-1.57030692,2.8551035,82,2.92648108,28078,28078,-2